2026-08-06 12:29:43,099 INFO [FAISS] Loaded 184 embeddings
2026-08-06 12:31:19,108 INFO [IDENTIFY] matched=100077.2 similarity=0.6643
2026-08-06 12:40:43,992 INFO [IDENTIFY] matched=100011.3 similarity=0.6808
2026-08-06 12:48:06,608 INFO [IDENTIFY] matched=100021.2 similarity=0.7039
2026-08-06 12:54:22,994 INFO [IDENTIFY] matched=100010.2 similarity=0.6138
2026-08-06 13:35:14,176 INFO [IDENTIFY] matched=100028.3 similarity=0.5538
2026-08-06 15:18:51,524 ERROR [IDENTIFY] rejected: best_match=100069.3 similarity=0.4331 (< 0.50 threshold)
2026-08-06 15:19:16,485 INFO [IDENTIFY] matched=100069.3 similarity=0.5136
2026-08-06 16:50:08,267 ERROR [IDENTIFY] rejected: best_match=100126.3 similarity=0.4387 (< 0.50 threshold)
2026-08-06 16:50:38,004 INFO [IDENTIFY] matched=100126.3 similarity=0.5998
2026-08-06 17:02:32,712 INFO [IDENTIFY] matched=100080.2 similarity=0.7522
2026-08-06 17:03:37,646 INFO [IDENTIFY] matched=100082.2 similarity=0.5596
2026-08-06 17:22:02,634 INFO [IDENTIFY] matched=100084.2 similarity=0.7275
2026-08-06 17:26:26,864 ERROR [IDENTIFY] rejected: best_match=100002.3 similarity=0.4830 (< 0.50 threshold)
2026-08-06 17:26:53,168 INFO [IDENTIFY] matched=100002.3 similarity=0.5629
2026-08-06 17:29:04,902 INFO [IDENTIFY] matched=100064.3 similarity=0.5600
2026-08-06 18:00:53,938 INFO [IDENTIFY] matched=100086.2 similarity=0.6696
2026-08-06 18:00:58,356 INFO [IDENTIFY] matched=100086.2 similarity=0.6696
2026-08-06 18:04:10,756 INFO [IDENTIFY] matched=100066.3 similarity=0.6667
2026-08-06 18:04:24,040 INFO [IDENTIFY] matched=100066.3 similarity=0.6667
2026-08-06 18:08:55,184 INFO [IDENTIFY] matched=100012.2 similarity=0.7238
2026-08-06 18:15:33,953 INFO [IDENTIFY] matched=100014.2 similarity=0.5969
2026-08-06 18:34:42,284 INFO [IDENTIFY] matched=100061.3 similarity=0.5890
2026-08-06 18:34:46,495 INFO [IDENTIFY] matched=100061.3 similarity=0.5890
2026-08-06 18:42:13,786 INFO [IDENTIFY] matched=100073.3 similarity=0.6762
2026-08-06 18:42:18,268 INFO [IDENTIFY] matched=100073.3 similarity=0.6762
2026-08-06 19:00:07,385 INFO [IDENTIFY] matched=100027.2 similarity=0.6114
2026-08-06 19:00:57,694 INFO [IDENTIFY] matched=100083.2 similarity=0.5643
2026-08-06 19:01:10,436 ERROR [IDENTIFY] rejected: best_match=100048.2 similarity=0.4708 (< 0.50 threshold)
2026-08-06 19:01:35,855 INFO [IDENTIFY] matched=100052.2 similarity=0.7013
2026-08-06 19:02:06,145 INFO [IDENTIFY] matched=100052.2 similarity=0.7331
2026-08-06 19:03:26,465 ERROR [IDENTIFY] rejected: best_match=100048.2 similarity=0.4789 (< 0.50 threshold)
2026-08-06 19:03:26,648 INFO [IDENTIFY] matched=100007.2 similarity=0.6021
2026-08-06 19:04:02,244 INFO [IDENTIFY] matched=100007.2 similarity=0.6349
2026-08-06 19:04:07,184 INFO [IDENTIFY] matched=100044.2 similarity=0.5881
2026-08-06 19:05:28,933 INFO [IDENTIFY] matched=100041.2 similarity=0.7564
2026-08-06 19:06:19,400 ERROR [IDENTIFY] rejected: best_match=100048.2 similarity=0.4725 (< 0.50 threshold)
2026-08-06 19:07:38,406 INFO [IDENTIFY] matched=100067.3 similarity=0.7335
2026-08-06 19:07:43,332 INFO [IDENTIFY] matched=100067.3 similarity=0.7335
2026-08-06 19:07:58,752 INFO [IDENTIFY] matched=100017.2 similarity=0.5728
2026-08-06 19:13:27,232 INFO [IDENTIFY] matched=100018.2 similarity=0.6734
2026-08-06 19:37:52,785 INFO [IDENTIFY] matched=100051.2 similarity=0.6056
2026-08-06 19:50:31,762 INFO [IDENTIFY] matched=100144.3 similarity=0.6547
2026-08-06 19:50:51,490 ERROR [IDENTIFY] rejected: best_match=100144.3 similarity=0.4931 (< 0.50 threshold)
2026-08-06 19:51:14,755 INFO [IDENTIFY] matched=100144.3 similarity=0.7334
2026-08-06 19:51:26,852 INFO [IDENTIFY] matched=100144.3 similarity=0.7334
2026-08-06 20:00:37,354 INFO [IDENTIFY] matched=100080.2 similarity=0.7081
2026-08-06 20:01:08,623 INFO [IDENTIFY] matched=100045.2 similarity=0.6118
2026-08-07 17:09:10,328 ERROR [FAISS] load failed: ORA-00942: table or view does not exist
Help: https://docs.oracle.com/error-help/db/ora-00942/
2026-08-07 18:10:38,345 ERROR [FAISS] load failed: ORA-00942: table or view does not exist
Help: https://docs.oracle.com/error-help/db/ora-00942/
2026-08-07 18:11:49,728 ERROR [FAISS] load failed: ORA-00942: table or view does not exist
Help: https://docs.oracle.com/error-help/db/ora-00942/
2026-08-07 18:46:16,320 ERROR [FAISS] load failed: ORA-00942: table or view does not exist
Help: https://docs.oracle.com/error-help/db/ora-00942/
2026-08-07 19:01:39,129 ERROR [FAISS] load failed: ORA-00942: table or view does not exist
Help: https://docs.oracle.com/error-help/db/ora-00942/
2026-08-07 19:04:33,583 ERROR [FAISS] load failed: ORA-00942: table or view does not exist
Help: https://docs.oracle.com/error-help/db/ora-00942/
2026-08-08 22:00:22,946 INFO [FAISS] Loaded 184 embeddings
2026-08-10 11:46:13,861 ERROR [IDENTIFY] rejected: no face detected in any of 5 frame(s)
2026-08-10 12:03:50,727 INFO [IDENTIFY] matched=100195.1 similarity=0.9469
2026-08-10 12:06:02,244 INFO [IDENTIFY] matched=100195.1 similarity=0.8997
2026-08-10 12:06:06,039 INFO [IDENTIFY] matched=100195.1 similarity=0.8997
2026-08-10 12:06:30,586 INFO [IDENTIFY] matched=100002.1 similarity=0.6893
2026-08-10 12:06:33,775 INFO [IDENTIFY] matched=100002.1 similarity=0.6893
2026-08-10 12:08:45,178 INFO [IDENTIFY] matched=100195.1 similarity=0.9048
2026-08-10 12:08:53,068 INFO [IDENTIFY] matched=100195.1 similarity=0.9048
2026-08-10 12:10:36,810 INFO [IDENTIFY] matched=100195.1 similarity=0.8989
2026-08-10 12:10:40,521 INFO [IDENTIFY] matched=100195.1 similarity=0.8989
2026-08-10 17:00:32,035 INFO [IDENTIFY] matched=100195.1 similarity=0.9059
2026-08-10 18:23:19,345 INFO [FAISS] Loaded 185 embeddings
2026-08-10 18:27:54,038 INFO [FAISS] Loaded 185 embeddings
2026-08-10 18:57:25,757 INFO [IDENTIFY] matched=100005.2 similarity=0.6221
2026-08-10 18:58:59,001 INFO [IDENTIFY] matched=100027.2 similarity=0.6084
2026-08-10 18:59:34,947 ERROR [IDENTIFY] rejected: best_match=100048.2 similarity=0.4721 (< 0.50 threshold)
2026-08-10 18:59:56,019 ERROR [IDENTIFY] rejected: best_match=100048.2 similarity=0.4600 (< 0.50 threshold)
2026-08-10 19:00:19,877 ERROR [IDENTIFY] rejected: best_match=100048.2 similarity=0.4657 (< 0.50 threshold)
2026-08-10 19:01:44,485 INFO [IDENTIFY] matched=100007.2 similarity=0.5549
2026-08-10 19:01:47,742 INFO [IDENTIFY] matched=100017.2 similarity=0.5789
2026-08-10 19:02:07,407 INFO [IDENTIFY] matched=100030.2 similarity=0.7130
2026-08-10 19:02:10,772 ERROR [IDENTIFY] rejected: best_match=100035.2 similarity=0.4511 (< 0.50 threshold)
2026-08-10 19:02:21,639 INFO [IDENTIFY] matched=100007.2 similarity=0.5977
2026-08-10 19:03:09,138 INFO [IDENTIFY] matched=100029.2 similarity=0.5077
2026-08-10 19:03:21,758 INFO [IDENTIFY] matched=100033.2 similarity=0.6765
2026-08-10 19:03:30,176 ERROR [IDENTIFY] rejected: best_match=100048.2 similarity=0.4664 (< 0.50 threshold)
2026-08-10 19:04:01,410 INFO [IDENTIFY] matched=100028.2 similarity=0.5947
2026-08-10 19:04:15,101 ERROR [IDENTIFY] rejected: best_match=100035.2 similarity=0.4685 (< 0.50 threshold)
2026-08-10 19:04:33,994 INFO [IDENTIFY] matched=100029.2 similarity=0.5246
2026-08-10 19:06:44,859 INFO [IDENTIFY] matched=100064.2 similarity=0.5929
2026-08-10 19:06:59,483 INFO [IDENTIFY] matched=100041.2 similarity=0.6888
2026-08-10 19:08:26,745 ERROR [IDENTIFY] rejected: best_match=100037.2 similarity=0.4724 (< 0.50 threshold)
2026-08-10 19:12:00,372 INFO [IDENTIFY] matched=100009.2 similarity=0.6756
2026-08-10 19:19:49,540 INFO [IDENTIFY] matched=100059.2 similarity=0.8078
2026-08-10 19:20:46,960 INFO [IDENTIFY] matched=100047.2 similarity=0.6732
2026-08-10 19:33:07,598 INFO [IDENTIFY] matched=100050.2 similarity=0.7305
2026-08-10 19:50:56,303 INFO [IDENTIFY] matched=100051.2 similarity=0.5637
2026-08-10 19:51:55,417 INFO [IDENTIFY] matched=100016.2 similarity=0.6453
2026-08-10 20:05:29,580 INFO [IDENTIFY] matched=100082.2 similarity=0.5821
2026-08-10 20:05:35,222 INFO [IDENTIFY] matched=100082.2 similarity=0.5821
2026-08-10 20:07:50,894 INFO [IDENTIFY] matched=100018.2 similarity=0.6964
2026-08-10 20:07:58,312 INFO [IDENTIFY] matched=100084.2 similarity=0.6922
2026-08-10 20:08:04,580 INFO [IDENTIFY] matched=100084.2 similarity=0.6922
2026-08-10 20:08:18,373 INFO [IDENTIFY] matched=100023.2 similarity=0.5463
2026-08-10 20:21:59,143 INFO [IDENTIFY] matched=100088.3 similarity=0.6194
2026-08-10 20:22:02,665 INFO [IDENTIFY] matched=100088.3 similarity=0.6194
2026-08-10 20:30:31,493 INFO [IDENTIFY] matched=100006.2 similarity=0.5883
2026-08-10 20:45:51,315 INFO [IDENTIFY] matched=100010.2 similarity=0.6586
2026-08-10 20:53:20,365 INFO [IDENTIFY] matched=100097.3 similarity=0.6591
2026-08-10 21:05:49,532 INFO [IDENTIFY] matched=100022.2 similarity=0.6521
2026-08-10 21:29:23,563 INFO [IDENTIFY] matched=100055.2 similarity=0.5112
2026-08-10 22:02:06,878 INFO [IDENTIFY] matched=100003.2 similarity=0.5374
2026-08-10 22:03:05,505 INFO [IDENTIFY] matched=100071.2 similarity=0.8078
2026-08-10 22:20:40,452 ERROR [IDENTIFY] rejected: best_match=100083.2 similarity=0.4988 (< 0.50 threshold)
2026-08-10 22:21:23,724 ERROR [IDENTIFY] rejected: best_match=100083.2 similarity=0.4979 (< 0.50 threshold)
2026-08-10 22:22:08,735 ERROR [IDENTIFY] rejected: best_match=100083.2 similarity=0.4951 (< 0.50 threshold)
2026-08-10 22:22:38,991 ERROR [IDENTIFY] rejected: best_match=100083.2 similarity=0.4879 (< 0.50 threshold)
2026-08-10 22:23:05,010 ERROR [IDENTIFY] rejected: best_match=100083.2 similarity=0.4882 (< 0.50 threshold)
2026-08-10 22:23:38,790 INFO [IDENTIFY] matched=100083.2 similarity=0.5202
2026-08-10 22:24:58,100 ERROR [IDENTIFY] rejected: best_match=100070.2 similarity=0.4705 (< 0.50 threshold)
2026-08-10 22:25:20,154 INFO [IDENTIFY] matched=100070.2 similarity=0.5962
2026-08-10 22:25:40,625 INFO [IDENTIFY] matched=100069.2 similarity=0.6557
2026-08-10 22:25:53,384 INFO [IDENTIFY] matched=100070.2 similarity=0.6968
2026-08-10 22:44:04,496 INFO [IDENTIFY] matched=100076.2 similarity=0.6604
2026-08-10 22:49:59,291 INFO [IDENTIFY] matched=100078.3 similarity=0.6500
2026-08-10 23:06:48,280 INFO [IDENTIFY] matched=100004.2 similarity=0.5633
2026-08-10 23:09:12,408 INFO [IDENTIFY] matched=100652.1 similarity=0.7174
2026-08-10 23:09:14,669 INFO [IDENTIFY] matched=100652.1 similarity=0.7174
2026-08-10 23:09:16,394 INFO [IDENTIFY] matched=100067.2 similarity=0.7259
2026-08-10 23:09:19,332 INFO [IDENTIFY] matched=100067.2 similarity=0.7259
2026-08-10 23:46:16,508 INFO [IDENTIFY] matched=100032.2 similarity=0.6673
2026-08-11 06:29:29,652 ERROR [IDENTIFY] rejected: best_match=100082.2 similarity=0.4979 (< 0.50 threshold)
2026-08-11 06:29:50,421 ERROR [IDENTIFY] rejected: best_match=100082.2 similarity=0.4261 (< 0.50 threshold)
2026-08-11 06:30:06,689 INFO [IDENTIFY] matched=100082.2 similarity=0.5620
2026-08-11 06:30:10,679 INFO [IDENTIFY] matched=100082.2 similarity=0.5620
2026-08-11 07:13:58,707 INFO [IDENTIFY] matched=100652.1 similarity=0.7398
2026-08-11 07:14:01,325 INFO [IDENTIFY] matched=100652.1 similarity=0.7398
2026-08-11 08:26:14,605 INFO [IDENTIFY] matched=100009.3 similarity=0.6347
2026-08-11 08:44:39,375 INFO [IDENTIFY] matched=100058.2 similarity=0.6821
2026-08-11 08:44:46,745 INFO [IDENTIFY] matched=100058.2 similarity=0.6821
2026-08-11 08:47:27,977 INFO [IDENTIFY] matched=100023.2 similarity=0.5346
2026-08-11 08:49:09,848 INFO [IDENTIFY] matched=100008.3 similarity=0.6649
2026-08-11 08:49:19,567 INFO [IDENTIFY] matched=100006.2 similarity=0.6061
2026-08-11 08:49:44,419 INFO [IDENTIFY] matched=100088.3 similarity=0.5542
2026-08-11 08:49:48,229 INFO [IDENTIFY] matched=100088.3 similarity=0.5542
2026-08-11 09:01:43,338 INFO [IDENTIFY] matched=100032.2 similarity=0.7012
2026-08-11 09:02:26,742 INFO [IDENTIFY] matched=100004.2 similarity=0.6301
2026-08-11 09:02:53,102 ERROR [IDENTIFY] rejected: best_match=100081.2 similarity=0.3058 (< 0.50 threshold)
2026-08-11 09:03:12,032 ERROR [IDENTIFY] rejected: no face detected in any of 10 frame(s)
2026-08-11 09:03:36,547 INFO [IDENTIFY] matched=100081.2 similarity=0.6729
2026-08-11 09:03:42,747 INFO [IDENTIFY] matched=100081.2 similarity=0.6729
2026-08-11 09:04:06,479 INFO [IDENTIFY] matched=100097.3 similarity=0.6432
2026-08-11 09:05:15,826 INFO [IDENTIFY] matched=100083.2 similarity=0.5405
2026-08-11 09:08:27,654 INFO [IDENTIFY] matched=100013.3 similarity=0.6863
2026-08-11 09:08:28,289 INFO [IDENTIFY] matched=100086.2 similarity=0.7230
2026-08-11 09:08:36,056 INFO [IDENTIFY] matched=100086.2 similarity=0.7230
2026-08-11 09:10:19,343 INFO [IDENTIFY] matched=100067.2 similarity=0.5822
2026-08-11 09:10:47,734 INFO [IDENTIFY] matched=100067.2 similarity=0.6890
2026-08-11 09:11:50,163 INFO [IDENTIFY] matched=100067.2 similarity=0.6890
2026-08-11 09:14:29,875 INFO [IDENTIFY] matched=100061.3 similarity=0.5259
2026-08-11 09:14:32,408 INFO [IDENTIFY] matched=100061.3 similarity=0.5259
2026-08-11 09:16:57,167 INFO [IDENTIFY] matched=100073.3 similarity=0.7905
2026-08-11 09:16:59,784 INFO [IDENTIFY] matched=100073.3 similarity=0.7905
2026-08-11 09:17:16,968 INFO [IDENTIFY] matched=100067.3 similarity=0.8081
2026-08-11 09:17:19,423 INFO [IDENTIFY] matched=100067.3 similarity=0.8081
2026-08-11 09:17:46,052 INFO [IDENTIFY] matched=100067.3 similarity=0.5425
2026-08-11 09:17:48,368 INFO [IDENTIFY] matched=100067.3 similarity=0.5425
2026-08-11 09:18:04,533 INFO [IDENTIFY] matched=100075.3 similarity=0.6840
2026-08-11 09:18:06,887 INFO [IDENTIFY] matched=100075.3 similarity=0.6840
2026-08-11 09:18:07,650 INFO [IDENTIFY] matched=100005.2 similarity=0.7480
2026-08-11 09:19:28,084 INFO [IDENTIFY] matched=100046.3 similarity=0.6578
2026-08-11 09:19:30,820 INFO [IDENTIFY] matched=100017.2 similarity=0.5551
2026-08-11 09:28:45,509 INFO [IDENTIFY] matched=100066.3 similarity=0.6742
2026-08-11 09:28:47,932 INFO [IDENTIFY] matched=100066.3 similarity=0.6742
2026-08-11 09:29:58,792 INFO [IDENTIFY] matched=100069.3 similarity=0.7024
2026-08-11 09:30:41,921 INFO [IDENTIFY] matched=100071.3 similarity=0.6164
2026-08-11 09:30:46,219 INFO [IDENTIFY] matched=100071.3 similarity=0.6164
2026-08-11 09:31:56,554 INFO [IDENTIFY] matched=100012.3 similarity=0.5817
2026-08-11 09:32:34,683 INFO [IDENTIFY] matched=100068.3 similarity=0.7164
2026-08-11 09:32:38,874 INFO [IDENTIFY] matched=100068.3 similarity=0.7164
2026-08-11 09:32:59,516 INFO [IDENTIFY] matched=100144.3 similarity=0.7518
2026-08-11 09:33:02,833 INFO [IDENTIFY] matched=100144.3 similarity=0.7518
2026-08-11 09:33:54,151 INFO [IDENTIFY] matched=100072.3 similarity=0.7446
2026-08-11 09:34:02,903 INFO [IDENTIFY] matched=100072.3 similarity=0.7446
2026-08-11 09:35:33,019 INFO [IDENTIFY] matched=100065.3 similarity=0.6332
2026-08-11 09:35:35,651 INFO [IDENTIFY] matched=100065.3 similarity=0.6332
2026-08-11 09:37:58,808 INFO [IDENTIFY] matched=100050.2 similarity=0.7312
2026-08-11 09:43:37,308 INFO [IDENTIFY] matched=100062.3 similarity=0.6350
2026-08-11 09:43:40,151 INFO [IDENTIFY] matched=100062.3 similarity=0.6350
2026-08-11 09:43:45,955 INFO [IDENTIFY] matched=100679.1 similarity=0.5477
2026-08-11 09:43:55,703 INFO [IDENTIFY] matched=100679.1 similarity=0.5477
2026-08-11 09:52:44,746 INFO [IDENTIFY] matched=100070.3 similarity=0.5365
2026-08-11 09:52:47,541 INFO [IDENTIFY] matched=100070.3 similarity=0.5365
2026-08-11 09:53:40,867 INFO [IDENTIFY] matched=100014.2 similarity=0.6181
2026-08-11 09:54:26,137 INFO [IDENTIFY] matched=100024.2 similarity=0.6827
2026-08-11 09:54:40,754 INFO [IDENTIFY] matched=100041.2 similarity=0.7486
2026-08-11 09:54:42,485 INFO [IDENTIFY] matched=100033.2 similarity=0.5542
2026-08-11 09:58:27,236 INFO [IDENTIFY] matched=100027.2 similarity=0.6670
2026-08-11 09:59:12,704 INFO [IDENTIFY] matched=100012.2 similarity=0.7779
2026-08-11 09:59:34,452 INFO [IDENTIFY] matched=100064.2 similarity=0.6369
2026-08-11 10:03:29,598 INFO [IDENTIFY] matched=100059.2 similarity=0.6262
2026-08-11 10:10:16,160 INFO [IDENTIFY] matched=100009.2 similarity=0.7389
2026-08-11 10:10:27,704 INFO [IDENTIFY] matched=100076.3 similarity=0.7176
2026-08-11 10:10:43,412 INFO [IDENTIFY] matched=100039.3 similarity=0.6743
2026-08-11 10:10:46,359 INFO [IDENTIFY] matched=100039.3 similarity=0.6743
2026-08-11 10:11:14,909 INFO [IDENTIFY] matched=100125.3 similarity=0.7255
2026-08-11 10:11:17,835 INFO [IDENTIFY] matched=100125.3 similarity=0.7255
2026-08-11 10:11:33,858 INFO [IDENTIFY] matched=100046.2 similarity=0.7695
2026-08-11 10:17:29,253 INFO [IDENTIFY] matched=100003.2 similarity=0.6727
2026-08-11 10:18:16,926 INFO [IDENTIFY] matched=100044.2 similarity=0.5708
2026-08-11 10:18:23,078 INFO [IDENTIFY] matched=100195.1 similarity=0.8316
2026-08-11 10:20:32,159 INFO [IDENTIFY] matched=100040.2 similarity=0.6364
2026-08-11 10:21:50,359 INFO [IDENTIFY] matched=100001.2 similarity=0.6048
2026-08-11 10:22:47,201 INFO [IDENTIFY] matched=100057.2 similarity=0.7154
2026-08-11 10:23:24,517 INFO [IDENTIFY] matched=100038.2 similarity=0.8484
2026-08-11 10:23:28,612 INFO [IDENTIFY] matched=100028.2 similarity=0.5876
2026-08-11 10:25:00,455 INFO [IDENTIFY] matched=100030.2 similarity=0.6911
2026-08-11 10:30:08,184 INFO [FAISS] Loaded 184 embeddings
2026-08-11 10:30:46,576 INFO [IDENTIFY] matched=100048.2 similarity=0.6558
2026-08-11 10:34:39,871 INFO [IDENTIFY] matched=100002.3 similarity=0.7637
2026-08-11 10:36:10,273 INFO [IDENTIFY] matched=100005.3 similarity=0.7604
2026-08-11 10:40:20,562 INFO [IDENTIFY] matched=100051.2 similarity=0.6429
2026-08-11 10:48:12,423 INFO [IDENTIFY] matched=100047.2 similarity=0.6304
2026-08-11 10:55:18,711 INFO [IDENTIFY] matched=100018.2 similarity=0.6342
2026-08-11 11:20:31,752 INFO [IDENTIFY] matched=100037.2 similarity=0.5210
2026-08-11 11:42:10,638 INFO [IDENTIFY] matched=100065.2 similarity=0.7199
2026-08-11 11:44:52,345 INFO [IDENTIFY] matched=100010.2 similarity=0.6018
2026-08-11 11:56:46,660 INFO [IDENTIFY] matched=100068.2 similarity=0.6393
2026-08-11 11:57:19,361 INFO [IDENTIFY] matched=100070.2 similarity=0.7380
2026-08-11 12:07:07,218 INFO [IDENTIFY] matched=100069.2 similarity=0.5228
2026-08-11 12:09:51,693 INFO [FAISS] Loaded 185 embeddings
2026-08-11 12:38:50,519 INFO [IDENTIFY] matched=100071.2 similarity=0.7602
2026-08-11 12:59:02,506 INFO [IDENTIFY] matched=100039.2 similarity=0.6738
2026-08-11 13:04:54,929 INFO [IDENTIFY] matched=100076.2 similarity=0.7118
2026-08-11 13:06:04,229 INFO [IDENTIFY] matched=100072.2 similarity=0.6745
2026-08-11 13:07:57,683 INFO [IDENTIFY] matched=100073.2 similarity=0.6982
2026-08-11 13:26:45,012 INFO [IDENTIFY] matched=100075.2 similarity=0.6413
2026-08-11 13:54:28,282 INFO [IDENTIFY] matched=100009.3 similarity=0.6421
2026-08-11 15:56:37,568 INFO [IDENTIFY] matched=100044.2 similarity=0.6150
2026-08-11 15:57:01,630 INFO [IDENTIFY] matched=100044.2 similarity=0.6067
2026-08-11 16:38:47,710 ERROR [IDENTIFY] rejected: best_match=100029.2 similarity=0.4868 (< 0.50 threshold)
2026-08-11 16:39:09,654 INFO [IDENTIFY] matched=100029.2 similarity=0.5227
2026-08-11 16:39:34,640 INFO [IDENTIFY] matched=100029.2 similarity=0.5024
2026-08-11 17:26:32,522 ERROR [IDENTIFY] rejected: no face detected in any of 10 frame(s)
2026-08-11 17:26:59,970 INFO [IDENTIFY] matched=100086.2 similarity=0.7881
2026-08-11 17:27:05,962 INFO [IDENTIFY] matched=100086.2 similarity=0.7881
2026-08-11 17:30:22,525 INFO [IDENTIFY] matched=100679.1 similarity=0.5301
2026-08-11 17:30:34,742 INFO [IDENTIFY] matched=100679.1 similarity=0.5301
2026-08-11 17:30:39,775 INFO [IDENTIFY] matched=100679.1 similarity=0.5356
2026-08-11 17:30:43,903 INFO [IDENTIFY] matched=100679.1 similarity=0.5356
2026-08-11 18:00:51,947 INFO [IDENTIFY] matched=100083.2 similarity=0.5179
2026-08-11 18:04:59,623 INFO [IDENTIFY] matched=100004.2 similarity=0.5576
2026-08-11 18:09:11,752 INFO [IDENTIFY] matched=100081.2 similarity=0.5886
2026-08-11 18:09:15,698 INFO [IDENTIFY] matched=100081.2 similarity=0.5886
2026-08-11 18:13:15,114 INFO [IDENTIFY] matched=100012.2 similarity=0.7202
2026-08-11 18:19:24,247 INFO [IDENTIFY] matched=100024.2 similarity=0.6102
2026-08-11 19:00:14,789 ERROR [IDENTIFY] rejected: best_match=100048.2 similarity=0.4964 (< 0.50 threshold)
2026-08-11 19:00:32,004 INFO [IDENTIFY] matched=100057.2 similarity=0.7398
2026-08-11 19:00:35,948 ERROR [IDENTIFY] rejected: best_match=100048.2 similarity=0.4922 (< 0.50 threshold)
2026-08-11 19:01:11,476 ERROR [IDENTIFY] rejected: best_match=100048.2 similarity=0.4802 (< 0.50 threshold)
2026-08-11 19:01:35,722 ERROR [IDENTIFY] rejected: best_match=100048.2 similarity=0.4714 (< 0.50 threshold)
2026-08-11 19:02:40,043 ERROR [IDENTIFY] rejected: best_match=100017.2 similarity=0.4852 (< 0.50 threshold)
2026-08-11 19:02:43,123 INFO [IDENTIFY] matched=100027.2 similarity=0.6329
2026-08-11 19:03:07,995 ERROR [IDENTIFY] rejected: best_match=100017.2 similarity=0.4736 (< 0.50 threshold)
2026-08-11 19:03:31,242 INFO [IDENTIFY] matched=100017.2 similarity=0.5531
2026-08-11 19:03:35,345 INFO [IDENTIFY] matched=100064.2 similarity=0.6502
2026-08-11 19:03:55,581 ERROR [IDENTIFY] rejected: best_match=100048.2 similarity=0.4873 (< 0.50 threshold)
2026-08-11 19:04:28,214 INFO [IDENTIFY] matched=100038.2 similarity=0.8224
2026-08-11 19:04:30,037 INFO [IDENTIFY] matched=100048.2 similarity=0.6034
2026-08-11 19:04:32,862 INFO [IDENTIFY] matched=100033.2 similarity=0.6123
2026-08-11 19:05:02,510 INFO [IDENTIFY] matched=100041.2 similarity=0.7962
2026-08-11 19:05:03,191 INFO [IDENTIFY] matched=100046.2 similarity=0.7069
2026-08-11 19:09:02,711 INFO [IDENTIFY] matched=100005.2 similarity=0.7765
2026-08-11 19:12:24,133 INFO [IDENTIFY] matched=100040.2 similarity=0.6574
2026-08-11 19:13:31,999 INFO [IDENTIFY] matched=100059.2 similarity=0.7433
2026-08-11 19:14:05,984 INFO [IDENTIFY] matched=100001.2 similarity=0.7655
2026-08-11 19:16:17,871 INFO [IDENTIFY] matched=100014.2 similarity=0.6342
2026-08-11 19:27:44,615 INFO [IDENTIFY] matched=100009.2 similarity=0.7345
2026-08-11 19:30:21,705 INFO [IDENTIFY] matched=100051.2 similarity=0.7089
2026-08-11 19:30:40,163 INFO [IDENTIFY] matched=100035.2 similarity=0.5760
2026-08-11 19:32:42,424 ERROR [IDENTIFY] rejected: best_match=100035.2 similarity=0.4840 (< 0.50 threshold)
2026-08-11 19:33:48,296 INFO [IDENTIFY] matched=100035.2 similarity=0.5577
2026-08-11 19:39:46,797 ERROR [IDENTIFY] rejected: best_match=100037.2 similarity=0.4616 (< 0.50 threshold)
2026-08-11 19:40:13,047 INFO [IDENTIFY] matched=100037.2 similarity=0.5573
2026-08-11 19:42:31,095 INFO [IDENTIFY] matched=100077.2 similarity=0.7570
2026-08-11 19:45:18,958 INFO [IDENTIFY] matched=100080.2 similarity=0.7243
2026-08-11 19:55:53,885 INFO [IDENTIFY] matched=100039.2 similarity=0.6157
2026-08-11 19:56:22,947 INFO [IDENTIFY] matched=100030.2 similarity=0.5668
2026-08-11 19:56:23,278 INFO [IDENTIFY] matched=100028.2 similarity=0.5528
2026-08-11 20:03:25,851 INFO [IDENTIFY] matched=100006.2 similarity=0.6318
2026-08-11 20:18:58,535 INFO [IDENTIFY] matched=100023.2 similarity=0.5654
2026-08-11 20:22:21,754 INFO [IDENTIFY] matched=100018.2 similarity=0.6061
2026-08-11 20:52:54,621 INFO [IDENTIFY] matched=100080.2 similarity=0.6693
2026-08-11 20:53:04,639 INFO [IDENTIFY] matched=100010.2 similarity=0.6293
2026-08-11 20:56:12,057 INFO [IDENTIFY] matched=100097.3 similarity=0.6967
2026-08-11 20:56:15,900 INFO [IDENTIFY] matched=100067.2 similarity=0.7500
2026-08-11 20:56:23,353 INFO [IDENTIFY] matched=100067.2 similarity=0.7500
2026-08-11 21:06:58,517 INFO [IDENTIFY] matched=100077.2 similarity=0.7050
2026-08-11 21:08:43,318 INFO [IDENTIFY] matched=100045.2 similarity=0.7621
2026-08-11 21:08:46,070 INFO [IDENTIFY] matched=100045.2 similarity=0.7621
2026-08-11 21:11:44,635 INFO [IDENTIFY] matched=100082.2 similarity=0.5881
2026-08-11 21:11:51,988 INFO [IDENTIFY] matched=100082.2 similarity=0.5881
2026-08-11 21:16:36,640 INFO [IDENTIFY] matched=100022.2 similarity=0.6621
2026-08-11 21:17:15,449 INFO [IDENTIFY] matched=100022.2 similarity=0.6665
2026-08-11 21:20:56,174 ERROR [IDENTIFY] rejected: no face detected in any of 10 frame(s)
2026-08-11 21:21:11,265 ERROR [IDENTIFY] rejected: no face detected in any of 10 frame(s)
2026-08-11 21:43:39,548 INFO [IDENTIFY] matched=100021.2 similarity=0.5856
2026-08-11 21:44:10,379 INFO [IDENTIFY] matched=100021.2 similarity=0.5799
2026-08-11 22:09:08,606 INFO [IDENTIFY] matched=100070.2 similarity=0.7210
2026-08-11 22:09:15,294 INFO [IDENTIFY] matched=100071.2 similarity=0.6673
2026-08-11 22:09:29,444 INFO [IDENTIFY] matched=100068.2 similarity=0.6324
2026-08-11 22:09:39,202 INFO [IDENTIFY] matched=100069.2 similarity=0.6656
2026-08-11 22:09:49,635 INFO [IDENTIFY] matched=100070.2 similarity=0.5705
2026-08-11 22:18:05,423 INFO [IDENTIFY] matched=100003.2 similarity=0.6154
2026-08-11 22:19:20,543 INFO [IDENTIFY] matched=100088.3 similarity=0.5426
2026-08-11 22:19:23,847 INFO [IDENTIFY] matched=100088.3 similarity=0.5426
2026-08-11 22:22:39,770 INFO [IDENTIFY] matched=100075.2 similarity=0.5500
2026-08-11 22:52:54,625 INFO [IDENTIFY] matched=100073.2 similarity=0.7291
2026-08-11 22:53:03,787 INFO [IDENTIFY] matched=100065.2 similarity=0.7755
2026-08-11 22:54:20,554 INFO [IDENTIFY] matched=100047.2 similarity=0.6464
2026-08-11 22:54:58,387 INFO [IDENTIFY] matched=100076.2 similarity=0.6797
2026-08-11 22:59:07,028 ERROR [IDENTIFY] rejected: best_match=100015.2 similarity=0.4554 (< 0.50 threshold)
2026-08-11 22:59:20,677 INFO [IDENTIFY] matched=100050.2 similarity=0.6322
2026-08-11 23:00:17,821 INFO [IDENTIFY] matched=100016.2 similarity=0.7792
2026-08-11 23:02:16,217 INFO [IDENTIFY] matched=100072.2 similarity=0.7256
2026-08-11 23:15:18,577 INFO [IDENTIFY] matched=100058.2 similarity=0.7719
2026-08-11 23:45:57,918 INFO [IDENTIFY] matched=100032.2 similarity=0.5912
2026-08-12 06:38:58,879 INFO [IDENTIFY] matched=100009.3 similarity=0.5894
2026-08-12 07:06:30,663 INFO [IDENTIFY] matched=100088.3 similarity=0.6502
2026-08-12 07:06:35,527 INFO [IDENTIFY] matched=100088.3 similarity=0.6502
2026-08-12 07:15:18,327 INFO [IDENTIFY] matched=100652.1 similarity=0.7520
2026-08-12 07:15:22,055 INFO [IDENTIFY] matched=100652.1 similarity=0.7520
2026-08-12 07:17:29,421 INFO [IDENTIFY] matched=100082.2 similarity=0.5273
2026-08-12 07:17:35,389 INFO [IDENTIFY] matched=100082.2 similarity=0.5273
2026-08-12 07:48:24,716 INFO [IDENTIFY] matched=100079.3 similarity=0.5252
2026-08-12 07:48:27,305 INFO [IDENTIFY] matched=100079.3 similarity=0.5252
2026-08-12 07:57:17,788 INFO [IDENTIFY] matched=100069.3 similarity=0.5411
2026-08-12 07:57:20,533 INFO [IDENTIFY] matched=100069.3 similarity=0.5411
2026-08-12 07:57:49,852 INFO [IDENTIFY] matched=100068.3 similarity=0.5094
2026-08-12 07:57:53,246 INFO [IDENTIFY] matched=100068.3 similarity=0.5094
2026-08-12 07:58:12,444 INFO [IDENTIFY] matched=100073.3 similarity=0.6391
2026-08-12 07:58:16,251 INFO [IDENTIFY] matched=100073.3 similarity=0.6391
2026-08-12 07:58:34,125 INFO [IDENTIFY] matched=100063.3 similarity=0.6618
2026-08-12 07:58:36,633 INFO [IDENTIFY] matched=100063.3 similarity=0.6618
2026-08-12 08:10:33,155 INFO [IDENTIFY] matched=100010.3 similarity=0.5877
2026-08-12 08:22:08,747 INFO [IDENTIFY] matched=100078.3 similarity=0.7380
2026-08-12 08:54:05,075 INFO [IDENTIFY] matched=100003.2 similarity=0.5421
2026-08-12 08:59:32,352 INFO [IDENTIFY] matched=100083.2 similarity=0.5561
2026-08-12 09:00:05,576 INFO [IDENTIFY] matched=100006.2 similarity=0.6104
2026-08-12 09:00:17,202 INFO [IDENTIFY] matched=100004.2 similarity=0.6294
2026-08-12 09:02:16,903 INFO [IDENTIFY] matched=100067.2 similarity=0.5806
2026-08-12 09:02:32,551 INFO [IDENTIFY] matched=100067.2 similarity=0.5806
2026-08-12 09:04:50,681 INFO [IDENTIFY] matched=100679.1 similarity=0.5096
2026-08-12 09:04:57,021 INFO [IDENTIFY] matched=100679.1 similarity=0.5096
2026-08-12 09:05:47,925 INFO [IDENTIFY] matched=100005.2 similarity=0.7156
2026-08-12 09:06:25,493 INFO [IDENTIFY] matched=100058.2 similarity=0.6610
2026-08-12 09:06:43,274 INFO [IDENTIFY] matched=100023.2 similarity=0.5018
2026-08-12 09:07:32,672 INFO [IDENTIFY] matched=100001.3 similarity=0.6405
2026-08-12 09:11:09,488 INFO [IDENTIFY] matched=100013.3 similarity=0.6717
2026-08-12 09:13:08,209 INFO [IDENTIFY] matched=100081.2 similarity=0.5413
2026-08-12 09:13:14,131 INFO [IDENTIFY] matched=100081.2 similarity=0.5413
2026-08-12 09:14:51,587 INFO [IDENTIFY] matched=100061.3 similarity=0.5065
2026-08-12 09:14:55,906 INFO [IDENTIFY] matched=100061.3 similarity=0.5065
2026-08-12 09:17:31,027 INFO [IDENTIFY] matched=100008.3 similarity=0.6899
2026-08-12 09:18:02,123 INFO [IDENTIFY] matched=100071.3 similarity=0.5089
2026-08-12 09:18:06,647 INFO [IDENTIFY] matched=100071.3 similarity=0.5089
2026-08-12 09:18:43,637 INFO [IDENTIFY] matched=100086.2 similarity=0.7699
2026-08-12 09:18:51,433 INFO [IDENTIFY] matched=100086.2 similarity=0.7699
2026-08-12 09:26:09,322 INFO [IDENTIFY] matched=100066.3 similarity=0.6361
2026-08-12 09:26:12,423 INFO [IDENTIFY] matched=100066.3 similarity=0.6361
2026-08-12 09:29:04,680 INFO [IDENTIFY] matched=100017.2 similarity=0.5178
2026-08-12 09:37:48,732 INFO [IDENTIFY] matched=100067.3 similarity=0.6536
2026-08-12 09:37:51,440 INFO [IDENTIFY] matched=100067.3 similarity=0.6536
2026-08-12 09:38:35,035 INFO [IDENTIFY] matched=100070.3 similarity=0.5560
2026-08-12 09:38:38,138 INFO [IDENTIFY] matched=100070.3 similarity=0.5560
2026-08-12 09:39:12,283 INFO [IDENTIFY] matched=100015.2 similarity=0.6503
2026-08-12 09:40:09,016 INFO [IDENTIFY] matched=100050.2 similarity=0.7219
2026-08-12 09:40:34,281 INFO [IDENTIFY] matched=100124.3 similarity=0.7104
2026-08-12 09:40:41,639 INFO [IDENTIFY] matched=100124.3 similarity=0.7104
2026-08-12 09:45:19,967 INFO [IDENTIFY] matched=100046.3 similarity=0.6384
2026-08-12 09:45:45,894 INFO [IDENTIFY] matched=100014.2 similarity=0.5681
2026-08-12 09:49:44,887 INFO [IDENTIFY] matched=100059.2 similarity=0.5761
2026-08-12 09:54:15,716 INFO [IDENTIFY] matched=100052.2 similarity=0.6255
2026-08-12 09:55:05,309 INFO [IDENTIFY] matched=100097.3 similarity=0.7203
2026-08-12 09:55:16,235 INFO [IDENTIFY] matched=100035.2 similarity=0.5714
2026-08-12 09:56:39,481 INFO [IDENTIFY] matched=100033.2 similarity=0.5926
2026-08-12 09:56:49,916 INFO [IDENTIFY] matched=100041.2 similarity=0.6779
2026-08-12 09:57:26,359 INFO [IDENTIFY] matched=100001.2 similarity=0.7773
2026-08-12 10:03:13,037 ERROR [IDENTIFY] rejected: best_match=100027.2 similarity=0.4969 (< 0.50 threshold)
2026-08-12 10:03:50,260 INFO [IDENTIFY] matched=100027.2 similarity=0.5537
2026-08-12 10:03:53,418 INFO [IDENTIFY] matched=100012.2 similarity=0.7753
2026-08-12 10:04:22,264 INFO [IDENTIFY] matched=100064.2 similarity=0.6347
2026-08-12 10:04:45,195 INFO [IDENTIFY] matched=100024.2 similarity=0.5138
2026-08-12 10:04:45,852 INFO [IDENTIFY] matched=100009.2 similarity=0.7426
2026-08-12 10:05:18,686 INFO [IDENTIFY] matched=100125.3 similarity=0.6903
2026-08-12 10:09:13,557 INFO [IDENTIFY] matched=100048.2 similarity=0.5957
2026-08-12 10:09:14,921 INFO [IDENTIFY] matched=100038.2 similarity=0.8141
2026-08-12 10:11:22,898 INFO [IDENTIFY] matched=100039.3 similarity=0.7203
2026-08-12 10:11:26,326 INFO [IDENTIFY] matched=100039.3 similarity=0.7203
2026-08-12 10:11:38,091 ERROR [IDENTIFY] rejected: best_match=100041.3 similarity=0.4449 (< 0.50 threshold)
2026-08-12 10:11:38,738 INFO [IDENTIFY] matched=100030.2 similarity=0.6691
2026-08-12 10:11:52,637 INFO [IDENTIFY] matched=100041.3 similarity=0.6261
2026-08-12 10:11:54,935 INFO [IDENTIFY] matched=100041.3 similarity=0.6261
2026-08-12 10:12:04,572 INFO [IDENTIFY] matched=100140.3 similarity=0.6368
2026-08-12 10:12:07,095 INFO [IDENTIFY] matched=100140.3 similarity=0.6368
2026-08-12 10:12:29,409 INFO [IDENTIFY] matched=100032.2 similarity=0.6391
2026-08-12 10:13:19,657 INFO [IDENTIFY] matched=100065.3 similarity=0.6416
2026-08-12 10:13:23,136 INFO [IDENTIFY] matched=100065.3 similarity=0.6416
2026-08-12 10:13:29,429 INFO [IDENTIFY] matched=100028.2 similarity=0.6498
2026-08-12 10:31:46,622 INFO [IDENTIFY] matched=100057.2 similarity=0.7255
2026-08-12 10:35:25,760 INFO [IDENTIFY] matched=100015.3 similarity=0.5444
2026-08-12 10:42:19,533 INFO [IDENTIFY] matched=100051.2 similarity=0.7133
2026-08-12 10:56:40,676 INFO [IDENTIFY] matched=100128.3 similarity=0.7716
2026-08-12 10:56:43,169 INFO [IDENTIFY] matched=100128.3 similarity=0.7716
2026-08-12 11:13:25,517 INFO [IDENTIFY] matched=100016.2 similarity=0.7523
2026-08-12 11:13:36,809 INFO [IDENTIFY] matched=100080.2 similarity=0.7755
2026-08-12 11:16:40,790 INFO [IDENTIFY] matched=100037.2 similarity=0.5574
2026-08-12 11:30:38,018 INFO [IDENTIFY] matched=100056.2 similarity=0.6600
2026-08-12 11:33:12,223 INFO [IDENTIFY] matched=100012.3 similarity=0.5920
2026-08-12 11:40:53,439 INFO [IDENTIFY] matched=100040.2 similarity=0.6752
2026-08-12 11:46:19,954 INFO [IDENTIFY] matched=100017.3 similarity=0.7310
2026-08-12 11:46:23,547 INFO [IDENTIFY] matched=100017.3 similarity=0.7310
2026-08-12 11:46:36,155 INFO [IDENTIFY] matched=100007.2 similarity=0.6578
2026-08-12 11:46:54,936 INFO [IDENTIFY] matched=100077.2 similarity=0.8062
2026-08-12 11:46:56,992 INFO [IDENTIFY] matched=100010.2 similarity=0.6433
2026-08-12 11:47:27,499 INFO [IDENTIFY] matched=100010.3 similarity=0.5134
2026-08-12 11:47:36,851 INFO [IDENTIFY] matched=100010.3 similarity=0.5134
2026-08-12 11:48:26,720 INFO [IDENTIFY] matched=100003.3 similarity=0.6891
2026-08-12 11:48:55,966 INFO [IDENTIFY] matched=100003.3 similarity=0.6680
2026-08-12 11:49:09,053 INFO [IDENTIFY] matched=100003.3 similarity=0.6680
2026-08-12 11:49:16,230 INFO [IDENTIFY] matched=100008.3 similarity=0.7632
2026-08-12 11:49:24,744 INFO [IDENTIFY] matched=100008.3 similarity=0.7632
2026-08-12 11:49:42,014 INFO [IDENTIFY] matched=100005.3 similarity=0.7010
2026-08-12 11:49:46,507 INFO [IDENTIFY] matched=100005.3 similarity=0.7010
2026-08-12 11:50:01,109 INFO [IDENTIFY] matched=100009.3 similarity=0.5397
2026-08-12 11:50:05,004 INFO [IDENTIFY] matched=100009.3 similarity=0.5397
2026-08-12 11:57:23,534 ERROR [IDENTIFY] rejected: best_match=100126.3 similarity=0.2149 (< 0.50 threshold)
2026-08-12 11:57:41,049 INFO [IDENTIFY] matched=100006.3 similarity=0.6873
2026-08-12 11:57:45,081 INFO [IDENTIFY] matched=100006.3 similarity=0.6873
2026-08-12 12:01:52,081 INFO [IDENTIFY] matched=100055.2 similarity=0.6072
2026-08-12 12:03:58,991 INFO [IDENTIFY] matched=100070.2 similarity=0.6990
2026-08-12 12:04:03,429 INFO [IDENTIFY] matched=100068.2 similarity=0.6278
2026-08-12 12:08:05,752 INFO [IDENTIFY] matched=100069.2 similarity=0.6143
2026-08-12 12:11:53,717 INFO [IDENTIFY] matched=100071.2 similarity=0.7399
2026-08-12 12:20:23,627 INFO [IDENTIFY] matched=100039.2 similarity=0.6377
2026-08-12 12:38:05,596 INFO [IDENTIFY] matched=100021.2 similarity=0.6511
2026-08-12 12:38:54,808 INFO [IDENTIFY] matched=100029.2 similarity=0.5394
2026-08-12 12:44:26,328 INFO [IDENTIFY] matched=100195.1 similarity=0.8317
2026-08-12 12:52:34,960 INFO [IDENTIFY] matched=100065.2 similarity=0.7910
2026-08-12 12:52:35,915 INFO [IDENTIFY] matched=100072.2 similarity=0.7144
2026-08-12 12:53:22,549 INFO [IDENTIFY] matched=100076.2 similarity=0.6986
2026-08-12 13:12:19,888 INFO [IDENTIFY] matched=100073.2 similarity=0.7572
2026-08-12 14:26:27,922 INFO [IDENTIFY] matched=100009.3 similarity=0.6669
2026-08-12 16:03:18,255 INFO [IDENTIFY] matched=100008.3 similarity=0.6804
2026-08-12 16:45:42,035 INFO [IDENTIFY] matched=100010.3 similarity=0.5379
2026-08-12 18:06:21,970 ERROR [IDENTIFY] rejected: best_match=100679.1 similarity=0.4901 (< 0.50 threshold)
2026-08-12 18:06:37,578 ERROR [IDENTIFY] rejected: best_match=100679.1 similarity=0.4944 (< 0.50 threshold)
2026-08-12 18:06:52,924 ERROR [IDENTIFY] rejected: best_match=100679.1 similarity=0.4735 (< 0.50 threshold)
2026-08-12 18:07:08,442 ERROR [IDENTIFY] rejected: best_match=100679.1 similarity=0.4820 (< 0.50 threshold)
2026-08-12 18:07:40,108 INFO [IDENTIFY] matched=100679.1 similarity=0.5311
2026-08-12 18:07:46,285 INFO [IDENTIFY] matched=100679.1 similarity=0.5311
2026-08-12 18:09:28,072 INFO [IDENTIFY] matched=100086.2 similarity=0.7539
2026-08-12 18:09:32,207 INFO [IDENTIFY] matched=100086.2 similarity=0.7539
2026-08-12 18:10:20,423 INFO [IDENTIFY] matched=100083.2 similarity=0.5300
2026-08-12 18:12:36,601 INFO [IDENTIFY] matched=100061.3 similarity=0.5110
2026-08-12 18:12:40,000 INFO [IDENTIFY] matched=100061.3 similarity=0.5110
2026-08-12 18:13:01,298 INFO [IDENTIFY] matched=100066.3 similarity=0.7379
2026-08-12 18:13:04,449 INFO [IDENTIFY] matched=100066.3 similarity=0.7379
2026-08-12 18:14:57,617 INFO [IDENTIFY] matched=100004.2 similarity=0.7276
2026-08-12 18:16:00,982 INFO [IDENTIFY] matched=100046.2 similarity=0.6278
2026-08-12 18:55:35,812 INFO [IDENTIFY] matched=100081.2 similarity=0.6938
2026-08-12 18:55:39,855 INFO [IDENTIFY] matched=100081.2 similarity=0.6938
2026-08-12 18:58:06,698 INFO [IDENTIFY] matched=100023.2 similarity=0.5014
2026-08-12 18:59:37,333 INFO [IDENTIFY] matched=100027.2 similarity=0.6233
2026-08-12 19:00:26,174 INFO [IDENTIFY] matched=100024.2 similarity=0.7421
2026-08-12 19:00:31,592 INFO [IDENTIFY] matched=100048.2 similarity=0.5955
2026-08-12 19:01:50,881 INFO [IDENTIFY] matched=100033.2 similarity=0.6057
2026-08-12 19:02:50,911 INFO [IDENTIFY] matched=100041.2 similarity=0.6642
2026-08-12 19:04:40,663 INFO [IDENTIFY] matched=100064.2 similarity=0.5999
2026-08-12 19:04:51,038 INFO [IDENTIFY] matched=100057.2 similarity=0.5761
2026-08-12 19:04:55,309 INFO [IDENTIFY] matched=100059.2 similarity=0.7843
2026-08-12 19:06:22,251 ERROR [IDENTIFY] rejected: best_match=100023.2 similarity=0.4665 (< 0.50 threshold)
2026-08-12 19:06:23,446 ERROR [IDENTIFY] rejected: best_match=100013.2 similarity=0.4760 (< 0.50 threshold)
2026-08-12 19:06:43,699 INFO [IDENTIFY] matched=100023.2 similarity=0.5513
2026-08-12 19:06:54,284 INFO [IDENTIFY] matched=100013.2 similarity=0.5493
2026-08-12 19:08:16,205 ERROR [IDENTIFY] rejected: best_match=100029.2 similarity=0.4654 (< 0.50 threshold)
2026-08-12 19:08:34,991 ERROR [IDENTIFY] rejected: best_match=100029.2 similarity=0.4672 (< 0.50 threshold)
2026-08-12 19:08:42,034 INFO [IDENTIFY] matched=100012.2 similarity=0.7405
2026-08-12 19:09:04,966 ERROR [IDENTIFY] rejected: best_match=100029.2 similarity=0.4822 (< 0.50 threshold)
2026-08-12 19:10:06,393 INFO [IDENTIFY] matched=100039.2 similarity=0.6623
2026-08-12 19:10:15,293 INFO [IDENTIFY] matched=100028.2 similarity=0.5745
2026-08-12 19:10:27,555 INFO [IDENTIFY] matched=100040.2 similarity=0.6956
2026-08-12 19:10:32,628 INFO [IDENTIFY] matched=100015.2 similarity=0.7361
2026-08-12 19:10:39,148 ERROR [IDENTIFY] rejected: best_match=100029.2 similarity=0.4965 (< 0.50 threshold)
2026-08-12 19:10:56,411 INFO [IDENTIFY] matched=100050.2 similarity=0.7081
2026-08-12 19:10:58,634 INFO [IDENTIFY] matched=100029.2 similarity=0.5053
2026-08-12 19:11:56,064 INFO [IDENTIFY] matched=100030.2 similarity=0.5405
2026-08-12 19:15:13,109 INFO [IDENTIFY] matched=100051.2 similarity=0.7289
2026-08-12 19:25:12,468 INFO [IDENTIFY] matched=100035.2 similarity=0.5758
2026-08-12 19:25:16,398 INFO [IDENTIFY] matched=100006.2 similarity=0.6499
2026-08-12 19:26:14,439 INFO [IDENTIFY] matched=100001.2 similarity=0.7782
2026-08-12 19:28:47,524 INFO [IDENTIFY] matched=100038.2 similarity=0.8732
2026-08-12 19:30:09,110 INFO [IDENTIFY] matched=100056.2 similarity=0.6150
2026-08-12 19:34:31,761 INFO [IDENTIFY] matched=100037.2 similarity=0.5695
2026-08-12 19:36:19,445 INFO [IDENTIFY] matched=100009.2 similarity=0.7803
2026-08-12 19:47:35,123 INFO [IDENTIFY] matched=100069.3 similarity=0.5979
2026-08-12 19:47:38,773 INFO [IDENTIFY] matched=100069.3 similarity=0.5979
2026-08-12 20:01:08,314 INFO [IDENTIFY] matched=100082.2 similarity=0.5259
2026-08-12 20:01:12,795 INFO [IDENTIFY] matched=100082.2 similarity=0.5259
2026-08-12 20:02:12,760 INFO [IDENTIFY] matched=100084.2 similarity=0.5555
2026-08-12 20:02:17,868 INFO [IDENTIFY] matched=100084.2 similarity=0.5555
2026-08-12 20:06:26,042 INFO [IDENTIFY] matched=100052.2 similarity=0.5931
2026-08-12 20:50:20,247 INFO [IDENTIFY] matched=100097.3 similarity=0.6573
2026-08-12 21:08:11,432 ERROR [IDENTIFY] rejected: best_match=100080.2 similarity=0.4744 (< 0.50 threshold)
2026-08-12 21:14:41,729 INFO [IDENTIFY] matched=100055.2 similarity=0.5716
2026-08-12 21:21:51,840 INFO [IDENTIFY] matched=100067.2 similarity=0.7318
2026-08-12 21:21:57,957 INFO [IDENTIFY] matched=100067.2 similarity=0.7318
2026-08-12 21:22:16,522 INFO [IDENTIFY] matched=100058.2 similarity=0.5743
2026-08-12 21:22:20,773 INFO [IDENTIFY] matched=100058.2 similarity=0.5743
2026-08-12 21:22:36,174 INFO [IDENTIFY] matched=100018.2 similarity=0.7270
2026-08-12 21:42:32,835 ERROR [IDENTIFY] rejected: no face detected in any of 10 frame(s)
2026-08-12 21:43:22,058 INFO [IDENTIFY] matched=100077.2 similarity=0.6924
2026-08-12 21:45:11,593 ERROR [IDENTIFY] rejected: best_match=100045.2 similarity=0.4337 (< 0.50 threshold)
2026-08-12 21:45:42,773 INFO [IDENTIFY] matched=100045.2 similarity=0.6344
2026-08-12 21:45:45,317 INFO [IDENTIFY] matched=100045.2 similarity=0.6344
2026-08-12 21:47:41,172 INFO [IDENTIFY] matched=100010.2 similarity=0.6417
2026-08-12 21:57:45,877 INFO [IDENTIFY] matched=100018.2 similarity=0.7876
2026-08-12 21:57:58,156 INFO [IDENTIFY] matched=100046.2 similarity=0.7319
2026-08-12 21:58:43,166 INFO [IDENTIFY] matched=100022.2 similarity=0.6322
2026-08-12 21:59:11,861 INFO [IDENTIFY] matched=100022.2 similarity=0.6523
2026-08-12 21:59:47,052 INFO [IDENTIFY] matched=100003.2 similarity=0.6185
2026-08-12 22:04:59,748 INFO [IDENTIFY] matched=100070.2 similarity=0.6018
2026-08-12 22:11:17,324 INFO [IDENTIFY] matched=100071.2 similarity=0.7160
2026-08-12 22:12:10,495 INFO [IDENTIFY] matched=100068.2 similarity=0.5076
2026-08-12 22:18:44,116 INFO [IDENTIFY] matched=100069.2 similarity=0.6733
2026-08-12 22:32:33,726 INFO [IDENTIFY] matched=100073.2 similarity=0.7026
2026-08-12 22:33:38,825 INFO [IDENTIFY] matched=100065.2 similarity=0.6834
2026-08-12 22:34:13,925 INFO [IDENTIFY] matched=100076.2 similarity=0.6875
2026-08-12 23:04:22,999 INFO [IDENTIFY] matched=100078.3 similarity=0.7643
2026-08-12 23:46:18,527 INFO [IDENTIFY] matched=100032.2 similarity=0.6417
2026-08-13 02:12:03,359 ERROR [IDENTIFY] rejected: best_match=100084.2 similarity=0.3488 (< 0.50 threshold)
2026-08-13 02:12:22,541 INFO [IDENTIFY] matched=100084.2 similarity=0.6040
2026-08-13 02:12:28,847 INFO [IDENTIFY] matched=100084.2 similarity=0.6040
2026-08-13 06:12:04,576 INFO [IDENTIFY] matched=100082.2 similarity=0.5145
2026-08-13 06:12:07,982 INFO [IDENTIFY] matched=100082.2 similarity=0.5145
2026-08-13 06:12:42,126 ERROR [IDENTIFY] rejected: best_match=100082.2 similarity=0.4880 (< 0.50 threshold)
2026-08-13 06:13:01,179 INFO [IDENTIFY] matched=100082.2 similarity=0.5189
2026-08-13 06:13:05,409 INFO [IDENTIFY] matched=100082.2 similarity=0.5189
2026-08-13 06:36:28,495 INFO [IDENTIFY] matched=100009.3 similarity=0.5370
2026-08-13 07:15:02,990 INFO [IDENTIFY] matched=100652.1 similarity=0.7417
2026-08-13 07:15:06,197 INFO [IDENTIFY] matched=100652.1 similarity=0.7417
2026-08-13 07:15:26,165 INFO [IDENTIFY] matched=100652.1 similarity=0.7389
2026-08-13 07:15:28,390 INFO [IDENTIFY] matched=100652.1 similarity=0.7389
2026-08-13 07:27:42,936 INFO [IDENTIFY] matched=100073.3 similarity=0.6821
2026-08-13 07:27:46,589 INFO [IDENTIFY] matched=100073.3 similarity=0.6821
2026-08-13 07:43:16,733 INFO [IDENTIFY] matched=100088.3 similarity=0.5825
2026-08-13 07:43:20,000 INFO [IDENTIFY] matched=100088.3 similarity=0.5825
2026-08-13 07:49:37,849 INFO [IDENTIFY] matched=100069.3 similarity=0.6679
2026-08-13 07:49:40,790 INFO [IDENTIFY] matched=100069.3 similarity=0.6679
2026-08-13 08:07:18,632 INFO [IDENTIFY] matched=100010.3 similarity=0.5568
2026-08-13 08:11:32,447 ERROR [IDENTIFY] rejected: best_match=100068.3 similarity=0.4859 (< 0.50 threshold)
2026-08-13 08:11:55,290 INFO [IDENTIFY] matched=100068.3 similarity=0.5806
2026-08-13 08:12:16,561 INFO [IDENTIFY] matched=100068.3 similarity=0.5806
2026-08-13 08:53:23,262 ERROR [IDENTIFY] rejected: best_match=100032.2 similarity=0.4711 (< 0.50 threshold)
2026-08-13 08:53:24,510 INFO [IDENTIFY] matched=100006.2 similarity=0.5141
2026-08-13 08:53:34,579 INFO [IDENTIFY] matched=100046.3 similarity=0.6248
2026-08-13 08:53:49,058 INFO [IDENTIFY] matched=100032.2 similarity=0.5941
2026-08-13 08:58:12,557 ERROR [IDENTIFY] rejected: best_match=100023.2 similarity=0.4653 (< 0.50 threshold)
2026-08-13 08:58:13,092 ERROR [IDENTIFY] rejected: best_match=100004.2 similarity=0.4891 (< 0.50 threshold)
2026-08-13 08:58:38,606 INFO [IDENTIFY] matched=100023.2 similarity=0.5018
2026-08-13 08:59:01,065 INFO [IDENTIFY] matched=100001.3 similarity=0.6220
2026-08-13 08:59:18,127 INFO [IDENTIFY] matched=100083.2 similarity=0.5222
2026-08-13 09:01:19,357 INFO [IDENTIFY] matched=100067.2 similarity=0.7408
2026-08-13 09:01:24,089 INFO [IDENTIFY] matched=100004.2 similarity=0.6604
2026-08-13 09:03:09,989 INFO [IDENTIFY] matched=100058.2 similarity=0.6584
2026-08-13 09:03:14,815 INFO [IDENTIFY] matched=100058.2 similarity=0.6584
2026-08-13 09:04:03,895 INFO [IDENTIFY] matched=100086.2 similarity=0.7654
2026-08-13 09:04:06,946 INFO [IDENTIFY] matched=100086.2 similarity=0.7654
2026-08-13 09:04:44,328 INFO [IDENTIFY] matched=100005.2 similarity=0.5558
2026-08-13 09:08:53,373 ERROR [IDENTIFY] rejected: no face detected in any of 10 frame(s)
2026-08-13 09:09:09,985 ERROR [IDENTIFY] rejected: best_match=100679.1 similarity=0.4968 (< 0.50 threshold)
2026-08-13 09:09:24,281 INFO [IDENTIFY] matched=100679.1 similarity=0.5357
2026-08-13 09:09:30,712 INFO [IDENTIFY] matched=100679.1 similarity=0.5357
2026-08-13 09:10:34,043 ERROR [IDENTIFY] rejected: best_match=100027.2 similarity=0.2638 (< 0.50 threshold)
2026-08-13 09:10:57,120 INFO [IDENTIFY] matched=100081.2 similarity=0.6632
2026-08-13 09:11:00,855 INFO [IDENTIFY] matched=100081.2 similarity=0.6632
2026-08-13 09:13:03,430 ERROR [IDENTIFY] rejected: best_match=100071.3 similarity=0.4025 (< 0.50 threshold)
2026-08-13 09:13:24,735 INFO [IDENTIFY] matched=100071.3 similarity=0.5504
2026-08-13 09:13:31,088 INFO [IDENTIFY] matched=100071.3 similarity=0.5504
2026-08-13 09:21:16,801 INFO [IDENTIFY] matched=100097.3 similarity=0.6709
2026-08-13 09:22:42,008 INFO [IDENTIFY] matched=100013.3 similarity=0.6866
2026-08-13 09:27:25,755 INFO [IDENTIFY] matched=100017.2 similarity=0.6038
2026-08-13 09:39:49,131 INFO [IDENTIFY] matched=100017.3 similarity=0.7064
2026-08-13 09:39:51,115 INFO [IDENTIFY] matched=100012.3 similarity=0.5345
2026-08-13 09:45:10,417 INFO [IDENTIFY] matched=100027.2 similarity=0.6572
2026-08-13 09:47:28,106 INFO [IDENTIFY] matched=100050.2 similarity=0.7219
2026-08-13 09:51:35,911 INFO [IDENTIFY] matched=100001.2 similarity=0.7901
2026-08-13 09:51:48,148 INFO [IDENTIFY] matched=100124.3 similarity=0.7054
2026-08-13 09:52:02,101 INFO [IDENTIFY] matched=100124.3 similarity=0.7054
2026-08-13 09:52:45,953 INFO [IDENTIFY] matched=100015.2 similarity=0.6502
2026-08-13 09:55:10,016 INFO [IDENTIFY] matched=100008.3 similarity=0.7016
2026-08-13 09:59:52,976 INFO [IDENTIFY] matched=100052.2 similarity=0.5720
2026-08-13 10:00:23,993 INFO [IDENTIFY] matched=100041.2 similarity=0.7443
2026-08-13 10:00:28,274 INFO [IDENTIFY] matched=100125.3 similarity=0.6114
2026-08-13 10:00:28,812 INFO [IDENTIFY] matched=100033.2 similarity=0.6017
2026-08-13 10:00:48,958 INFO [IDENTIFY] matched=100035.2 similarity=0.5967
2026-08-13 10:01:46,272 INFO [IDENTIFY] matched=100125.3 similarity=0.7087
2026-08-13 10:01:48,903 INFO [IDENTIFY] matched=100125.3 similarity=0.7087
2026-08-13 10:02:12,559 INFO [IDENTIFY] matched=100012.2 similarity=0.7640
2026-08-13 10:02:54,686 INFO [IDENTIFY] matched=100059.2 similarity=0.6046
2026-08-13 10:05:44,853 INFO [IDENTIFY] matched=100064.2 similarity=0.6216
2026-08-13 10:10:09,413 INFO [IDENTIFY] matched=100048.2 similarity=0.5914
2026-08-13 10:13:24,489 INFO [IDENTIFY] matched=100030.2 similarity=0.6422
2026-08-13 10:13:32,676 INFO [IDENTIFY] matched=100028.2 similarity=0.6194
2026-08-13 10:14:11,196 INFO [IDENTIFY] matched=100040.2 similarity=0.6103
2026-08-13 10:15:46,271 INFO [IDENTIFY] matched=100057.2 similarity=0.8060
2026-08-13 10:18:29,996 INFO [IDENTIFY] matched=100009.2 similarity=0.6913
2026-08-13 10:20:43,072 INFO [IDENTIFY] matched=100003.2 similarity=0.6425
2026-08-13 10:22:26,220 INFO [IDENTIFY] matched=100010.2 similarity=0.6647
2026-08-13 10:29:07,405 INFO [IDENTIFY] matched=100016.2 similarity=0.6261
2026-08-13 10:34:42,842 INFO [IDENTIFY] matched=100056.2 similarity=0.5849
2026-08-13 10:56:38,024 INFO [IDENTIFY] matched=100011.2 similarity=0.5923
2026-08-13 11:07:51,275 INFO [IDENTIFY] matched=100051.2 similarity=0.7136
2026-08-13 11:16:02,039 INFO [IDENTIFY] matched=100047.2 similarity=0.6428
2026-08-13 11:25:42,235 INFO [IDENTIFY] matched=100002.1 similarity=0.6353
2026-08-13 11:28:43,791 INFO [IDENTIFY] matched=100195.1 similarity=0.9032
2026-08-13 11:28:46,798 INFO [IDENTIFY] matched=100195.1 similarity=0.9032
2026-08-13 11:31:59,553 ERROR [IDENTIFY] rejected: best_match=100054.3 similarity=0.1595 (< 0.50 threshold)
2026-08-13 11:32:28,762 ERROR [IDENTIFY] rejected: best_match=100045.2 similarity=0.4822 (< 0.50 threshold)
2026-08-13 11:32:44,379 INFO [IDENTIFY] matched=100045.2 similarity=0.6608
2026-08-13 11:32:46,886 INFO [IDENTIFY] matched=100045.2 similarity=0.6608
2026-08-13 11:33:55,788 INFO [IDENTIFY] matched=100015.3 similarity=0.5757
2026-08-13 11:50:09,718 INFO [IDENTIFY] matched=100055.2 similarity=0.5109
2026-08-13 11:50:26,393 ERROR [IDENTIFY] rejected: best_match=100136.3 similarity=0.2035 (< 0.50 threshold)
2026-08-13 11:50:45,656 INFO [IDENTIFY] matched=100077.2 similarity=0.6882
2026-08-13 12:02:30,313 INFO [IDENTIFY] matched=100069.2 similarity=0.5255
2026-08-13 12:03:47,878 INFO [IDENTIFY] matched=100080.2 similarity=0.7962
2026-08-13 12:07:03,797 ERROR [IDENTIFY] rejected: best_match=100068.2 similarity=0.4712 (< 0.50 threshold)
2026-08-13 12:08:00,613 INFO [IDENTIFY] matched=100068.2 similarity=0.6045
2026-08-13 12:08:19,991 INFO [IDENTIFY] matched=100070.2 similarity=0.6953
2026-08-13 12:47:36,826 INFO [IDENTIFY] matched=100018.2 similarity=0.6561
2026-08-13 12:49:42,966 INFO [IDENTIFY] matched=100021.2 similarity=0.6116
2026-08-13 13:03:23,726 INFO [IDENTIFY] matched=100076.2 similarity=0.6943
2026-08-13 13:03:56,915 INFO [IDENTIFY] matched=100065.2 similarity=0.8234
2026-08-13 13:04:10,168 INFO [IDENTIFY] matched=100072.2 similarity=0.7454
2026-08-13 13:25:44,857 ERROR [IDENTIFY] rejected: best_match=100035.2 similarity=0.4738 (< 0.50 threshold)
2026-08-13 13:31:49,128 INFO [IDENTIFY] matched=100073.2 similarity=0.7688
2026-08-13 14:34:24,026 INFO [IDENTIFY] matched=100009.3 similarity=0.7065
2026-08-13 15:16:10,077 INFO [IDENTIFY] matched=100039.2 similarity=0.6116
2026-08-13 16:28:06,046 INFO [IDENTIFY] matched=100088.3 similarity=0.5611
2026-08-13 16:28:17,565 INFO [IDENTIFY] matched=100088.3 similarity=0.5611
2026-08-13 16:36:36,263 INFO [IDENTIFY] matched=100010.3 similarity=0.6212
2026-08-13 17:08:51,709 INFO [IDENTIFY] matched=100003.2 similarity=0.6249
2026-08-13 17:16:03,971 INFO [IDENTIFY] matched=100012.3 similarity=0.5316
2026-08-13 17:36:20,954 INFO [IDENTIFY] matched=100064.3 similarity=0.5181
2026-08-13 17:36:33,814 INFO [IDENTIFY] matched=100064.3 similarity=0.5181
2026-08-13 17:36:49,661 ERROR [IDENTIFY] rejected: best_match=100001.3 similarity=0.4934 (< 0.50 threshold)
2026-08-13 17:56:20,680 ERROR [IDENTIFY] rejected: no face detected in any of 10 frame(s)
2026-08-13 17:56:45,099 INFO [IDENTIFY] matched=100086.2 similarity=0.6332
2026-08-13 17:57:02,781 INFO [IDENTIFY] matched=100086.2 similarity=0.6332
2026-08-13 17:57:34,643 INFO [IDENTIFY] matched=100679.1 similarity=0.5052
2026-08-13 17:57:52,506 INFO [IDENTIFY] matched=100679.1 similarity=0.5052
2026-08-13 18:09:04,655 INFO [IDENTIFY] matched=100073.3 similarity=0.5237
2026-08-13 18:09:09,614 INFO [IDENTIFY] matched=100073.3 similarity=0.5237
2026-08-13 18:24:47,424 INFO [IDENTIFY] matched=100001.3 similarity=0.5814
2026-08-13 18:51:11,508 INFO [IDENTIFY] matched=100050.2 similarity=0.6819
2026-08-13 18:54:56,753 INFO [IDENTIFY] matched=100012.2 similarity=0.7773
2026-08-13 18:59:43,361 INFO [IDENTIFY] matched=100048.2 similarity=0.6034
2026-08-13 19:00:16,440 INFO [IDENTIFY] matched=100027.2 similarity=0.5995
2026-08-13 19:00:52,456 INFO [IDENTIFY] matched=100030.2 similarity=0.7321
2026-08-13 19:00:58,247 INFO [IDENTIFY] matched=100017.2 similarity=0.7302
2026-08-13 19:01:06,447 INFO [IDENTIFY] matched=100039.2 similarity=0.6249
2026-08-13 19:01:34,325 INFO [IDENTIFY] matched=100033.2 similarity=0.6128
2026-08-13 19:01:51,792 INFO [IDENTIFY] matched=100028.2 similarity=0.6226
2026-08-13 19:01:52,621 INFO [IDENTIFY] matched=100057.2 similarity=0.7956
2026-08-13 19:02:34,173 INFO [IDENTIFY] matched=100083.2 similarity=0.5480
2026-08-13 19:03:24,230 INFO [IDENTIFY] matched=100041.2 similarity=0.7656
2026-08-13 19:03:41,820 INFO [IDENTIFY] matched=100040.2 similarity=0.7445
2026-08-13 19:04:01,509 INFO [IDENTIFY] matched=100064.2 similarity=0.6269
2026-08-13 19:04:03,562 INFO [IDENTIFY] matched=100059.2 similarity=0.7579
2026-08-13 19:06:48,172 INFO [IDENTIFY] matched=100081.2 similarity=0.6127
2026-08-13 19:06:52,954 INFO [IDENTIFY] matched=100081.2 similarity=0.6127
2026-08-13 19:08:22,269 INFO [IDENTIFY] matched=100037.2 similarity=0.5375
2026-08-13 19:09:16,233 ERROR [IDENTIFY] rejected: best_match=100004.2 similarity=0.4922 (< 0.50 threshold)
2026-08-13 19:09:31,618 INFO [IDENTIFY] matched=100001.2 similarity=0.7889
2026-08-13 19:10:23,414 INFO [IDENTIFY] matched=100004.2 similarity=0.5066
2026-08-13 19:13:12,504 INFO [IDENTIFY] matched=100052.2 similarity=0.6519
2026-08-13 19:19:02,671 INFO [IDENTIFY] matched=100046.2 similarity=0.6603
2026-08-13 19:19:03,196 INFO [IDENTIFY] matched=100056.2 similarity=0.6743
2026-08-13 19:19:29,415 INFO [IDENTIFY] matched=100009.2 similarity=0.8045
2026-08-13 19:19:29,443 INFO [IDENTIFY] matched=100046.2 similarity=0.7116
2026-08-13 19:32:36,095 INFO [IDENTIFY] matched=100010.2 similarity=0.6073
2026-08-13 19:40:37,466 INFO [IDENTIFY] matched=100068.3 similarity=0.5393
2026-08-13 19:40:48,850 ERROR [IDENTIFY] rejected: best_match=100068.3 similarity=0.3788 (< 0.50 threshold)
2026-08-13 19:41:16,151 INFO [IDENTIFY] matched=100069.3 similarity=0.6517
2026-08-13 19:41:29,025 INFO [IDENTIFY] matched=100069.3 similarity=0.6517
2026-08-13 19:44:35,664 ERROR [IDENTIFY] rejected: best_match=100023.2 similarity=0.4624 (< 0.50 threshold)
2026-08-13 19:45:28,130 INFO [IDENTIFY] matched=100005.2 similarity=0.5359
2026-08-13 19:46:57,313 INFO [IDENTIFY] matched=100023.2 similarity=0.5538
2026-08-13 19:53:34,088 INFO [IDENTIFY] matched=100084.2 similarity=0.7299
2026-08-13 19:53:37,617 INFO [IDENTIFY] matched=100084.2 similarity=0.7299
2026-08-13 19:56:50,819 INFO [IDENTIFY] matched=100022.2 similarity=0.6485
2026-08-13 19:57:19,338 INFO [IDENTIFY] matched=100022.2 similarity=0.6494
2026-08-13 20:12:07,252 INFO [IDENTIFY] matched=100082.2 similarity=0.5570
2026-08-13 20:12:14,666 INFO [IDENTIFY] matched=100082.2 similarity=0.5570
2026-08-13 20:14:38,256 INFO [IDENTIFY] matched=100067.2 similarity=0.5946
2026-08-13 20:14:42,296 INFO [IDENTIFY] matched=100067.2 similarity=0.5946
2026-08-13 20:14:56,388 INFO [IDENTIFY] matched=100058.2 similarity=0.7575
2026-08-13 20:14:59,903 INFO [IDENTIFY] matched=100058.2 similarity=0.7575
2026-08-13 20:30:54,688 ERROR [IDENTIFY] rejected: best_match=100126.3 similarity=0.3009 (< 0.50 threshold)
2026-08-13 20:39:13,207 INFO [IDENTIFY] matched=100016.2 similarity=0.7512
2026-08-13 20:42:33,880 ERROR [IDENTIFY] rejected: best_match=100047.2 similarity=0.4623 (< 0.50 threshold)
2026-08-13 20:43:12,661 INFO [IDENTIFY] matched=100047.2 similarity=0.6522
2026-08-13 20:43:36,452 INFO [IDENTIFY] matched=100011.2 similarity=0.6638
2026-08-13 20:44:45,414 INFO [IDENTIFY] matched=100080.2 similarity=0.5703
2026-08-13 20:56:43,192 INFO [IDENTIFY] matched=100021.2 similarity=0.5873
2026-08-13 20:58:11,425 INFO [IDENTIFY] matched=100018.2 similarity=0.7975
2026-08-13 21:08:25,801 INFO [IDENTIFY] matched=100045.2 similarity=0.5257
2026-08-13 21:09:47,651 INFO [IDENTIFY] matched=100077.2 similarity=0.6962
2026-08-13 21:13:44,234 INFO [IDENTIFY] matched=100071.3 similarity=0.5013
2026-08-13 21:13:46,647 INFO [IDENTIFY] matched=100071.3 similarity=0.5013
2026-08-13 21:58:34,328 INFO [IDENTIFY] matched=100071.2 similarity=0.7142
2026-08-13 22:15:45,211 INFO [IDENTIFY] matched=100068.2 similarity=0.5539
2026-08-13 22:16:04,434 INFO [IDENTIFY] matched=100070.2 similarity=0.6325
2026-08-13 22:21:45,045 INFO [IDENTIFY] matched=100069.2 similarity=0.6686
2026-08-13 22:52:37,908 INFO [IDENTIFY] matched=100076.2 similarity=0.6047
2026-08-13 22:53:02,979 INFO [IDENTIFY] matched=100065.2 similarity=0.7176
2026-08-13 22:53:55,286 INFO [IDENTIFY] matched=100072.2 similarity=0.7423
2026-08-13 23:05:52,242 INFO [IDENTIFY] matched=100073.2 similarity=0.8135
2026-08-13 23:43:15,685 INFO [IDENTIFY] matched=100013.2 similarity=0.5336
2026-08-13 23:45:29,643 INFO [IDENTIFY] matched=100051.2 similarity=0.7767
2026-08-13 23:51:24,500 INFO [IDENTIFY] matched=100032.2 similarity=0.6285
2026-08-14 00:10:03,222 INFO [IDENTIFY] matched=100015.2 similarity=0.7398
2026-08-14 05:44:29,258 INFO [IDENTIFY] matched=100084.2 similarity=0.6960
2026-08-14 05:44:32,654 INFO [IDENTIFY] matched=100084.2 similarity=0.6960
2026-08-14 06:00:32,986 ERROR [IDENTIFY] rejected: best_match=100082.2 similarity=0.4097 (< 0.50 threshold)
2026-08-14 06:00:49,320 ERROR [IDENTIFY] rejected: best_match=100082.2 similarity=0.4327 (< 0.50 threshold)
2026-08-14 06:01:06,897 ERROR [IDENTIFY] rejected: best_match=100082.2 similarity=0.4385 (< 0.50 threshold)
2026-08-14 06:01:21,758 INFO [IDENTIFY] matched=100082.2 similarity=0.5044
2026-08-14 06:01:25,889 INFO [IDENTIFY] matched=100082.2 similarity=0.5044
2026-08-14 07:29:52,523 ERROR [IDENTIFY] rejected: best_match=100071.3 similarity=0.4627 (< 0.50 threshold)
2026-08-14 07:30:10,277 ERROR [IDENTIFY] rejected: best_match=100071.3 similarity=0.4001 (< 0.50 threshold)
2026-08-14 07:30:27,715 ERROR [IDENTIFY] rejected: best_match=100071.3 similarity=0.4077 (< 0.50 threshold)
2026-08-14 07:30:49,205 ERROR [IDENTIFY] rejected: best_match=100071.3 similarity=0.4951 (< 0.50 threshold)
2026-08-14 07:32:00,681 INFO [IDENTIFY] matched=100071.3 similarity=0.5191
2026-08-14 08:14:01,084 INFO [IDENTIFY] matched=100126.3 similarity=0.5394
2026-08-14 08:14:05,667 INFO [IDENTIFY] matched=100126.3 similarity=0.5394
2026-08-14 08:56:58,653 INFO [IDENTIFY] matched=100004.2 similarity=0.6910
2026-08-14 09:01:51,488 INFO [IDENTIFY] matched=100032.2 similarity=0.5281
2026-08-14 09:46:16,334 INFO [IDENTIFY] matched=100079.3 similarity=0.5929
2026-08-14 09:46:20,047 INFO [IDENTIFY] matched=100079.3 similarity=0.5929
2026-08-14 10:04:59,521 INFO [IDENTIFY] matched=100067.2 similarity=0.6895
2026-08-14 10:05:02,401 INFO [IDENTIFY] matched=100067.2 similarity=0.6895
2026-08-14 12:52:21,881 INFO [IDENTIFY] matched=100077.2 similarity=0.7187
2026-08-14 14:12:02,393 INFO [IDENTIFY] matched=100065.2 similarity=0.7821
2026-08-14 14:14:10,108 INFO [IDENTIFY] matched=100072.2 similarity=0.7237
2026-08-14 14:28:36,268 INFO [IDENTIFY] matched=100073.2 similarity=0.6709
2026-08-14 14:34:27,671 INFO [IDENTIFY] matched=100069.2 similarity=0.6707
2026-08-14 14:39:02,960 INFO [IDENTIFY] matched=100071.2 similarity=0.7380
2026-08-14 15:02:30,277 INFO [IDENTIFY] matched=100075.2 similarity=0.6556
2026-08-14 15:11:28,169 INFO [IDENTIFY] matched=100068.2 similarity=0.6234
2026-08-14 15:13:43,826 INFO [IDENTIFY] matched=100070.2 similarity=0.7365
2026-08-14 16:28:14,412 INFO [IDENTIFY] matched=100010.2 similarity=0.6930
2026-08-14 16:44:47,334 ERROR [IDENTIFY] rejected: best_match=100055.2 similarity=0.4801 (< 0.50 threshold)
2026-08-14 16:46:38,986 INFO [IDENTIFY] matched=100055.2 similarity=0.5489
2026-08-14 17:53:59,356 INFO [IDENTIFY] matched=100045.2 similarity=0.7209
2026-08-14 17:54:02,140 INFO [IDENTIFY] matched=100045.2 similarity=0.7209
2026-08-14 18:54:54,612 INFO [IDENTIFY] matched=100077.2 similarity=0.6538
2026-08-14 19:08:08,755 ERROR [IDENTIFY] rejected: best_match=100071.3 similarity=0.4843 (< 0.50 threshold)
2026-08-14 19:08:22,385 INFO [IDENTIFY] matched=100071.3 similarity=0.5243
2026-08-14 19:08:26,410 INFO [IDENTIFY] matched=100071.3 similarity=0.5243
2026-08-14 21:36:07,350 INFO [IDENTIFY] matched=100067.2 similarity=0.6653
2026-08-14 21:36:10,556 INFO [IDENTIFY] matched=100067.2 similarity=0.6653
2026-08-14 21:36:27,498 INFO [IDENTIFY] matched=100004.2 similarity=0.5346
2026-08-14 22:03:15,667 INFO [IDENTIFY] matched=100032.2 similarity=0.5233
2026-08-14 22:09:15,697 INFO [IDENTIFY] matched=100071.2 similarity=0.6653
2026-08-14 22:14:43,806 INFO [IDENTIFY] matched=100073.2 similarity=0.6401
2026-08-14 22:15:29,298 INFO [IDENTIFY] matched=100072.2 similarity=0.7189
2026-08-14 22:15:51,908 INFO [IDENTIFY] matched=100075.2 similarity=0.5592
2026-08-14 22:17:27,964 INFO [IDENTIFY] matched=100068.2 similarity=0.6316
2026-08-14 22:17:43,922 INFO [IDENTIFY] matched=100010.2 similarity=0.7151
2026-08-14 22:19:27,174 INFO [IDENTIFY] matched=100070.2 similarity=0.6449
2026-08-14 22:20:01,512 INFO [IDENTIFY] matched=100069.2 similarity=0.5722
2026-08-14 22:20:14,215 INFO [IDENTIFY] matched=100070.2 similarity=0.6496
2026-08-14 22:20:15,405 INFO [IDENTIFY] matched=100070.2 similarity=0.5265
2026-08-15 07:10:49,452 INFO [IDENTIFY] matched=100009.3 similarity=0.6246
2026-08-15 08:00:13,559 INFO [IDENTIFY] matched=100069.3 similarity=0.5839
2026-08-15 08:00:19,460 INFO [IDENTIFY] matched=100069.3 similarity=0.5839
2026-08-15 08:01:05,037 INFO [IDENTIFY] matched=100072.3 similarity=0.7547
2026-08-15 08:02:42,504 ERROR [IDENTIFY] rejected: no face detected in any of 10 frame(s)
2026-08-15 08:19:02,634 ERROR [IDENTIFY] rejected: best_match=100010.3 similarity=0.4915 (< 0.50 threshold)
2026-08-15 08:23:08,629 INFO [IDENTIFY] matched=100126.3 similarity=0.5728
2026-08-15 08:23:13,571 INFO [IDENTIFY] matched=100126.3 similarity=0.5728
2026-08-15 08:37:39,942 ERROR [IDENTIFY] rejected: best_match=100079.3 similarity=0.3258 (< 0.50 threshold)
2026-08-15 08:38:03,891 INFO [IDENTIFY] matched=100079.3 similarity=0.5472
2026-08-15 08:38:06,620 INFO [IDENTIFY] matched=100079.3 similarity=0.5472
2026-08-15 08:50:53,474 INFO [IDENTIFY] matched=100088.3 similarity=0.5670
2026-08-15 08:50:55,910 INFO [IDENTIFY] matched=100088.3 similarity=0.5670
2026-08-15 08:57:56,070 INFO [IDENTIFY] matched=100061.3 similarity=0.5978
2026-08-15 08:57:58,325 INFO [IDENTIFY] matched=100061.3 similarity=0.5978
2026-08-15 08:58:35,078 INFO [IDENTIFY] matched=100083.2 similarity=0.5427
2026-08-15 09:01:11,095 INFO [IDENTIFY] matched=100005.2 similarity=0.7249
2026-08-15 09:01:44,511 ERROR [IDENTIFY] rejected: best_match=100023.2 similarity=0.4725 (< 0.50 threshold)
2026-08-15 09:02:02,953 INFO [IDENTIFY] matched=100004.2 similarity=0.5821
2026-08-15 09:02:22,385 INFO [IDENTIFY] matched=100081.2 similarity=0.5923
2026-08-15 09:02:41,881 INFO [IDENTIFY] matched=100081.2 similarity=0.5923
2026-08-15 09:03:01,140 INFO [IDENTIFY] matched=100085.2 similarity=0.6842
2026-08-15 09:03:20,354 INFO [IDENTIFY] matched=100085.2 similarity=0.6842
2026-08-15 09:04:25,030 INFO [IDENTIFY] matched=100023.2 similarity=0.5250
2026-08-15 09:04:27,303 INFO [IDENTIFY] matched=100058.2 similarity=0.7718
2026-08-15 09:04:33,810 INFO [IDENTIFY] matched=100058.2 similarity=0.7718
2026-08-15 09:05:26,699 INFO [IDENTIFY] matched=100013.3 similarity=0.6608
2026-08-15 09:06:01,957 ERROR [IDENTIFY] rejected: best_match=100071.3 similarity=0.4917 (< 0.50 threshold)
2026-08-15 09:06:17,417 INFO [IDENTIFY] matched=100071.3 similarity=0.5251
2026-08-15 09:06:20,535 INFO [IDENTIFY] matched=100071.3 similarity=0.5251
2026-08-15 09:07:28,123 INFO [IDENTIFY] matched=100067.2 similarity=0.5747
2026-08-15 09:07:32,116 INFO [IDENTIFY] matched=100067.2 similarity=0.5747
2026-08-15 09:08:13,021 INFO [IDENTIFY] matched=100086.2 similarity=0.7004
2026-08-15 09:08:16,452 INFO [IDENTIFY] matched=100086.2 similarity=0.7004
2026-08-15 09:09:12,622 INFO [IDENTIFY] matched=100067.3 similarity=0.8187
2026-08-15 09:09:15,234 INFO [IDENTIFY] matched=100067.3 similarity=0.8187
2026-08-15 09:09:31,297 INFO [IDENTIFY] matched=100063.3 similarity=0.7612
2026-08-15 09:09:33,588 INFO [IDENTIFY] matched=100063.3 similarity=0.7612
2026-08-15 09:09:53,043 INFO [IDENTIFY] matched=100064.3 similarity=0.6302
2026-08-15 09:10:02,113 INFO [IDENTIFY] matched=100064.3 similarity=0.6302
2026-08-15 09:23:23,108 INFO [IDENTIFY] matched=100017.2 similarity=0.5872
2026-08-15 09:25:56,215 INFO [IDENTIFY] matched=100679.1 similarity=0.5190
2026-08-15 09:25:59,382 INFO [IDENTIFY] matched=100679.1 similarity=0.5190
2026-08-15 09:37:40,377 INFO [IDENTIFY] matched=100062.3 similarity=0.5718
2026-08-15 09:37:42,712 INFO [IDENTIFY] matched=100062.3 similarity=0.5718
2026-08-15 09:38:10,258 INFO [IDENTIFY] matched=100032.2 similarity=0.7002
2026-08-15 09:52:47,087 INFO [IDENTIFY] matched=100046.3 similarity=0.6587
2026-08-15 09:57:53,021 INFO [IDENTIFY] matched=100057.2 similarity=0.7604
2026-08-15 09:59:32,818 INFO [IDENTIFY] matched=100033.2 similarity=0.5950
2026-08-15 10:00:01,039 INFO [IDENTIFY] matched=100041.2 similarity=0.6821
2026-08-15 10:02:31,528 INFO [IDENTIFY] matched=100009.2 similarity=0.7246
2026-08-15 10:03:15,687 INFO [IDENTIFY] matched=100012.2 similarity=0.7316
2026-08-15 10:04:11,327 INFO [IDENTIFY] matched=100027.2 similarity=0.6789
2026-08-15 10:07:11,734 INFO [IDENTIFY] matched=100059.2 similarity=0.5669
2026-08-15 10:08:34,210 INFO [IDENTIFY] matched=100016.2 similarity=0.6568
2026-08-15 10:10:41,949 INFO [IDENTIFY] matched=100040.2 similarity=0.6610
2026-08-15 10:11:24,786 INFO [IDENTIFY] matched=100064.2 similarity=0.6238
2026-08-15 10:12:30,634 INFO [IDENTIFY] matched=100015.3 similarity=0.6234
2026-08-15 10:12:50,387 INFO [IDENTIFY] matched=100024.2 similarity=0.7445
2026-08-15 10:13:23,687 INFO [IDENTIFY] matched=100028.2 similarity=0.5934
2026-08-15 10:22:11,389 INFO [IDENTIFY] matched=100011.2 similarity=0.6485
2026-08-15 10:22:38,707 INFO [IDENTIFY] matched=100001.2 similarity=0.7163
2026-08-15 10:23:56,404 INFO [IDENTIFY] matched=100012.3 similarity=0.7257
2026-08-15 10:32:05,085 INFO [IDENTIFY] matched=100008.3 similarity=0.6506
2026-08-15 10:40:16,159 INFO [IDENTIFY] matched=100018.2 similarity=0.7358
2026-08-15 10:41:26,873 INFO [IDENTIFY] matched=100013.2 similarity=0.5467
2026-08-15 10:41:50,791 INFO [IDENTIFY] matched=100045.2 similarity=0.7034
2026-08-15 10:41:56,462 INFO [IDENTIFY] matched=100045.2 similarity=0.7034
2026-08-15 10:49:27,771 ERROR [IDENTIFY] rejected: best_match=100052.2 similarity=0.4734 (< 0.50 threshold)
2026-08-15 10:49:55,365 INFO [IDENTIFY] matched=100052.2 similarity=0.5411
2026-08-15 10:56:45,739 INFO [IDENTIFY] matched=100050.2 similarity=0.7296
2026-08-15 10:58:51,608 INFO [IDENTIFY] matched=100015.2 similarity=0.5548
2026-08-15 11:27:44,998 INFO [IDENTIFY] matched=100037.2 similarity=0.5496
2026-08-15 11:43:24,365 INFO [IDENTIFY] matched=100047.2 similarity=0.6556
2026-08-15 11:54:37,893 INFO [IDENTIFY] matched=100080.2 similarity=0.8026
2026-08-15 11:58:27,946 INFO [IDENTIFY] matched=100051.2 similarity=0.6632
2026-08-15 12:07:13,101 INFO [IDENTIFY] matched=100070.2 similarity=0.7634
2026-08-15 12:07:24,426 INFO [IDENTIFY] matched=100068.2 similarity=0.6332
2026-08-15 12:08:49,337 INFO [IDENTIFY] matched=100069.2 similarity=0.6861
2026-08-15 12:11:27,044 INFO [IDENTIFY] matched=100055.2 similarity=0.5554
2026-08-15 12:13:43,881 INFO [IDENTIFY] matched=100066.2 similarity=0.5058
2026-08-15 12:17:56,455 INFO [IDENTIFY] matched=100071.2 similarity=0.7910
2026-08-15 12:32:03,300 INFO [IDENTIFY] matched=100075.2 similarity=0.6202
2026-08-15 12:32:25,399 INFO [IDENTIFY] matched=100077.2 similarity=0.7042
2026-08-15 12:37:03,374 INFO [IDENTIFY] matched=100065.2 similarity=0.6162
2026-08-15 12:37:47,582 INFO [IDENTIFY] matched=100072.2 similarity=0.7045
2026-08-15 12:40:57,906 INFO [IDENTIFY] matched=100021.2 similarity=0.6279
2026-08-15 12:48:17,408 INFO [IDENTIFY] matched=100073.2 similarity=0.6852
2026-08-15 13:42:02,778 INFO [IDENTIFY] matched=100076.2 similarity=0.6553
2026-08-15 14:00:57,294 INFO [IDENTIFY] matched=100009.3 similarity=0.6718
2026-08-15 14:55:46,009 INFO [IDENTIFY] matched=100039.2 similarity=0.6611
2026-08-15 15:29:00,550 INFO [IDENTIFY] matched=100008.3 similarity=0.7083
2026-08-15 15:31:38,601 INFO [IDENTIFY] matched=100008.3 similarity=0.6339
2026-08-15 18:00:26,066 ERROR [IDENTIFY] rejected: best_match=100035.2 similarity=0.4951 (< 0.50 threshold)
2026-08-15 18:01:21,726 ERROR [IDENTIFY] rejected: best_match=100035.2 similarity=0.4818 (< 0.50 threshold)
2026-08-15 18:05:14,312 INFO [IDENTIFY] matched=100035.2 similarity=0.6316
2026-08-15 18:06:10,887 INFO [IDENTIFY] matched=100035.2 similarity=0.6105
2026-08-15 18:25:55,864 INFO [IDENTIFY] matched=100046.2 similarity=0.7583
2026-08-15 18:26:30,872 INFO [IDENTIFY] matched=100046.2 similarity=0.5871
2026-08-15 18:29:44,820 INFO [IDENTIFY] matched=100017.2 similarity=0.6235
2026-08-15 18:29:50,452 INFO [IDENTIFY] matched=100027.2 similarity=0.6495
2026-08-15 18:29:51,427 INFO [IDENTIFY] matched=100017.2 similarity=0.6419
2026-08-15 18:31:34,368 INFO [IDENTIFY] matched=100039.2 similarity=0.6113
2026-08-15 18:31:37,371 INFO [IDENTIFY] matched=100028.2 similarity=0.5547
2026-08-15 18:33:25,363 ERROR [IDENTIFY] rejected: best_match=100012.3 similarity=0.4502 (< 0.50 threshold)
2026-08-15 18:39:06,652 INFO [IDENTIFY] matched=100012.3 similarity=0.6021
2026-08-15 18:50:55,248 ERROR [IDENTIFY] rejected: no face detected in any of 10 frame(s)
2026-08-15 18:51:12,904 ERROR [IDENTIFY] rejected: no face detected in any of 10 frame(s)
2026-08-15 18:51:35,399 INFO [IDENTIFY] matched=100086.2 similarity=0.7561
2026-08-15 18:51:40,115 INFO [IDENTIFY] matched=100086.2 similarity=0.7561
2026-08-15 18:55:25,141 INFO [IDENTIFY] matched=100005.2 similarity=0.7210
2026-08-15 18:55:54,583 INFO [IDENTIFY] matched=100679.1 similarity=0.5423
2026-08-15 18:55:56,893 INFO [IDENTIFY] matched=100679.1 similarity=0.5423
2026-08-15 19:01:23,710 INFO [IDENTIFY] matched=100033.2 similarity=0.6256
2026-08-15 19:03:38,807 INFO [IDENTIFY] matched=100064.2 similarity=0.6012
2026-08-15 19:03:41,854 INFO [IDENTIFY] matched=100047.2 similarity=0.6407
2026-08-15 19:04:53,203 INFO [IDENTIFY] matched=100040.2 similarity=0.6421
2026-08-15 19:05:33,781 INFO [IDENTIFY] matched=100059.2 similarity=0.7114
2026-08-15 19:08:16,158 INFO [IDENTIFY] matched=100018.2 similarity=0.7650
2026-08-15 19:11:24,212 INFO [IDENTIFY] matched=100001.2 similarity=0.7148
2026-08-15 19:19:23,726 INFO [IDENTIFY] matched=100051.2 similarity=0.5941
2026-08-15 19:22:44,469 INFO [IDENTIFY] matched=100016.2 similarity=0.6478
2026-08-15 19:23:49,135 INFO [IDENTIFY] matched=100009.2 similarity=0.7975
2026-08-15 19:27:37,417 ERROR [IDENTIFY] rejected: best_match=100083.2 similarity=0.4834 (< 0.50 threshold)
2026-08-15 19:28:02,328 INFO [IDENTIFY] matched=100083.2 similarity=0.5465
2026-08-15 19:30:25,918 INFO [IDENTIFY] matched=100052.2 similarity=0.6172
2026-08-15 19:30:57,887 INFO [IDENTIFY] matched=100056.2 similarity=0.6841
2026-08-15 19:32:01,032 INFO [IDENTIFY] matched=100056.2 similarity=0.5720
2026-08-15 19:43:14,703 ERROR [IDENTIFY] rejected: best_match=100012.2 similarity=0.4574 (< 0.50 threshold)
2026-08-15 19:44:14,605 INFO [IDENTIFY] matched=100012.2 similarity=0.5982
2026-08-15 19:53:40,512 INFO [IDENTIFY] matched=100085.2 similarity=0.5894
2026-08-15 19:53:47,194 INFO [IDENTIFY] matched=100085.2 similarity=0.5894
2026-08-15 19:54:02,256 INFO [IDENTIFY] matched=100081.2 similarity=0.5373
2026-08-15 19:54:05,330 INFO [IDENTIFY] matched=100081.2 similarity=0.5373
2026-08-15 19:57:09,744 ERROR [IDENTIFY] rejected: no face detected in any of 10 frame(s)
2026-08-15 20:03:07,814 INFO [IDENTIFY] matched=100004.2 similarity=0.6392
2026-08-15 20:06:00,429 INFO [IDENTIFY] matched=100084.2 similarity=0.6856
2026-08-15 20:06:04,312 INFO [IDENTIFY] matched=100084.2 similarity=0.6856
2026-08-15 20:07:25,163 ERROR [IDENTIFY] rejected: best_match=100082.2 similarity=0.3687 (< 0.50 threshold)
2026-08-15 20:07:39,604 INFO [IDENTIFY] matched=100082.2 similarity=0.5398
2026-08-15 20:07:43,001 INFO [IDENTIFY] matched=100082.2 similarity=0.5398
2026-08-15 20:14:19,299 INFO [IDENTIFY] matched=100050.2 similarity=0.6620
2026-08-15 20:15:24,358 INFO [IDENTIFY] matched=100015.2 similarity=0.6270
2026-08-15 20:22:33,760 INFO [IDENTIFY] matched=100013.2 similarity=0.6042
2026-08-15 21:02:41,508 INFO [IDENTIFY] matched=100011.2 similarity=0.7170
2026-08-15 21:05:13,775 INFO [IDENTIFY] matched=100055.2 similarity=0.6802
2026-08-15 21:25:17,961 INFO [IDENTIFY] matched=100010.2 similarity=0.6885
2026-08-15 21:27:29,158 INFO [IDENTIFY] matched=100021.2 similarity=0.5580
2026-08-15 21:29:11,505 INFO [IDENTIFY] matched=100077.2 similarity=0.6829
2026-08-15 21:31:31,047 ERROR [IDENTIFY] rejected: best_match=100023.2 similarity=0.4986 (< 0.50 threshold)
2026-08-15 21:32:02,636 INFO [IDENTIFY] matched=100088.3 similarity=0.6575
2026-08-15 21:32:04,859 INFO [IDENTIFY] matched=100088.3 similarity=0.6575
2026-08-15 21:34:45,387 ERROR [IDENTIFY] rejected: best_match=100023.2 similarity=0.4877 (< 0.50 threshold)
2026-08-15 21:35:27,534 INFO [IDENTIFY] matched=100058.2 similarity=0.6306
2026-08-15 21:35:30,530 INFO [IDENTIFY] matched=100058.2 similarity=0.6306
2026-08-15 21:35:48,054 INFO [IDENTIFY] matched=100023.2 similarity=0.5303
2026-08-15 22:02:24,701 INFO [IDENTIFY] matched=100068.2 similarity=0.7160
2026-08-15 22:02:32,977 INFO [IDENTIFY] matched=100071.2 similarity=0.7400
2026-08-15 22:02:50,958 INFO [IDENTIFY] matched=100069.2 similarity=0.6249
2026-08-15 22:41:30,239 INFO [IDENTIFY] matched=100076.2 similarity=0.6254
2026-08-15 22:41:46,012 INFO [IDENTIFY] matched=100065.2 similarity=0.6931
2026-08-15 22:43:52,084 INFO [IDENTIFY] matched=100075.2 similarity=0.6261
2026-08-15 22:45:41,760 INFO [IDENTIFY] matched=100067.2 similarity=0.6795
2026-08-15 22:45:44,374 INFO [IDENTIFY] matched=100067.2 similarity=0.6795
2026-08-15 22:50:00,992 INFO [IDENTIFY] matched=100073.2 similarity=0.6907
2026-08-15 22:50:58,016 INFO [IDENTIFY] matched=100072.2 similarity=0.7544
2026-08-15 22:51:19,817 INFO [IDENTIFY] matched=100072.2 similarity=0.7444
2026-08-15 23:17:52,802 ERROR [IDENTIFY] rejected: best_match=100004.2 similarity=0.4658 (< 0.50 threshold)
2026-08-15 23:20:19,074 INFO [IDENTIFY] matched=100006.2 similarity=0.6953
2026-08-15 23:20:46,126 INFO [IDENTIFY] matched=100006.2 similarity=0.6992
2026-08-15 23:50:35,911 INFO [IDENTIFY] matched=100032.2 similarity=0.5859
2026-08-16 05:19:27,622 INFO [IDENTIFY] matched=100084.2 similarity=0.6195
2026-08-16 05:19:31,305 INFO [IDENTIFY] matched=100084.2 similarity=0.6195
2026-08-16 07:02:34,947 INFO [IDENTIFY] matched=100082.2 similarity=0.5501
2026-08-16 07:02:38,351 INFO [IDENTIFY] matched=100082.2 similarity=0.5501
2026-08-16 07:12:25,604 INFO [IDENTIFY] matched=100652.1 similarity=0.6610
2026-08-16 07:12:28,408 INFO [IDENTIFY] matched=100652.1 similarity=0.6610
2026-08-16 08:53:39,039 ERROR [IDENTIFY] rejected: best_match=100088.3 similarity=0.4780 (< 0.50 threshold)
2026-08-16 08:55:36,625 INFO [IDENTIFY] matched=100086.2 similarity=0.8192
2026-08-16 08:55:42,737 INFO [IDENTIFY] matched=100086.2 similarity=0.8192
2026-08-16 08:56:03,095 INFO [IDENTIFY] matched=100081.2 similarity=0.6375
2026-08-16 08:56:07,050 INFO [IDENTIFY] matched=100081.2 similarity=0.6375
2026-08-16 08:56:47,000 INFO [IDENTIFY] matched=100023.2 similarity=0.5187
2026-08-16 08:57:54,919 INFO [IDENTIFY] matched=100006.2 similarity=0.7495
2026-08-16 08:58:18,508 INFO [IDENTIFY] matched=100004.2 similarity=0.6206
2026-08-16 09:00:26,954 INFO [IDENTIFY] matched=100067.2 similarity=0.5462
2026-08-16 09:00:29,874 INFO [IDENTIFY] matched=100067.2 similarity=0.5462
2026-08-16 09:01:22,736 INFO [IDENTIFY] matched=100058.2 similarity=0.6883
2026-08-16 09:01:29,745 INFO [IDENTIFY] matched=100083.2 similarity=0.5198
2026-08-16 09:02:05,712 INFO [IDENTIFY] matched=100005.2 similarity=0.6012
2026-08-16 09:13:07,041 INFO [IDENTIFY] matched=100679.1 similarity=0.5919
2026-08-16 09:13:12,665 INFO [IDENTIFY] matched=100679.1 similarity=0.5919
2026-08-16 11:19:30,914 INFO [IDENTIFY] matched=100088.3 similarity=0.5678
2026-08-16 11:19:36,637 INFO [IDENTIFY] matched=100088.3 similarity=0.5678
2026-08-16 14:53:52,550 INFO [IDENTIFY] matched=100072.2 similarity=0.7722
2026-08-16 15:09:33,613 INFO [IDENTIFY] matched=100071.2 similarity=0.8114
2026-08-16 15:16:06,811 ERROR [IDENTIFY] rejected: best_match=100069.2 similarity=0.4684 (< 0.50 threshold)
2026-08-16 15:16:36,281 INFO [IDENTIFY] matched=100069.2 similarity=0.5264
2026-08-16 15:26:37,155 INFO [IDENTIFY] matched=100068.2 similarity=0.6553
2026-08-16 15:28:19,062 INFO [FAISS] Loaded 184 embeddings
2026-08-16 15:29:03,599 INFO [IDENTIFY] matched=100066.2 similarity=0.6354
2026-08-16 15:43:37,807 INFO [IDENTIFY] matched=100076.2 similarity=0.7153
2026-08-16 18:04:45,417 INFO [IDENTIFY] matched=100083.2 similarity=0.5518
2026-08-16 18:14:47,362 INFO [IDENTIFY] matched=100081.2 similarity=0.5960
2026-08-16 18:14:51,361 INFO [IDENTIFY] matched=100081.2 similarity=0.5960
2026-08-16 19:01:16,178 INFO [IDENTIFY] matched=100086.2 similarity=0.6474
2026-08-16 19:01:19,541 INFO [IDENTIFY] matched=100086.2 similarity=0.6474
2026-08-16 19:07:27,385 INFO [IDENTIFY] matched=100005.2 similarity=0.7256
2026-08-16 20:03:29,337 INFO [IDENTIFY] matched=100084.2 similarity=0.6367
2026-08-16 20:03:32,793 INFO [IDENTIFY] matched=100084.2 similarity=0.6367
2026-08-16 20:08:52,675 INFO [IDENTIFY] matched=100082.2 similarity=0.5526
2026-08-16 20:08:58,893 INFO [IDENTIFY] matched=100082.2 similarity=0.5526
2026-08-16 20:59:59,356 INFO [IDENTIFY] matched=100071.2 similarity=0.6488
2026-08-16 21:01:39,249 INFO [IDENTIFY] matched=100068.2 similarity=0.5555
2026-08-16 21:02:36,641 INFO [IDENTIFY] matched=100066.2 similarity=0.5389
2026-08-16 21:03:16,506 INFO [IDENTIFY] matched=100004.2 similarity=0.7043
2026-08-16 21:03:21,177 INFO [IDENTIFY] matched=100023.2 similarity=0.5350
2026-08-16 21:05:37,706 INFO [IDENTIFY] matched=100069.2 similarity=0.6203
2026-08-16 21:34:57,006 INFO [IDENTIFY] matched=100088.3 similarity=0.6033
2026-08-16 21:34:59,340 INFO [IDENTIFY] matched=100088.3 similarity=0.6033
2026-08-16 21:40:34,269 INFO [IDENTIFY] matched=100072.2 similarity=0.7771
2026-08-16 21:40:37,931 INFO [IDENTIFY] matched=100076.2 similarity=0.6659
2026-08-16 23:10:41,693 INFO [IDENTIFY] matched=100006.2 similarity=0.6691
2026-08-16 23:17:27,080 INFO [IDENTIFY] matched=100652.1 similarity=0.6940
2026-08-16 23:17:29,621 INFO [IDENTIFY] matched=100652.1 similarity=0.6940
2026-08-16 23:50:43,319 INFO [IDENTIFY] matched=100067.2 similarity=0.7321
2026-08-16 23:50:53,990 INFO [IDENTIFY] matched=100067.2 similarity=0.7289
2026-08-16 23:51:21,553 INFO [IDENTIFY] matched=100067.2 similarity=0.7102
2026-08-17 05:30:48,376 INFO [IDENTIFY] matched=100084.2 similarity=0.6976
2026-08-17 05:30:52,983 INFO [IDENTIFY] matched=100084.2 similarity=0.6976
2026-08-17 06:55:25,259 INFO [IDENTIFY] matched=100009.3 similarity=0.5931
2026-08-17 07:43:56,675 INFO [IDENTIFY] matched=100073.3 similarity=0.5171
2026-08-17 07:44:00,118 INFO [IDENTIFY] matched=100073.3 similarity=0.5171
2026-08-17 07:50:41,681 INFO [IDENTIFY] matched=100652.1 similarity=0.6735
2026-08-17 07:50:44,393 INFO [IDENTIFY] matched=100652.1 similarity=0.6735
2026-08-17 08:01:49,946 INFO [IDENTIFY] matched=100082.2 similarity=0.6284
2026-08-17 08:01:54,218 INFO [IDENTIFY] matched=100082.2 similarity=0.6284
2026-08-17 08:06:34,701 INFO [IDENTIFY] matched=100069.3 similarity=0.5988
2026-08-17 08:06:37,009 INFO [IDENTIFY] matched=100069.3 similarity=0.5988
2026-08-17 08:07:45,210 INFO [IDENTIFY] matched=100067.3 similarity=0.7767
2026-08-17 08:07:47,580 INFO [IDENTIFY] matched=100067.3 similarity=0.7767
2026-08-17 08:19:28,411 INFO [IDENTIFY] matched=100126.3 similarity=0.5240
2026-08-17 08:19:31,924 INFO [IDENTIFY] matched=100126.3 similarity=0.5240
2026-08-17 08:21:19,003 INFO [IDENTIFY] matched=100078.3 similarity=0.7014
2026-08-17 08:29:59,756 INFO [IDENTIFY] matched=100006.2 similarity=0.5822
2026-08-17 08:31:53,946 INFO [IDENTIFY] matched=100088.3 similarity=0.5502
2026-08-17 08:31:56,945 INFO [IDENTIFY] matched=100088.3 similarity=0.5502
2026-08-17 08:34:17,984 INFO [IDENTIFY] matched=100001.3 similarity=0.5893
2026-08-17 08:37:20,369 INFO [IDENTIFY] matched=100079.3 similarity=0.5291
2026-08-17 08:37:26,185 INFO [IDENTIFY] matched=100079.3 similarity=0.5291
2026-08-17 08:47:57,908 INFO [IDENTIFY] matched=100032.2 similarity=0.6512
2026-08-17 08:54:46,758 INFO [IDENTIFY] matched=100085.2 similarity=0.6498
2026-08-17 08:54:50,985 INFO [IDENTIFY] matched=100085.2 similarity=0.6498
2026-08-17 08:55:24,116 INFO [IDENTIFY] matched=100004.2 similarity=0.5946
2026-08-17 08:59:11,466 INFO [IDENTIFY] matched=100083.2 similarity=0.5228
2026-08-17 09:03:06,224 INFO [IDENTIFY] matched=100008.3 similarity=0.7130
2026-08-17 09:04:15,665 INFO [IDENTIFY] matched=100081.2 similarity=0.6259
2026-08-17 09:04:21,167 INFO [IDENTIFY] matched=100081.2 similarity=0.6259
2026-08-17 09:04:55,904 INFO [IDENTIFY] matched=100023.2 similarity=0.5496
2026-08-17 09:09:39,329 INFO [IDENTIFY] matched=100061.3 similarity=0.5249
2026-08-17 09:09:42,080 INFO [IDENTIFY] matched=100061.3 similarity=0.5249
2026-08-17 09:10:05,118 ERROR [IDENTIFY] rejected: best_match=100679.1 similarity=0.4776 (< 0.50 threshold)
2026-08-17 09:10:28,244 ERROR [IDENTIFY] rejected: best_match=100679.1 similarity=0.4599 (< 0.50 threshold)
2026-08-17 09:10:42,414 ERROR [IDENTIFY] rejected: best_match=100679.1 similarity=0.4985 (< 0.50 threshold)
2026-08-17 09:11:01,446 INFO [IDENTIFY] matched=100005.2 similarity=0.6303
2026-08-17 09:11:03,682 INFO [IDENTIFY] matched=100679.1 similarity=0.5450
2026-08-17 09:11:07,879 INFO [IDENTIFY] matched=100046.3 similarity=0.6231
2026-08-17 09:11:12,888 INFO [IDENTIFY] matched=100679.1 similarity=0.5450
2026-08-17 09:12:22,616 INFO [IDENTIFY] matched=100058.2 similarity=0.6735
2026-08-17 09:12:25,450 INFO [IDENTIFY] matched=100058.2 similarity=0.6735
2026-08-17 09:12:42,181 INFO [IDENTIFY] matched=100013.3 similarity=0.6850
2026-08-17 09:12:45,619 INFO [IDENTIFY] matched=100025.2 similarity=0.6856
2026-08-17 09:12:48,879 INFO [IDENTIFY] matched=100025.2 similarity=0.6856
2026-08-17 09:14:22,445 INFO [IDENTIFY] matched=100067.2 similarity=0.5351
2026-08-17 09:14:25,424 INFO [IDENTIFY] matched=100067.2 similarity=0.5351
2026-08-17 09:16:56,704 INFO [IDENTIFY] matched=100071.3 similarity=0.5473
2026-08-17 09:16:58,506 INFO [IDENTIFY] matched=100017.2 similarity=0.5041
2026-08-17 09:17:03,620 INFO [IDENTIFY] matched=100071.3 similarity=0.5473
2026-08-17 09:42:46,333 INFO [IDENTIFY] matched=100050.2 similarity=0.7214
2026-08-17 09:43:02,312 INFO [IDENTIFY] matched=100015.2 similarity=0.6829
2026-08-17 09:46:49,705 INFO [IDENTIFY] matched=100124.3 similarity=0.6324
2026-08-17 09:46:54,921 INFO [IDENTIFY] matched=100124.3 similarity=0.6324
2026-08-17 09:47:14,511 INFO [IDENTIFY] matched=100063.3 similarity=0.8189
2026-08-17 09:47:18,309 INFO [IDENTIFY] matched=100063.3 similarity=0.8189
2026-08-17 09:55:31,526 INFO [IDENTIFY] matched=100033.2 similarity=0.5981
2026-08-17 09:56:05,017 INFO [IDENTIFY] matched=100041.2 similarity=0.6957
2026-08-17 09:56:42,767 INFO [IDENTIFY] matched=100052.2 similarity=0.5567
2026-08-17 09:57:25,054 INFO [IDENTIFY] matched=100027.2 similarity=0.6981
2026-08-17 10:00:52,904 INFO [IDENTIFY] matched=100012.2 similarity=0.7334
2026-08-17 10:03:03,876 INFO [IDENTIFY] matched=100057.2 similarity=0.7686
2026-08-17 10:04:49,337 INFO [IDENTIFY] matched=100001.2 similarity=0.7179
2026-08-17 10:07:18,866 INFO [IDENTIFY] matched=100125.3 similarity=0.5638
2026-08-17 10:07:22,563 INFO [IDENTIFY] matched=100125.3 similarity=0.5638
2026-08-17 10:08:08,580 INFO [IDENTIFY] matched=100009.2 similarity=0.6712
2026-08-17 10:11:55,209 INFO [IDENTIFY] matched=100064.2 similarity=0.6705
2026-08-17 10:14:29,266 INFO [IDENTIFY] matched=100128.3 similarity=0.7739
2026-08-17 10:14:34,568 INFO [IDENTIFY] matched=100128.3 similarity=0.7739
2026-08-17 10:14:40,202 INFO [IDENTIFY] matched=100039.3 similarity=0.7310
2026-08-17 10:14:42,725 INFO [IDENTIFY] matched=100039.3 similarity=0.7310
2026-08-17 10:16:03,570 INFO [IDENTIFY] matched=100059.2 similarity=0.5953
2026-08-17 10:18:59,591 INFO [IDENTIFY] matched=100038.2 similarity=0.8177
2026-08-17 10:20:52,335 INFO [IDENTIFY] matched=100015.3 similarity=0.6293
2026-08-17 10:23:53,798 INFO [IDENTIFY] matched=100030.2 similarity=0.5751
2026-08-17 10:23:56,214 INFO [IDENTIFY] matched=100028.2 similarity=0.5251
2026-08-17 10:29:01,291 INFO [IDENTIFY] matched=100062.3 similarity=0.6296
2026-08-17 10:29:03,864 INFO [IDENTIFY] matched=100062.3 similarity=0.6296
2026-08-17 10:30:05,698 INFO [IDENTIFY] matched=100003.2 similarity=0.6479
2026-08-17 10:35:12,149 INFO [IDENTIFY] matched=100011.2 similarity=0.6334
2026-08-17 10:45:08,176 INFO [IDENTIFY] matched=100040.2 similarity=0.7373
2026-08-17 10:45:52,112 INFO [IDENTIFY] matched=100047.2 similarity=0.5827
2026-08-17 10:56:28,779 INFO [IDENTIFY] matched=100016.2 similarity=0.6823
2026-08-17 11:01:49,190 ERROR [IDENTIFY] rejected: best_match=100045.2 similarity=0.3506 (< 0.50 threshold)
2026-08-17 11:02:04,302 ERROR [IDENTIFY] rejected: best_match=100045.2 similarity=0.3931 (< 0.50 threshold)
2026-08-17 11:02:20,655 INFO [IDENTIFY] matched=100045.2 similarity=0.7169
2026-08-17 11:02:23,549 INFO [IDENTIFY] matched=100045.2 similarity=0.7169
2026-08-17 11:02:25,894 INFO [IDENTIFY] matched=100037.2 similarity=0.5652
2026-08-17 11:12:26,553 INFO [IDENTIFY] matched=100018.2 similarity=0.6300
2026-08-17 11:17:52,719 ERROR [IDENTIFY] rejected: best_match=100013.2 similarity=0.4816 (< 0.50 threshold)
2026-08-17 11:18:19,887 INFO [IDENTIFY] matched=100013.2 similarity=0.5762
2026-08-17 11:48:55,027 INFO [IDENTIFY] matched=100077.2 similarity=0.7368
2026-08-17 11:51:59,631 INFO [IDENTIFY] matched=100017.3 similarity=0.6123
2026-08-17 11:52:35,395 INFO [IDENTIFY] matched=100012.3 similarity=0.6054
2026-08-17 11:55:40,851 INFO [IDENTIFY] matched=100021.2 similarity=0.6242
2026-08-17 12:02:51,714 INFO [IDENTIFY] matched=100068.2 similarity=0.6477
2026-08-17 12:03:42,290 INFO [IDENTIFY] matched=100066.2 similarity=0.5882
2026-08-17 12:04:54,167 INFO [FAISS] Loaded 184 embeddings
2026-08-17 12:05:32,747 ERROR [IDENTIFY] rejected: best_match=100069.2 similarity=0.4841 (< 0.50 threshold)
2026-08-17 12:05:47,460 INFO [IDENTIFY] matched=100066.2 similarity=0.9141
2026-08-17 12:05:58,117 INFO [IDENTIFY] matched=100069.2 similarity=0.5995
2026-08-17 12:10:38,403 INFO [IDENTIFY] matched=100080.2 similarity=0.7630
2026-08-17 12:16:30,059 INFO [IDENTIFY] matched=100065.2 similarity=0.7446
2026-08-17 12:26:51,497 INFO [IDENTIFY] matched=100010.2 similarity=0.6862
2026-08-17 12:40:05,840 INFO [IDENTIFY] matched=100055.2 similarity=0.5421
2026-08-17 12:50:08,975 INFO [IDENTIFY] matched=100072.2 similarity=0.7281
2026-08-17 12:50:56,389 INFO [IDENTIFY] matched=100073.2 similarity=0.6864
2026-08-17 13:04:23,317 INFO [IDENTIFY] matched=100076.2 similarity=0.6436
2026-08-17 14:03:30,950 INFO [IDENTIFY] matched=100009.3 similarity=0.7052
2026-08-17 14:46:37,484 INFO [IDENTIFY] matched=100039.2 similarity=0.6625
2026-08-17 15:46:40,692 INFO [IDENTIFY] matched=100008.3 similarity=0.5968
2026-08-17 17:20:41,937 INFO [IDENTIFY] matched=100001.3 similarity=0.5629
2026-08-17 18:23:56,665 INFO [IDENTIFY] matched=100073.3 similarity=0.7163
2026-08-17 18:24:00,585 INFO [IDENTIFY] matched=100073.3 similarity=0.7163
2026-08-17 18:47:01,748 INFO [IDENTIFY] matched=100012.2 similarity=0.7061
2026-08-17 18:59:41,521 INFO [IDENTIFY] matched=100027.2 similarity=0.6209
2026-08-17 19:00:19,136 INFO [IDENTIFY] matched=100017.2 similarity=0.5772
2026-08-17 19:00:51,050 INFO [IDENTIFY] matched=100028.2 similarity=0.6899
2026-08-17 19:01:40,213 INFO [IDENTIFY] matched=100030.2 similarity=0.5687
2026-08-17 19:02:10,733 INFO [IDENTIFY] matched=100009.2 similarity=0.7719
2026-08-17 19:02:40,519 INFO [IDENTIFY] matched=100033.2 similarity=0.6420
2026-08-17 19:04:02,490 INFO [IDENTIFY] matched=100057.2 similarity=0.6134
2026-08-17 19:04:40,964 INFO [IDENTIFY] matched=100041.2 similarity=0.7200
2026-08-17 19:05:08,508 INFO [IDENTIFY] matched=100046.2 similarity=0.6380
2026-08-17 19:05:34,999 INFO [IDENTIFY] matched=100085.2 similarity=0.6462
2026-08-17 19:05:41,916 INFO [IDENTIFY] matched=100015.2 similarity=0.7071
2026-08-17 19:05:43,269 INFO [IDENTIFY] matched=100085.2 similarity=0.6462
2026-08-17 19:05:59,234 INFO [IDENTIFY] matched=100052.2 similarity=0.7157
2026-08-17 19:06:00,582 INFO [IDENTIFY] matched=100059.2 similarity=0.7731
2026-08-17 19:06:22,190 INFO [IDENTIFY] matched=100679.1 similarity=0.5618
2026-08-17 19:06:23,673 INFO [IDENTIFY] matched=100064.2 similarity=0.6175
2026-08-17 19:06:56,181 INFO [IDENTIFY] matched=100679.1 similarity=0.5618
2026-08-17 19:07:35,158 INFO [IDENTIFY] matched=100040.2 similarity=0.7022
2026-08-17 19:07:50,929 INFO [IDENTIFY] matched=100056.2 similarity=0.6597
2026-08-17 19:08:34,299 INFO [IDENTIFY] matched=100056.2 similarity=0.6852
2026-08-17 19:09:06,131 INFO [IDENTIFY] matched=100050.2 similarity=0.6276
2026-08-17 19:09:51,216 INFO [IDENTIFY] matched=100038.2 similarity=0.8740
2026-08-17 19:11:13,238 ERROR [IDENTIFY] rejected: best_match=100037.2 similarity=0.4992 (< 0.50 threshold)
2026-08-17 19:11:31,990 INFO [IDENTIFY] matched=100001.2 similarity=0.5974
2026-08-17 19:11:35,046 INFO [IDENTIFY] matched=100037.2 similarity=0.5059
2026-08-17 19:11:58,714 INFO [IDENTIFY] matched=100046.2 similarity=0.6965
2026-08-17 19:35:07,058 INFO [IDENTIFY] matched=100018.2 similarity=0.7583
2026-08-17 19:38:19,886 INFO [IDENTIFY] matched=100063.3 similarity=0.8475
2026-08-17 19:38:22,702 INFO [IDENTIFY] matched=100063.3 similarity=0.8475
2026-08-17 19:39:07,014 INFO [IDENTIFY] matched=100067.3 similarity=0.8181
2026-08-17 19:39:10,201 INFO [IDENTIFY] matched=100067.3 similarity=0.8181
2026-08-17 19:53:52,104 INFO [IDENTIFY] matched=100069.3 similarity=0.6183
2026-08-17 19:53:55,551 INFO [IDENTIFY] matched=100069.3 similarity=0.6183
2026-08-17 19:56:54,794 INFO [IDENTIFY] matched=100047.2 similarity=0.7005
2026-08-17 19:58:41,066 INFO [IDENTIFY] matched=100021.2 similarity=0.5844
2026-08-17 20:00:14,264 INFO [IDENTIFY] matched=100084.2 similarity=0.7183
2026-08-17 20:00:26,060 INFO [IDENTIFY] matched=100084.2 similarity=0.7183
2026-08-17 20:00:57,712 ERROR [IDENTIFY] rejected: best_match=100005.3 similarity=0.3129 (< 0.50 threshold)
2026-08-17 20:01:20,566 ERROR [IDENTIFY] rejected: best_match=100005.3 similarity=0.2497 (< 0.50 threshold)
2026-08-17 20:01:24,660 INFO [IDENTIFY] matched=100016.2 similarity=0.7167
2026-08-17 20:01:50,913 INFO [IDENTIFY] matched=100013.2 similarity=0.5953
2026-08-17 20:03:09,788 INFO [IDENTIFY] matched=100081.2 similarity=0.6023
2026-08-17 20:03:26,182 INFO [IDENTIFY] matched=100081.2 similarity=0.6023
2026-08-17 20:04:26,849 INFO [IDENTIFY] matched=100045.2 similarity=0.5750
2026-08-17 20:04:29,966 INFO [IDENTIFY] matched=100045.2 similarity=0.5750
2026-08-17 20:05:12,495 INFO [IDENTIFY] matched=100082.2 similarity=0.5325
2026-08-17 20:05:21,692 INFO [IDENTIFY] matched=100082.2 similarity=0.6995
2026-08-17 20:06:14,351 INFO [IDENTIFY] matched=100082.2 similarity=0.5201
2026-08-17 20:06:20,353 INFO [IDENTIFY] matched=100082.2 similarity=0.5201
2026-08-17 20:13:04,381 INFO [IDENTIFY] matched=100080.2 similarity=0.5025
2026-08-17 20:15:26,146 INFO [IDENTIFY] matched=100062.3 similarity=0.6612
2026-08-17 20:15:29,354 INFO [IDENTIFY] matched=100062.3 similarity=0.6612
2026-08-17 20:15:49,374 INFO [IDENTIFY] matched=100061.3 similarity=0.5532
2026-08-17 20:15:52,131 INFO [IDENTIFY] matched=100061.3 similarity=0.5532
2026-08-17 20:21:56,254 INFO [IDENTIFY] matched=100055.2 similarity=0.5895
2026-08-17 21:01:20,004 INFO [IDENTIFY] matched=100083.2 similarity=0.5195
2026-08-17 21:03:41,895 ERROR [IDENTIFY] rejected: best_match=100071.3 similarity=0.3317 (< 0.50 threshold)
2026-08-17 21:03:56,243 ERROR [IDENTIFY] rejected: best_match=100071.3 similarity=0.3615 (< 0.50 threshold)
2026-08-17 21:04:10,212 ERROR [IDENTIFY] rejected: best_match=100071.3 similarity=0.3768 (< 0.50 threshold)
2026-08-17 21:13:31,164 ERROR [IDENTIFY] rejected: best_match=100071.3 similarity=0.3683 (< 0.50 threshold)
2026-08-17 21:13:43,730 INFO [IDENTIFY] matched=100097.3 similarity=0.5885
2026-08-17 21:13:55,303 ERROR [IDENTIFY] rejected: best_match=100071.3 similarity=0.4320 (< 0.50 threshold)
2026-08-17 21:14:20,613 INFO [IDENTIFY] matched=100071.3 similarity=0.5614
2026-08-17 21:14:38,010 INFO [IDENTIFY] matched=100071.3 similarity=0.5614
2026-08-17 21:17:35,394 INFO [IDENTIFY] matched=100077.2 similarity=0.6473
2026-08-17 21:22:59,275 INFO [IDENTIFY] matched=100010.2 similarity=0.5856
2026-08-17 21:23:37,369 INFO [IDENTIFY] matched=100088.3 similarity=0.6627
2026-08-17 21:23:40,368 INFO [IDENTIFY] matched=100088.3 similarity=0.6627
2026-08-17 21:58:41,296 INFO [IDENTIFY] matched=100068.2 similarity=0.5444
2026-08-17 21:58:41,555 INFO [IDENTIFY] matched=100066.2 similarity=0.7772
2026-08-17 21:58:43,234 INFO [IDENTIFY] matched=100069.2 similarity=0.6917
2026-08-17 22:00:28,453 INFO [FAISS] Loaded 184 embeddings
2026-08-17 22:01:12,440 INFO [IDENTIFY] matched=100066.2 similarity=0.8802
2026-08-17 22:03:15,435 INFO [IDENTIFY] matched=100070.2 similarity=0.7448
2026-08-17 22:03:51,970 INFO [IDENTIFY] matched=100070.2 similarity=0.7050
2026-08-17 22:13:21,069 INFO [IDENTIFY] matched=100076.2 similarity=0.7337
2026-08-17 22:15:59,017 INFO [IDENTIFY] matched=100067.2 similarity=0.7340
2026-08-17 22:16:05,038 INFO [IDENTIFY] matched=100067.2 similarity=0.7340
2026-08-17 22:30:55,066 ERROR [IDENTIFY] rejected: best_match=100073.2 similarity=0.4897 (< 0.50 threshold)
2026-08-17 22:31:25,565 INFO [IDENTIFY] matched=100073.2 similarity=0.5915
2026-08-17 22:32:06,799 INFO [IDENTIFY] matched=100072.2 similarity=0.7396
2026-08-17 22:32:46,448 INFO [IDENTIFY] matched=100065.2 similarity=0.5199
2026-08-17 22:33:31,143 INFO [IDENTIFY] matched=100058.2 similarity=0.7834
2026-08-17 22:33:34,109 INFO [IDENTIFY] matched=100058.2 similarity=0.7834
2026-08-17 22:38:18,966 INFO [IDENTIFY] matched=100078.3 similarity=0.7573
2026-08-17 22:48:35,353 INFO [IDENTIFY] matched=100652.1 similarity=0.6074
2026-08-17 22:48:38,484 INFO [IDENTIFY] matched=100652.1 similarity=0.6074
2026-08-17 23:07:16,752 INFO [IDENTIFY] matched=100011.2 similarity=0.6546
2026-08-17 23:27:27,837 INFO [IDENTIFY] matched=100039.2 similarity=0.5415
2026-08-17 23:28:10,249 INFO [IDENTIFY] matched=100003.2 similarity=0.5512
2026-08-17 23:31:46,209 INFO [IDENTIFY] matched=100023.2 similarity=0.5591
2026-08-17 23:49:35,322 INFO [IDENTIFY] matched=100032.2 similarity=0.6581
2026-08-17 23:59:32,156 INFO [IDENTIFY] matched=100005.2 similarity=0.7668
2026-08-17 23:59:35,655 INFO [IDENTIFY] matched=100004.2 similarity=0.6485
2026-08-18 06:06:47,671 ERROR [IDENTIFY] rejected: best_match=100082.2 similarity=0.4666 (< 0.50 threshold)
2026-08-18 06:07:03,116 ERROR [IDENTIFY] rejected: best_match=100082.2 similarity=0.4495 (< 0.50 threshold)
2026-08-18 06:07:21,229 INFO [IDENTIFY] matched=100082.2 similarity=0.5314
2026-08-18 06:07:25,546 INFO [IDENTIFY] matched=100082.2 similarity=0.5314
2026-08-18 06:13:50,181 INFO [IDENTIFY] matched=100084.2 similarity=0.5739
2026-08-18 06:13:57,241 INFO [IDENTIFY] matched=100084.2 similarity=0.5739
2026-08-18 07:12:01,125 INFO [IDENTIFY] matched=100652.1 similarity=0.6234
2026-08-18 07:12:04,156 INFO [IDENTIFY] matched=100652.1 similarity=0.6234
2026-08-18 07:16:59,563 INFO [IDENTIFY] matched=100008.3 similarity=0.6887
2026-08-18 07:19:46,842 INFO [IDENTIFY] matched=100073.3 similarity=0.6924
2026-08-18 07:19:50,242 INFO [IDENTIFY] matched=100073.3 similarity=0.6924
2026-08-18 07:57:54,146 INFO [IDENTIFY] matched=100069.3 similarity=0.6514
2026-08-18 07:57:56,955 INFO [IDENTIFY] matched=100069.3 similarity=0.6514
2026-08-18 08:10:16,634 ERROR [IDENTIFY] rejected: best_match=100126.3 similarity=0.3188 (< 0.50 threshold)
2026-08-18 08:10:35,563 INFO [IDENTIFY] matched=100126.3 similarity=0.5751
2026-08-18 08:10:39,961 INFO [IDENTIFY] matched=100126.3 similarity=0.5751
2026-08-18 08:15:34,718 INFO [IDENTIFY] matched=100009.3 similarity=0.5827
2026-08-18 08:33:14,227 INFO [IDENTIFY] matched=100081.2 similarity=0.7143
2026-08-18 08:33:18,463 INFO [IDENTIFY] matched=100081.2 similarity=0.7143
2026-08-18 08:37:14,688 INFO [IDENTIFY] matched=100088.3 similarity=0.6513
2026-08-18 08:37:17,566 INFO [IDENTIFY] matched=100088.3 similarity=0.6513
2026-08-18 08:52:28,176 ERROR [IDENTIFY] rejected: best_match=100079.3 similarity=0.4489 (< 0.50 threshold)
2026-08-18 08:52:33,502 INFO [IDENTIFY] matched=100001.3 similarity=0.6352
2026-08-18 08:53:32,799 INFO [IDENTIFY] matched=100079.3 similarity=0.6379
2026-08-18 08:53:36,003 INFO [IDENTIFY] matched=100079.3 similarity=0.6379
2026-08-18 08:55:26,441 INFO [IDENTIFY] matched=100032.2 similarity=0.7002
2026-08-18 09:02:49,557 INFO [IDENTIFY] matched=100058.2 similarity=0.5796
2026-08-18 09:02:52,826 INFO [IDENTIFY] matched=100058.2 similarity=0.5796
2026-08-18 09:03:31,096 INFO [IDENTIFY] matched=100006.2 similarity=0.5179
2026-08-18 09:03:35,960 INFO [IDENTIFY] matched=100006.2 similarity=0.5179
2026-08-18 09:03:56,571 INFO [IDENTIFY] matched=100067.2 similarity=0.6511
2026-08-18 09:04:00,172 INFO [IDENTIFY] matched=100067.2 similarity=0.6511
2026-08-18 09:04:11,100 INFO [IDENTIFY] matched=100004.2 similarity=0.5940
2026-08-18 09:05:40,971 INFO [IDENTIFY] matched=100023.2 similarity=0.5403
2026-08-18 09:05:47,897 INFO [IDENTIFY] matched=100023.2 similarity=0.5403
2026-08-18 09:06:24,050 INFO [IDENTIFY] matched=100025.2 similarity=0.6896
2026-08-18 09:08:24,256 INFO [IDENTIFY] matched=100083.2 similarity=0.5365
2026-08-18 09:11:58,635 INFO [IDENTIFY] matched=100097.3 similarity=0.5574
2026-08-18 09:15:56,981 ERROR [IDENTIFY] rejected: best_match=100071.3 similarity=0.4877 (< 0.50 threshold)
2026-08-18 09:17:36,404 INFO [IDENTIFY] matched=100071.3 similarity=0.5295
2026-08-18 09:17:41,678 INFO [IDENTIFY] matched=100071.3 similarity=0.5295
2026-08-18 09:18:42,890 INFO [IDENTIFY] matched=100003.2 similarity=0.6500
2026-08-18 09:21:26,896 INFO [IDENTIFY] matched=100017.2 similarity=0.5404
2026-08-18 09:25:10,965 INFO [IDENTIFY] matched=100046.3 similarity=0.5691
2026-08-18 09:27:05,336 INFO [IDENTIFY] matched=100013.3 similarity=0.6671
2026-08-18 09:30:41,708 INFO [IDENTIFY] matched=100005.2 similarity=0.7498
2026-08-18 09:30:48,627 INFO [IDENTIFY] matched=100005.2 similarity=0.7498
2026-08-18 09:30:57,344 ERROR [IDENTIFY] rejected: best_match=100679.1 similarity=0.4744 (< 0.50 threshold)
2026-08-18 09:31:17,234 ERROR [IDENTIFY] rejected: best_match=100679.1 similarity=0.4761 (< 0.50 threshold)
2026-08-18 09:31:40,817 ERROR [IDENTIFY] rejected: best_match=100679.1 similarity=0.4261 (< 0.50 threshold)
2026-08-18 09:37:38,536 ERROR [IDENTIFY] rejected: best_match=100061.3 similarity=0.3181 (< 0.50 threshold)
2026-08-18 09:37:51,491 INFO [IDENTIFY] matched=100050.2 similarity=0.6957
2026-08-18 09:38:06,483 INFO [IDENTIFY] matched=100061.3 similarity=0.5510
2026-08-18 09:38:09,757 INFO [IDENTIFY] matched=100061.3 similarity=0.5510
2026-08-18 09:38:27,370 INFO [IDENTIFY] matched=100070.3 similarity=0.5557
2026-08-18 09:38:31,153 INFO [IDENTIFY] matched=100070.3 similarity=0.5557
2026-08-18 09:39:17,692 INFO [IDENTIFY] matched=100015.2 similarity=0.6770
2026-08-18 09:39:34,125 INFO [IDENTIFY] matched=100124.3 similarity=0.6513
2026-08-18 09:39:51,183 INFO [IDENTIFY] matched=100124.3 similarity=0.6513
2026-08-18 09:40:10,206 INFO [IDENTIFY] matched=100124.3 similarity=0.6166
2026-08-18 09:45:32,120 INFO [IDENTIFY] matched=100076.3 similarity=0.6638
2026-08-18 09:55:02,100 ERROR [IDENTIFY] rejected: best_match=100033.2 similarity=0.4997 (< 0.50 threshold)
2026-08-18 09:55:37,702 INFO [IDENTIFY] matched=100033.2 similarity=0.5684
2026-08-18 09:58:53,810 INFO [IDENTIFY] matched=100027.2 similarity=0.6736
2026-08-18 10:05:44,537 INFO [IDENTIFY] matched=100059.2 similarity=0.6308
2026-08-18 10:05:45,588 INFO [IDENTIFY] matched=100001.2 similarity=0.6613
2026-08-18 10:07:37,814 INFO [IDENTIFY] matched=100038.2 similarity=0.8716
2026-08-18 10:08:26,810 INFO [IDENTIFY] matched=100039.3 similarity=0.7020
2026-08-18 10:08:29,240 INFO [IDENTIFY] matched=100125.3 similarity=0.5466
2026-08-18 10:08:29,899 INFO [IDENTIFY] matched=100039.3 similarity=0.7020
2026-08-18 10:08:34,742 INFO [IDENTIFY] matched=100125.3 similarity=0.5466
2026-08-18 10:08:35,617 INFO [IDENTIFY] matched=100064.2 similarity=0.6149
2026-08-18 10:10:17,009 INFO [IDENTIFY] matched=100015.3 similarity=0.5708
2026-08-18 10:11:36,018 INFO [IDENTIFY] matched=100030.2 similarity=0.7536
2026-08-18 10:11:54,870 INFO [IDENTIFY] matched=100010.2 similarity=0.6292
2026-08-18 10:12:07,377 INFO [IDENTIFY] matched=100028.2 similarity=0.6228
2026-08-18 10:13:54,427 INFO [IDENTIFY] matched=100009.2 similarity=0.7409
2026-08-18 10:16:45,646 INFO [IDENTIFY] matched=100047.2 similarity=0.6344
2026-08-18 10:16:57,220 INFO [IDENTIFY] matched=100057.2 similarity=0.7946
2026-08-18 10:16:59,435 INFO [IDENTIFY] matched=100057.2 similarity=0.7946
2026-08-18 10:23:57,613 INFO [IDENTIFY] matched=100051.2 similarity=0.6738
2026-08-18 10:30:11,366 INFO [IDENTIFY] matched=100017.3 similarity=0.7056
2026-08-18 10:37:53,405 INFO [IDENTIFY] matched=100056.2 similarity=0.7062
2026-08-18 10:39:02,316 INFO [IDENTIFY] matched=100017.2 similarity=0.6594
2026-08-18 10:39:04,590 INFO [IDENTIFY] matched=100017.2 similarity=0.6594
2026-08-18 10:54:32,940 INFO [IDENTIFY] matched=100016.2 similarity=0.6483
2026-08-18 10:56:13,061 INFO [IDENTIFY] matched=100037.2 similarity=0.5771
2026-08-18 11:01:47,042 INFO [IDENTIFY] matched=100013.2 similarity=0.5947
2026-08-18 11:03:29,094 INFO [IDENTIFY] matched=100018.2 similarity=0.6678
2026-08-18 11:03:41,817 INFO [IDENTIFY] matched=100022.2 similarity=0.6303
2026-08-18 11:05:44,581 INFO [IDENTIFY] matched=100045.2 similarity=0.6758
2026-08-18 11:05:47,889 INFO [IDENTIFY] matched=100045.2 similarity=0.6758
2026-08-18 11:24:45,269 INFO [IDENTIFY] matched=100040.2 similarity=0.6724
2026-08-18 11:26:17,365 INFO [IDENTIFY] matched=100077.2 similarity=0.6811
2026-08-18 11:32:35,675 INFO [IDENTIFY] matched=100012.3 similarity=0.5713
2026-08-18 11:42:15,827 INFO [IDENTIFY] matched=100080.2 similarity=0.7921
2026-08-18 11:47:58,120 INFO [IDENTIFY] matched=100068.2 similarity=0.6361
2026-08-18 11:48:42,511 INFO [IDENTIFY] matched=100070.2 similarity=0.5493
2026-08-18 11:52:37,567 INFO [IDENTIFY] matched=100068.2 similarity=0.5804
2026-08-18 11:57:26,791 INFO [IDENTIFY] matched=100055.2 similarity=0.5362
2026-08-18 12:05:02,494 INFO [IDENTIFY] matched=100027.2 similarity=0.6252
2026-08-18 12:05:05,982 INFO [IDENTIFY] matched=100027.2 similarity=0.6252
2026-08-18 12:17:22,174 INFO [IDENTIFY] matched=100071.2 similarity=0.6926
2026-08-18 12:19:20,114 INFO [IDENTIFY] matched=100075.2 similarity=0.6802
2026-08-18 12:35:40,746 INFO [IDENTIFY] matched=100072.2 similarity=0.7254
2026-08-18 12:36:11,955 INFO [IDENTIFY] matched=100065.2 similarity=0.7389
2026-08-18 12:55:10,989 INFO [IDENTIFY] matched=100076.2 similarity=0.6741
2026-08-18 13:06:56,586 INFO [IDENTIFY] matched=100021.2 similarity=0.5983
2026-08-18 14:03:39,795 INFO [IDENTIFY] matched=100046.2 similarity=0.7807
2026-08-18 14:22:17,483 ERROR [IDENTIFY] rejected: best_match=100039.2 similarity=0.4788 (< 0.50 threshold)
2026-08-18 14:22:49,502 INFO [IDENTIFY] matched=100039.2 similarity=0.5060
2026-08-18 14:28:53,762 ERROR [IDENTIFY] rejected: best_match=100009.3 similarity=0.4776 (< 0.50 threshold)
2026-08-18 14:29:42,143 INFO [IDENTIFY] matched=100009.3 similarity=0.5284
2026-08-18 16:14:06,383 INFO [IDENTIFY] matched=100007.2 similarity=0.5817
2026-08-18 16:14:11,356 INFO [IDENTIFY] matched=100007.2 similarity=0.5817
2026-08-18 16:24:16,035 INFO [IDENTIFY] matched=100046.2 similarity=0.7955
2026-08-18 17:25:24,070 INFO [IDENTIFY] matched=100045.2 similarity=0.6042
2026-08-18 17:25:27,231 INFO [IDENTIFY] matched=100045.2 similarity=0.6042
2026-08-18 17:33:38,537 ERROR [IDENTIFY] rejected: best_match=100064.3 similarity=0.3641 (< 0.50 threshold)
2026-08-18 17:34:05,144 INFO [IDENTIFY] matched=100064.3 similarity=0.5047
2026-08-18 17:34:08,612 INFO [IDENTIFY] matched=100064.3 similarity=0.5047
2026-08-18 17:56:54,004 ERROR [IDENTIFY] rejected: best_match=100085.2 similarity=0.4804 (< 0.50 threshold)
2026-08-18 17:57:39,056 INFO [IDENTIFY] matched=100085.2 similarity=0.6323
2026-08-18 18:00:12,959 INFO [IDENTIFY] matched=100679.1 similarity=0.6008
2026-08-18 18:00:17,956 INFO [IDENTIFY] matched=100679.1 similarity=0.6008
2026-08-18 18:01:16,826 INFO [IDENTIFY] matched=100012.3 similarity=0.6380
2026-08-18 18:07:18,574 INFO [IDENTIFY] matched=100073.3 similarity=0.7158
2026-08-18 18:07:22,216 INFO [IDENTIFY] matched=100073.3 similarity=0.7158
2026-08-18 18:12:54,586 INFO [IDENTIFY] matched=100083.2 similarity=0.5591
2026-08-18 19:01:20,921 INFO [IDENTIFY] matched=100033.2 similarity=0.5972
2026-08-18 19:06:29,044 INFO [IDENTIFY] matched=100040.2 similarity=0.6032
2026-08-18 19:06:33,474 INFO [IDENTIFY] matched=100059.2 similarity=0.7825
2026-08-18 19:07:36,062 INFO [IDENTIFY] matched=100081.2 similarity=0.6149
2026-08-18 19:07:41,493 INFO [IDENTIFY] matched=100081.2 similarity=0.6149
2026-08-18 19:10:57,942 ERROR [IDENTIFY] rejected: no face detected in any of 10 frame(s)
2026-08-18 19:16:29,177 INFO [IDENTIFY] matched=100009.2 similarity=0.7729
2026-08-18 19:17:25,296 INFO [IDENTIFY] matched=100039.2 similarity=0.5319
2026-08-18 19:21:03,030 INFO [IDENTIFY] matched=100001.2 similarity=0.6640
2026-08-18 19:21:08,874 INFO [IDENTIFY] matched=100001.2 similarity=0.6640
2026-08-18 19:24:01,603 ERROR [IDENTIFY] rejected: best_match=100001.2 similarity=0.4970 (< 0.50 threshold)
2026-08-18 19:27:03,164 ERROR [IDENTIFY] rejected: best_match=100037.2 similarity=0.4799 (< 0.50 threshold)
2026-08-18 19:27:51,934 ERROR [IDENTIFY] rejected: no face detected in any of 10 frame(s)
2026-08-18 19:28:44,733 INFO [IDENTIFY] matched=100038.2 similarity=0.8285
2026-08-18 19:29:03,195 ERROR [IDENTIFY] rejected: no face detected in any of 10 frame(s)
2026-08-18 19:30:56,530 INFO [IDENTIFY] matched=100037.2 similarity=0.5148
2026-08-18 19:31:17,073 INFO [IDENTIFY] matched=100125.3 similarity=0.7315
2026-08-18 19:31:27,103 INFO [IDENTIFY] matched=100125.3 similarity=0.7315
2026-08-18 19:40:21,512 INFO [IDENTIFY] matched=100051.2 similarity=0.6769
2026-08-18 19:43:42,594 INFO [IDENTIFY] matched=100010.2 similarity=0.6093
2026-08-18 19:43:52,421 INFO [IDENTIFY] matched=100056.2 similarity=0.6979
2026-08-18 19:45:34,074 INFO [IDENTIFY] matched=100013.2 similarity=0.6269
2026-08-18 19:45:58,782 INFO [IDENTIFY] matched=100018.2 similarity=0.6104
2026-08-18 19:50:58,036 INFO [IDENTIFY] matched=100069.3 similarity=0.6515
2026-08-18 19:51:08,842 INFO [IDENTIFY] matched=100069.3 similarity=0.6515
2026-08-18 20:02:53,951 INFO [IDENTIFY] matched=100082.2 similarity=0.5684
2026-08-18 20:03:03,166 INFO [IDENTIFY] matched=100082.2 similarity=0.5684
2026-08-18 20:03:50,470 INFO [IDENTIFY] matched=100084.2 similarity=0.6098
2026-08-18 20:03:58,450 INFO [IDENTIFY] matched=100084.2 similarity=0.6098
2026-08-18 20:05:11,012 INFO [IDENTIFY] matched=100021.2 similarity=0.5950
2026-08-18 20:08:43,093 INFO [IDENTIFY] matched=100015.2 similarity=0.6026
2026-08-18 20:08:56,315 INFO [IDENTIFY] matched=100022.2 similarity=0.6742
2026-08-18 20:09:02,660 ERROR [IDENTIFY] rejected: best_match=100055.2 similarity=0.4714 (< 0.50 threshold)
2026-08-18 20:09:47,354 INFO [IDENTIFY] matched=100055.2 similarity=0.5836
2026-08-18 20:11:19,808 INFO [IDENTIFY] matched=100045.2 similarity=0.7615
2026-08-18 20:11:22,730 INFO [IDENTIFY] matched=100045.2 similarity=0.7615
2026-08-18 20:12:24,252 INFO [IDENTIFY] matched=100023.2 similarity=0.5223
2026-08-18 20:12:28,164 INFO [IDENTIFY] matched=100023.2 similarity=0.5223
2026-08-18 20:14:35,637 INFO [IDENTIFY] matched=100080.2 similarity=0.7241
2026-08-18 20:31:42,561 INFO [IDENTIFY] matched=100077.2 similarity=0.6756
2026-08-18 20:50:53,705 INFO [IDENTIFY] matched=100097.3 similarity=0.6572
2026-08-18 21:10:52,152 ERROR [IDENTIFY] rejected: best_match=100071.3 similarity=0.4256 (< 0.50 threshold)
2026-08-18 21:11:06,057 ERROR [IDENTIFY] rejected: best_match=100071.3 similarity=0.4443 (< 0.50 threshold)
2026-08-18 21:19:36,942 INFO [IDENTIFY] matched=100088.3 similarity=0.5703
2026-08-18 21:19:41,054 INFO [IDENTIFY] matched=100088.3 similarity=0.5703
2026-08-18 21:40:59,532 ERROR [IDENTIFY] rejected: best_match=100003.2 similarity=0.4697 (< 0.50 threshold)
2026-08-18 21:41:41,783 INFO [IDENTIFY] matched=100003.2 similarity=0.5456
2026-08-18 21:58:47,666 INFO [IDENTIFY] matched=100071.2 similarity=0.7849
2026-08-18 22:15:24,429 INFO [IDENTIFY] matched=100070.2 similarity=0.7373
2026-08-18 22:15:59,011 INFO [IDENTIFY] matched=100004.2 similarity=0.7455
2026-08-18 22:39:59,633 INFO [IDENTIFY] matched=100078.3 similarity=0.7756
2026-08-18 23:02:27,406 INFO [IDENTIFY] matched=100067.2 similarity=0.6929
2026-08-18 23:02:32,749 INFO [IDENTIFY] matched=100067.2 similarity=0.6929
2026-08-18 23:04:20,781 INFO [IDENTIFY] matched=100067.2 similarity=0.6285
2026-08-18 23:04:38,013 INFO [IDENTIFY] matched=100067.2 similarity=0.7426
2026-08-18 23:04:43,059 INFO [IDENTIFY] matched=100067.2 similarity=0.7426
2026-08-18 23:08:37,431 INFO [IDENTIFY] matched=100067.2 similarity=0.7220
2026-08-18 23:08:41,365 INFO [IDENTIFY] matched=100067.2 similarity=0.7220
2026-08-18 23:10:30,384 ERROR [IDENTIFY] rejected: best_match=100023.2 similarity=0.4203 (< 0.50 threshold)
2026-08-18 23:12:16,520 ERROR [IDENTIFY] rejected: best_match=100023.2 similarity=0.4775 (< 0.50 threshold)
2026-08-19 06:00:58,809 INFO [IDENTIFY] matched=100084.2 similarity=0.7329
2026-08-19 06:01:09,057 INFO [IDENTIFY] matched=100084.2 similarity=0.7329
2026-08-19 06:42:38,152 INFO [IDENTIFY] matched=100009.3 similarity=0.6327
2026-08-19 07:01:08,457 INFO [IDENTIFY] matched=100652.1 similarity=0.6798
2026-08-19 07:01:12,081 INFO [IDENTIFY] matched=100652.1 similarity=0.6798
2026-08-19 07:01:30,582 INFO [IDENTIFY] matched=100652.1 similarity=0.6974
2026-08-19 07:01:33,682 INFO [IDENTIFY] matched=100652.1 similarity=0.6974
2026-08-19 07:05:34,823 INFO [IDENTIFY] matched=100073.3 similarity=0.6792
2026-08-19 07:05:38,602 INFO [IDENTIFY] matched=100073.3 similarity=0.6792
2026-08-19 07:29:24,215 ERROR [IDENTIFY] rejected: best_match=100076.3 similarity=0.4691 (< 0.50 threshold)
2026-08-19 07:29:45,428 INFO [IDENTIFY] matched=100076.3 similarity=0.7024
2026-08-19 07:46:37,344 INFO [IDENTIFY] matched=100088.3 similarity=0.5473
2026-08-19 07:46:40,083 INFO [IDENTIFY] matched=100088.3 similarity=0.5473
2026-08-19 08:01:43,929 INFO [IDENTIFY] matched=100069.3 similarity=0.6384
2026-08-19 08:01:48,246 INFO [IDENTIFY] matched=100069.3 similarity=0.6384
2026-08-19 08:02:07,040 INFO [IDENTIFY] matched=100082.2 similarity=0.5386
2026-08-19 08:02:11,524 INFO [IDENTIFY] matched=100082.2 similarity=0.5386
2026-08-19 08:06:23,225 INFO [IDENTIFY] matched=100072.3 similarity=0.6704
2026-08-19 08:06:26,347 INFO [IDENTIFY] matched=100072.3 similarity=0.6704
2026-08-19 08:46:06,892 INFO [IDENTIFY] matched=100079.3 similarity=0.5159
2026-08-19 08:46:10,624 INFO [IDENTIFY] matched=100079.3 similarity=0.5159
2026-08-19 08:52:35,222 INFO [IDENTIFY] matched=100085.2 similarity=0.6635
2026-08-19 08:52:40,833 INFO [IDENTIFY] matched=100085.2 similarity=0.6635
2026-08-19 08:53:00,423 INFO [IDENTIFY] matched=100081.2 similarity=0.7039
2026-08-19 08:53:06,373 INFO [IDENTIFY] matched=100081.2 similarity=0.7039
2026-08-19 08:54:07,341 INFO [IDENTIFY] matched=100086.2 similarity=0.7624
2026-08-19 08:54:13,307 INFO [IDENTIFY] matched=100086.2 similarity=0.7624
2026-08-19 08:54:41,943 INFO [IDENTIFY] matched=100023.2 similarity=0.5532
2026-08-19 08:54:46,042 INFO [IDENTIFY] matched=100023.2 similarity=0.5532
2026-08-19 08:56:17,760 INFO [IDENTIFY] matched=100004.2 similarity=0.7244
2026-08-19 08:56:22,666 INFO [IDENTIFY] matched=100004.2 similarity=0.7244
2026-08-19 09:01:31,038 INFO [IDENTIFY] matched=100001.3 similarity=0.6338
2026-08-19 09:02:25,047 ERROR [IDENTIFY] rejected: no face detected in any of 10 frame(s)
2026-08-19 09:02:50,879 INFO [IDENTIFY] matched=100006.2 similarity=0.6597
2026-08-19 09:02:53,935 INFO [IDENTIFY] matched=100006.2 similarity=0.6597
2026-08-19 09:06:08,668 INFO [IDENTIFY] matched=100097.3 similarity=0.6018
2026-08-19 09:09:46,660 INFO [IDENTIFY] matched=100083.2 similarity=0.5552
2026-08-19 09:12:39,300 INFO [IDENTIFY] matched=100067.2 similarity=0.7411
2026-08-19 09:12:43,386 INFO [IDENTIFY] matched=100067.2 similarity=0.7411
2026-08-19 09:13:56,694 INFO [IDENTIFY] matched=100061.3 similarity=0.5480
2026-08-19 09:13:59,238 INFO [IDENTIFY] matched=100061.3 similarity=0.5480
2026-08-19 09:15:54,954 INFO [IDENTIFY] matched=100679.1 similarity=0.5330
2026-08-19 09:15:58,478 INFO [IDENTIFY] matched=100679.1 similarity=0.5330
2026-08-19 09:17:19,651 INFO [IDENTIFY] matched=100013.3 similarity=0.6361
2026-08-19 09:18:43,821 INFO [IDENTIFY] matched=100046.3 similarity=0.6830
2026-08-19 09:28:26,507 ERROR [IDENTIFY] rejected: no face detected in any of 10 frame(s)
2026-08-19 09:28:49,627 ERROR [IDENTIFY] rejected: no face detected in any of 10 frame(s)
2026-08-19 09:29:14,039 INFO [IDENTIFY] matched=100066.3 similarity=0.6654
2026-08-19 09:29:16,948 INFO [IDENTIFY] matched=100066.3 similarity=0.6654
2026-08-19 09:29:47,207 INFO [IDENTIFY] matched=100062.3 similarity=0.5712
2026-08-19 09:29:49,705 INFO [IDENTIFY] matched=100062.3 similarity=0.5712
2026-08-19 09:44:24,197 ERROR [IDENTIFY] rejected: no face detected in any of 10 frame(s)
2026-08-19 09:44:39,848 INFO [IDENTIFY] matched=100125.3 similarity=0.6545
2026-08-19 09:44:43,861 INFO [IDENTIFY] matched=100125.3 similarity=0.6545
2026-08-19 09:45:36,370 INFO [IDENTIFY] matched=100124.3 similarity=0.6395
2026-08-19 09:45:42,706 INFO [IDENTIFY] matched=100124.3 similarity=0.6395
2026-08-19 09:46:35,710 INFO [IDENTIFY] matched=100124.3 similarity=0.6682
2026-08-19 09:46:38,749 INFO [IDENTIFY] matched=100124.3 similarity=0.6682
2026-08-19 09:46:54,523 INFO [IDENTIFY] matched=100039.3 similarity=0.6603
2026-08-19 09:46:57,267 INFO [IDENTIFY] matched=100039.3 similarity=0.6603
2026-08-19 09:47:10,406 INFO [IDENTIFY] matched=100041.3 similarity=0.6124
2026-08-19 09:47:12,931 INFO [IDENTIFY] matched=100041.3 similarity=0.6124
2026-08-19 09:47:55,589 ERROR [IDENTIFY] rejected: no face detected in any of 10 frame(s)
2026-08-19 09:48:09,928 ERROR [IDENTIFY] rejected: no face detected in any of 10 frame(s)
2026-08-19 09:52:21,409 INFO [IDENTIFY] matched=100033.2 similarity=0.5161
2026-08-19 10:07:38,361 INFO [IDENTIFY] matched=100059.2 similarity=0.6023
2026-08-19 10:08:19,067 INFO [IDENTIFY] matched=100038.2 similarity=0.8355
2026-08-19 10:09:45,002 INFO [IDENTIFY] matched=100002.3 similarity=0.5921
2026-08-19 10:12:03,676 INFO [IDENTIFY] matched=100001.2 similarity=0.6060
2026-08-19 10:12:06,328 INFO [IDENTIFY] matched=100001.2 similarity=0.6060
2026-08-19 10:18:24,692 INFO [IDENTIFY] matched=100024.2 similarity=0.7275
2026-08-19 10:20:32,236 INFO [IDENTIFY] matched=100064.2 similarity=0.6230
2026-08-19 10:21:04,902 INFO [IDENTIFY] matched=100028.2 similarity=0.6137
2026-08-19 10:22:33,821 INFO [IDENTIFY] matched=100057.2 similarity=0.7974
2026-08-19 10:22:36,499 INFO [IDENTIFY] matched=100057.2 similarity=0.7974
2026-08-19 10:23:02,701 INFO [IDENTIFY] matched=100030.2 similarity=0.7284
2026-08-19 10:32:46,051 INFO [IDENTIFY] matched=100008.3 similarity=0.6375
2026-08-19 10:35:08,042 INFO [IDENTIFY] matched=100009.2 similarity=0.6590
2026-08-19 10:36:42,375 INFO [IDENTIFY] matched=100011.2 similarity=0.6836
2026-08-19 10:39:26,923 INFO [IDENTIFY] matched=100005.3 similarity=0.6596
2026-08-19 10:50:06,442 INFO [IDENTIFY] matched=100017.3 similarity=0.6459
2026-08-19 10:50:16,702 INFO [IDENTIFY] matched=100012.3 similarity=0.7036
2026-08-19 10:53:51,379 INFO [IDENTIFY] matched=100045.2 similarity=0.6344
2026-08-19 10:53:53,811 INFO [IDENTIFY] matched=100045.2 similarity=0.6344
2026-08-19 10:58:02,363 INFO [IDENTIFY] matched=100051.2 similarity=0.6323
2026-08-19 11:13:14,456 INFO [IDENTIFY] matched=100040.2 similarity=0.6704
2026-08-19 11:22:53,200 INFO [IDENTIFY] matched=100018.2 similarity=0.6700
2026-08-19 11:34:47,850 INFO [IDENTIFY] matched=100080.2 similarity=0.7518
2026-08-19 11:37:50,125 INFO [IDENTIFY] matched=100077.2 similarity=0.7649
2026-08-19 11:56:58,234 INFO [IDENTIFY] matched=100022.2 similarity=0.7214
2026-08-19 11:57:00,474 INFO [IDENTIFY] matched=100070.2 similarity=0.7538
2026-08-19 12:01:19,624 INFO [IDENTIFY] matched=100021.2 similarity=0.6635
2026-08-19 12:02:07,099 INFO [IDENTIFY] matched=100071.2 similarity=0.7312
2026-08-19 12:12:32,333 INFO [IDENTIFY] matched=100069.2 similarity=0.6570
2026-08-19 12:20:41,209 ERROR [IDENTIFY] rejected: best_match=100013.2 similarity=0.4737 (< 0.50 threshold)
2026-08-19 12:21:05,602 ERROR [IDENTIFY] rejected: best_match=100013.2 similarity=0.4592 (< 0.50 threshold)
2026-08-19 12:21:28,833 INFO [IDENTIFY] matched=100013.2 similarity=0.5397
2026-08-19 12:22:23,651 INFO [IDENTIFY] matched=100068.2 similarity=0.6073
2026-08-19 12:22:26,501 INFO [IDENTIFY] matched=100068.2 similarity=0.6073
2026-08-19 12:22:53,558 INFO [IDENTIFY] matched=100068.2 similarity=0.6188
2026-08-19 12:22:56,506 INFO [IDENTIFY] matched=100068.2 similarity=0.6188
2026-08-19 14:56:39,726 INFO [IDENTIFY] matched=100039.2 similarity=0.6831
2026-08-19 15:27:18,793 INFO [IDENTIFY] matched=100046.2 similarity=0.6525
2026-08-19 15:27:41,315 ERROR [IDENTIFY] rejected: best_match=100047.2 similarity=0.4794 (< 0.50 threshold)
2026-08-19 15:27:53,438 INFO [IDENTIFY] matched=100016.2 similarity=0.7231
2026-08-19 15:27:57,826 INFO [IDENTIFY] matched=100016.2 similarity=0.7231
2026-08-19 16:48:19,078 INFO [IDENTIFY] matched=100008.3 similarity=0.6094
2026-08-19 16:56:47,765 INFO [IDENTIFY] matched=100001.3 similarity=0.5630
2026-08-19 17:01:09,089 INFO [IDENTIFY] matched=100125.3 similarity=0.5525
2026-08-19 17:01:12,876 INFO [IDENTIFY] matched=100125.3 similarity=0.5525
2026-08-19 17:34:05,964 INFO [IDENTIFY] matched=100064.3 similarity=0.5991
2026-08-19 17:34:09,392 INFO [IDENTIFY] matched=100064.3 similarity=0.5991
2026-08-19 17:59:09,810 INFO [IDENTIFY] matched=100086.2 similarity=0.6567
2026-08-19 17:59:14,110 INFO [IDENTIFY] matched=100086.2 similarity=0.6567
2026-08-19 17:59:33,561 INFO [IDENTIFY] matched=100085.2 similarity=0.7893
2026-08-19 17:59:37,243 INFO [IDENTIFY] matched=100085.2 similarity=0.7893
2026-08-19 17:59:52,549 INFO [IDENTIFY] matched=100679.1 similarity=0.6007
2026-08-19 17:59:57,847 INFO [IDENTIFY] matched=100679.1 similarity=0.6007
2026-08-19 18:04:32,766 INFO [IDENTIFY] matched=100083.2 similarity=0.5868
2026-08-19 18:22:20,657 ERROR [IDENTIFY] rejected: no face detected in any of 10 frame(s)
2026-08-19 18:22:37,864 INFO [IDENTIFY] matched=100073.3 similarity=0.6088
2026-08-19 18:22:41,790 INFO [IDENTIFY] matched=100073.3 similarity=0.6088
2026-08-19 18:49:19,138 INFO [IDENTIFY] matched=100002.3 similarity=0.5503
2026-08-19 19:03:29,000 INFO [IDENTIFY] matched=100013.2 similarity=0.5082
2026-08-19 19:03:38,343 INFO [IDENTIFY] matched=100030.2 similarity=0.6951
2026-08-19 19:04:57,286 INFO [IDENTIFY] matched=100057.2 similarity=0.6843
2026-08-19 19:05:00,461 INFO [IDENTIFY] matched=100057.2 similarity=0.6843
2026-08-19 19:05:23,354 INFO [IDENTIFY] matched=100057.2 similarity=0.7301
2026-08-19 19:05:26,760 INFO [IDENTIFY] matched=100057.2 similarity=0.7301
2026-08-19 19:05:44,445 ERROR [IDENTIFY] rejected: no face detected in any of 10 frame(s)
2026-08-19 19:07:25,569 INFO [IDENTIFY] matched=100056.2 similarity=0.6339
2026-08-19 19:08:01,307 INFO [IDENTIFY] matched=100056.2 similarity=0.6539
2026-08-19 19:08:28,809 INFO [IDENTIFY] matched=100038.2 similarity=0.8643
2026-08-19 19:11:43,554 INFO [IDENTIFY] matched=100012.3 similarity=0.5562
2026-08-19 19:12:51,253 INFO [IDENTIFY] matched=100046.2 similarity=0.6621
2026-08-19 19:13:39,992 ERROR [IDENTIFY] rejected: no face detected in any of 10 frame(s)
2026-08-19 19:14:10,857 ERROR [IDENTIFY] rejected: no face detected in any of 10 frame(s)
2026-08-19 19:15:03,426 ERROR [IDENTIFY] rejected: best_match=100001.2 similarity=0.4179 (< 0.50 threshold)
2026-08-19 19:17:02,893 INFO [IDENTIFY] matched=100040.2 similarity=0.6588
2026-08-19 19:17:06,558 INFO [IDENTIFY] matched=100040.2 similarity=0.6588
2026-08-19 19:17:29,030 INFO [IDENTIFY] matched=100040.2 similarity=0.7749
2026-08-19 19:18:11,260 INFO [IDENTIFY] matched=100037.2 similarity=0.5597
2026-08-19 19:20:22,786 INFO [IDENTIFY] matched=100059.2 similarity=0.7255
2026-08-19 19:22:26,510 INFO [IDENTIFY] matched=100081.2 similarity=0.5887
2026-08-19 19:22:30,489 INFO [IDENTIFY] matched=100081.2 similarity=0.5887
2026-08-19 19:33:36,955 INFO [IDENTIFY] matched=100051.2 similarity=0.6361
2026-08-19 19:34:58,499 INFO [IDENTIFY] matched=100009.2 similarity=0.7632
2026-08-19 19:44:15,196 INFO [IDENTIFY] matched=100069.3 similarity=0.6603
2026-08-19 19:44:18,957 INFO [IDENTIFY] matched=100069.3 similarity=0.6603
2026-08-19 19:52:52,633 ERROR [IDENTIFY] rejected: best_match=100071.3 similarity=0.4924 (< 0.50 threshold)
2026-08-19 20:00:22,701 INFO [IDENTIFY] matched=100018.2 similarity=0.7553
2026-08-19 20:08:36,062 INFO [IDENTIFY] matched=100082.2 similarity=0.6174
2026-08-19 20:08:42,616 INFO [IDENTIFY] matched=100082.2 similarity=0.6174
2026-08-19 20:09:02,560 INFO [IDENTIFY] matched=100084.2 similarity=0.5361
2026-08-19 20:09:08,788 INFO [IDENTIFY] matched=100084.2 similarity=0.5361
2026-08-19 20:11:21,706 INFO [IDENTIFY] matched=100045.2 similarity=0.7004
2026-08-19 20:11:24,958 INFO [IDENTIFY] matched=100045.2 similarity=0.7004
2026-08-19 20:27:05,558 INFO [IDENTIFY] matched=100022.2 similarity=0.6258
2026-08-19 20:31:39,556 INFO [IDENTIFY] matched=100077.2 similarity=0.7169
2026-08-19 20:47:54,382 ERROR [IDENTIFY] rejected: best_match=100097.3 similarity=0.4813 (< 0.50 threshold)
2026-08-19 20:48:31,632 INFO [IDENTIFY] matched=100097.3 similarity=0.6190
2026-08-19 21:05:22,113 INFO [IDENTIFY] matched=100023.2 similarity=0.5226
2026-08-19 21:05:26,756 INFO [IDENTIFY] matched=100023.2 similarity=0.5226
2026-08-19 21:07:30,940 INFO [IDENTIFY] matched=100004.2 similarity=0.5993
2026-08-19 21:07:35,797 INFO [IDENTIFY] matched=100004.2 similarity=0.5993
2026-08-19 21:15:45,136 INFO [IDENTIFY] matched=100088.3 similarity=0.6618
2026-08-19 21:15:48,167 INFO [IDENTIFY] matched=100088.3 similarity=0.6618
2026-08-19 21:18:01,304 INFO [IDENTIFY] matched=100039.2 similarity=0.6204
2026-08-19 21:38:22,305 INFO [IDENTIFY] matched=100011.2 similarity=0.6359
2026-08-19 22:02:46,026 INFO [IDENTIFY] matched=100071.2 similarity=0.7405
2026-08-19 22:02:54,217 INFO [IDENTIFY] matched=100070.2 similarity=0.7674
2026-08-19 22:02:58,167 INFO [IDENTIFY] matched=100070.2 similarity=0.7674
2026-08-19 22:03:17,958 INFO [IDENTIFY] matched=100070.2 similarity=0.7682
2026-08-19 22:03:22,454 INFO [IDENTIFY] matched=100070.2 similarity=0.7682
2026-08-19 22:03:53,360 INFO [IDENTIFY] matched=100070.2 similarity=0.7808
2026-08-19 22:03:56,719 INFO [IDENTIFY] matched=100070.2 similarity=0.7808
2026-08-19 22:05:16,032 INFO [IDENTIFY] matched=100070.2 similarity=0.7500
2026-08-19 22:05:19,565 INFO [IDENTIFY] matched=100070.2 similarity=0.7500
2026-08-19 22:16:49,318 INFO [IDENTIFY] matched=100058.2 similarity=0.7451
2026-08-19 22:16:52,647 INFO [IDENTIFY] matched=100058.2 similarity=0.7451
2026-08-19 22:17:10,781 INFO [IDENTIFY] matched=100067.2 similarity=0.6758
2026-08-19 22:17:19,975 INFO [IDENTIFY] matched=100067.2 similarity=0.6758
2026-08-19 23:19:55,435 INFO [IDENTIFY] matched=100021.2 similarity=0.6202
2026-08-19 23:23:33,363 INFO [IDENTIFY] matched=100652.1 similarity=0.6549
2026-08-19 23:23:36,602 INFO [IDENTIFY] matched=100652.1 similarity=0.6549
2026-08-19 23:43:25,692 ERROR [IDENTIFY] rejected: no face detected in any of 10 frame(s)
2026-08-19 23:45:26,483 ERROR [IDENTIFY] rejected: no face detected in any of 10 frame(s)
2026-08-20 05:56:44,859 INFO [IDENTIFY] matched=100064.3 similarity=0.5090
2026-08-20 05:56:53,662 INFO [IDENTIFY] matched=100064.3 similarity=0.5090
2026-08-20 05:57:07,008 ERROR [IDENTIFY] rejected: best_match=100064.3 similarity=0.4848 (< 0.50 threshold)
2026-08-20 06:33:58,386 INFO [IDENTIFY] matched=100009.3 similarity=0.5910
2026-08-20 07:21:52,655 INFO [IDENTIFY] matched=100073.3 similarity=0.6538
2026-08-20 07:21:55,703 INFO [IDENTIFY] matched=100073.3 similarity=0.6538
2026-08-20 07:44:23,000 INFO [IDENTIFY] matched=100652.1 similarity=0.6032
2026-08-20 07:44:26,281 INFO [IDENTIFY] matched=100652.1 similarity=0.6032
2026-08-20 07:48:36,685 INFO [IDENTIFY] matched=100069.3 similarity=0.5811
2026-08-20 07:48:39,169 INFO [IDENTIFY] matched=100069.3 similarity=0.5811
2026-08-20 07:58:16,217 INFO [IDENTIFY] matched=100063.3 similarity=0.7750
2026-08-20 07:58:23,480 INFO [IDENTIFY] matched=100063.3 similarity=0.7750
2026-08-20 08:20:56,269 ERROR [IDENTIFY] rejected: no face detected in any of 10 frame(s)
2026-08-20 08:21:26,976 ERROR [IDENTIFY] rejected: best_match=100088.3 similarity=0.4267 (< 0.50 threshold)
2026-08-20 08:21:44,738 ERROR [IDENTIFY] rejected: best_match=100088.3 similarity=0.4262 (< 0.50 threshold)
2026-08-20 08:22:01,605 ERROR [IDENTIFY] rejected: best_match=100088.3 similarity=0.4245 (< 0.50 threshold)
2026-08-20 08:22:14,683 ERROR [IDENTIFY] rejected: best_match=100088.3 similarity=0.4798 (< 0.50 threshold)
2026-08-20 08:22:53,301 ERROR [IDENTIFY] rejected: best_match=100088.3 similarity=0.4379 (< 0.50 threshold)
2026-08-20 08:23:24,137 INFO [IDENTIFY] matched=100088.3 similarity=0.6375
2026-08-20 08:23:26,778 INFO [IDENTIFY] matched=100088.3 similarity=0.6375
2026-08-20 08:25:22,772 ERROR [IDENTIFY] rejected: best_match=100126.3 similarity=0.4661 (< 0.50 threshold)
2026-08-20 08:25:37,775 INFO [IDENTIFY] matched=100126.3 similarity=0.5014
2026-08-20 08:25:41,855 INFO [IDENTIFY] matched=100126.3 similarity=0.5014
2026-08-20 08:27:52,340 INFO [IDENTIFY] matched=100076.3 similarity=0.5780
2026-08-20 08:31:42,693 INFO [IDENTIFY] matched=100061.3 similarity=0.5377
2026-08-20 08:31:45,668 INFO [IDENTIFY] matched=100061.3 similarity=0.5377
2026-08-20 08:36:08,343 INFO [IDENTIFY] matched=100082.2 similarity=0.5385
2026-08-20 08:36:19,079 INFO [IDENTIFY] matched=100082.2 similarity=0.5385
2026-08-20 08:46:33,199 INFO [IDENTIFY] matched=100084.2 similarity=0.5494
2026-08-20 08:46:38,456 INFO [IDENTIFY] matched=100084.2 similarity=0.5494
2026-08-20 08:49:54,860 INFO [IDENTIFY] matched=100079.3 similarity=0.5159
2026-08-20 08:49:58,382 INFO [IDENTIFY] matched=100079.3 similarity=0.5159
2026-08-20 09:01:26,098 INFO [IDENTIFY] matched=100083.2 similarity=0.5137
2026-08-20 09:03:01,385 INFO [IDENTIFY] matched=100001.3 similarity=0.6165
2026-08-20 09:03:30,047 INFO [IDENTIFY] matched=100085.2 similarity=0.5993
2026-08-20 09:03:33,768 INFO [IDENTIFY] matched=100085.2 similarity=0.5993
2026-08-20 09:03:57,999 INFO [IDENTIFY] matched=100081.2 similarity=0.6043
2026-08-20 09:04:05,556 INFO [IDENTIFY] matched=100081.2 similarity=0.6043
2026-08-20 09:05:54,819 INFO [IDENTIFY] matched=100004.2 similarity=0.5202
2026-08-20 09:05:58,715 INFO [IDENTIFY] matched=100004.2 similarity=0.5202
2026-08-20 09:06:59,479 INFO [IDENTIFY] matched=100086.2 similarity=0.7188
2026-08-20 09:07:03,709 INFO [IDENTIFY] matched=100086.2 similarity=0.7188
2026-08-20 09:07:29,336 INFO [IDENTIFY] matched=100097.3 similarity=0.6332
2026-08-20 09:07:30,844 INFO [IDENTIFY] matched=100679.1 similarity=0.5428
2026-08-20 09:07:36,240 INFO [IDENTIFY] matched=100679.1 similarity=0.5428
2026-08-20 09:07:56,212 INFO [IDENTIFY] matched=100023.2 similarity=0.5102
2026-08-20 09:07:59,622 INFO [IDENTIFY] matched=100023.2 similarity=0.5102
2026-08-20 09:08:14,516 INFO [IDENTIFY] matched=100067.2 similarity=0.5442
2026-08-20 09:08:18,627 INFO [IDENTIFY] matched=100067.2 similarity=0.5442
2026-08-20 09:08:38,932 INFO [IDENTIFY] matched=100067.2 similarity=0.6820
2026-08-20 09:08:43,664 INFO [IDENTIFY] matched=100067.2 similarity=0.6820
2026-08-20 09:09:14,650 INFO [IDENTIFY] matched=100006.2 similarity=0.6756
2026-08-20 09:09:17,742 INFO [IDENTIFY] matched=100006.2 similarity=0.6756
2026-08-20 09:20:59,260 INFO [IDENTIFY] matched=100046.3 similarity=0.6537
2026-08-20 09:36:36,555 INFO [IDENTIFY] matched=100002.3 similarity=0.6452
2026-08-20 09:39:05,507 INFO [IDENTIFY] matched=100012.3 similarity=0.6104
2026-08-20 09:39:29,253 INFO [IDENTIFY] matched=100005.3 similarity=0.7531
2026-08-20 09:50:09,440 INFO [IDENTIFY] matched=100033.2 similarity=0.5750
2026-08-20 09:52:46,938 INFO [IDENTIFY] matched=100125.3 similarity=0.6200
2026-08-20 09:52:50,994 INFO [IDENTIFY] matched=100125.3 similarity=0.6200
2026-08-20 09:56:32,638 INFO [IDENTIFY] matched=100065.3 similarity=0.6479
2026-08-20 09:56:35,442 INFO [IDENTIFY] matched=100065.3 similarity=0.6479
2026-08-20 09:56:49,520 INFO [IDENTIFY] matched=100070.3 similarity=0.5865
2026-08-20 09:56:52,198 INFO [IDENTIFY] matched=100070.3 similarity=0.5865
2026-08-20 09:59:04,864 INFO [IDENTIFY] matched=100124.3 similarity=0.6396
2026-08-20 09:59:10,649 INFO [IDENTIFY] matched=100124.3 similarity=0.6396
2026-08-20 10:01:09,026 INFO [IDENTIFY] matched=100059.2 similarity=0.5840
2026-08-20 10:01:56,706 INFO [IDENTIFY] matched=100028.2 similarity=0.5887
2026-08-20 10:01:58,924 INFO [IDENTIFY] matched=100009.2 similarity=0.6404
2026-08-20 10:04:32,484 INFO [IDENTIFY] matched=100001.2 similarity=0.6663
2026-08-20 10:04:34,769 INFO [IDENTIFY] matched=100001.2 similarity=0.6663
2026-08-20 10:05:28,109 INFO [IDENTIFY] matched=100015.3 similarity=0.6141
2026-08-20 10:06:39,270 INFO [IDENTIFY] matched=100008.3 similarity=0.7102
2026-08-20 10:08:51,881 INFO [IDENTIFY] matched=100038.2 similarity=0.8549
2026-08-20 10:10:04,769 INFO [IDENTIFY] matched=100040.2 similarity=0.5555
2026-08-20 10:13:24,785 INFO [IDENTIFY] matched=100035.2 similarity=0.5916
2026-08-20 10:16:07,872 INFO [IDENTIFY] matched=100003.2 similarity=0.6694
2026-08-20 10:32:16,953 INFO [IDENTIFY] matched=100057.2 similarity=0.7811
2026-08-20 10:32:19,412 INFO [IDENTIFY] matched=100057.2 similarity=0.7811
2026-08-20 10:34:47,177 INFO [IDENTIFY] matched=100030.2 similarity=0.7356
2026-08-20 10:38:22,135 INFO [IDENTIFY] matched=100011.2 similarity=0.6397
2026-08-20 10:46:15,885 INFO [IDENTIFY] matched=100051.2 similarity=0.6410
2026-08-20 11:04:12,493 INFO [FAISS] Loaded 185 embeddings
2026-08-20 11:05:59,688 INFO [IDENTIFY] matched=100010.2 similarity=0.5375
2026-08-20 11:06:05,396 INFO [IDENTIFY] matched=100010.2 similarity=0.5375
2026-08-20 11:06:11,753 INFO [IDENTIFY] matched=100018.2 similarity=0.5123
2026-08-20 11:06:31,281 INFO [IDENTIFY] matched=100010.2 similarity=0.6661
2026-08-20 11:06:35,064 INFO [IDENTIFY] matched=100010.2 similarity=0.6661
2026-08-20 11:07:01,046 INFO [IDENTIFY] matched=100010.2 similarity=0.6450
2026-08-20 11:07:05,790 INFO [IDENTIFY] matched=100010.2 similarity=0.6450
2026-08-20 11:10:46,605 INFO [IDENTIFY] matched=100080.2 similarity=0.7659
2026-08-20 11:13:31,549 INFO [IDENTIFY] matched=100017.3 similarity=0.7239
2026-08-20 11:36:17,736 INFO [IDENTIFY] matched=100013.2 similarity=0.5152
2026-08-20 11:43:35,245 INFO [IDENTIFY] matched=100077.2 similarity=0.7104
2026-08-20 11:52:42,032 INFO [IDENTIFY] matched=100070.2 similarity=0.7271
2026-08-20 11:52:45,830 INFO [IDENTIFY] matched=100070.2 similarity=0.7271
2026-08-20 11:53:08,779 INFO [IDENTIFY] matched=100070.2 similarity=0.7447
2026-08-20 11:53:11,744 INFO [IDENTIFY] matched=100070.2 similarity=0.7447
2026-08-20 11:53:16,806 INFO [IDENTIFY] matched=100068.2 similarity=0.6048
2026-08-20 11:53:21,656 INFO [IDENTIFY] matched=100068.2 similarity=0.6048
2026-08-20 11:53:34,017 ERROR [IDENTIFY] rejected: no face detected in any of 10 frame(s)
2026-08-20 12:09:18,799 INFO [IDENTIFY] matched=100069.2 similarity=0.6011
2026-08-20 12:09:25,170 INFO [IDENTIFY] matched=100069.2 similarity=0.6011
2026-08-20 12:10:27,193 ERROR [IDENTIFY] rejected: best_match=100070.2 similarity=0.4844 (< 0.50 threshold)
2026-08-20 12:10:59,912 INFO [IDENTIFY] matched=100065.2 similarity=0.6246
2026-08-20 12:11:04,502 INFO [IDENTIFY] matched=100065.2 similarity=0.6246
2026-08-20 12:11:38,435 ERROR [IDENTIFY] rejected: best_match=100069.2 similarity=0.4778 (< 0.50 threshold)
2026-08-20 12:12:18,976 INFO [IDENTIFY] matched=100070.2 similarity=0.6488
2026-08-20 12:12:22,302 INFO [IDENTIFY] matched=100070.2 similarity=0.6488
2026-08-20 12:17:19,820 INFO [IDENTIFY] matched=100045.2 similarity=0.6992
2026-08-20 12:17:23,156 INFO [IDENTIFY] matched=100045.2 similarity=0.6992
2026-08-20 12:18:28,074 INFO [IDENTIFY] matched=100071.2 similarity=0.8054
2026-08-20 12:54:05,531 INFO [FAISS] Loaded 185 embeddings
2026-08-20 14:30:27,836 INFO [FAISS] Loaded 185 embeddings
2026-08-20 15:02:24,891 INFO [IDENTIFY] matched=100039.2 similarity=0.5620
2026-08-20 16:06:29,544 INFO [IDENTIFY] matched=100008.3 similarity=0.6136
2026-08-20 16:20:25,750 INFO [IDENTIFY] matched=100009.3 similarity=0.5711
2026-08-20 16:51:18,642 INFO [IDENTIFY] matched=100046.2 similarity=0.7842
2026-08-20 17:30:07,540 INFO [FAISS] Loaded 185 embeddings
2026-08-20 17:42:51,849 INFO [IDENTIFY] matched=100064.3 similarity=0.5876
2026-08-20 17:42:58,483 INFO [IDENTIFY] matched=100064.3 similarity=0.5876
2026-08-20 17:43:40,542 INFO [IDENTIFY] matched=100064.3 similarity=0.5046
2026-08-20 17:43:43,810 INFO [IDENTIFY] matched=100064.3 similarity=0.5046
2026-08-20 17:56:44,014 INFO [IDENTIFY] matched=100085.2 similarity=0.5984
2026-08-20 17:56:47,712 INFO [IDENTIFY] matched=100085.2 similarity=0.5984
2026-08-20 18:02:11,598 INFO [IDENTIFY] matched=100679.1 similarity=0.5578
2026-08-20 18:02:28,869 INFO [IDENTIFY] matched=100679.1 similarity=0.5578
2026-08-20 18:03:08,337 INFO [IDENTIFY] matched=100086.2 similarity=0.7016
2026-08-20 18:03:13,223 INFO [IDENTIFY] matched=100086.2 similarity=0.7016
2026-08-20 18:06:50,517 INFO [IDENTIFY] matched=100073.3 similarity=0.7404
2026-08-20 18:06:54,975 INFO [IDENTIFY] matched=100073.3 similarity=0.7404
2026-08-20 18:10:37,588 INFO [FAISS] Loaded 185 embeddings
2026-08-20 18:32:30,588 INFO [IDENTIFY] matched=100001.3 similarity=0.5922
2026-08-20 18:41:32,384 INFO [IDENTIFY] matched=100012.3 similarity=0.6026
2026-08-20 18:42:40,055 INFO [IDENTIFY] matched=100002.3 similarity=0.6867
2026-08-20 19:01:22,201 INFO [IDENTIFY] matched=100083.2 similarity=0.5324
2026-08-20 19:01:25,544 INFO [IDENTIFY] matched=100030.2 similarity=0.6465
2026-08-20 19:01:57,162 INFO [IDENTIFY] matched=100028.2 similarity=0.5241
2026-08-20 19:03:00,853 INFO [IDENTIFY] matched=100039.2 similarity=0.5563
2026-08-20 19:03:16,638 INFO [IDENTIFY] matched=100038.2 similarity=0.8610
2026-08-20 19:04:48,248 INFO [IDENTIFY] matched=100035.2 similarity=0.5657
2026-08-20 19:05:26,988 INFO [IDENTIFY] matched=100040.2 similarity=0.6863
2026-08-20 19:05:27,932 INFO [IDENTIFY] matched=100046.2 similarity=0.6421
2026-08-20 19:06:51,189 INFO [IDENTIFY] matched=100059.2 similarity=0.7229
2026-08-20 19:06:52,947 INFO [IDENTIFY] matched=100009.2 similarity=0.8017
2026-08-20 19:08:48,977 ERROR [IDENTIFY] rejected: no face detected in any of 10 frame(s)
2026-08-20 19:09:20,174 INFO [IDENTIFY] matched=100001.2 similarity=0.5383
2026-08-20 19:09:24,712 INFO [IDENTIFY] matched=100001.2 similarity=0.5383
2026-08-20 19:21:29,927 INFO [IDENTIFY] matched=100069.3 similarity=0.6651
2026-08-20 19:21:32,796 INFO [IDENTIFY] matched=100069.3 similarity=0.6651
2026-08-20 19:23:13,460 INFO [IDENTIFY] matched=100037.2 similarity=0.5439
2026-08-20 19:25:20,494 INFO [IDENTIFY] matched=100018.2 similarity=0.6989
2026-08-20 19:25:22,638 INFO [IDENTIFY] matched=100018.2 similarity=0.7284
2026-08-20 20:05:27,890 ERROR [IDENTIFY] rejected: best_match=100060.2 similarity=0.3164 (< 0.50 threshold)
2026-08-20 20:05:37,189 INFO [IDENTIFY] matched=100081.2 similarity=0.6085
2026-08-20 20:06:12,312 INFO [IDENTIFY] matched=100082.2 similarity=0.5616
2026-08-20 20:06:31,002 INFO [IDENTIFY] matched=100081.2 similarity=0.6668
2026-08-20 20:07:42,087 INFO [IDENTIFY] matched=100010.2 similarity=0.6336
2026-08-20 20:07:45,497 INFO [IDENTIFY] matched=100010.2 similarity=0.6336
2026-08-20 20:07:57,151 INFO [IDENTIFY] matched=100084.2 similarity=0.5913
2026-08-20 20:08:02,495 INFO [IDENTIFY] matched=100010.2 similarity=0.5857
2026-08-20 20:08:06,004 INFO [IDENTIFY] matched=100010.2 similarity=0.5857
2026-08-20 20:08:06,663 INFO [IDENTIFY] matched=100084.2 similarity=0.5913
2026-08-20 20:16:42,980 INFO [IDENTIFY] matched=100051.2 similarity=0.6661
2026-08-20 20:23:00,182 INFO [FAISS] Loaded 185 embeddings
2026-08-20 20:29:48,807 INFO [IDENTIFY] matched=100045.2 similarity=0.6362
2026-08-20 20:29:51,865 INFO [IDENTIFY] matched=100045.2 similarity=0.6362
2026-08-20 20:40:47,576 INFO [FAISS] Loaded 185 embeddings
2026-08-20 20:59:02,279 INFO [IDENTIFY] matched=100077.2 similarity=0.7521
2026-08-20 21:08:45,577 ERROR [IDENTIFY] rejected: best_match=100097.3 similarity=0.4671 (< 0.50 threshold)
2026-08-20 21:09:15,379 INFO [IDENTIFY] matched=100097.3 similarity=0.5779
2026-08-20 21:11:22,897 INFO [IDENTIFY] matched=100004.2 similarity=0.6384
2026-08-20 21:11:25,859 INFO [IDENTIFY] matched=100004.2 similarity=0.6384
2026-08-20 21:35:36,541 INFO [IDENTIFY] matched=100652.1 similarity=0.5194
2026-08-20 21:35:39,055 INFO [IDENTIFY] matched=100652.1 similarity=0.5194
2026-08-20 22:00:29,309 INFO [IDENTIFY] matched=100070.2 similarity=0.7344
2026-08-20 22:00:32,421 INFO [IDENTIFY] matched=100070.2 similarity=0.7344
2026-08-20 22:00:33,605 INFO [IDENTIFY] matched=100071.2 similarity=0.7700
2026-08-20 22:01:23,046 ERROR [IDENTIFY] rejected: best_match=100088.3 similarity=0.4395 (< 0.50 threshold)
2026-08-20 22:01:42,780 ERROR [IDENTIFY] rejected: best_match=100088.3 similarity=0.3999 (< 0.50 threshold)
2026-08-20 22:03:31,331 INFO [IDENTIFY] matched=100088.3 similarity=0.5080
2026-08-20 22:03:41,558 INFO [IDENTIFY] matched=100088.3 similarity=0.5080
2026-08-20 22:10:15,764 INFO [IDENTIFY] matched=100003.2 similarity=0.6108
2026-08-20 22:32:17,465 INFO [IDENTIFY] matched=100065.2 similarity=0.7577
2026-08-20 22:32:20,879 INFO [IDENTIFY] matched=100065.2 similarity=0.7577
2026-08-20 22:32:47,956 ERROR [IDENTIFY] rejected: best_match=100065.2 similarity=0.4646 (< 0.50 threshold)
2026-08-20 23:19:31,913 INFO [IDENTIFY] matched=100067.2 similarity=0.6973
2026-08-20 23:19:35,598 INFO [IDENTIFY] matched=100067.2 similarity=0.6973
2026-08-20 23:42:06,655 INFO [IDENTIFY] matched=100023.2 similarity=0.5543
2026-08-20 23:42:10,478 INFO [IDENTIFY] matched=100023.2 similarity=0.5543
2026-08-21 02:13:15,863 INFO [FAISS] Loaded 185 embeddings
2026-08-21 05:52:24,898 INFO [IDENTIFY] matched=100064.3 similarity=0.5302
2026-08-21 05:52:29,023 INFO [IDENTIFY] matched=100064.3 similarity=0.5302
2026-08-21 07:17:25,750 INFO [IDENTIFY] matched=100073.3 similarity=0.6793
2026-08-21 07:17:32,585 INFO [IDENTIFY] matched=100073.3 similarity=0.6793
2026-08-21 07:49:31,612 INFO [IDENTIFY] matched=100084.2 similarity=0.5259
2026-08-21 07:49:37,606 INFO [IDENTIFY] matched=100084.2 similarity=0.5259
2026-08-21 07:52:24,191 INFO [IDENTIFY] matched=100072.3 similarity=0.7643
2026-08-21 07:52:29,877 INFO [IDENTIFY] matched=100072.3 similarity=0.7643
2026-08-21 07:55:10,520 INFO [IDENTIFY] matched=100063.3 similarity=0.7724
2026-08-21 07:55:13,383 INFO [IDENTIFY] matched=100063.3 similarity=0.7724
2026-08-21 08:00:30,977 INFO [IDENTIFY] matched=100069.3 similarity=0.6546
2026-08-21 08:00:36,078 INFO [IDENTIFY] matched=100069.3 similarity=0.6546
2026-08-21 08:01:35,360 ERROR [IDENTIFY] rejected: best_match=100082.2 similarity=0.4846 (< 0.50 threshold)
2026-08-21 08:01:57,601 ERROR [IDENTIFY] rejected: no face detected in any of 10 frame(s)
2026-08-21 08:02:13,740 INFO [IDENTIFY] matched=100082.2 similarity=0.5936
2026-08-21 08:02:18,198 INFO [IDENTIFY] matched=100082.2 similarity=0.5936
2026-08-21 08:09:04,676 INFO [IDENTIFY] matched=100009.3 similarity=0.5642
2026-08-21 08:21:27,785 ERROR [IDENTIFY] rejected: best_match=100652.1 similarity=0.3997 (< 0.50 threshold)
2026-08-21 08:21:46,590 INFO [IDENTIFY] matched=100652.1 similarity=0.5625
2026-08-21 08:21:49,595 INFO [IDENTIFY] matched=100652.1 similarity=0.5625
2026-08-21 08:37:11,997 INFO [IDENTIFY] matched=100126.3 similarity=0.5274
2026-08-21 08:37:15,323 INFO [IDENTIFY] matched=100126.3 similarity=0.5274
2026-08-21 08:43:00,967 INFO [IDENTIFY] matched=100088.3 similarity=0.6313
2026-08-21 08:43:04,245 INFO [IDENTIFY] matched=100088.3 similarity=0.6313
2026-08-21 08:47:39,349 INFO [IDENTIFY] matched=100079.3 similarity=0.5206
2026-08-21 08:47:43,863 INFO [IDENTIFY] matched=100079.3 similarity=0.5206
2026-08-21 08:52:26,073 INFO [IDENTIFY] matched=100001.3 similarity=0.6101
2026-08-21 09:05:57,024 INFO [IDENTIFY] matched=100013.3 similarity=0.7175
2026-08-21 09:09:36,111 INFO [IDENTIFY] matched=100097.3 similarity=0.5997
2026-08-21 09:14:39,742 INFO [IDENTIFY] matched=100046.3 similarity=0.6398
2026-08-21 09:29:36,313 INFO [IDENTIFY] matched=100003.2 similarity=0.6174
2026-08-21 09:32:40,748 INFO [IDENTIFY] matched=100039.3 similarity=0.6230
2026-08-21 09:32:43,039 INFO [IDENTIFY] matched=100039.3 similarity=0.6230
2026-08-21 09:48:23,372 INFO [IDENTIFY] matched=100012.3 similarity=0.6949
2026-08-21 09:50:56,781 INFO [IDENTIFY] matched=100002.3 similarity=0.6820
2026-08-21 09:51:42,873 INFO [IDENTIFY] matched=100015.3 similarity=0.5550
2026-08-21 09:55:02,212 INFO [IDENTIFY] matched=100005.3 similarity=0.7374
2026-08-21 09:55:23,947 INFO [IDENTIFY] matched=100065.3 similarity=0.6161
2026-08-21 09:55:26,406 INFO [IDENTIFY] matched=100065.3 similarity=0.6161
2026-08-21 09:59:54,527 INFO [IDENTIFY] matched=100038.2 similarity=0.7170
2026-08-21 10:02:18,291 INFO [IDENTIFY] matched=100009.2 similarity=0.6907
2026-08-21 10:09:17,409 INFO [IDENTIFY] matched=100001.2 similarity=0.7219
2026-08-21 10:09:19,631 INFO [IDENTIFY] matched=100001.2 similarity=0.7219
2026-08-21 10:13:59,793 INFO [IDENTIFY] matched=100035.2 similarity=0.6238
2026-08-21 10:26:44,410 INFO [IDENTIFY] matched=100059.2 similarity=0.5480
2026-08-21 10:27:14,615 INFO [IDENTIFY] matched=100028.2 similarity=0.5491
2026-08-21 11:06:16,405 INFO [IDENTIFY] matched=100051.2 similarity=0.6441
2026-08-21 11:09:19,352 INFO [IDENTIFY] matched=100080.2 similarity=0.7348
2026-08-21 11:40:05,917 INFO [IDENTIFY] matched=100077.2 similarity=0.7130
2026-08-21 12:05:18,739 INFO [IDENTIFY] matched=100055.2 similarity=0.5921
2026-08-21 12:19:37,392 INFO [IDENTIFY] matched=100017.3 similarity=0.6198
2026-08-21 12:22:41,039 INFO [IDENTIFY] matched=100008.3 similarity=0.7721
2026-08-21 12:22:57,382 INFO [IDENTIFY] matched=100021.2 similarity=0.6303
2026-08-21 14:13:56,356 INFO [IDENTIFY] matched=100009.3 similarity=0.6298
2026-08-21 14:37:14,377 INFO [IDENTIFY] matched=100071.2 similarity=0.7744
2026-08-21 14:38:45,864 INFO [IDENTIFY] matched=100039.2 similarity=0.6251
2026-08-21 15:27:22,162 INFO [IDENTIFY] matched=100051.2 similarity=0.7072
2026-08-21 15:47:35,288 INFO [FAISS] Loaded 185 embeddings
2026-08-21 15:54:22,945 INFO [IDENTIFY] matched=100048.3 similarity=0.6426
2026-08-21 16:18:25,239 INFO [IDENTIFY] matched=100008.3 similarity=0.6893
2026-08-21 16:21:52,009 INFO [IDENTIFY] matched=100008.3 similarity=0.5965
2026-08-21 16:56:07,876 INFO [IDENTIFY] matched=100021.2 similarity=0.5977
2026-08-21 17:16:36,641 INFO [IDENTIFY] matched=100001.3 similarity=0.5890
2026-08-21 17:34:56,399 INFO [IDENTIFY] matched=100064.3 similarity=0.6195
2026-08-21 17:35:01,825 INFO [IDENTIFY] matched=100064.3 similarity=0.6195
2026-08-21 18:14:21,170 INFO [IDENTIFY] matched=100073.3 similarity=0.5059
2026-08-21 18:14:25,180 INFO [IDENTIFY] matched=100073.3 similarity=0.5059
2026-08-21 18:25:20,433 INFO [IDENTIFY] matched=100012.3 similarity=0.6235
2026-08-21 18:29:45,180 INFO [IDENTIFY] matched=100002.3 similarity=0.5926
2026-08-21 18:57:47,906 INFO [IDENTIFY] matched=100035.2 similarity=0.5956
2026-08-21 19:02:07,900 INFO [IDENTIFY] matched=100028.2 similarity=0.6325
2026-08-21 19:02:15,902 INFO [IDENTIFY] matched=100009.2 similarity=0.7976
2026-08-21 19:03:03,929 INFO [IDENTIFY] matched=100039.2 similarity=0.5975
2026-08-21 19:05:03,473 INFO [IDENTIFY] matched=100046.2 similarity=0.7093
2026-08-21 19:29:57,372 INFO [IDENTIFY] matched=100063.3 similarity=0.7839
2026-08-21 19:30:01,838 INFO [IDENTIFY] matched=100063.3 similarity=0.7839
2026-08-21 20:02:44,433 INFO [IDENTIFY] matched=100072.3 similarity=0.7025
2026-08-21 20:02:47,102 INFO [IDENTIFY] matched=100072.3 similarity=0.7025
2026-08-21 20:03:26,263 INFO [IDENTIFY] matched=100069.3 similarity=0.5804
2026-08-21 20:03:28,573 INFO [IDENTIFY] matched=100069.3 similarity=0.5804
2026-08-21 20:32:27,607 INFO [IDENTIFY] matched=100038.2 similarity=0.8894
2026-08-21 20:32:42,553 ERROR [IDENTIFY] rejected: best_match=100037.2 similarity=0.4829 (< 0.50 threshold)
2026-08-21 20:33:03,946 ERROR [IDENTIFY] rejected: best_match=100037.2 similarity=0.4877 (< 0.50 threshold)
2026-08-21 20:33:27,156 INFO [IDENTIFY] matched=100037.2 similarity=0.5820
2026-08-21 20:33:52,130 INFO [IDENTIFY] matched=100046.2 similarity=0.7641
2026-08-21 20:48:08,890 INFO [IDENTIFY] matched=100097.3 similarity=0.6117
2026-08-21 20:49:25,399 INFO [IDENTIFY] matched=100003.2 similarity=0.5675
2026-08-21 21:12:56,408 INFO [IDENTIFY] matched=100077.2 similarity=0.7334
2026-08-21 21:34:42,114 ERROR [IDENTIFY] rejected: best_match=100088.3 similarity=0.2592 (< 0.50 threshold)
2026-08-21 21:35:28,361 INFO [IDENTIFY] matched=100088.3 similarity=0.6577
2026-08-21 21:35:32,049 INFO [IDENTIFY] matched=100088.3 similarity=0.6577
2026-08-21 22:02:56,967 INFO [IDENTIFY] matched=100071.2 similarity=0.7204
2026-08-22 05:53:46,048 ERROR [IDENTIFY] rejected: no face detected in any of 10 frame(s)
2026-08-22 05:54:15,076 ERROR [IDENTIFY] rejected: best_match=100064.3 similarity=0.3628 (< 0.50 threshold)
2026-08-22 05:54:44,758 ERROR [IDENTIFY] rejected: best_match=100064.3 similarity=0.4192 (< 0.50 threshold)
2026-08-22 05:55:14,928 ERROR [IDENTIFY] rejected: best_match=100064.3 similarity=0.4834 (< 0.50 threshold)
2026-08-22 05:55:43,708 ERROR [IDENTIFY] rejected: best_match=100064.3 similarity=0.4619 (< 0.50 threshold)
2026-08-22 05:56:09,753 INFO [IDENTIFY] matched=100064.3 similarity=0.5133
2026-08-22 05:56:17,344 INFO [IDENTIFY] matched=100064.3 similarity=0.5133
2026-08-22 07:13:10,025 INFO [IDENTIFY] matched=100009.3 similarity=0.6526
2026-08-22 07:43:04,112 INFO [IDENTIFY] matched=100073.3 similarity=0.7458
2026-08-22 07:43:07,207 INFO [IDENTIFY] matched=100073.3 similarity=0.7458
2026-08-22 07:51:07,907 INFO [IDENTIFY] matched=100063.3 similarity=0.7924
2026-08-22 07:52:41,130 INFO [IDENTIFY] matched=100072.3 similarity=0.7467
2026-08-22 07:52:44,521 INFO [IDENTIFY] matched=100072.3 similarity=0.7467
2026-08-22 08:09:09,788 INFO [IDENTIFY] matched=100069.3 similarity=0.5670
2026-08-22 08:09:13,028 INFO [IDENTIFY] matched=100069.3 similarity=0.5670
2026-08-22 08:38:13,107 INFO [IDENTIFY] matched=100126.3 similarity=0.5732
2026-08-22 08:38:16,082 INFO [IDENTIFY] matched=100126.3 similarity=0.5732
2026-08-22 08:41:39,442 INFO [IDENTIFY] matched=100023.2 similarity=0.6117
2026-08-22 08:41:42,082 INFO [IDENTIFY] matched=100023.2 similarity=0.6117
2026-08-22 08:42:10,847 INFO [IDENTIFY] matched=100067.2 similarity=0.6668
2026-08-22 08:42:13,330 INFO [IDENTIFY] matched=100067.2 similarity=0.6668
2026-08-22 08:48:53,567 ERROR [IDENTIFY] rejected: best_match=100079.3 similarity=0.3905 (< 0.50 threshold)
2026-08-22 08:49:17,928 INFO [IDENTIFY] matched=100079.3 similarity=0.5428
2026-08-22 08:49:23,247 INFO [IDENTIFY] matched=100079.3 similarity=0.5428
2026-08-22 08:53:44,864 INFO [IDENTIFY] matched=100081.2 similarity=0.6446
2026-08-22 08:53:48,829 INFO [IDENTIFY] matched=100081.2 similarity=0.6446
2026-08-22 08:56:44,807 INFO [IDENTIFY] matched=100004.2 similarity=0.5613
2026-08-22 08:56:47,559 INFO [IDENTIFY] matched=100004.2 similarity=0.5613
2026-08-22 09:02:01,096 INFO [IDENTIFY] matched=100085.2 similarity=0.6843
2026-08-22 09:02:05,131 INFO [IDENTIFY] matched=100085.2 similarity=0.6843
2026-08-22 09:02:25,366 INFO [IDENTIFY] matched=100086.2 similarity=0.5825
2026-08-22 09:02:28,490 INFO [IDENTIFY] matched=100086.2 similarity=0.5825
2026-08-22 09:05:46,952 INFO [IDENTIFY] matched=100083.2 similarity=0.5065
2026-08-22 09:09:06,497 INFO [IDENTIFY] matched=100097.3 similarity=0.5218
2026-08-22 09:11:19,969 INFO [IDENTIFY] matched=100088.3 similarity=0.6670
2026-08-22 09:11:22,094 INFO [IDENTIFY] matched=100088.3 similarity=0.6670
2026-08-22 09:12:57,490 INFO [IDENTIFY] matched=100013.3 similarity=0.6124
2026-08-22 09:14:12,682 INFO [IDENTIFY] matched=100679.1 similarity=0.5322
2026-08-22 09:14:15,731 INFO [IDENTIFY] matched=100679.1 similarity=0.5322
2026-08-22 09:14:30,933 INFO [IDENTIFY] matched=100071.3 similarity=0.5913
2026-08-22 09:14:37,591 INFO [IDENTIFY] matched=100071.3 similarity=0.5913
2026-08-22 09:23:57,150 INFO [IDENTIFY] matched=100046.3 similarity=0.6195
2026-08-22 09:24:43,019 INFO [IDENTIFY] matched=100012.3 similarity=0.5406
2026-08-22 09:33:31,009 INFO [IDENTIFY] matched=100008.3 similarity=0.6320
2026-08-22 09:33:39,160 INFO [IDENTIFY] matched=100076.3 similarity=0.6161
2026-08-22 09:43:20,354 INFO [IDENTIFY] matched=100652.1 similarity=0.5653
2026-08-22 09:43:22,416 INFO [IDENTIFY] matched=100652.1 similarity=0.5653
2026-08-22 09:43:37,376 INFO [IDENTIFY] matched=100652.1 similarity=0.7756
2026-08-22 09:43:40,311 INFO [IDENTIFY] matched=100652.1 similarity=0.7756
2026-08-22 09:52:06,603 INFO [IDENTIFY] matched=100002.3 similarity=0.6156
2026-08-22 09:54:15,373 INFO [IDENTIFY] matched=100012.2 similarity=0.7502
2026-08-22 10:00:34,352 INFO [IDENTIFY] matched=100005.3 similarity=0.7404
2026-08-22 10:03:08,539 INFO [IDENTIFY] matched=100009.2 similarity=0.7662
2026-08-22 10:09:12,924 INFO [IDENTIFY] matched=100038.2 similarity=0.7223
2026-08-22 10:50:07,796 INFO [IDENTIFY] matched=100030.2 similarity=0.6104
2026-08-22 10:50:48,114 INFO [IDENTIFY] matched=100028.2 similarity=0.6128
2026-08-22 10:54:02,323 INFO [IDENTIFY] matched=100017.3 similarity=0.5994
2026-08-22 10:57:40,663 INFO [IDENTIFY] matched=100001.3 similarity=0.6372
2026-08-22 11:12:32,744 INFO [IDENTIFY] matched=100040.2 similarity=0.6879
2026-08-22 11:34:13,395 INFO [IDENTIFY] matched=100077.2 similarity=0.7351
2026-08-22 12:03:23,076 INFO [IDENTIFY] matched=100071.2 similarity=0.8032
2026-08-22 12:27:00,924 INFO [IDENTIFY] matched=100045.2 similarity=0.7049
2026-08-22 12:27:03,329 INFO [IDENTIFY] matched=100045.2 similarity=0.7049
2026-08-22 13:19:57,161 INFO [IDENTIFY] matched=100070.2 similarity=0.7508
2026-08-22 13:20:00,853 INFO [IDENTIFY] matched=100070.2 similarity=0.7508
2026-08-22 14:04:15,332 INFO [IDENTIFY] matched=100009.3 similarity=0.6375
2026-08-22 15:42:57,394 INFO [IDENTIFY] matched=100008.3 similarity=0.6823
2026-08-22 17:31:31,696 INFO [IDENTIFY] matched=100064.3 similarity=0.5788
2026-08-22 17:31:38,399 INFO [IDENTIFY] matched=100064.3 similarity=0.5788
2026-08-22 17:57:32,878 INFO [IDENTIFY] matched=100039.2 similarity=0.6487
2026-08-22 18:11:50,433 INFO [IDENTIFY] matched=100086.2 similarity=0.5851
2026-08-22 18:11:53,576 INFO [IDENTIFY] matched=100086.2 similarity=0.5851
2026-08-22 18:15:23,153 ERROR [IDENTIFY] rejected: best_match=100011.2 similarity=0.2264 (< 0.50 threshold)
2026-08-22 18:15:28,433 INFO [IDENTIFY] matched=100085.2 similarity=0.6348
2026-08-22 18:15:32,492 INFO [IDENTIFY] matched=100085.2 similarity=0.6348
2026-08-22 18:16:33,703 ERROR [IDENTIFY] rejected: best_match=100679.1 similarity=0.4687 (< 0.50 threshold)
2026-08-22 18:16:50,325 INFO [IDENTIFY] matched=100679.1 similarity=0.5017
2026-08-22 18:16:58,109 INFO [IDENTIFY] matched=100679.1 similarity=0.5017
2026-08-22 18:32:58,303 INFO [IDENTIFY] matched=100002.3 similarity=0.6981
2026-08-22 19:04:49,154 INFO [IDENTIFY] matched=100081.2 similarity=0.5853
2026-08-22 19:04:57,543 INFO [IDENTIFY] matched=100081.2 similarity=0.5853
2026-08-22 19:11:00,371 INFO [IDENTIFY] matched=100012.2 similarity=0.6760
2026-08-22 19:11:47,958 INFO [IDENTIFY] matched=100037.2 similarity=0.5874
2026-08-22 19:23:11,747 INFO [IDENTIFY] matched=100072.3 similarity=0.7754
2026-08-22 19:23:16,407 INFO [IDENTIFY] matched=100072.3 similarity=0.7754
2026-08-22 19:26:02,558 INFO [IDENTIFY] matched=100063.3 similarity=0.6612
2026-08-22 19:26:26,725 INFO [IDENTIFY] matched=100063.3 similarity=0.6612
2026-08-22 19:35:12,917 INFO [IDENTIFY] matched=100038.2 similarity=0.7527
2026-08-22 19:53:01,363 ERROR [IDENTIFY] rejected: best_match=100069.3 similarity=0.4617 (< 0.50 threshold)
2026-08-22 19:53:20,079 INFO [IDENTIFY] matched=100069.3 similarity=0.5674
2026-08-22 19:53:24,548 INFO [IDENTIFY] matched=100069.3 similarity=0.5674
2026-08-22 20:07:43,023 INFO [IDENTIFY] matched=100082.2 similarity=0.5635
2026-08-22 20:07:48,920 INFO [IDENTIFY] matched=100082.2 similarity=0.5635
2026-08-22 20:10:28,125 INFO [IDENTIFY] matched=100028.2 similarity=0.6176
2026-08-22 20:30:17,068 INFO [IDENTIFY] matched=100009.2 similarity=0.7027
2026-08-22 20:33:43,857 INFO [IDENTIFY] matched=100084.2 similarity=0.5624
2026-08-22 20:33:49,481 INFO [IDENTIFY] matched=100084.2 similarity=0.5624
2026-08-22 20:35:39,626 INFO [IDENTIFY] matched=100077.2 similarity=0.6603
2026-08-22 20:48:18,632 INFO [IDENTIFY] matched=100097.3 similarity=0.6825
2026-08-22 20:59:48,728 INFO [IDENTIFY] matched=100088.3 similarity=0.5768
2026-08-22 20:59:51,072 INFO [IDENTIFY] matched=100088.3 similarity=0.5768
2026-08-22 21:01:29,380 INFO [IDENTIFY] matched=100083.2 similarity=0.5258
2026-08-22 21:05:26,398 INFO [IDENTIFY] matched=100023.2 similarity=0.5480
2026-08-22 21:05:29,644 INFO [IDENTIFY] matched=100023.2 similarity=0.5480
2026-08-22 21:05:41,509 INFO [IDENTIFY] matched=100004.2 similarity=0.7571
2026-08-22 21:05:44,039 INFO [IDENTIFY] matched=100004.2 similarity=0.7571
2026-08-22 21:59:05,311 INFO [IDENTIFY] matched=100071.2 similarity=0.6942
2026-08-22 22:11:21,316 INFO [IDENTIFY] matched=100652.1 similarity=0.6457
2026-08-22 22:11:24,132 INFO [IDENTIFY] matched=100652.1 similarity=0.6457
2026-08-22 23:21:06,422 INFO [IDENTIFY] matched=100067.2 similarity=0.7185
2026-08-22 23:21:09,889 INFO [IDENTIFY] matched=100067.2 similarity=0.7185
2026-08-23 00:10:09,151 INFO [IDENTIFY] matched=100039.2 similarity=0.6174
2026-08-23 07:10:43,917 ERROR [IDENTIFY] rejected: best_match=100082.2 similarity=0.4891 (< 0.50 threshold)
2026-08-23 07:11:02,388 ERROR [IDENTIFY] rejected: best_match=100082.2 similarity=0.4974 (< 0.50 threshold)
2026-08-23 07:11:18,887 INFO [IDENTIFY] matched=100082.2 similarity=0.6027
2026-08-23 07:11:22,767 INFO [IDENTIFY] matched=100082.2 similarity=0.6027
2026-08-23 08:12:08,963 INFO [IDENTIFY] matched=100652.1 similarity=0.6402
2026-08-23 08:12:11,962 INFO [IDENTIFY] matched=100652.1 similarity=0.6402
2026-08-23 08:47:17,513 ERROR [IDENTIFY] rejected: best_match=100079.3 similarity=0.3851 (< 0.50 threshold)
2026-08-23 08:47:28,386 INFO [IDENTIFY] matched=100023.2 similarity=0.5770
2026-08-23 08:47:32,589 INFO [IDENTIFY] matched=100023.2 similarity=0.5770
2026-08-23 08:47:40,767 ERROR [IDENTIFY] rejected: best_match=100079.3 similarity=0.4629 (< 0.50 threshold)
2026-08-23 08:49:16,085 INFO [IDENTIFY] matched=100081.2 similarity=0.7204
2026-08-23 08:49:28,153 INFO [IDENTIFY] matched=100081.2 similarity=0.7204
2026-08-23 08:50:21,509 ERROR [IDENTIFY] rejected: best_match=100079.3 similarity=0.4740 (< 0.50 threshold)
2026-08-23 08:50:45,504 INFO [IDENTIFY] matched=100079.3 similarity=0.5507
2026-08-23 08:50:48,698 INFO [IDENTIFY] matched=100079.3 similarity=0.5507
2026-08-23 09:00:58,358 ERROR [IDENTIFY] rejected: best_match=100068.2 similarity=0.3451 (< 0.50 threshold)
2026-08-23 09:01:03,596 INFO [IDENTIFY] matched=100085.2 similarity=0.6684
2026-08-23 09:01:09,174 INFO [IDENTIFY] matched=100085.2 similarity=0.6684
2026-08-23 09:01:12,746 ERROR [IDENTIFY] rejected: best_match=100088.3 similarity=0.4254 (< 0.50 threshold)
2026-08-23 09:01:23,828 INFO [IDENTIFY] matched=100086.2 similarity=0.6775
2026-08-23 09:01:30,609 INFO [IDENTIFY] matched=100086.2 similarity=0.6775
2026-08-23 09:01:33,899 ERROR [IDENTIFY] rejected: best_match=100088.3 similarity=0.4502 (< 0.50 threshold)
2026-08-23 09:01:48,060 ERROR [IDENTIFY] rejected: best_match=100088.3 similarity=0.4178 (< 0.50 threshold)
2026-08-23 09:02:03,693 ERROR [IDENTIFY] rejected: best_match=100088.3 similarity=0.4456 (< 0.50 threshold)
2026-08-23 09:02:17,716 ERROR [IDENTIFY] rejected: best_match=100088.3 similarity=0.4283 (< 0.50 threshold)
2026-08-23 09:02:28,688 ERROR [IDENTIFY] rejected: best_match=100088.3 similarity=0.3737 (< 0.50 threshold)
2026-08-23 09:02:42,604 ERROR [IDENTIFY] rejected: best_match=100088.3 similarity=0.3416 (< 0.50 threshold)
2026-08-23 09:02:56,255 ERROR [IDENTIFY] rejected: best_match=100088.3 similarity=0.4553 (< 0.50 threshold)
2026-08-23 09:03:09,566 ERROR [IDENTIFY] rejected: best_match=100088.3 similarity=0.4207 (< 0.50 threshold)
2026-08-23 09:03:38,988 ERROR [IDENTIFY] rejected: best_match=100088.3 similarity=0.4441 (< 0.50 threshold)
2026-08-23 09:03:52,390 ERROR [IDENTIFY] rejected: best_match=100088.3 similarity=0.3953 (< 0.50 threshold)
2026-08-23 09:04:20,005 INFO [IDENTIFY] matched=100088.3 similarity=0.5061
2026-08-23 09:04:24,002 INFO [IDENTIFY] matched=100088.3 similarity=0.5061
2026-08-23 09:06:37,959 INFO [IDENTIFY] matched=100083.2 similarity=0.5320
2026-08-23 09:07:30,431 INFO [IDENTIFY] matched=100004.2 similarity=0.6324
2026-08-23 09:07:33,808 INFO [IDENTIFY] matched=100004.2 similarity=0.6324
2026-08-23 09:16:39,224 INFO [IDENTIFY] matched=100067.2 similarity=0.6385
2026-08-23 09:16:41,760 INFO [IDENTIFY] matched=100067.2 similarity=0.6385
2026-08-23 09:17:37,560 INFO [IDENTIFY] matched=100679.1 similarity=0.5266
2026-08-23 09:17:40,685 INFO [IDENTIFY] matched=100679.1 similarity=0.5266
2026-08-23 09:34:09,687 INFO [IDENTIFY] matched=100097.3 similarity=0.6070
2026-08-23 10:41:57,695 INFO [IDENTIFY] matched=100084.2 similarity=0.6351
2026-08-23 10:42:20,161 INFO [IDENTIFY] matched=100084.2 similarity=0.6351
2026-08-23 14:37:22,531 INFO [IDENTIFY] matched=100039.2 similarity=0.6312
2026-08-23 18:24:11,620 INFO [IDENTIFY] matched=100679.1 similarity=0.5423
2026-08-23 18:24:15,735 INFO [IDENTIFY] matched=100679.1 similarity=0.5423
2026-08-23 18:40:23,455 INFO [IDENTIFY] matched=100086.2 similarity=0.7759
2026-08-23 18:44:21,255 INFO [IDENTIFY] matched=100085.2 similarity=0.7018
2026-08-23 18:44:23,961 INFO [IDENTIFY] matched=100085.2 similarity=0.7018
2026-08-23 19:50:54,131 INFO [IDENTIFY] matched=100081.2 similarity=0.6176
2026-08-23 19:51:01,714 INFO [IDENTIFY] matched=100081.2 similarity=0.6176
2026-08-23 20:04:38,316 INFO [IDENTIFY] matched=100082.2 similarity=0.6051
2026-08-23 20:04:41,560 INFO [IDENTIFY] matched=100082.2 similarity=0.6051
2026-08-23 20:05:40,272 INFO [IDENTIFY] matched=100083.2 similarity=0.5215
2026-08-23 20:07:59,902 INFO [IDENTIFY] matched=100023.2 similarity=0.5324
2026-08-23 20:08:02,804 INFO [IDENTIFY] matched=100023.2 similarity=0.5324
2026-08-23 20:08:58,395 INFO [IDENTIFY] matched=100004.2 similarity=0.6611
2026-08-23 20:09:01,184 INFO [IDENTIFY] matched=100004.2 similarity=0.6611
2026-08-23 20:37:23,857 INFO [IDENTIFY] matched=100084.2 similarity=0.6345
2026-08-23 20:37:27,519 INFO [IDENTIFY] matched=100084.2 similarity=0.6345
2026-08-23 21:13:04,411 INFO [IDENTIFY] matched=100097.3 similarity=0.6022
2026-08-23 21:21:13,667 ERROR [IDENTIFY] rejected: best_match=100088.3 similarity=0.4771 (< 0.50 threshold)
2026-08-23 21:21:27,062 ERROR [IDENTIFY] rejected: best_match=100088.3 similarity=0.4915 (< 0.50 threshold)
2026-08-23 21:21:39,853 ERROR [IDENTIFY] rejected: best_match=100088.3 similarity=0.4754 (< 0.50 threshold)
2026-08-23 21:21:53,391 INFO [IDENTIFY] matched=100088.3 similarity=0.5151
2026-08-23 21:21:56,549 INFO [IDENTIFY] matched=100088.3 similarity=0.5151
2026-08-23 23:02:21,431 INFO [IDENTIFY] matched=100067.2 similarity=0.7519
2026-08-23 23:02:24,775 INFO [IDENTIFY] matched=100067.2 similarity=0.7519
2026-08-24 06:03:24,865 ERROR [IDENTIFY] rejected: best_match=100082.2 similarity=0.4237 (< 0.50 threshold)
2026-08-24 06:03:39,618 ERROR [IDENTIFY] rejected: best_match=100082.2 similarity=0.4847 (< 0.50 threshold)
2026-08-24 06:03:54,648 ERROR [IDENTIFY] rejected: best_match=100082.2 similarity=0.4322 (< 0.50 threshold)
2026-08-24 06:04:09,666 INFO [IDENTIFY] matched=100082.2 similarity=0.6237
2026-08-24 06:04:13,978 INFO [IDENTIFY] matched=100082.2 similarity=0.6237
2026-08-24 06:45:56,661 INFO [IDENTIFY] matched=100009.3 similarity=0.6298
2026-08-24 06:47:46,936 ERROR [IDENTIFY] rejected: no face detected in any of 10 frame(s)
2026-08-24 06:48:02,279 INFO [IDENTIFY] matched=100073.3 similarity=0.6497
2026-08-24 06:48:05,040 INFO [IDENTIFY] matched=100073.3 similarity=0.6497
2026-08-24 07:21:29,273 INFO [IDENTIFY] matched=100084.2 similarity=0.7030
2026-08-24 07:21:43,556 INFO [IDENTIFY] matched=100084.2 similarity=0.7030
2026-08-24 07:47:55,449 INFO [IDENTIFY] matched=100072.3 similarity=0.8017
2026-08-24 07:47:58,069 INFO [IDENTIFY] matched=100072.3 similarity=0.8017
2026-08-24 07:58:50,668 INFO [IDENTIFY] matched=100063.3 similarity=0.8141
2026-08-24 07:58:53,683 INFO [IDENTIFY] matched=100063.3 similarity=0.8141
2026-08-24 08:01:20,562 INFO [IDENTIFY] matched=100069.3 similarity=0.5670
2026-08-24 08:01:23,294 INFO [IDENTIFY] matched=100069.3 similarity=0.5670
2026-08-24 08:18:10,369 INFO [IDENTIFY] matched=100078.3 similarity=0.6652
2026-08-24 08:38:13,569 INFO [IDENTIFY] matched=100088.3 similarity=0.6114
2026-08-24 08:38:16,667 INFO [IDENTIFY] matched=100088.3 similarity=0.6114
2026-08-24 08:50:33,015 ERROR [IDENTIFY] rejected: best_match=100079.3 similarity=0.3234 (< 0.50 threshold)
2026-08-24 08:51:21,539 INFO [IDENTIFY] matched=100001.3 similarity=0.6197
2026-08-24 08:52:45,246 INFO [IDENTIFY] matched=100079.3 similarity=0.6258
2026-08-24 08:52:55,671 INFO [IDENTIFY] matched=100079.3 similarity=0.6258
2026-08-24 08:53:01,235 INFO [IDENTIFY] matched=100079.3 similarity=0.6333
2026-08-24 08:53:06,960 INFO [IDENTIFY] matched=100079.3 similarity=0.6333
2026-08-24 08:53:13,843 INFO [IDENTIFY] matched=100097.3 similarity=0.5786
2026-08-24 08:54:23,802 INFO [IDENTIFY] matched=100081.2 similarity=0.6087
2026-08-24 08:54:30,234 INFO [IDENTIFY] matched=100081.2 similarity=0.6087
2026-08-24 08:55:57,732 INFO [IDENTIFY] matched=100061.3 similarity=0.5337
2026-08-24 08:56:00,470 INFO [IDENTIFY] matched=100061.3 similarity=0.5337
2026-08-24 08:56:36,410 INFO [IDENTIFY] matched=100004.2 similarity=0.6018
2026-08-24 08:56:39,650 INFO [IDENTIFY] matched=100004.2 similarity=0.6018
2026-08-24 08:56:48,059 INFO [IDENTIFY] matched=100023.2 similarity=0.6844
2026-08-24 08:56:50,642 INFO [IDENTIFY] matched=100023.2 similarity=0.6844
2026-08-24 08:59:22,095 INFO [IDENTIFY] matched=100067.2 similarity=0.6607
2026-08-24 08:59:25,473 INFO [IDENTIFY] matched=100067.2 similarity=0.6607
2026-08-24 09:03:45,615 INFO [IDENTIFY] matched=100083.2 similarity=0.5135
2026-08-24 09:05:02,013 INFO [IDENTIFY] matched=100046.3 similarity=0.6822
2026-08-24 09:10:40,636 INFO [IDENTIFY] matched=100144.3 similarity=0.7779
2026-08-24 09:10:43,003 INFO [IDENTIFY] matched=100144.3 similarity=0.7779
2026-08-24 09:12:58,462 INFO [IDENTIFY] matched=100062.3 similarity=0.5421
2026-08-24 09:13:00,927 INFO [IDENTIFY] matched=100062.3 similarity=0.5421
2026-08-24 09:30:44,114 INFO [IDENTIFY] matched=100012.3 similarity=0.6348
2026-08-24 09:43:19,921 INFO [IDENTIFY] matched=100002.3 similarity=0.7072
2026-08-24 09:44:34,541 INFO [IDENTIFY] matched=100125.3 similarity=0.5759
2026-08-24 09:45:06,785 ERROR [IDENTIFY] rejected: best_match=100125.3 similarity=0.4439 (< 0.50 threshold)
2026-08-24 09:45:23,445 INFO [IDENTIFY] matched=100125.3 similarity=0.6454
2026-08-24 09:45:26,178 INFO [IDENTIFY] matched=100125.3 similarity=0.6454
2026-08-24 09:47:48,085 INFO [IDENTIFY] matched=100124.3 similarity=0.6232
2026-08-24 09:48:16,366 INFO [IDENTIFY] matched=100124.3 similarity=0.6232
2026-08-24 09:55:14,598 INFO [IDENTIFY] matched=100008.3 similarity=0.7313
2026-08-24 09:55:17,725 INFO [IDENTIFY] matched=100008.3 similarity=0.7313
2026-08-24 09:55:20,909 INFO [IDENTIFY] matched=100012.2 similarity=0.6083
2026-08-24 09:55:52,303 INFO [IDENTIFY] matched=100017.3 similarity=0.5805
2026-08-24 09:56:35,505 INFO [IDENTIFY] matched=100009.2 similarity=0.6692
2026-08-24 09:59:05,263 ERROR [IDENTIFY] rejected: best_match=100076.3 similarity=0.4773 (< 0.50 threshold)
2026-08-24 09:59:25,651 INFO [IDENTIFY] matched=100076.3 similarity=0.5177
2026-08-24 09:59:43,247 INFO [IDENTIFY] matched=100017.3 similarity=0.7006
2026-08-24 10:03:19,562 INFO [IDENTIFY] matched=100065.3 similarity=0.6246
2026-08-24 10:03:22,227 INFO [IDENTIFY] matched=100065.3 similarity=0.6246
2026-08-24 10:06:39,171 INFO [IDENTIFY] matched=100001.2 similarity=0.5614
2026-08-24 10:06:41,534 INFO [IDENTIFY] matched=100001.2 similarity=0.5614
2026-08-24 10:08:51,086 ERROR [IDENTIFY] rejected: best_match=100015.3 similarity=0.4459 (< 0.50 threshold)
2026-08-24 10:09:26,023 ERROR [IDENTIFY] rejected: best_match=100015.3 similarity=0.4711 (< 0.50 threshold)
2026-08-24 10:10:35,769 INFO [IDENTIFY] matched=100015.3 similarity=0.5914
2026-08-24 10:11:22,207 INFO [IDENTIFY] matched=100013.3 similarity=0.5187
2026-08-24 10:14:05,917 INFO [IDENTIFY] matched=100017.3 similarity=0.5953
2026-08-24 10:14:08,110 INFO [IDENTIFY] matched=100017.3 similarity=0.5953
2026-08-24 10:14:50,974 INFO [IDENTIFY] matched=100003.2 similarity=0.5485
2026-08-24 10:16:42,448 INFO [IDENTIFY] matched=100038.2 similarity=0.7769
2026-08-24 10:18:09,710 INFO [IDENTIFY] matched=100028.2 similarity=0.6556
2026-08-24 10:22:14,231 INFO [IDENTIFY] matched=100070.3 similarity=0.5429
2026-08-24 10:22:16,587 INFO [IDENTIFY] matched=100070.3 similarity=0.5429
2026-08-24 10:35:19,156 INFO [IDENTIFY] matched=100056.2 similarity=0.7148
2026-08-24 10:57:54,995 INFO [IDENTIFY] matched=100051.2 similarity=0.7027
2026-08-24 11:41:59,780 INFO [IDENTIFY] matched=100077.2 similarity=0.6730
2026-08-24 12:10:39,603 INFO [IDENTIFY] matched=100071.2 similarity=0.7708
2026-08-24 12:26:18,345 INFO [IDENTIFY] matched=100126.3 similarity=0.6363
2026-08-24 12:26:21,076 INFO [IDENTIFY] matched=100126.3 similarity=0.6363
2026-08-24 12:30:24,020 INFO [IDENTIFY] matched=100045.2 similarity=0.6878
2026-08-24 12:30:28,248 INFO [IDENTIFY] matched=100045.2 similarity=0.6878
2026-08-24 12:39:44,690 INFO [IDENTIFY] matched=100021.2 similarity=0.6418
2026-08-24 12:51:15,135 INFO [FAISS] Loaded 185 embeddings
2026-08-24 13:15:46,215 INFO [FAISS] Loaded 185 embeddings
2026-08-24 14:18:10,203 INFO [IDENTIFY] matched=100009.3 similarity=0.6772
2026-08-24 14:21:43,924 INFO [FAISS] Loaded 185 embeddings
2026-08-24 14:41:00,895 ERROR [IDENTIFY] rejected: best_match=100039.2 similarity=0.4750 (< 0.50 threshold)
2026-08-24 14:41:34,946 ERROR [IDENTIFY] rejected: best_match=100039.2 similarity=0.4651 (< 0.50 threshold)
2026-08-24 14:49:38,220 INFO [FAISS] Loaded 185 embeddings
2026-08-24 15:18:57,860 INFO [IDENTIFY] matched=100039.2 similarity=0.5098
2026-08-24 15:22:36,244 INFO [FAISS] Loaded 185 embeddings
2026-08-24 17:18:35,247 INFO [IDENTIFY] matched=100195.1 similarity=0.8431
2026-08-24 17:18:41,290 INFO [IDENTIFY] matched=100195.1 similarity=0.8431
2026-08-24 18:10:23,868 INFO [IDENTIFY] matched=100073.3 similarity=0.7657
2026-08-24 18:10:27,730 INFO [IDENTIFY] matched=100073.3 similarity=0.7657
2026-08-24 18:14:10,484 INFO [IDENTIFY] matched=100086.2 similarity=0.6987
2026-08-24 18:14:13,915 INFO [IDENTIFY] matched=100086.2 similarity=0.6987
2026-08-24 18:14:51,309 INFO [IDENTIFY] matched=100012.3 similarity=0.7146
2026-08-24 18:15:13,755 INFO [IDENTIFY] matched=100085.2 similarity=0.7978
2026-08-24 18:15:16,973 INFO [IDENTIFY] matched=100085.2 similarity=0.7978
2026-08-24 18:59:03,007 INFO [IDENTIFY] matched=100028.2 similarity=0.6101
2026-08-24 19:04:41,318 INFO [IDENTIFY] matched=100046.2 similarity=0.5083
2026-08-24 19:04:59,799 INFO [IDENTIFY] matched=100039.2 similarity=0.6275
2026-08-24 19:12:49,096 INFO [IDENTIFY] matched=100012.2 similarity=0.6696
2026-08-24 19:14:07,321 INFO [IDENTIFY] matched=100038.2 similarity=0.8737
2026-08-24 19:16:44,864 INFO [IDENTIFY] matched=100046.2 similarity=0.6457
2026-08-24 19:18:14,264 INFO [IDENTIFY] matched=100037.2 similarity=0.5506
2026-08-24 19:20:31,017 INFO [IDENTIFY] matched=100056.2 similarity=0.6826
2026-08-24 19:23:26,043 ERROR [IDENTIFY] rejected: best_match=100064.3 similarity=0.4292 (< 0.50 threshold)
2026-08-24 19:30:49,565 INFO [IDENTIFY] matched=100063.3 similarity=0.7447
2026-08-24 19:30:52,725 INFO [IDENTIFY] matched=100063.3 similarity=0.7447
2026-08-24 19:37:06,445 ERROR [IDENTIFY] rejected: best_match=100069.3 similarity=0.4832 (< 0.50 threshold)
2026-08-24 19:37:21,403 ERROR [IDENTIFY] rejected: best_match=100069.3 similarity=0.4685 (< 0.50 threshold)
2026-08-24 19:37:38,432 INFO [IDENTIFY] matched=100069.3 similarity=0.5076
2026-08-24 19:37:40,777 INFO [IDENTIFY] matched=100069.3 similarity=0.5076
2026-08-24 20:03:58,505 INFO [IDENTIFY] matched=100082.2 similarity=0.6516
2026-08-24 20:04:04,968 INFO [IDENTIFY] matched=100082.2 similarity=0.6516
2026-08-24 20:12:20,282 INFO [IDENTIFY] matched=100084.2 similarity=0.6392
2026-08-24 20:12:29,673 INFO [IDENTIFY] matched=100084.2 similarity=0.6094
2026-08-24 20:12:57,653 INFO [IDENTIFY] matched=100084.2 similarity=0.6094
2026-08-24 20:22:42,220 INFO [IDENTIFY] matched=100045.2 similarity=0.5378
2026-08-24 20:22:46,314 INFO [IDENTIFY] matched=100045.2 similarity=0.5378
2026-08-24 20:40:29,305 INFO [IDENTIFY] matched=100009.2 similarity=0.7390
2026-08-24 20:56:21,818 ERROR [IDENTIFY] rejected: best_match=100097.3 similarity=0.4887 (< 0.50 threshold)
2026-08-24 20:56:43,740 INFO [IDENTIFY] matched=100097.3 similarity=0.6325
2026-08-24 21:00:30,908 INFO [IDENTIFY] matched=100021.2 similarity=0.5282
2026-08-24 21:19:06,281 INFO [IDENTIFY] matched=100088.3 similarity=0.5865
2026-08-24 21:19:08,863 INFO [IDENTIFY] matched=100088.3 similarity=0.5865
2026-08-24 21:23:20,380 INFO [IDENTIFY] matched=100077.2 similarity=0.7113
2026-08-24 22:17:52,917 INFO [IDENTIFY] matched=100002.3 similarity=0.5850
2026-08-24 23:31:16,687 INFO [IDENTIFY] matched=100003.2 similarity=0.5969
2026-08-24 23:57:05,782 INFO [IDENTIFY] matched=100083.2 similarity=0.5057
2026-08-24 23:57:37,099 INFO [IDENTIFY] matched=100006.2 similarity=0.6131
2026-08-24 23:57:49,663 INFO [IDENTIFY] matched=100006.2 similarity=0.6131
2026-08-24 23:58:53,914 INFO [IDENTIFY] matched=100006.2 similarity=0.5929
2026-08-24 23:58:59,345 INFO [IDENTIFY] matched=100004.2 similarity=0.7371
2026-08-24 23:59:05,376 INFO [IDENTIFY] matched=100004.2 similarity=0.7371
2026-08-24 23:59:13,291 INFO [IDENTIFY] matched=100006.2 similarity=0.5929
2026-08-25 00:00:34,988 ERROR [IDENTIFY] rejected: best_match=100006.2 similarity=0.3255 (< 0.50 threshold)
2026-08-25 02:29:42,512 ERROR [IDENTIFY] rejected: best_match=100004.2 similarity=0.2732 (< 0.50 threshold)
2026-08-25 06:08:49,107 ERROR [IDENTIFY] rejected: best_match=100084.2 similarity=0.4729 (< 0.50 threshold)
2026-08-25 06:09:12,786 INFO [IDENTIFY] matched=100084.2 similarity=0.6454
2026-08-25 06:09:32,489 INFO [IDENTIFY] matched=100084.2 similarity=0.6454
2026-08-25 07:19:00,948 INFO [IDENTIFY] matched=100073.3 similarity=0.6923
2026-08-25 07:19:04,326 INFO [IDENTIFY] matched=100073.3 similarity=0.6923
2026-08-25 07:21:10,048 INFO [IDENTIFY] matched=100082.2 similarity=0.6232
2026-08-25 07:21:14,350 INFO [IDENTIFY] matched=100082.2 similarity=0.6232
2026-08-25 07:45:33,184 INFO [IDENTIFY] matched=100072.3 similarity=0.7709
2026-08-25 07:45:36,212 INFO [IDENTIFY] matched=100072.3 similarity=0.7709
2026-08-25 07:59:14,705 INFO [IDENTIFY] matched=100069.3 similarity=0.5399
2026-08-25 07:59:17,173 INFO [IDENTIFY] matched=100069.3 similarity=0.5399
2026-08-25 08:06:23,530 INFO [IDENTIFY] matched=100001.3 similarity=0.5759
2026-08-25 08:13:24,699 INFO [IDENTIFY] matched=100126.3 similarity=0.5909
2026-08-25 08:13:28,434 INFO [IDENTIFY] matched=100126.3 similarity=0.5909
2026-08-25 08:23:00,182 ERROR [IDENTIFY] rejected: best_match=100009.3 similarity=0.4595 (< 0.50 threshold)
2026-08-25 08:24:22,606 INFO [IDENTIFY] matched=100009.3 similarity=0.6164
2026-08-25 08:53:13,277 ERROR [IDENTIFY] rejected: best_match=100006.2 similarity=0.4354 (< 0.50 threshold)
2026-08-25 08:53:47,912 INFO [IDENTIFY] matched=100006.2 similarity=0.5577
2026-08-25 08:53:51,604 INFO [IDENTIFY] matched=100006.2 similarity=0.5577
2026-08-25 08:56:34,319 ERROR [IDENTIFY] rejected: best_match=100079.3 similarity=0.4804 (< 0.50 threshold)
2026-08-25 08:57:03,232 INFO [IDENTIFY] matched=100079.3 similarity=0.6622
2026-08-25 08:57:06,418 INFO [IDENTIFY] matched=100079.3 similarity=0.6622
2026-08-25 09:04:39,608 INFO [IDENTIFY] matched=100003.2 similarity=0.5843
2026-08-25 09:05:52,481 INFO [IDENTIFY] matched=100061.3 similarity=0.5385
2026-08-25 09:05:55,170 INFO [IDENTIFY] matched=100061.3 similarity=0.5385
2026-08-25 09:06:15,786 INFO [IDENTIFY] matched=100144.3 similarity=0.7004
2026-08-25 09:06:18,990 INFO [IDENTIFY] matched=100144.3 similarity=0.7004
2026-08-25 09:06:19,817 INFO [IDENTIFY] matched=100076.3 similarity=0.5909
2026-08-25 09:08:19,605 INFO [IDENTIFY] matched=100004.2 similarity=0.5770
2026-08-25 09:08:24,413 INFO [IDENTIFY] matched=100004.2 similarity=0.5770
2026-08-25 09:09:26,928 INFO [IDENTIFY] matched=100071.3 similarity=0.5059
2026-08-25 09:09:30,829 INFO [IDENTIFY] matched=100071.3 similarity=0.5059
2026-08-25 09:11:30,448 INFO [IDENTIFY] matched=100067.2 similarity=0.7125
2026-08-25 09:11:35,499 INFO [IDENTIFY] matched=100067.2 similarity=0.7125
2026-08-25 09:13:16,674 INFO [IDENTIFY] matched=100088.3 similarity=0.6486
2026-08-25 09:13:18,958 INFO [IDENTIFY] matched=100088.3 similarity=0.6486
2026-08-25 09:13:48,291 INFO [IDENTIFY] matched=100088.3 similarity=0.6349
2026-08-25 09:13:50,910 INFO [IDENTIFY] matched=100088.3 similarity=0.6349
2026-08-25 09:14:12,428 ERROR [IDENTIFY] rejected: no face detected in any of 10 frame(s)
2026-08-25 09:14:36,579 INFO [IDENTIFY] matched=100097.3 similarity=0.7033
2026-08-25 09:14:41,781 INFO [IDENTIFY] matched=100086.2 similarity=0.7339
2026-08-25 09:14:53,830 INFO [IDENTIFY] matched=100086.2 similarity=0.7339
2026-08-25 09:15:30,205 ERROR [IDENTIFY] rejected: best_match=100679.1 similarity=0.4918 (< 0.50 threshold)
2026-08-25 09:15:36,852 ERROR [IDENTIFY] rejected: best_match=100679.1 similarity=0.4939 (< 0.50 threshold)
2026-08-25 09:15:57,139 INFO [IDENTIFY] matched=100679.1 similarity=0.5584
2026-08-25 09:16:00,729 INFO [IDENTIFY] matched=100679.1 similarity=0.5584
2026-08-25 09:32:56,032 INFO [IDENTIFY] matched=100046.3 similarity=0.5705
2026-08-25 09:39:45,985 ERROR [IDENTIFY] rejected: best_match=100083.2 similarity=0.3348 (< 0.50 threshold)
2026-08-25 09:40:02,489 INFO [IDENTIFY] matched=100083.2 similarity=0.5170
2026-08-25 09:40:09,587 INFO [IDENTIFY] matched=100083.2 similarity=0.5170
2026-08-25 09:45:09,770 INFO [IDENTIFY] matched=100062.3 similarity=0.7320
2026-08-25 09:45:12,732 INFO [IDENTIFY] matched=100062.3 similarity=0.7320
2026-08-25 09:48:22,838 INFO [IDENTIFY] matched=100652.1 similarity=0.7402
2026-08-25 09:48:28,359 INFO [IDENTIFY] matched=100652.1 similarity=0.7402
2026-08-25 09:54:13,591 ERROR [IDENTIFY] rejected: no face detected in any of 10 frame(s)
2026-08-25 09:54:30,916 ERROR [IDENTIFY] rejected: no face detected in any of 10 frame(s)
2026-08-25 09:54:54,710 INFO [IDENTIFY] matched=100065.3 similarity=0.5991
2026-08-25 09:54:57,146 INFO [IDENTIFY] matched=100065.3 similarity=0.5991
2026-08-25 09:55:16,239 INFO [IDENTIFY] matched=100067.3 similarity=0.7144
2026-08-25 09:55:19,399 INFO [IDENTIFY] matched=100067.3 similarity=0.7144
2026-08-25 09:58:06,249 INFO [IDENTIFY] matched=100012.2 similarity=0.7558
2026-08-25 10:04:35,930 INFO [IDENTIFY] matched=100125.3 similarity=0.6207
2026-08-25 10:04:38,116 INFO [IDENTIFY] matched=100125.3 similarity=0.6207
2026-08-25 10:05:19,143 INFO [IDENTIFY] matched=100125.3 similarity=0.6165
2026-08-25 10:05:23,019 INFO [IDENTIFY] matched=100017.3 similarity=0.5672
2026-08-25 10:05:23,020 INFO [IDENTIFY] matched=100125.3 similarity=0.6165
2026-08-25 10:05:26,156 INFO [IDENTIFY] matched=100017.3 similarity=0.5672
2026-08-25 10:05:30,431 INFO [IDENTIFY] matched=100013.3 similarity=0.7343
2026-08-25 10:05:38,155 INFO [IDENTIFY] matched=100124.3 similarity=0.5438
2026-08-25 10:05:41,624 INFO [IDENTIFY] matched=100124.3 similarity=0.5438
2026-08-25 10:05:54,635 INFO [IDENTIFY] matched=100038.2 similarity=0.7782
2026-08-25 10:07:56,982 ERROR [IDENTIFY] rejected: best_match=100015.3 similarity=0.4834 (< 0.50 threshold)
2026-08-25 10:08:32,309 INFO [IDENTIFY] matched=100009.2 similarity=0.5806
2026-08-25 10:08:33,319 INFO [IDENTIFY] matched=100015.3 similarity=0.5801
2026-08-25 10:30:43,439 INFO [IDENTIFY] matched=100056.2 similarity=0.5444
2026-08-25 10:36:16,052 INFO [IDENTIFY] matched=100002.3 similarity=0.6469
2026-08-25 10:51:17,602 INFO [IDENTIFY] matched=100008.3 similarity=0.6524
2026-08-25 10:51:22,357 INFO [IDENTIFY] matched=100008.3 similarity=0.6524
2026-08-25 10:52:23,067 INFO [IDENTIFY] matched=100010.3 similarity=0.6773
2026-08-25 10:52:28,398 INFO [IDENTIFY] matched=100010.3 similarity=0.6773
2026-08-25 10:52:56,302 INFO [IDENTIFY] matched=100012.3 similarity=0.5814
2026-08-25 10:53:02,949 INFO [IDENTIFY] matched=100012.3 similarity=0.5814
2026-08-25 10:53:28,418 ERROR [IDENTIFY] rejected: no face detected in any of 10 frame(s)
2026-08-25 10:53:45,013 INFO [IDENTIFY] matched=100003.3 similarity=0.6442
2026-08-25 10:53:49,306 INFO [IDENTIFY] matched=100003.3 similarity=0.6442
2026-08-25 10:54:05,524 INFO [IDENTIFY] matched=100007.3 similarity=0.6221
2026-08-25 10:54:09,994 INFO [IDENTIFY] matched=100007.3 similarity=0.6221
2026-08-25 10:54:30,264 ERROR [IDENTIFY] rejected: no face detected in any of 10 frame(s)
2026-08-25 10:54:48,846 INFO [IDENTIFY] matched=100006.3 similarity=0.5657
2026-08-25 10:54:53,499 INFO [IDENTIFY] matched=100006.3 similarity=0.5657
2026-08-25 10:55:17,712 INFO [IDENTIFY] matched=100005.3 similarity=0.6785
2026-08-25 10:55:22,573 INFO [IDENTIFY] matched=100005.3 similarity=0.6785
2026-08-25 11:20:54,996 INFO [IDENTIFY] matched=100023.2 similarity=0.5516
2026-08-25 11:21:01,065 INFO [IDENTIFY] matched=100023.2 similarity=0.5516
2026-08-25 11:49:56,265 INFO [IDENTIFY] matched=100077.2 similarity=0.7032
2026-08-25 14:03:33,704 INFO [IDENTIFY] matched=100009.3 similarity=0.6639
2026-08-25 14:23:37,134 INFO [IDENTIFY] matched=100039.2 similarity=0.5446
2026-08-25 16:58:52,151 INFO [IDENTIFY] matched=100073.3 similarity=0.6570
2026-08-25 16:58:55,089 INFO [IDENTIFY] matched=100073.3 similarity=0.6570
2026-08-25 16:59:48,138 INFO [IDENTIFY] matched=100001.3 similarity=0.6406
2026-08-25 18:11:40,143 INFO [IDENTIFY] matched=100003.2 similarity=0.6151
2026-08-25 18:28:02,958 ERROR [IDENTIFY] rejected: best_match=100064.3 similarity=0.4559 (< 0.50 threshold)
2026-08-25 18:36:32,969 ERROR [IDENTIFY] rejected: best_match=100061.3 similarity=0.4750 (< 0.50 threshold)
2026-08-25 18:43:46,427 INFO [IDENTIFY] matched=100012.3 similarity=0.6606
2026-08-25 19:03:38,654 INFO [IDENTIFY] matched=100009.2 similarity=0.7124
2026-08-25 19:07:13,916 INFO [IDENTIFY] matched=100056.2 similarity=0.5650
2026-08-25 19:07:49,141 INFO [IDENTIFY] matched=100038.2 similarity=0.7770
2026-08-25 19:09:17,211 INFO [IDENTIFY] matched=100037.2 similarity=0.5695
2026-08-25 19:42:56,904 INFO [IDENTIFY] matched=100069.3 similarity=0.5565
2026-08-25 19:42:59,401 INFO [IDENTIFY] matched=100069.3 similarity=0.5565
2026-08-25 20:13:46,426 ERROR [IDENTIFY] rejected: best_match=100048.3 similarity=0.2773 (< 0.50 threshold)
2026-08-25 20:14:00,362 INFO [IDENTIFY] matched=100082.2 similarity=0.6477
2026-08-25 20:14:03,631 INFO [IDENTIFY] matched=100082.2 similarity=0.6477
2026-08-25 20:45:24,364 INFO [IDENTIFY] matched=100004.2 similarity=0.6138
2026-08-25 20:45:26,801 INFO [IDENTIFY] matched=100004.2 similarity=0.6138
2026-08-25 20:46:59,245 INFO [IDENTIFY] matched=100006.2 similarity=0.6074
2026-08-25 20:47:12,973 INFO [IDENTIFY] matched=100006.2 similarity=0.6074
2026-08-25 20:55:57,117 INFO [IDENTIFY] matched=100097.3 similarity=0.6098
2026-08-25 21:10:12,829 INFO [IDENTIFY] matched=100021.2 similarity=0.5326
2026-08-25 21:10:42,487 INFO [IDENTIFY] matched=100021.2 similarity=0.5099
2026-08-25 21:45:45,618 INFO [IDENTIFY] matched=100088.3 similarity=0.5884
2026-08-25 21:45:48,474 INFO [IDENTIFY] matched=100088.3 similarity=0.5884
2026-08-25 22:40:51,768 ERROR [IDENTIFY] rejected: best_match=100652.1 similarity=0.4753 (< 0.50 threshold)
2026-08-25 22:41:06,113 INFO [IDENTIFY] matched=100652.1 similarity=0.6950
2026-08-25 22:41:09,111 INFO [IDENTIFY] matched=100652.1 similarity=0.6950
2026-08-25 23:08:50,678 INFO [IDENTIFY] matched=100067.2 similarity=0.7079
2026-08-25 23:08:57,399 INFO [IDENTIFY] matched=100067.2 similarity=0.7079
2026-08-25 23:19:03,564 INFO [IDENTIFY] matched=100002.3 similarity=0.6617
2026-08-25 23:22:55,958 INFO [IDENTIFY] matched=100001.5 similarity=0.8338
2026-08-25 23:24:44,820 INFO [IDENTIFY] matched=100001.5 similarity=0.7607
2026-08-25 23:27:05,001 INFO [IDENTIFY] matched=100039.2 similarity=0.6041
2026-08-25 23:28:23,313 INFO [IDENTIFY] matched=100001.5 similarity=0.8062
2026-08-25 23:28:25,929 INFO [IDENTIFY] matched=100001.5 similarity=0.8062
2026-08-25 23:36:01,137 INFO [IDENTIFY] matched=100001.5 similarity=0.5358
2026-08-25 23:36:08,065 INFO [IDENTIFY] matched=100001.5 similarity=0.5358
2026-08-25 23:36:57,419 INFO [IDENTIFY] matched=100002.5 similarity=0.7666
2026-08-25 23:39:38,685 INFO [IDENTIFY] matched=100002.5 similarity=0.6017
2026-08-25 23:47:48,274 ERROR [IDENTIFY] rejected: best_match=100002.5 similarity=0.2739 (< 0.50 threshold)
2026-08-25 23:48:06,822 INFO [IDENTIFY] matched=100002.5 similarity=0.5682
2026-08-25 23:48:11,270 INFO [IDENTIFY] matched=100002.5 similarity=0.5682
2026-08-25 23:49:24,860 INFO [IDENTIFY] matched=100002.5 similarity=0.6250
2026-08-25 23:49:28,355 INFO [IDENTIFY] matched=100002.5 similarity=0.6250
2026-08-25 23:53:12,040 INFO [IDENTIFY] matched=100002.5 similarity=0.5631
2026-08-25 23:53:14,575 INFO [IDENTIFY] matched=100002.5 similarity=0.5631
2026-08-25 23:55:18,173 ERROR [IDENTIFY] rejected: best_match=100023.2 similarity=0.3605 (< 0.50 threshold)
2026-08-25 23:55:34,961 ERROR [IDENTIFY] rejected: best_match=100023.2 similarity=0.4171 (< 0.50 threshold)
2026-08-25 23:56:04,517 INFO [IDENTIFY] matched=100023.2 similarity=0.5673
2026-08-25 23:56:10,448 INFO [IDENTIFY] matched=100023.2 similarity=0.5673
2026-08-26 00:38:40,485 INFO [FAISS] Loaded 187 embeddings
2026-08-26 06:21:00,393 INFO [IDENTIFY] matched=100082.2 similarity=0.5551
2026-08-26 06:21:06,128 INFO [IDENTIFY] matched=100082.2 similarity=0.5551
2026-08-26 08:00:09,208 INFO [IDENTIFY] matched=100652.1 similarity=0.5738
2026-08-26 08:00:13,080 INFO [IDENTIFY] matched=100652.1 similarity=0.5738
2026-08-26 08:30:00,965 INFO [IDENTIFY] matched=100126.3 similarity=0.5266
2026-08-26 08:30:05,592 INFO [IDENTIFY] matched=100126.3 similarity=0.5266
2026-08-26 09:10:17,851 INFO [IDENTIFY] matched=100079.3 similarity=0.5960
2026-08-26 09:10:22,259 INFO [IDENTIFY] matched=100079.3 similarity=0.5960
2026-08-26 09:17:40,975 INFO [IDENTIFY] matched=100067.2 similarity=0.7473
2026-08-26 09:17:45,219 INFO [IDENTIFY] matched=100067.2 similarity=0.7473
2026-08-26 09:18:04,049 INFO [IDENTIFY] matched=100023.2 similarity=0.5914
2026-08-26 09:18:07,714 INFO [IDENTIFY] matched=100023.2 similarity=0.5914
2026-08-26 09:20:22,640 ERROR [IDENTIFY] rejected: best_match=100004.2 similarity=0.4813 (< 0.50 threshold)
2026-08-26 09:20:47,583 INFO [IDENTIFY] matched=100004.2 similarity=0.5452
2026-08-26 09:20:50,826 INFO [IDENTIFY] matched=100004.2 similarity=0.5452
2026-08-26 10:22:45,728 INFO [IDENTIFY] matched=100097.3 similarity=0.6009
2026-08-26 15:12:43,779 ERROR [IDENTIFY] rejected: best_match=100002.5 similarity=0.3789 (< 0.50 threshold)
2026-08-26 15:12:51,702 INFO [IDENTIFY] matched=100001.5 similarity=0.6475
2026-08-26 18:07:06,346 INFO [IDENTIFY] matched=100004.2 similarity=0.5250
2026-08-26 18:07:09,819 INFO [IDENTIFY] matched=100004.2 similarity=0.5250
2026-08-26 18:07:12,567 INFO [IDENTIFY] matched=100023.2 similarity=0.5243
2026-08-26 18:07:17,410 INFO [IDENTIFY] matched=100023.2 similarity=0.5243
2026-08-26 18:55:26,686 INFO [IDENTIFY] matched=100067.2 similarity=0.5379
2026-08-26 18:55:29,447 INFO [IDENTIFY] matched=100067.2 similarity=0.5379
2026-08-26 21:20:09,905 INFO [IDENTIFY] matched=100097.3 similarity=0.5705
2026-08-27 00:01:43,614 INFO [FAISS] Loaded 187 embeddings
2026-08-27 02:59:18,652 INFO [FAISS] Loaded 187 embeddings
2026-08-27 06:35:41,537 INFO [IDENTIFY] matched=100009.3 similarity=0.6469
2026-08-27 07:07:34,718 INFO [IDENTIFY] matched=100652.1 similarity=0.6314
2026-08-27 07:07:37,621 INFO [IDENTIFY] matched=100652.1 similarity=0.6314
2026-08-27 07:07:55,244 INFO [IDENTIFY] matched=100652.1 similarity=0.6100
2026-08-27 07:07:57,902 INFO [IDENTIFY] matched=100652.1 similarity=0.6100
2026-08-27 07:10:34,528 INFO [IDENTIFY] matched=100073.3 similarity=0.6591
2026-08-27 07:10:38,960 INFO [IDENTIFY] matched=100073.3 similarity=0.6591
2026-08-27 07:56:44,632 ERROR [IDENTIFY] rejected: best_match=100088.3 similarity=0.4757 (< 0.50 threshold)
2026-08-27 07:57:04,697 ERROR [IDENTIFY] rejected: best_match=100088.3 similarity=0.4855 (< 0.50 threshold)
2026-08-27 07:57:25,753 INFO [IDENTIFY] matched=100072.3 similarity=0.8019
2026-08-27 07:57:27,906 ERROR [IDENTIFY] rejected: best_match=100088.3 similarity=0.3457 (< 0.50 threshold)
2026-08-27 07:57:28,321 INFO [IDENTIFY] matched=100072.3 similarity=0.8019
2026-08-27 07:57:44,042 INFO [IDENTIFY] matched=100063.3 similarity=0.5645
2026-08-27 07:57:47,593 INFO [IDENTIFY] matched=100063.3 similarity=0.5645
2026-08-27 07:58:11,926 INFO [IDENTIFY] matched=100088.3 similarity=0.5904
2026-08-27 07:58:15,393 INFO [IDENTIFY] matched=100088.3 similarity=0.5904
2026-08-27 08:02:42,391 ERROR [IDENTIFY] rejected: best_match=100069.3 similarity=0.4631 (< 0.50 threshold)
2026-08-27 08:02:57,001 ERROR [IDENTIFY] rejected: best_match=100069.3 similarity=0.4533 (< 0.50 threshold)
2026-08-27 08:03:12,090 ERROR [IDENTIFY] rejected: best_match=100069.3 similarity=0.3021 (< 0.50 threshold)
2026-08-27 08:03:40,860 INFO [IDENTIFY] matched=100069.3 similarity=0.5267
2026-08-27 08:03:43,604 INFO [IDENTIFY] matched=100069.3 similarity=0.5267
2026-08-27 08:07:40,774 INFO [IDENTIFY] matched=100079.3 similarity=0.6626
2026-08-27 08:07:42,970 INFO [IDENTIFY] matched=100079.3 similarity=0.6626
2026-08-27 08:18:07,900 ERROR [IDENTIFY] rejected: best_match=100126.3 similarity=0.4929 (< 0.50 threshold)
2026-08-27 08:18:40,569 ERROR [IDENTIFY] rejected: best_match=100126.3 similarity=0.4656 (< 0.50 threshold)
2026-08-27 08:19:02,083 INFO [IDENTIFY] matched=100126.3 similarity=0.5340
2026-08-27 08:19:05,141 INFO [IDENTIFY] matched=100126.3 similarity=0.5340
2026-08-27 08:20:44,619 INFO [IDENTIFY] matched=100078.3 similarity=0.7036
2026-08-27 08:29:56,328 INFO [IDENTIFY] matched=100081.2 similarity=0.6065
2026-08-27 08:30:00,285 INFO [IDENTIFY] matched=100081.2 similarity=0.6065
2026-08-27 08:49:55,917 INFO [IDENTIFY] matched=100067.2 similarity=0.7444
2026-08-27 08:50:00,584 INFO [IDENTIFY] matched=100067.2 similarity=0.7444
2026-08-27 08:50:18,157 INFO [IDENTIFY] matched=100001.3 similarity=0.5351
2026-08-27 08:51:56,070 INFO [IDENTIFY] matched=100003.2 similarity=0.6004
2026-08-27 08:53:04,142 INFO [IDENTIFY] matched=100023.2 similarity=0.5940
2026-08-27 08:53:07,593 INFO [IDENTIFY] matched=100023.2 similarity=0.5940
2026-08-27 08:56:50,508 INFO [IDENTIFY] matched=100061.3 similarity=0.5444
2026-08-27 08:56:52,928 INFO [IDENTIFY] matched=100061.3 similarity=0.5444
2026-08-27 09:12:17,235 INFO [IDENTIFY] matched=100013.3 similarity=0.7447
2026-08-27 09:12:49,744 INFO [IDENTIFY] matched=100004.2 similarity=0.5817
2026-08-27 09:12:55,760 INFO [IDENTIFY] matched=100004.2 similarity=0.5817
2026-08-27 09:35:37,222 INFO [IDENTIFY] matched=100062.3 similarity=0.6315
2026-08-27 09:35:39,777 INFO [IDENTIFY] matched=100062.3 similarity=0.6315
2026-08-27 09:35:59,361 INFO [IDENTIFY] matched=100065.3 similarity=0.6399
2026-08-27 09:36:02,077 INFO [IDENTIFY] matched=100065.3 similarity=0.6399
2026-08-27 09:49:08,924 INFO [IDENTIFY] matched=100039.3 similarity=0.7230
2026-08-27 09:49:11,030 INFO [IDENTIFY] matched=100039.3 similarity=0.7230
2026-08-27 09:55:01,662 INFO [IDENTIFY] matched=100002.3 similarity=0.6451
2026-08-27 09:55:42,596 ERROR [IDENTIFY] rejected: best_match=100125.3 similarity=0.3650 (< 0.50 threshold)
2026-08-27 09:56:06,033 INFO [IDENTIFY] matched=100124.3 similarity=0.6270
2026-08-27 09:56:13,800 INFO [IDENTIFY] matched=100124.3 similarity=0.6270
2026-08-27 09:59:36,793 INFO [IDENTIFY] matched=100009.2 similarity=0.6686
2026-08-27 10:02:52,069 INFO [IDENTIFY] matched=100097.3 similarity=0.6832
2026-08-27 10:03:04,356 INFO [IDENTIFY] matched=100097.3 similarity=0.6346
2026-08-27 10:04:44,243 INFO [IDENTIFY] matched=100005.3 similarity=0.7037
2026-08-27 10:04:48,663 INFO [IDENTIFY] matched=100005.3 similarity=0.7037
2026-08-27 10:05:05,007 INFO [IDENTIFY] matched=100006.3 similarity=0.7522
2026-08-27 10:05:09,302 INFO [IDENTIFY] matched=100006.3 similarity=0.7522
2026-08-27 10:05:23,919 INFO [IDENTIFY] matched=100008.3 similarity=0.7119
2026-08-27 10:05:28,198 INFO [IDENTIFY] matched=100008.3 similarity=0.7119
2026-08-27 10:08:47,841 INFO [IDENTIFY] matched=100038.2 similarity=0.7550
2026-08-27 10:32:36,057 INFO [IDENTIFY] matched=100017.3 similarity=0.5449
2026-08-27 10:32:38,592 INFO [IDENTIFY] matched=100017.3 similarity=0.5449
2026-08-27 10:48:39,465 INFO [IDENTIFY] matched=100056.2 similarity=0.6423
2026-08-27 10:51:32,047 INFO [IDENTIFY] matched=100012.2 similarity=0.7682
2026-08-27 11:38:04,553 INFO [FAISS] Loaded 187 embeddings
2026-08-27 12:15:44,944 INFO [FAISS] Loaded 187 embeddings
2026-08-27 12:48:23,635 INFO [FAISS] Loaded 187 embeddings
2026-08-27 13:09:57,451 INFO [FAISS] Loaded 187 embeddings
2026-08-27 13:18:50,922 INFO [IDENTIFY] matched=100017.3 similarity=0.6964
2026-08-27 13:18:54,236 INFO [IDENTIFY] matched=100017.3 similarity=0.6964
2026-08-27 13:37:08,598 INFO [FAISS] Loaded 187 embeddings
2026-08-27 13:49:54,571 INFO [FAISS] Loaded 187 embeddings
2026-08-27 14:10:28,020 INFO [IDENTIFY] matched=100009.3 similarity=0.6102
2026-08-27 14:34:27,738 INFO [IDENTIFY] matched=100012.3 similarity=0.6229
2026-08-27 17:36:38,834 INFO [IDENTIFY] matched=100064.3 similarity=0.5896
2026-08-27 17:36:42,489 INFO [IDENTIFY] matched=100064.3 similarity=0.5896
2026-08-27 18:18:04,335 INFO [IDENTIFY] matched=100073.3 similarity=0.6394
2026-08-27 18:18:15,686 INFO [IDENTIFY] matched=100073.3 similarity=0.6394
2026-08-27 18:42:06,800 INFO [IDENTIFY] matched=100012.3 similarity=0.5913
2026-08-27 19:08:31,091 INFO [IDENTIFY] matched=100009.2 similarity=0.7678
2026-08-27 19:14:33,785 INFO [IDENTIFY] matched=100037.2 similarity=0.5506
2026-08-27 19:30:09,574 INFO [IDENTIFY] matched=100072.3 similarity=0.7582
2026-08-27 19:30:14,636 INFO [IDENTIFY] matched=100072.3 similarity=0.7582
2026-08-27 19:39:04,399 INFO [IDENTIFY] matched=100063.3 similarity=0.7583
2026-08-27 19:39:07,415 INFO [IDENTIFY] matched=100063.3 similarity=0.7583
2026-08-27 19:44:03,813 ERROR [IDENTIFY] rejected: best_match=100069.3 similarity=0.4176 (< 0.50 threshold)
2026-08-27 19:44:20,008 ERROR [IDENTIFY] rejected: best_match=100069.3 similarity=0.4771 (< 0.50 threshold)
2026-08-27 19:44:35,893 INFO [IDENTIFY] matched=100069.3 similarity=0.5408
2026-08-27 19:44:39,477 INFO [IDENTIFY] matched=100069.3 similarity=0.5408
2026-08-27 20:14:44,513 INFO [IDENTIFY] matched=100082.2 similarity=0.5437
2026-08-27 20:14:48,477 INFO [IDENTIFY] matched=100082.2 similarity=0.5437
2026-08-27 20:27:16,768 ERROR [IDENTIFY] rejected: best_match=100061.3 similarity=0.3693 (< 0.50 threshold)
2026-08-27 20:31:42,580 INFO [IDENTIFY] matched=100003.2 similarity=0.5705
2026-08-27 21:15:20,027 INFO [IDENTIFY] matched=100097.3 similarity=0.6265
2026-08-27 21:17:11,137 INFO [IDENTIFY] matched=100088.3 similarity=0.6223
2026-08-27 21:17:15,647 INFO [IDENTIFY] matched=100088.3 similarity=0.6223
2026-08-27 22:01:20,658 INFO [IDENTIFY] matched=100023.2 similarity=0.5225
2026-08-27 22:01:23,387 INFO [IDENTIFY] matched=100023.2 similarity=0.5225
2026-08-27 23:09:36,645 INFO [IDENTIFY] matched=100002.3 similarity=0.6947
2026-08-27 23:20:23,186 INFO [IDENTIFY] matched=100067.2 similarity=0.5898
2026-08-27 23:20:26,675 INFO [IDENTIFY] matched=100067.2 similarity=0.5898
2026-08-27 23:36:07,374 INFO [IDENTIFY] matched=100652.1 similarity=0.6110
2026-08-27 23:36:10,384 INFO [IDENTIFY] matched=100652.1 similarity=0.6110
2026-08-28 07:11:36,139 INFO [IDENTIFY] matched=100652.1 similarity=0.6590
2026-08-28 07:11:41,629 INFO [IDENTIFY] matched=100652.1 similarity=0.6590
2026-08-28 07:32:03,343 INFO [IDENTIFY] matched=100073.3 similarity=0.7537
2026-08-28 07:32:09,023 INFO [IDENTIFY] matched=100073.3 similarity=0.7537
2026-08-28 07:56:10,443 INFO [IDENTIFY] matched=100063.3 similarity=0.8468
2026-08-28 07:56:13,830 INFO [IDENTIFY] matched=100063.3 similarity=0.8468
2026-08-28 08:01:11,802 INFO [IDENTIFY] matched=100069.3 similarity=0.5624
2026-08-28 08:01:14,996 INFO [IDENTIFY] matched=100069.3 similarity=0.5624
2026-08-28 08:23:46,904 INFO [IDENTIFY] matched=100076.3 similarity=0.5354
2026-08-28 08:33:46,680 INFO [IDENTIFY] matched=100079.3 similarity=0.5813
2026-08-28 08:33:49,807 INFO [IDENTIFY] matched=100079.3 similarity=0.5813
2026-08-28 08:38:10,366 INFO [IDENTIFY] matched=100088.3 similarity=0.5318
2026-08-28 08:38:13,242 INFO [IDENTIFY] matched=100088.3 similarity=0.5318
2026-08-28 08:38:31,749 INFO [IDENTIFY] matched=100088.3 similarity=0.5312
2026-08-28 08:38:34,203 INFO [IDENTIFY] matched=100088.3 similarity=0.5312
2026-08-28 09:03:40,199 INFO [IDENTIFY] matched=100097.3 similarity=0.5587
2026-08-28 09:04:57,448 INFO [IDENTIFY] matched=100001.3 similarity=0.6192
2026-08-28 09:06:28,184 INFO [IDENTIFY] matched=100012.3 similarity=0.5679
2026-08-28 09:13:48,050 INFO [IDENTIFY] matched=100004.2 similarity=0.5059
2026-08-28 09:13:50,767 INFO [IDENTIFY] matched=100004.2 similarity=0.5059
2026-08-28 09:14:10,434 INFO [IDENTIFY] matched=100067.2 similarity=0.6467
2026-08-28 09:14:14,718 INFO [IDENTIFY] matched=100067.2 similarity=0.6467
2026-08-28 09:14:37,110 INFO [IDENTIFY] matched=100081.2 similarity=0.6324
2026-08-28 09:14:40,715 INFO [IDENTIFY] matched=100081.2 similarity=0.6324
2026-08-28 09:14:54,859 INFO [IDENTIFY] matched=100013.3 similarity=0.6099
2026-08-28 09:15:11,717 INFO [IDENTIFY] matched=100023.2 similarity=0.6278
2026-08-28 09:15:22,432 INFO [IDENTIFY] matched=100023.2 similarity=0.6278
2026-08-28 09:22:23,400 INFO [IDENTIFY] matched=100071.3 similarity=0.5035
2026-08-28 09:22:26,358 INFO [IDENTIFY] matched=100071.3 similarity=0.5035
2026-08-28 09:27:59,756 INFO [IDENTIFY] matched=100046.3 similarity=0.5436
2026-08-28 09:32:40,821 INFO [IDENTIFY] matched=100124.3 similarity=0.6693
2026-08-28 09:32:51,316 INFO [IDENTIFY] matched=100124.3 similarity=0.6693
2026-08-28 09:34:13,902 ERROR [IDENTIFY] rejected: no face detected in any of 10 frame(s)
2026-08-28 09:37:23,846 INFO [IDENTIFY] matched=100061.3 similarity=0.5056
2026-08-28 09:37:25,964 INFO [IDENTIFY] matched=100061.3 similarity=0.5056
2026-08-28 09:41:26,098 INFO [IDENTIFY] matched=100003.2 similarity=0.5780
2026-08-28 09:43:31,317 INFO [IDENTIFY] matched=100062.3 similarity=0.5017
2026-08-28 09:43:33,582 INFO [IDENTIFY] matched=100062.3 similarity=0.5017
2026-08-28 09:45:52,957 INFO [IDENTIFY] matched=100083.2 similarity=0.5271
2026-08-28 09:45:58,039 INFO [IDENTIFY] matched=100039.3 similarity=0.6778
2026-08-28 09:46:00,325 INFO [IDENTIFY] matched=100039.3 similarity=0.6778
2026-08-28 09:46:03,080 INFO [IDENTIFY] matched=100065.3 similarity=0.6915
2026-08-28 09:46:05,935 INFO [IDENTIFY] matched=100065.3 similarity=0.6915
2026-08-28 09:46:09,266 INFO [IDENTIFY] matched=100041.3 similarity=0.6136
2026-08-28 09:46:12,517 INFO [IDENTIFY] matched=100041.3 similarity=0.6136
2026-08-28 09:46:27,284 INFO [IDENTIFY] matched=100004.3 similarity=0.6119
2026-08-28 09:46:30,237 INFO [IDENTIFY] matched=100004.3 similarity=0.6119
2026-08-28 09:47:02,262 INFO [IDENTIFY] matched=100083.2 similarity=0.5036
2026-08-28 09:47:07,040 INFO [IDENTIFY] matched=100083.2 similarity=0.5036
2026-08-28 09:55:24,417 INFO [IDENTIFY] matched=100009.2 similarity=0.6541
2026-08-28 09:57:09,471 INFO [IDENTIFY] matched=100012.2 similarity=0.7741
2026-08-28 10:10:28,336 INFO [IDENTIFY] matched=100015.3 similarity=0.5484
2026-08-28 10:14:57,378 INFO [IDENTIFY] matched=100038.2 similarity=0.8514
2026-08-28 10:19:02,445 INFO [FAISS] Loaded 187 embeddings
2026-08-28 10:28:19,250 INFO [IDENTIFY] matched=100002.3 similarity=0.7531
2026-08-28 10:31:23,426 INFO [IDENTIFY] matched=100005.3 similarity=0.7638
2026-08-28 10:31:27,752 INFO [IDENTIFY] matched=100005.3 similarity=0.7638
2026-08-28 10:32:02,510 INFO [IDENTIFY] matched=100003.3 similarity=0.6574
2026-08-28 10:32:06,814 INFO [IDENTIFY] matched=100003.3 similarity=0.6574
2026-08-28 10:37:06,449 INFO [IDENTIFY] matched=100010.3 similarity=0.5880
2026-08-28 10:37:11,353 INFO [IDENTIFY] matched=100010.3 similarity=0.5880
2026-08-28 10:37:34,694 INFO [IDENTIFY] matched=100010.3 similarity=0.6924
2026-08-28 10:40:08,733 INFO [IDENTIFY] matched=100008.3 similarity=0.7014
2026-08-28 10:40:14,167 INFO [IDENTIFY] matched=100008.3 similarity=0.7014
2026-08-28 10:42:21,227 INFO [IDENTIFY] matched=100037.2 similarity=0.5837
2026-08-28 10:52:34,432 INFO [IDENTIFY] matched=100003.3 similarity=0.6250
2026-08-28 10:58:47,118 INFO [FAISS] Loaded 187 embeddings
2026-08-28 14:22:01,763 INFO [IDENTIFY] matched=100009.3 similarity=0.6006
2026-08-28 14:28:49,997 INFO [IDENTIFY] matched=100039.2 similarity=0.5755
2026-08-28 16:25:54,757 INFO [IDENTIFY] matched=100010.3 similarity=0.6616
2026-08-28 16:28:10,412 INFO [IDENTIFY] matched=100003.3 similarity=0.5852
2026-08-28 16:48:29,011 INFO [FAISS] Loaded 187 embeddings
2026-08-28 17:51:39,249 INFO [IDENTIFY] matched=100083.2 similarity=0.5132
2026-08-28 17:51:42,931 INFO [IDENTIFY] matched=100083.2 similarity=0.5132
2026-08-28 18:07:29,070 ERROR [IDENTIFY] rejected: best_match=100073.3 similarity=0.3066 (< 0.50 threshold)
2026-08-28 18:07:48,737 INFO [IDENTIFY] matched=100073.3 similarity=0.6592
2026-08-28 18:07:52,177 INFO [IDENTIFY] matched=100073.3 similarity=0.6592
2026-08-28 18:11:06,480 INFO [IDENTIFY] matched=100023.2 similarity=0.5976
2026-08-28 18:11:10,319 INFO [IDENTIFY] matched=100023.2 similarity=0.5976
2026-08-28 18:22:15,403 INFO [IDENTIFY] matched=100061.3 similarity=0.5815
2026-08-28 18:22:18,074 INFO [IDENTIFY] matched=100061.3 similarity=0.5815
2026-08-28 18:35:46,414 INFO [IDENTIFY] matched=100012.3 similarity=0.7234
2026-08-28 18:58:26,529 INFO [IDENTIFY] matched=100046.2 similarity=0.7579
2026-08-28 19:11:50,504 INFO [IDENTIFY] matched=100039.2 similarity=0.6199
2026-08-28 19:27:18,052 INFO [IDENTIFY] matched=100037.2 similarity=0.6072
2026-08-28 19:39:59,879 INFO [IDENTIFY] matched=100069.3 similarity=0.6227
2026-08-28 19:40:07,398 INFO [IDENTIFY] matched=100069.3 similarity=0.6227
2026-08-28 19:40:32,312 INFO [IDENTIFY] matched=100072.3 similarity=0.7736
2026-08-28 19:40:40,808 INFO [IDENTIFY] matched=100072.3 similarity=0.7736
2026-08-28 20:03:50,625 INFO [IDENTIFY] matched=100009.2 similarity=0.7553
2026-08-28 21:10:21,923 INFO [IDENTIFY] matched=100088.3 similarity=0.6536
2026-08-28 21:10:27,422 INFO [IDENTIFY] matched=100088.3 similarity=0.6250
2026-08-28 21:10:28,449 INFO [IDENTIFY] matched=100088.3 similarity=0.6536
2026-08-28 21:10:31,233 INFO [IDENTIFY] matched=100088.3 similarity=0.6250
2026-08-28 21:17:04,000 INFO [IDENTIFY] matched=100003.2 similarity=0.5065
2026-08-28 22:28:24,156 INFO [IDENTIFY] matched=100652.1 similarity=0.5380
2026-08-28 22:28:26,913 INFO [IDENTIFY] matched=100652.1 similarity=0.5380
2026-08-28 23:14:56,504 INFO [FAISS] Loaded 187 embeddings
2026-08-29 07:05:52,928 INFO [IDENTIFY] matched=100009.3 similarity=0.6794
2026-08-29 07:23:29,913 INFO [IDENTIFY] matched=100073.3 similarity=0.7258
2026-08-29 07:23:48,581 INFO [IDENTIFY] matched=100073.3 similarity=0.7258
2026-08-29 07:50:36,645 INFO [IDENTIFY] matched=100652.1 similarity=0.6678
2026-08-29 07:50:40,264 INFO [IDENTIFY] matched=100652.1 similarity=0.6678
2026-08-29 07:54:38,561 INFO [IDENTIFY] matched=100063.3 similarity=0.7870
2026-08-29 07:54:53,209 INFO [IDENTIFY] matched=100063.3 similarity=0.7870
2026-08-29 08:13:58,933 ERROR [IDENTIFY] rejected: best_match=100069.3 similarity=0.3728 (< 0.50 threshold)
2026-08-29 08:14:19,167 ERROR [IDENTIFY] rejected: best_match=100069.3 similarity=0.4980 (< 0.50 threshold)
2026-08-29 08:14:53,136 INFO [IDENTIFY] matched=100069.3 similarity=0.5182
2026-08-29 08:15:11,682 INFO [IDENTIFY] matched=100069.3 similarity=0.5182
2026-08-29 08:15:37,803 INFO [IDENTIFY] matched=100144.3 similarity=0.6410
2026-08-29 08:15:52,977 INFO [IDENTIFY] matched=100144.3 similarity=0.6410
2026-08-29 08:16:27,115 INFO [IDENTIFY] matched=100069.3 similarity=0.5192
2026-08-29 08:16:38,294 INFO [IDENTIFY] matched=100069.3 similarity=0.5192
2026-08-29 08:44:13,705 INFO [IDENTIFY] matched=100126.3 similarity=0.5029
2026-08-29 08:44:17,072 INFO [IDENTIFY] matched=100126.3 similarity=0.5029
2026-08-29 08:46:11,511 INFO [IDENTIFY] matched=100003.2 similarity=0.5093
2026-08-29 08:48:32,693 INFO [IDENTIFY] matched=100004.2 similarity=0.5378
2026-08-29 08:48:36,337 INFO [IDENTIFY] matched=100004.2 similarity=0.5378
2026-08-29 09:04:59,568 INFO [IDENTIFY] matched=100097.3 similarity=0.5008
2026-08-29 09:05:30,735 ERROR [IDENTIFY] rejected: no face detected in any of 10 frame(s)
2026-08-29 09:05:39,390 INFO [IDENTIFY] matched=100083.2 similarity=0.5679
2026-08-29 09:05:42,174 INFO [IDENTIFY] matched=100083.2 similarity=0.5679
2026-08-29 09:05:58,840 INFO [IDENTIFY] matched=100079.3 similarity=0.6382
2026-08-29 09:06:02,396 INFO [IDENTIFY] matched=100079.3 similarity=0.6382
2026-08-29 09:11:58,901 INFO [IDENTIFY] matched=100012.3 similarity=0.6070
2026-08-29 09:12:12,688 INFO [IDENTIFY] matched=100013.3 similarity=0.7466
2026-08-29 09:20:32,132 INFO [IDENTIFY] matched=100023.2 similarity=0.5412
2026-08-29 09:20:36,529 INFO [IDENTIFY] matched=100023.2 similarity=0.5412
2026-08-29 09:21:14,348 INFO [IDENTIFY] matched=100088.3 similarity=0.6500
2026-08-29 09:21:16,986 INFO [IDENTIFY] matched=100088.3 similarity=0.6500
2026-08-29 09:22:03,839 INFO [IDENTIFY] matched=100067.2 similarity=0.6469
2026-08-29 09:22:07,172 INFO [IDENTIFY] matched=100067.2 similarity=0.6469
2026-08-29 09:23:53,817 INFO [IDENTIFY] matched=100003.3 similarity=0.5064
2026-08-29 09:35:29,085 INFO [IDENTIFY] matched=100046.3 similarity=0.7277
2026-08-29 09:52:13,220 INFO [IDENTIFY] matched=100009.2 similarity=0.6269
2026-08-29 09:59:25,536 INFO [IDENTIFY] matched=100012.2 similarity=0.6087
2026-08-29 10:01:46,032 INFO [IDENTIFY] matched=100038.2 similarity=0.8445
2026-08-29 10:17:42,362 INFO [IDENTIFY] matched=100002.3 similarity=0.6345
2026-08-29 10:21:54,596 INFO [IDENTIFY] matched=100005.3 similarity=0.7065
2026-08-29 10:22:01,326 INFO [IDENTIFY] matched=100005.3 similarity=0.7065
2026-08-29 10:27:34,628 INFO [IDENTIFY] matched=100001.3 similarity=0.6664
2026-08-29 11:21:30,990 INFO [IDENTIFY] matched=100017.3 similarity=0.6617
2026-08-29 11:21:42,861 INFO [IDENTIFY] matched=100017.3 similarity=0.6617
2026-08-29 11:51:28,378 INFO [IDENTIFY] matched=100064.3 similarity=0.6577
2026-08-29 11:51:32,285 INFO [IDENTIFY] matched=100064.3 similarity=0.6577
2026-08-29 12:03:03,968 INFO [IDENTIFY] matched=100061.3 similarity=0.6225
2026-08-29 12:03:07,739 INFO [IDENTIFY] matched=100061.3 similarity=0.6225
2026-08-29 14:00:46,000 INFO [IDENTIFY] matched=100009.3 similarity=0.7108
2026-08-29 14:28:01,755 INFO [IDENTIFY] matched=100039.2 similarity=0.5864
2026-08-29 15:37:53,321 INFO [FAISS] Loaded 187 embeddings
2026-08-29 17:34:07,456 ERROR [IDENTIFY] rejected: best_match=100064.3 similarity=0.4784 (< 0.50 threshold)
2026-08-29 17:34:55,280 INFO [IDENTIFY] matched=100065.3 similarity=0.5209
2026-08-29 17:35:22,658 INFO [IDENTIFY] matched=100064.3 similarity=0.6421
2026-08-29 17:35:25,534 INFO [IDENTIFY] matched=100064.3 similarity=0.6421
2026-08-29 18:11:09,203 INFO [IDENTIFY] matched=100003.2 similarity=0.5967
2026-08-29 18:13:40,066 INFO [IDENTIFY] matched=100012.3 similarity=0.6268
2026-08-29 18:21:25,086 INFO [IDENTIFY] matched=100073.3 similarity=0.7008
2026-08-29 18:21:28,354 INFO [IDENTIFY] matched=100073.3 similarity=0.7008
2026-08-29 18:35:16,841 INFO [IDENTIFY] matched=100001.3 similarity=0.6469
2026-08-29 19:00:03,974 INFO [IDENTIFY] matched=100086.2 similarity=0.6708
2026-08-29 19:00:11,372 INFO [IDENTIFY] matched=100086.2 similarity=0.6708
2026-08-29 19:00:29,501 INFO [IDENTIFY] matched=100085.2 similarity=0.6450
2026-08-29 19:00:33,525 INFO [IDENTIFY] matched=100085.2 similarity=0.6450
2026-08-29 19:02:01,340 INFO [IDENTIFY] matched=100009.2 similarity=0.7074
2026-08-29 19:09:23,473 INFO [IDENTIFY] matched=100056.2 similarity=0.6154
2026-08-29 19:09:48,814 INFO [IDENTIFY] matched=100056.2 similarity=0.6156
2026-08-29 19:15:51,457 INFO [IDENTIFY] matched=100037.2 similarity=0.5631
2026-08-29 19:16:18,053 INFO [IDENTIFY] matched=100038.2 similarity=0.6769
2026-08-29 19:31:48,318 INFO [IDENTIFY] matched=100063.3 similarity=0.7350
2026-08-29 19:31:50,965 INFO [IDENTIFY] matched=100063.3 similarity=0.7350
2026-08-29 19:31:56,929 ERROR [IDENTIFY] rejected: best_match=100061.3 similarity=0.4321 (< 0.50 threshold)
2026-08-29 19:31:58,541 ERROR [IDENTIFY] rejected: best_match=100071.3 similarity=0.4870 (< 0.50 threshold)
2026-08-29 19:32:12,470 ERROR [IDENTIFY] rejected: best_match=100071.3 similarity=0.3659 (< 0.50 threshold)
2026-08-29 19:32:13,131 INFO [IDENTIFY] matched=100061.3 similarity=0.5158
2026-08-29 19:32:13,693 INFO [IDENTIFY] matched=100072.3 similarity=0.8040
2026-08-29 19:32:15,404 INFO [IDENTIFY] matched=100061.3 similarity=0.5158
2026-08-29 19:32:17,541 INFO [IDENTIFY] matched=100072.3 similarity=0.8040
2026-08-29 19:40:26,730 ERROR [IDENTIFY] rejected: best_match=100069.3 similarity=0.4886 (< 0.50 threshold)
2026-08-29 19:40:41,042 INFO [IDENTIFY] matched=100069.3 similarity=0.5400
2026-08-29 19:40:44,018 INFO [IDENTIFY] matched=100069.3 similarity=0.5400
2026-08-29 19:43:41,879 INFO [IDENTIFY] matched=100039.2 similarity=0.5357
2026-08-29 19:53:59,517 ERROR [IDENTIFY] rejected: best_match=100082.2 similarity=0.4654 (< 0.50 threshold)
2026-08-29 19:54:13,242 INFO [IDENTIFY] matched=100082.2 similarity=0.7078
2026-08-29 19:54:16,750 INFO [IDENTIFY] matched=100082.2 similarity=0.7078
2026-08-29 20:23:38,862 INFO [IDENTIFY] matched=100081.2 similarity=0.6519
2026-08-29 21:14:19,545 INFO [IDENTIFY] matched=100083.2 similarity=0.5519
2026-08-29 21:14:26,499 INFO [IDENTIFY] matched=100083.2 similarity=0.5519
2026-08-29 21:38:09,537 INFO [IDENTIFY] matched=100088.3 similarity=0.5426
2026-08-29 21:38:13,561 INFO [IDENTIFY] matched=100088.3 similarity=0.5426
2026-08-29 22:20:15,035 ERROR [IDENTIFY] rejected: best_match=100067.2 similarity=0.4997 (< 0.50 threshold)
2026-08-29 22:20:42,398 INFO [IDENTIFY] matched=100067.2 similarity=0.7404
2026-08-29 22:20:51,528 INFO [IDENTIFY] matched=100067.2 similarity=0.7404
2026-08-29 22:22:20,167 INFO [IDENTIFY] matched=100023.2 similarity=0.5853
2026-08-29 22:22:31,553 INFO [IDENTIFY] matched=100023.2 similarity=0.5853
2026-08-29 22:26:58,915 INFO [IDENTIFY] matched=100652.1 similarity=0.6220
2026-08-29 22:27:00,995 INFO [IDENTIFY] matched=100652.1 similarity=0.6220
2026-08-29 22:33:32,536 INFO [IDENTIFY] matched=100004.2 similarity=0.7524
2026-08-29 22:33:51,106 INFO [IDENTIFY] matched=100004.2 similarity=0.7524
2026-08-29 22:53:50,016 INFO [IDENTIFY] matched=100002.3 similarity=0.6131
2026-08-30 07:04:22,753 INFO [IDENTIFY] matched=100082.2 similarity=0.5268
2026-08-30 07:04:25,603 INFO [IDENTIFY] matched=100082.2 similarity=0.5268
2026-08-30 08:09:03,272 INFO [IDENTIFY] matched=100652.1 similarity=0.6683
2026-08-30 08:09:06,187 INFO [IDENTIFY] matched=100652.1 similarity=0.6683
2026-08-30 08:49:22,737 ERROR [IDENTIFY] rejected: best_match=100081.2 similarity=0.4649 (< 0.50 threshold)
2026-08-30 08:49:43,690 INFO [IDENTIFY] matched=100081.2 similarity=0.5924
2026-08-30 08:49:46,949 INFO [IDENTIFY] matched=100081.2 similarity=0.5924
2026-08-30 08:50:08,268 INFO [IDENTIFY] matched=100085.2 similarity=0.6074
2026-08-30 08:50:11,252 INFO [IDENTIFY] matched=100085.2 similarity=0.6074
2026-08-30 08:51:11,409 INFO [IDENTIFY] matched=100023.2 similarity=0.5625
2026-08-30 08:51:16,676 INFO [IDENTIFY] matched=100023.2 similarity=0.5625
2026-08-30 08:57:26,509 INFO [IDENTIFY] matched=100067.2 similarity=0.6280
2026-08-30 08:57:31,020 INFO [IDENTIFY] matched=100067.2 similarity=0.6280
2026-08-30 08:59:06,688 INFO [IDENTIFY] matched=100004.2 similarity=0.6608
2026-08-30 08:59:13,553 INFO [IDENTIFY] matched=100004.2 similarity=0.6608
2026-08-30 09:20:53,850 INFO [IDENTIFY] matched=100086.2 similarity=0.8106
2026-08-30 09:20:56,848 INFO [IDENTIFY] matched=100086.2 similarity=0.8106
2026-08-30 10:31:03,891 INFO [IDENTIFY] matched=100097.3 similarity=0.6544
2026-08-30 10:57:35,430 INFO [IDENTIFY] matched=100088.3 similarity=0.5366
2026-08-30 10:57:40,136 INFO [IDENTIFY] matched=100088.3 similarity=0.5366
2026-08-30 18:02:14,139 INFO [IDENTIFY] matched=100085.2 similarity=0.5600
2026-08-30 18:02:22,624 INFO [IDENTIFY] matched=100085.2 similarity=0.5600
2026-08-30 18:03:43,525 INFO [IDENTIFY] matched=100086.2 similarity=0.7583
2026-08-30 18:04:00,726 INFO [IDENTIFY] matched=100086.2 similarity=0.7583
2026-08-30 19:55:40,359 INFO [IDENTIFY] matched=100082.2 similarity=0.5211
2026-08-30 19:55:44,591 INFO [IDENTIFY] matched=100082.2 similarity=0.5211
2026-08-30 19:56:30,835 ERROR [IDENTIFY] rejected: best_match=100023.2 similarity=0.4357 (< 0.50 threshold)
2026-08-30 20:03:05,032 INFO [IDENTIFY] matched=100081.2 similarity=0.6449
2026-08-30 20:03:07,326 INFO [IDENTIFY] matched=100081.2 similarity=0.6449
2026-08-30 20:10:16,068 INFO [IDENTIFY] matched=100023.2 similarity=0.5353
2026-08-30 20:10:18,418 INFO [IDENTIFY] matched=100023.2 similarity=0.5353
2026-08-30 20:54:31,884 INFO [IDENTIFY] matched=100067.2 similarity=0.7064
2026-08-30 20:54:35,029 INFO [IDENTIFY] matched=100067.2 similarity=0.7064
2026-08-30 21:20:41,872 INFO [IDENTIFY] matched=100004.2 similarity=0.6945
2026-08-30 21:20:45,284 INFO [IDENTIFY] matched=100004.2 similarity=0.6945
2026-08-30 21:33:34,592 INFO [IDENTIFY] matched=100088.3 similarity=0.6106
2026-08-30 21:33:37,843 INFO [IDENTIFY] matched=100088.3 similarity=0.6106
2026-08-30 21:58:13,506 INFO [IDENTIFY] matched=100652.1 similarity=0.7381
2026-08-30 21:58:15,758 INFO [IDENTIFY] matched=100652.1 similarity=0.7381
2026-08-31 05:56:33,179 ERROR [IDENTIFY] rejected: best_match=100064.3 similarity=0.4377 (< 0.50 threshold)
2026-08-31 05:56:59,973 ERROR [IDENTIFY] rejected: no face detected in any of 10 frame(s)
2026-08-31 05:57:27,508 ERROR [IDENTIFY] rejected: best_match=100064.3 similarity=0.4517 (< 0.50 threshold)
2026-08-31 05:57:59,396 ERROR [IDENTIFY] rejected: best_match=100064.3 similarity=0.4554 (< 0.50 threshold)
2026-08-31 05:58:28,321 ERROR [IDENTIFY] rejected: best_match=100064.3 similarity=0.4883 (< 0.50 threshold)
2026-08-31 05:58:57,558 ERROR [IDENTIFY] rejected: no face detected in any of 10 frame(s)
2026-08-31 06:08:19,218 INFO [IDENTIFY] matched=100064.3 similarity=0.5310
2026-08-31 06:08:22,331 INFO [IDENTIFY] matched=100064.3 similarity=0.5310
2026-08-31 06:10:56,787 INFO [IDENTIFY] matched=100082.2 similarity=0.5124
2026-08-31 06:11:00,116 INFO [IDENTIFY] matched=100082.2 similarity=0.5124
2026-08-31 06:38:14,881 INFO [IDENTIFY] matched=100009.3 similarity=0.6228
2026-08-31 07:04:04,949 INFO [IDENTIFY] matched=100073.3 similarity=0.7026
2026-08-31 07:04:07,790 INFO [IDENTIFY] matched=100073.3 similarity=0.7026
2026-08-31 07:13:15,276 INFO [IDENTIFY] matched=100652.1 similarity=0.6675
2026-08-31 07:13:18,306 INFO [IDENTIFY] matched=100652.1 similarity=0.6675
2026-08-31 08:04:21,392 INFO [IDENTIFY] matched=100069.3 similarity=0.5033
2026-08-31 08:04:23,694 INFO [IDENTIFY] matched=100069.3 similarity=0.5033
2026-08-31 08:05:45,262 INFO [IDENTIFY] matched=100063.3 similarity=0.6930
2026-08-31 08:05:48,427 INFO [IDENTIFY] matched=100063.3 similarity=0.6930
2026-08-31 08:12:33,811 INFO [IDENTIFY] matched=100088.3 similarity=0.6458
2026-08-31 08:12:36,402 INFO [IDENTIFY] matched=100088.3 similarity=0.6458
2026-08-31 08:36:02,451 INFO [IDENTIFY] matched=100078.3 similarity=0.6839
2026-08-31 08:46:28,652 INFO [IDENTIFY] matched=100079.3 similarity=0.5361
2026-08-31 08:46:33,092 INFO [IDENTIFY] matched=100079.3 similarity=0.5361
2026-08-31 08:47:16,751 INFO [IDENTIFY] matched=100003.3 similarity=0.5325
2026-08-31 08:53:59,183 INFO [IDENTIFY] matched=100012.3 similarity=0.5649
2026-08-31 08:56:42,848 INFO [IDENTIFY] matched=100001.3 similarity=0.5593
2026-08-31 08:57:18,493 INFO [IDENTIFY] matched=100004.2 similarity=0.6333
2026-08-31 08:57:20,914 INFO [IDENTIFY] matched=100004.2 similarity=0.6333
2026-08-31 09:00:03,933 INFO [IDENTIFY] matched=100023.2 similarity=0.6460
2026-08-31 09:00:08,133 INFO [IDENTIFY] matched=100023.2 similarity=0.6460
2026-08-31 09:05:55,309 INFO [IDENTIFY] matched=100083.2 similarity=0.5183
2026-08-31 09:05:58,087 INFO [IDENTIFY] matched=100083.2 similarity=0.5183
2026-08-31 09:07:10,539 INFO [IDENTIFY] matched=100013.3 similarity=0.6217
2026-08-31 09:15:57,724 INFO [IDENTIFY] matched=100097.3 similarity=0.5964
2026-08-31 09:32:27,406 INFO [IDENTIFY] matched=100124.3 similarity=0.6619
2026-08-31 09:32:29,825 INFO [IDENTIFY] matched=100015.3 similarity=0.6229
2026-08-31 09:32:36,047 INFO [IDENTIFY] matched=100124.3 similarity=0.6619
2026-08-31 09:57:19,948 INFO [IDENTIFY] matched=100012.2 similarity=0.7381
2026-08-31 09:59:31,218 INFO [IDENTIFY] matched=100017.3 similarity=0.6370
2026-08-31 09:59:33,878 INFO [IDENTIFY] matched=100017.3 similarity=0.6370
2026-08-31 10:04:03,535 INFO [IDENTIFY] matched=100050.3 similarity=0.6739
2026-08-31 10:04:06,171 INFO [IDENTIFY] matched=100050.3 similarity=0.6739
2026-08-31 10:04:25,538 ERROR [IDENTIFY] rejected: best_match=100047.3 similarity=0.4255 (< 0.50 threshold)
2026-08-31 10:04:35,952 INFO [IDENTIFY] matched=100047.3 similarity=0.5434
2026-08-31 10:04:38,253 INFO [IDENTIFY] matched=100047.3 similarity=0.5434
2026-08-31 10:05:11,050 INFO [IDENTIFY] matched=100009.2 similarity=0.7221
2026-08-31 10:10:18,061 INFO [IDENTIFY] matched=100038.2 similarity=0.8734
2026-08-31 10:10:20,354 INFO [IDENTIFY] matched=100002.3 similarity=0.6211
2026-08-31 10:10:36,081 INFO [FAISS] Loaded 187 embeddings
2026-08-31 10:11:28,860 INFO [IDENTIFY] matched=100147.3 similarity=0.8828
2026-08-31 10:14:10,966 INFO [IDENTIFY] matched=100005.3 similarity=0.7019
2026-08-31 10:14:15,657 INFO [IDENTIFY] matched=100005.3 similarity=0.7019
2026-08-31 10:14:31,665 INFO [IDENTIFY] matched=100010.3 similarity=0.6089
2026-08-31 10:14:36,422 INFO [IDENTIFY] matched=100010.3 similarity=0.6089
2026-08-31 10:15:24,544 INFO [IDENTIFY] matched=100007.3 similarity=0.6619
2026-08-31 10:15:28,578 INFO [IDENTIFY] matched=100007.3 similarity=0.6619
2026-08-31 10:15:43,390 INFO [IDENTIFY] matched=100008.3 similarity=0.6469
2026-08-31 10:15:48,396 INFO [IDENTIFY] matched=100008.3 similarity=0.6469
2026-08-31 10:42:45,756 INFO [IDENTIFY] matched=100125.3 similarity=0.5129
2026-08-31 10:42:48,572 INFO [IDENTIFY] matched=100125.3 similarity=0.5129
2026-08-31 11:11:38,536 INFO [IDENTIFY] matched=100003.2 similarity=0.6031
2026-08-31 13:24:32,486 INFO [FAISS] Loaded 188 embeddings
2026-08-31 14:00:07,161 INFO [FAISS] Loaded 188 embeddings
2026-08-31 14:20:44,331 INFO [IDENTIFY] matched=100009.3 similarity=0.6903
2026-08-31 14:38:23,597 INFO [IDENTIFY] matched=100015.2 similarity=0.7288
2026-08-31 14:38:25,847 INFO [IDENTIFY] matched=100015.2 similarity=0.7288
2026-08-31 14:54:34,687 INFO [FAISS] Loaded 188 embeddings
2026-08-31 15:14:08,628 INFO [FAISS] Loaded 188 embeddings
2026-08-31 15:48:46,927 INFO [IDENTIFY] matched=100039.2 similarity=0.5855
2026-08-31 15:49:40,475 INFO [FAISS] Loaded 188 embeddings
2026-08-31 16:06:55,196 INFO [FAISS] Loaded 188 embeddings
2026-08-31 17:02:45,876 INFO [IDENTIFY] matched=100003.3 similarity=0.6097
2026-08-31 17:52:44,260 INFO [IDENTIFY] matched=100085.2 similarity=0.6320
2026-08-31 17:52:48,807 INFO [IDENTIFY] matched=100085.2 similarity=0.6320
2026-08-31 18:06:37,057 ERROR [IDENTIFY] rejected: best_match=100012.3 similarity=0.4968 (< 0.50 threshold)
2026-08-31 18:07:12,301 INFO [IDENTIFY] matched=100012.3 similarity=0.5611
2026-08-31 18:20:42,541 INFO [IDENTIFY] matched=100073.3 similarity=0.7280
2026-08-31 18:20:47,353 INFO [IDENTIFY] matched=100073.3 similarity=0.7280
2026-08-31 19:16:27,747 INFO [IDENTIFY] matched=100061.3 similarity=0.5595
2026-08-31 19:16:30,296 INFO [IDENTIFY] matched=100061.3 similarity=0.5595
2026-08-31 19:36:53,835 INFO [IDENTIFY] matched=100039.2 similarity=0.5335
2026-08-31 19:54:35,197 INFO [IDENTIFY] matched=100037.2 similarity=0.6015
2026-08-31 19:55:01,261 INFO [IDENTIFY] matched=100038.2 similarity=0.8463
2026-08-31 19:56:31,117 INFO [IDENTIFY] matched=100001.5 similarity=0.5507
2026-08-31 19:57:05,221 INFO [IDENTIFY] matched=100069.3 similarity=0.6152
2026-08-31 19:57:08,976 INFO [IDENTIFY] matched=100069.3 similarity=0.6152
2026-08-31 19:57:25,929 INFO [IDENTIFY] matched=100063.3 similarity=0.5702
2026-08-31 19:57:33,303 INFO [IDENTIFY] matched=100063.3 similarity=0.5702
2026-08-31 20:02:55,123 ERROR [IDENTIFY] rejected: best_match=100082.2 similarity=0.3807 (< 0.50 threshold)
2026-08-31 20:03:11,056 ERROR [IDENTIFY] rejected: no face detected in any of 10 frame(s)
2026-08-31 20:03:26,170 INFO [IDENTIFY] matched=100082.2 similarity=0.6704
2026-08-31 20:03:35,029 INFO [IDENTIFY] matched=100082.2 similarity=0.6704
2026-08-31 20:15:26,400 INFO [IDENTIFY] matched=100081.2 similarity=0.6389
2026-08-31 20:15:33,411 INFO [IDENTIFY] matched=100081.2 similarity=0.6389
2026-08-31 21:02:51,323 INFO [IDENTIFY] matched=100067.2 similarity=0.6789
2026-08-31 21:02:55,952 INFO [IDENTIFY] matched=100067.2 similarity=0.6789
2026-08-31 21:22:44,451 INFO [IDENTIFY] matched=100088.3 similarity=0.6092
2026-08-31 21:22:46,937 INFO [IDENTIFY] matched=100088.3 similarity=0.6092
2026-08-31 22:09:31,870 INFO [IDENTIFY] matched=100023.2 similarity=0.6396
2026-08-31 22:09:35,137 INFO [IDENTIFY] matched=100023.2 similarity=0.6396
2026-08-31 22:09:50,994 INFO [IDENTIFY] matched=100003.2 similarity=0.5684
2026-08-31 22:34:59,603 INFO [IDENTIFY] matched=100078.3 similarity=0.7057
2026-08-31 22:56:45,115 INFO [IDENTIFY] matched=100001.5 similarity=0.7002
2026-08-31 23:02:27,062 INFO [IDENTIFY] matched=100083.2 similarity=0.5112
2026-08-31 23:02:55,487 INFO [IDENTIFY] matched=100083.2 similarity=0.5096
2026-08-31 23:03:01,328 INFO [IDENTIFY] matched=100083.2 similarity=0.5096
2026-09-01 05:56:40,062 ERROR [IDENTIFY] rejected: best_match=100064.3 similarity=0.4781 (< 0.50 threshold)
2026-09-01 05:57:08,575 INFO [IDENTIFY] matched=100064.3 similarity=0.5380
2026-09-01 05:57:11,554 INFO [IDENTIFY] matched=100064.3 similarity=0.5380
2026-09-01 06:12:44,288 INFO [IDENTIFY] matched=100082.2 similarity=0.5267
2026-09-01 06:13:39,701 INFO [IDENTIFY] matched=100082.2 similarity=0.5160
2026-09-01 06:13:44,018 INFO [IDENTIFY] matched=100082.2 similarity=0.5160
2026-09-01 07:04:14,302 INFO [IDENTIFY] matched=100073.3 similarity=0.6677
2026-09-01 07:04:17,172 INFO [IDENTIFY] matched=100073.3 similarity=0.6677
2026-09-01 07:55:10,450 INFO [IDENTIFY] matched=100069.3 similarity=0.5193
2026-09-01 07:55:13,975 INFO [IDENTIFY] matched=100069.3 similarity=0.5193
2026-09-01 08:18:49,925 INFO [IDENTIFY] matched=100126.3 similarity=0.5681
2026-09-01 08:18:53,010 INFO [IDENTIFY] matched=100126.3 similarity=0.5681
2026-09-01 08:27:21,033 INFO [IDENTIFY] matched=100009.3 similarity=0.5880
2026-09-01 08:43:17,923 ERROR [IDENTIFY] rejected: best_match=100079.3 similarity=0.4946 (< 0.50 threshold)
2026-09-01 08:43:33,581 INFO [IDENTIFY] matched=100079.3 similarity=0.5119
2026-09-01 08:43:41,261 INFO [IDENTIFY] matched=100079.3 similarity=0.5119
2026-09-01 08:55:34,895 INFO [IDENTIFY] matched=100088.3 similarity=0.6560
2026-09-01 08:55:37,705 INFO [IDENTIFY] matched=100088.3 similarity=0.6560
2026-09-01 08:56:34,344 INFO [IDENTIFY] matched=100012.3 similarity=0.6622
2026-09-01 09:03:53,965 INFO [IDENTIFY] matched=100067.2 similarity=0.7103
2026-09-01 09:03:57,492 INFO [IDENTIFY] matched=100067.2 similarity=0.7103
2026-09-01 09:04:29,898 INFO [IDENTIFY] matched=100004.2 similarity=0.5610
2026-09-01 09:04:32,612 INFO [IDENTIFY] matched=100004.2 similarity=0.5610
2026-09-01 09:06:16,873 INFO [IDENTIFY] matched=100083.2 similarity=0.5526
2026-09-01 09:06:22,425 INFO [IDENTIFY] matched=100083.2 similarity=0.5526
2026-09-01 09:07:13,113 INFO [IDENTIFY] matched=100001.3 similarity=0.5993
2026-09-01 09:09:49,945 INFO [IDENTIFY] matched=100003.2 similarity=0.5215
2026-09-01 09:13:38,411 INFO [IDENTIFY] matched=100023.2 similarity=0.5830
2026-09-01 09:13:40,781 INFO [IDENTIFY] matched=100023.2 similarity=0.5830
2026-09-01 09:14:07,160 INFO [IDENTIFY] matched=100097.3 similarity=0.5572
2026-09-01 09:14:16,873 ERROR [IDENTIFY] rejected: best_match=100071.3 similarity=0.4717 (< 0.50 threshold)
2026-09-01 09:14:30,398 ERROR [IDENTIFY] rejected: best_match=100071.3 similarity=0.4784 (< 0.50 threshold)
2026-09-01 09:14:46,368 ERROR [IDENTIFY] rejected: best_match=100071.3 similarity=0.4395 (< 0.50 threshold)
2026-09-01 09:15:35,380 ERROR [IDENTIFY] rejected: best_match=100071.3 similarity=0.3873 (< 0.50 threshold)
2026-09-01 09:23:13,193 INFO [IDENTIFY] matched=100061.3 similarity=0.5559
2026-09-01 09:23:15,688 INFO [IDENTIFY] matched=100061.3 similarity=0.5559
2026-09-01 09:23:48,807 ERROR [IDENTIFY] rejected: best_match=100061.3 similarity=0.3769 (< 0.50 threshold)
2026-09-01 09:28:18,877 ERROR [IDENTIFY] rejected: best_match=100013.3 similarity=0.4159 (< 0.50 threshold)
2026-09-01 09:30:05,510 INFO [IDENTIFY] matched=100013.3 similarity=0.6960
2026-09-01 09:30:54,980 ERROR [IDENTIFY] rejected: best_match=100652.1 similarity=0.3720 (< 0.50 threshold)
2026-09-01 09:40:49,454 INFO [IDENTIFY] matched=100017.3 similarity=0.6057
2026-09-01 09:40:52,259 INFO [IDENTIFY] matched=100017.3 similarity=0.6057
2026-09-01 09:44:52,678 ERROR [IDENTIFY] rejected: best_match=100047.3 similarity=0.4934 (< 0.50 threshold)
2026-09-01 09:45:05,458 INFO [IDENTIFY] matched=100047.3 similarity=0.7136
2026-09-01 09:45:08,320 INFO [IDENTIFY] matched=100047.3 similarity=0.7136
2026-09-01 09:45:37,157 INFO [IDENTIFY] matched=100124.3 similarity=0.6022
2026-09-01 09:45:42,111 INFO [IDENTIFY] matched=100124.3 similarity=0.6022
2026-09-01 09:50:36,970 INFO [IDENTIFY] matched=100062.3 similarity=0.6055
2026-09-01 09:50:39,358 INFO [IDENTIFY] matched=100062.3 similarity=0.6055
2026-09-01 09:51:55,257 INFO [IDENTIFY] matched=100047.3 similarity=0.6387
2026-09-01 09:58:39,018 INFO [IDENTIFY] matched=100002.3 similarity=0.7128
2026-09-01 10:00:10,815 INFO [IDENTIFY] matched=100015.3 similarity=0.6053
2026-09-01 10:04:30,350 INFO [IDENTIFY] matched=100065.3 similarity=0.6456
2026-09-01 10:04:33,092 INFO [IDENTIFY] matched=100065.3 similarity=0.6456
2026-09-01 10:06:40,486 ERROR [IDENTIFY] rejected: best_match=100125.3 similarity=0.3990 (< 0.50 threshold)
2026-09-01 10:06:57,392 INFO [IDENTIFY] matched=100125.3 similarity=0.7636
2026-09-01 10:07:00,554 INFO [IDENTIFY] matched=100125.3 similarity=0.7636
2026-09-01 10:10:05,155 INFO [IDENTIFY] matched=100038.2 similarity=0.8540
2026-09-01 10:31:44,883 INFO [IDENTIFY] matched=100070.3 similarity=0.6123
2026-09-01 10:31:47,276 INFO [IDENTIFY] matched=100070.3 similarity=0.6123
2026-09-01 11:11:35,824 INFO [IDENTIFY] matched=100037.2 similarity=0.5650
2026-09-01 12:18:48,206 INFO [FAISS] Loaded 188 embeddings
2026-09-01 13:56:53,662 INFO [IDENTIFY] matched=100009.3 similarity=0.6726
2026-09-01 14:30:02,418 INFO [FAISS] Loaded 188 embeddings
2026-09-01 14:31:43,186 INFO [IDENTIFY] matched=100195.1 similarity=0.8095
2026-09-01 14:31:49,241 INFO [IDENTIFY] matched=100195.1 similarity=0.8095
2026-09-01 14:33:52,294 INFO [IDENTIFY] matched=100195.1 similarity=0.8411
2026-09-01 14:33:57,272 INFO [IDENTIFY] matched=100195.1 similarity=0.8411
2026-09-01 14:35:32,156 INFO [IDENTIFY] matched=100195.1 similarity=0.7814
2026-09-01 14:38:06,708 INFO [IDENTIFY] matched=100002.1 similarity=0.6424
2026-09-01 14:38:10,967 INFO [IDENTIFY] matched=100002.1 similarity=0.6424
2026-09-01 15:00:43,612 INFO [IDENTIFY] matched=100195.1 similarity=0.8276
2026-09-01 15:00:46,547 INFO [IDENTIFY] matched=100195.1 similarity=0.8276
2026-09-01 15:01:24,804 INFO [IDENTIFY] matched=100195.1 similarity=0.8518
2026-09-01 15:01:27,873 INFO [IDENTIFY] matched=100195.1 similarity=0.8518
2026-09-01 15:06:59,093 INFO [IDENTIFY] matched=100195.1 similarity=0.7833
2026-09-01 15:08:22,899 INFO [FAISS] Loaded 188 embeddings
2026-09-01 15:08:55,611 INFO [FAISS] Loaded 187 embeddings
2026-09-01 15:09:45,722 INFO [IDENTIFY] matched=100660.1 similarity=0.8788
2026-09-01 15:56:54,808 INFO [IDENTIFY] matched=100002.1 similarity=0.6577
2026-09-01 15:56:57,355 INFO [IDENTIFY] matched=100002.1 similarity=0.6577
2026-09-01 16:02:00,573 ERROR [IDENTIFY] rejected: no face detected in any of 10 frame(s)
2026-09-01 16:02:13,064 INFO [IDENTIFY] matched=100002.1 similarity=0.6452
2026-09-01 16:02:16,062 INFO [IDENTIFY] matched=100002.1 similarity=0.6452
2026-09-01 16:26:49,601 INFO [IDENTIFY] matched=100195.1 similarity=0.8199
2026-09-01 16:26:52,698 INFO [IDENTIFY] matched=100195.1 similarity=0.8199
2026-09-01 16:27:57,946 INFO [FAISS] Loaded 188 embeddings
2026-09-01 16:52:44,471 INFO [IDENTIFY] matched=100001.5 similarity=0.6790
2026-09-01 17:08:59,388 INFO [FAISS] Loaded 188 embeddings
2026-09-01 17:36:20,324 ERROR [IDENTIFY] rejected: best_match=100064.3 similarity=0.4422 (< 0.50 threshold)
2026-09-01 17:36:47,022 ERROR [IDENTIFY] rejected: best_match=100064.3 similarity=0.4953 (< 0.50 threshold)
2026-09-01 17:57:53,915 INFO [IDENTIFY] matched=100085.2 similarity=0.6887
2026-09-01 17:57:57,502 INFO [IDENTIFY] matched=100085.2 similarity=0.6887
2026-09-01 18:24:52,723 INFO [IDENTIFY] matched=100073.3 similarity=0.6614
2026-09-01 18:24:55,881 INFO [IDENTIFY] matched=100073.3 similarity=0.6614
2026-09-01 18:41:03,083 ERROR [IDENTIFY] rejected: no face detected in any of 10 frame(s)
2026-09-01 18:41:33,800 ERROR [IDENTIFY] rejected: best_match=100027.2 similarity=0.2070 (< 0.50 threshold)
2026-09-01 19:14:01,744 INFO [IDENTIFY] matched=100039.2 similarity=0.5541
2026-09-01 19:20:53,720 INFO [IDENTIFY] matched=100012.3 similarity=0.6078
2026-09-01 19:42:06,789 ERROR [IDENTIFY] rejected: best_match=100037.2 similarity=0.4701 (< 0.50 threshold)
2026-09-01 19:42:38,102 INFO [IDENTIFY] matched=100037.2 similarity=0.5913
2026-09-01 19:46:23,141 INFO [IDENTIFY] matched=100003.2 similarity=0.5725
2026-09-01 19:52:04,176 INFO [IDENTIFY] matched=100069.3 similarity=0.5424
2026-09-01 19:52:08,308 INFO [IDENTIFY] matched=100069.3 similarity=0.5424
2026-09-01 20:04:56,363 INFO [IDENTIFY] matched=100081.2 similarity=0.6118
2026-09-01 20:05:00,249 INFO [IDENTIFY] matched=100081.2 similarity=0.6118
2026-09-01 20:06:11,275 ERROR [IDENTIFY] rejected: best_match=100082.2 similarity=0.4528 (< 0.50 threshold)
2026-09-01 20:06:30,225 INFO [IDENTIFY] matched=100082.2 similarity=0.5718
2026-09-01 20:06:33,426 INFO [IDENTIFY] matched=100082.2 similarity=0.5718
2026-09-01 20:57:14,506 INFO [IDENTIFY] matched=100088.3 similarity=0.6036
2026-09-01 20:57:17,313 INFO [IDENTIFY] matched=100088.3 similarity=0.6036
2026-09-01 21:19:10,990 INFO [IDENTIFY] matched=100067.2 similarity=0.6506
2026-09-01 21:19:13,931 INFO [IDENTIFY] matched=100067.2 similarity=0.6506
2026-09-01 21:19:34,755 INFO [IDENTIFY] matched=100023.2 similarity=0.6408
2026-09-01 21:19:39,374 INFO [IDENTIFY] matched=100023.2 similarity=0.6408
2026-09-01 22:43:58,871 INFO [IDENTIFY] matched=100002.3 similarity=0.7517
2026-09-01 23:55:17,006 ERROR [IDENTIFY] rejected: best_match=100083.2 similarity=0.4476 (< 0.50 threshold)
2026-09-01 23:55:30,935 INFO [IDENTIFY] matched=100083.2 similarity=0.5075
2026-09-01 23:55:34,248 INFO [IDENTIFY] matched=100083.2 similarity=0.5075
2026-09-01 23:55:52,078 ERROR [IDENTIFY] rejected: best_match=100004.2 similarity=0.3706 (< 0.50 threshold)
2026-09-01 23:56:12,678 INFO [IDENTIFY] matched=100004.2 similarity=0.7413
2026-09-01 23:56:15,548 INFO [IDENTIFY] matched=100004.2 similarity=0.7413
2026-09-02 00:22:14,849 INFO [FAISS] Loaded 187 embeddings
2026-09-02 00:23:24,337 INFO [IDENTIFY] matched=100017.3 similarity=0.7649
2026-09-02 00:29:52,413 INFO [IDENTIFY] matched=100017.3 similarity=0.7917
2026-09-02 00:41:23,900 INFO [IDENTIFY] matched=100017.3 similarity=0.8166
2026-09-02 00:41:26,463 INFO [IDENTIFY] matched=100017.3 similarity=0.8166
2026-09-02 05:56:14,608 ERROR [IDENTIFY] rejected: best_match=100064.3 similarity=0.5000 (< 0.50 threshold)
2026-09-02 05:56:40,353 ERROR [IDENTIFY] rejected: no face detected in any of 10 frame(s)
2026-09-02 05:57:07,846 ERROR [IDENTIFY] rejected: no face detected in any of 10 frame(s)
2026-09-02 05:57:35,027 ERROR [IDENTIFY] rejected: best_match=100064.3 similarity=0.4720 (< 0.50 threshold)
2026-09-02 05:58:02,871 INFO [IDENTIFY] matched=100064.3 similarity=0.5047
2026-09-02 05:58:06,102 INFO [IDENTIFY] matched=100064.3 similarity=0.5047
2026-09-02 06:01:53,284 INFO [IDENTIFY] matched=100082.2 similarity=0.5125
2026-09-02 06:01:56,134 INFO [IDENTIFY] matched=100082.2 similarity=0.5125
2026-09-02 06:13:24,063 INFO [IDENTIFY] matched=100076.3 similarity=0.6891
2026-09-02 06:42:42,658 INFO [IDENTIFY] matched=100009.3 similarity=0.5671
2026-09-02 07:18:22,998 INFO [IDENTIFY] matched=100073.3 similarity=0.7788
2026-09-02 07:18:30,217 INFO [IDENTIFY] matched=100073.3 similarity=0.7788
2026-09-02 07:53:43,268 INFO [IDENTIFY] matched=100063.3 similarity=0.7419
2026-09-02 07:53:46,379 INFO [IDENTIFY] matched=100063.3 similarity=0.7419
2026-09-02 08:01:58,367 INFO [IDENTIFY] matched=100069.3 similarity=0.6414
2026-09-02 08:02:01,470 INFO [IDENTIFY] matched=100069.3 similarity=0.6414
2026-09-02 08:29:49,131 INFO [IDENTIFY] matched=100088.3 similarity=0.5655
2026-09-02 08:29:52,462 INFO [IDENTIFY] matched=100088.3 similarity=0.5655
2026-09-02 08:33:31,566 INFO [IDENTIFY] matched=100079.3 similarity=0.5462
2026-09-02 08:33:37,689 INFO [IDENTIFY] matched=100079.3 similarity=0.5462
2026-09-02 08:49:16,048 INFO [IDENTIFY] matched=100012.3 similarity=0.6070
2026-09-02 08:57:00,263 INFO [IDENTIFY] matched=100004.2 similarity=0.5190
2026-09-02 08:57:03,416 INFO [IDENTIFY] matched=100004.2 similarity=0.5190
2026-09-02 08:59:40,665 INFO [IDENTIFY] matched=100067.2 similarity=0.6724
2026-09-02 08:59:57,850 INFO [IDENTIFY] matched=100067.2 similarity=0.6724
2026-09-02 09:02:19,705 ERROR [IDENTIFY] rejected: best_match=100061.3 similarity=0.3954 (< 0.50 threshold)
2026-09-02 09:03:23,215 INFO [IDENTIFY] matched=100097.3 similarity=0.5973
2026-09-02 09:03:35,799 INFO [IDENTIFY] matched=100083.2 similarity=0.5078
2026-09-02 09:03:39,380 INFO [IDENTIFY] matched=100083.2 similarity=0.5078
2026-09-02 09:04:13,366 INFO [IDENTIFY] matched=100061.3 similarity=0.5141
2026-09-02 09:04:39,216 INFO [IDENTIFY] matched=100061.3 similarity=0.5115
2026-09-02 09:04:41,820 INFO [IDENTIFY] matched=100061.3 similarity=0.5115
2026-09-02 09:06:14,264 INFO [IDENTIFY] matched=100047.3 similarity=0.6266
2026-09-02 09:06:20,144 INFO [IDENTIFY] matched=100046.3 similarity=0.6893
2026-09-02 09:07:49,721 INFO [IDENTIFY] matched=100050.3 similarity=0.5597
2026-09-02 09:10:28,086 INFO [IDENTIFY] matched=100023.2 similarity=0.5477
2026-09-02 09:10:31,392 INFO [IDENTIFY] matched=100023.2 similarity=0.5477
2026-09-02 09:10:59,283 INFO [IDENTIFY] matched=100048.3 similarity=0.6743
2026-09-02 09:11:20,637 INFO [IDENTIFY] matched=100001.3 similarity=0.5914
2026-09-02 09:16:14,141 INFO [IDENTIFY] matched=100013.3 similarity=0.7110
2026-09-02 09:17:59,160 INFO [IDENTIFY] matched=100071.3 similarity=0.5414
2026-09-02 09:18:01,911 INFO [IDENTIFY] matched=100071.3 similarity=0.5414
2026-09-02 09:18:29,698 INFO [IDENTIFY] matched=100144.3 similarity=0.7401
2026-09-02 09:18:33,075 INFO [IDENTIFY] matched=100144.3 similarity=0.7401
2026-09-02 09:18:58,436 INFO [IDENTIFY] matched=100144.3 similarity=0.7705
2026-09-02 09:19:01,670 INFO [IDENTIFY] matched=100144.3 similarity=0.7705
2026-09-02 09:22:21,852 INFO [IDENTIFY] matched=100001.1 similarity=0.6704
2026-09-02 09:39:41,080 INFO [IDENTIFY] matched=100062.3 similarity=0.6413
2026-09-02 09:39:43,599 INFO [IDENTIFY] matched=100062.3 similarity=0.6413
2026-09-02 09:46:06,547 INFO [IDENTIFY] matched=100124.3 similarity=0.5601
2026-09-02 09:46:24,624 INFO [IDENTIFY] matched=100124.3 similarity=0.5601
2026-09-02 10:00:07,489 INFO [IDENTIFY] matched=100002.1 similarity=0.6582
2026-09-02 10:00:17,273 INFO [IDENTIFY] matched=100002.1 similarity=0.6582
2026-09-02 10:00:52,084 INFO [IDENTIFY] matched=100125.3 similarity=0.5487
2026-09-02 10:00:54,786 INFO [IDENTIFY] matched=100125.3 similarity=0.5487
2026-09-02 10:30:04,227 INFO [IDENTIFY] matched=100002.3 similarity=0.7544
2026-09-02 10:31:17,436 INFO [IDENTIFY] matched=100015.3 similarity=0.6178
2026-09-02 10:36:09,287 INFO [IDENTIFY] matched=100195.1 similarity=0.7298
2026-09-02 10:36:13,276 INFO [IDENTIFY] matched=100195.1 similarity=0.7298
2026-09-02 10:36:21,443 INFO [IDENTIFY] matched=100660.1 similarity=0.6661
2026-09-02 10:36:24,168 INFO [IDENTIFY] matched=100660.1 similarity=0.6661
2026-09-02 10:36:57,139 INFO [IDENTIFY] matched=100195.1 similarity=0.5625
2026-09-02 10:36:59,680 INFO [IDENTIFY] matched=100195.1 similarity=0.5625
2026-09-02 10:37:13,610 ERROR [IDENTIFY] rejected: best_match=100035.2 similarity=0.2869 (< 0.50 threshold)
2026-09-02 10:48:34,414 INFO [IDENTIFY] matched=100005.3 similarity=0.6147
2026-09-02 10:48:39,718 INFO [IDENTIFY] matched=100005.3 similarity=0.6147
2026-09-02 10:49:01,728 INFO [IDENTIFY] matched=100006.3 similarity=0.7701
2026-09-02 10:49:06,665 INFO [IDENTIFY] matched=100006.3 similarity=0.7701
2026-09-02 10:50:12,377 INFO [IDENTIFY] matched=100003.3 similarity=0.6307
2026-09-02 10:53:24,278 INFO [IDENTIFY] matched=100065.3 similarity=0.6600
2026-09-02 10:53:27,077 INFO [IDENTIFY] matched=100065.3 similarity=0.6600
2026-09-02 11:03:36,184 INFO [IDENTIFY] matched=100017.3 similarity=0.7102
2026-09-02 11:03:38,814 INFO [IDENTIFY] matched=100017.3 similarity=0.7102
2026-09-02 11:33:38,589 ERROR [IDENTIFY] rejected: best_match=100126.3 similarity=0.4852 (< 0.50 threshold)
2026-09-02 11:33:55,150 ERROR [IDENTIFY] rejected: best_match=100126.3 similarity=0.4521 (< 0.50 threshold)
2026-09-02 11:34:14,294 INFO [IDENTIFY] matched=100126.3 similarity=0.5644
2026-09-02 11:34:21,684 INFO [IDENTIFY] matched=100126.3 similarity=0.5644
2026-09-02 11:58:45,320 INFO [FAISS] Loaded 188 embeddings
2026-09-02 12:15:09,475 INFO [IDENTIFY] matched=100011.3 similarity=0.6809
2026-09-02 12:15:12,984 INFO [IDENTIFY] matched=100011.3 similarity=0.6809
2026-09-02 12:18:47,294 INFO [FAISS] Loaded 188 embeddings
2026-09-02 12:21:08,611 INFO [IDENTIFY] matched=100039.3 similarity=0.7118
2026-09-02 12:21:11,052 INFO [IDENTIFY] matched=100039.3 similarity=0.7118
2026-09-02 12:35:49,086 INFO [IDENTIFY] matched=100147.3 similarity=0.6280
2026-09-02 12:35:51,458 INFO [IDENTIFY] matched=100147.3 similarity=0.6280
2026-09-02 12:41:37,645 INFO [IDENTIFY] matched=100147.3 similarity=0.5842
2026-09-02 14:09:56,531 INFO [IDENTIFY] matched=100009.3 similarity=0.6225
2026-09-02 15:33:04,651 INFO [IDENTIFY] matched=100148.3 similarity=0.8319
2026-09-02 15:50:59,025 INFO [FAISS] Loaded 189 embeddings
2026-09-02 16:20:21,208 INFO [FAISS] Loaded 189 embeddings
2026-09-02 17:15:14,682 INFO [IDENTIFY] matched=100001.3 similarity=0.6864
2026-09-02 17:29:26,384 INFO [IDENTIFY] matched=100064.3 similarity=0.5131
2026-09-02 17:51:52,286 INFO [IDENTIFY] matched=100086.2 similarity=0.6040
2026-09-02 17:52:03,498 INFO [IDENTIFY] matched=100086.2 similarity=0.6040
2026-09-02 17:58:28,161 ERROR [IDENTIFY] rejected: best_match=100003.3 similarity=0.4860 (< 0.50 threshold)
2026-09-02 18:18:09,219 INFO [IDENTIFY] matched=100012.3 similarity=0.5930
2026-09-02 18:26:45,194 INFO [IDENTIFY] matched=100073.3 similarity=0.6359
2026-09-02 18:26:48,415 INFO [IDENTIFY] matched=100073.3 similarity=0.6359
2026-09-02 19:43:31,152 ERROR [IDENTIFY] rejected: no face detected in any of 10 frame(s)
2026-09-02 19:43:53,454 INFO [IDENTIFY] matched=100082.2 similarity=0.5089
2026-09-02 19:43:56,812 INFO [IDENTIFY] matched=100082.2 similarity=0.5089
2026-09-02 20:56:31,677 INFO [IDENTIFY] matched=100037.2 similarity=0.5408
2026-09-02 21:06:02,470 INFO [IDENTIFY] matched=100067.2 similarity=0.7051
2026-09-02 21:06:05,517 INFO [IDENTIFY] matched=100067.2 similarity=0.7051
2026-09-02 21:06:51,008 INFO [IDENTIFY] matched=100023.2 similarity=0.6095
2026-09-02 21:06:54,417 INFO [IDENTIFY] matched=100023.2 similarity=0.6095
2026-09-02 21:16:35,751 INFO [IDENTIFY] matched=100097.3 similarity=0.5867
2026-09-02 21:19:51,658 INFO [IDENTIFY] matched=100088.3 similarity=0.6787
2026-09-02 21:19:53,731 INFO [IDENTIFY] matched=100088.3 similarity=0.6787
2026-09-02 22:09:39,971 ERROR [IDENTIFY] rejected: best_match=100083.2 similarity=0.4546 (< 0.50 threshold)
2026-09-02 22:10:24,409 INFO [IDENTIFY] matched=100083.2 similarity=0.5067
2026-09-02 22:10:32,645 INFO [IDENTIFY] matched=100083.2 similarity=0.5067
2026-09-02 22:47:47,991 INFO [IDENTIFY] matched=100078.3 similarity=0.7709
2026-09-02 22:51:11,566 INFO [IDENTIFY] matched=100002.3 similarity=0.6293
2026-09-02 23:53:29,075 INFO [IDENTIFY] matched=100004.2 similarity=0.5195
2026-09-02 23:53:33,755 INFO [IDENTIFY] matched=100004.2 similarity=0.5195
2026-09-03 05:58:34,104 ERROR [IDENTIFY] rejected: best_match=100064.3 similarity=0.4665 (< 0.50 threshold)
2026-09-03 05:59:02,033 ERROR [IDENTIFY] rejected: no face detected in any of 10 frame(s)
2026-09-03 05:59:29,935 ERROR [IDENTIFY] rejected: best_match=100064.3 similarity=0.4806 (< 0.50 threshold)
2026-09-03 05:59:59,570 INFO [IDENTIFY] matched=100064.3 similarity=0.5169
2026-09-03 06:00:04,763 INFO [IDENTIFY] matched=100064.3 similarity=0.5169
2026-09-03 06:02:24,758 INFO [IDENTIFY] matched=100082.2 similarity=0.5529
2026-09-03 06:02:36,136 INFO [IDENTIFY] matched=100082.2 similarity=0.5529
2026-09-03 06:40:00,811 INFO [IDENTIFY] matched=100009.3 similarity=0.6253
2026-09-03 07:00:19,057 INFO [IDENTIFY] matched=100073.3 similarity=0.5527
2026-09-03 07:00:24,209 INFO [IDENTIFY] matched=100073.3 similarity=0.5527
2026-09-03 08:01:32,430 INFO [IDENTIFY] matched=100063.3 similarity=0.8339
2026-09-03 08:02:17,365 INFO [IDENTIFY] matched=100063.3 similarity=0.8733
2026-09-03 08:02:28,517 INFO [IDENTIFY] matched=100063.3 similarity=0.8733
2026-09-03 08:06:04,358 INFO [IDENTIFY] matched=100069.3 similarity=0.6480
2026-09-03 08:06:08,311 INFO [IDENTIFY] matched=100069.3 similarity=0.6480
2026-09-03 08:20:45,769 INFO [IDENTIFY] matched=100126.3 similarity=0.5066
2026-09-03 08:20:49,646 INFO [IDENTIFY] matched=100126.3 similarity=0.5066
2026-09-03 08:21:37,358 INFO [IDENTIFY] matched=100003.3 similarity=0.5281
2026-09-03 08:29:13,322 INFO [IDENTIFY] matched=100088.3 similarity=0.6179
2026-09-03 08:29:17,500 INFO [IDENTIFY] matched=100088.3 similarity=0.6179
2026-09-03 08:37:10,036 ERROR [IDENTIFY] rejected: best_match=100079.3 similarity=0.3681 (< 0.50 threshold)
2026-09-03 08:37:28,777 INFO [IDENTIFY] matched=100079.3 similarity=0.5096
2026-09-03 08:37:32,450 INFO [IDENTIFY] matched=100079.3 similarity=0.5096
2026-09-03 08:37:42,379 ERROR [IDENTIFY] rejected: no face detected in any of 10 frame(s)
2026-09-03 08:40:22,974 INFO [IDENTIFY] matched=100076.3 similarity=0.7058
2026-09-03 08:54:15,580 INFO [IDENTIFY] matched=100078.3 similarity=0.7474
2026-09-03 09:00:36,300 INFO [IDENTIFY] matched=100047.3 similarity=0.5637
2026-09-03 09:01:29,315 INFO [IDENTIFY] matched=100046.3 similarity=0.6925
2026-09-03 09:02:44,345 INFO [IDENTIFY] matched=100147.3 similarity=0.6161
2026-09-03 09:05:25,942 INFO [IDENTIFY] matched=100001.3 similarity=0.5738
2026-09-03 09:11:41,992 ERROR [IDENTIFY] rejected: best_match=100004.2 similarity=0.3322 (< 0.50 threshold)
2026-09-03 09:11:48,914 INFO [IDENTIFY] matched=100097.3 similarity=0.6079
2026-09-03 09:11:57,200 ERROR [IDENTIFY] rejected: best_match=100114.3 similarity=0.2099 (< 0.50 threshold)
2026-09-03 09:12:12,905 INFO [IDENTIFY] matched=100013.3 similarity=0.6930
2026-09-03 09:12:53,952 ERROR [IDENTIFY] rejected: best_match=100004.2 similarity=0.4671 (< 0.50 threshold)
2026-09-03 09:13:22,321 ERROR [IDENTIFY] rejected: best_match=100004.2 similarity=0.4581 (< 0.50 threshold)
2026-09-03 09:13:56,939 INFO [IDENTIFY] matched=100004.2 similarity=0.5128
2026-09-03 09:13:59,667 INFO [IDENTIFY] matched=100004.2 similarity=0.5128
2026-09-03 09:14:25,043 INFO [IDENTIFY] matched=100050.3 similarity=0.6333
2026-09-03 09:14:33,443 INFO [IDENTIFY] matched=100067.2 similarity=0.7025
2026-09-03 09:14:37,359 INFO [IDENTIFY] matched=100067.2 similarity=0.7025
2026-09-03 09:14:57,739 INFO [IDENTIFY] matched=100083.2 similarity=0.5118
2026-09-03 09:15:07,509 INFO [IDENTIFY] matched=100083.2 similarity=0.5118
2026-09-03 09:15:16,096 INFO [IDENTIFY] matched=100023.2 similarity=0.6469
2026-09-03 09:15:19,330 INFO [IDENTIFY] matched=100023.2 similarity=0.6469
2026-09-03 09:32:27,616 INFO [IDENTIFY] matched=100017.3 similarity=0.6990
2026-09-03 09:32:31,257 INFO [IDENTIFY] matched=100017.3 similarity=0.6990
2026-09-03 09:43:51,725 INFO [IDENTIFY] matched=100125.3 similarity=0.7035
2026-09-03 09:43:57,615 INFO [IDENTIFY] matched=100125.3 similarity=0.7035
2026-09-03 09:46:04,126 INFO [IDENTIFY] matched=100124.3 similarity=0.5855
2026-09-03 09:46:07,521 INFO [IDENTIFY] matched=100124.3 similarity=0.5855
2026-09-03 09:57:41,097 INFO [IDENTIFY] matched=100015.3 similarity=0.5861
2026-09-03 10:05:42,272 INFO [IDENTIFY] matched=100039.3 similarity=0.5631
2026-09-03 10:05:45,043 INFO [IDENTIFY] matched=100039.3 similarity=0.5631
2026-09-03 10:10:10,827 INFO [IDENTIFY] matched=100061.3 similarity=0.5910
2026-09-03 10:10:13,716 INFO [IDENTIFY] matched=100061.3 similarity=0.5910
2026-09-03 10:10:29,115 INFO [IDENTIFY] matched=100068.3 similarity=0.7386
2026-09-03 10:10:32,982 INFO [IDENTIFY] matched=100040.3 similarity=0.9704
2026-09-03 10:10:32,986 INFO [IDENTIFY] matched=100068.3 similarity=0.7386
2026-09-03 10:10:35,930 INFO [IDENTIFY] matched=100040.3 similarity=0.9704
2026-09-03 10:10:50,605 INFO [IDENTIFY] matched=100067.3 similarity=0.8402
2026-09-03 10:10:55,444 INFO [IDENTIFY] matched=100067.3 similarity=0.8402
2026-09-03 10:31:18,482 INFO [IDENTIFY] matched=100004.3 similarity=0.6928
2026-09-03 10:31:21,172 INFO [IDENTIFY] matched=100004.3 similarity=0.6928
2026-09-03 10:33:11,764 INFO [IDENTIFY] matched=100002.3 similarity=0.8022
2026-09-03 10:41:08,168 ERROR [IDENTIFY] rejected: best_match=100070.3 similarity=0.3469 (< 0.50 threshold)
2026-09-03 10:41:30,522 INFO [IDENTIFY] matched=100039.3 similarity=0.5599
2026-09-03 10:41:33,455 INFO [IDENTIFY] matched=100039.3 similarity=0.5599
2026-09-03 10:41:35,305 INFO [FAISS] Loaded 189 embeddings
2026-09-03 10:41:55,471 INFO [IDENTIFY] matched=100041.3 similarity=0.9125
2026-09-03 10:41:58,122 INFO [IDENTIFY] matched=100041.3 similarity=0.9125
2026-09-03 10:50:16,294 INFO [IDENTIFY] matched=100011.3 similarity=0.6978
2026-09-03 10:50:18,985 INFO [IDENTIFY] matched=100011.3 similarity=0.6978
2026-09-03 11:36:53,570 INFO [IDENTIFY] matched=100099.3 similarity=0.7453
2026-09-03 11:36:57,599 INFO [IDENTIFY] matched=100099.3 similarity=0.7453
2026-09-03 12:16:25,550 INFO [IDENTIFY] matched=100001.5 similarity=0.6625
2026-09-03 13:09:05,756 INFO [FAISS] Loaded 190 embeddings
2026-09-03 13:35:27,420 INFO [IDENTIFY] matched=100001.5 similarity=0.6076
2026-09-03 13:54:10,670 ERROR [IDENTIFY] rejected: best_match=100005.3 similarity=0.3974 (< 0.50 threshold)
2026-09-03 13:54:27,685 ERROR [IDENTIFY] rejected: best_match=100005.3 similarity=0.4470 (< 0.50 threshold)
2026-09-03 13:54:54,513 INFO [IDENTIFY] matched=100005.3 similarity=0.5015
2026-09-03 13:55:00,241 INFO [IDENTIFY] matched=100005.3 similarity=0.5015
2026-09-03 14:33:59,818 INFO [IDENTIFY] matched=100002.1 similarity=0.6458
2026-09-03 14:36:04,609 INFO [IDENTIFY] matched=100660.1 similarity=0.7972
2026-09-03 14:40:43,459 INFO [IDENTIFY] matched=100660.1 similarity=0.6001
2026-09-03 14:57:31,870 ERROR [IDENTIFY] rejected: no face detected in any of 10 frame(s)
2026-09-03 14:57:54,648 ERROR [IDENTIFY] rejected: best_match=100651.1 similarity=0.4903 (< 0.50 threshold)
2026-09-03 14:58:21,916 ERROR [IDENTIFY] rejected: best_match=100651.1 similarity=0.4552 (< 0.50 threshold)
2026-09-03 14:58:41,015 INFO [IDENTIFY] matched=100651.1 similarity=0.5019
2026-09-03 14:58:46,376 INFO [IDENTIFY] matched=100651.1 similarity=0.5019
2026-09-03 14:58:55,847 INFO [IDENTIFY] matched=100651.1 similarity=0.5825
2026-09-03 14:58:59,334 INFO [IDENTIFY] matched=100651.1 similarity=0.5825
2026-09-03 14:59:43,121 INFO [IDENTIFY] matched=100651.1 similarity=0.5439
2026-09-03 14:59:48,309 INFO [IDENTIFY] matched=100651.1 similarity=0.5439
2026-09-03 15:00:28,867 ERROR [IDENTIFY] rejected: best_match=100080.3 similarity=0.4748 (< 0.50 threshold)
2026-09-03 15:00:49,952 INFO [IDENTIFY] matched=100080.3 similarity=0.6715
2026-09-03 15:00:55,051 INFO [IDENTIFY] matched=100080.3 similarity=0.6715
2026-09-03 15:08:33,445 INFO [IDENTIFY] matched=100039.2 similarity=0.5314
2026-09-03 15:12:04,450 INFO [IDENTIFY] matched=100055.3 similarity=0.7015
2026-09-03 15:12:08,852 INFO [IDENTIFY] matched=100055.3 similarity=0.7015
2026-09-03 15:21:01,010 ERROR [IDENTIFY] rejected: no face detected in any of 10 frame(s)
2026-09-03 15:23:10,569 INFO [IDENTIFY] matched=100062.3 similarity=0.5723
2026-09-03 15:23:14,088 INFO [IDENTIFY] matched=100062.3 similarity=0.5723
2026-09-03 15:29:18,420 ERROR [IDENTIFY] rejected: best_match=100071.3 similarity=0.3843 (< 0.50 threshold)
2026-09-03 15:29:35,410 ERROR [IDENTIFY] rejected: best_match=100071.3 similarity=0.4901 (< 0.50 threshold)
2026-09-03 15:29:54,734 ERROR [IDENTIFY] rejected: best_match=100071.3 similarity=0.4335 (< 0.50 threshold)
2026-09-03 15:30:24,079 INFO [IDENTIFY] matched=100071.3 similarity=0.5008
2026-09-03 15:30:28,872 INFO [IDENTIFY] matched=100071.3 similarity=0.5008
2026-09-03 15:32:28,808 ERROR [IDENTIFY] rejected: best_match=100651.1 similarity=0.4183 (< 0.50 threshold)
2026-09-03 15:32:46,882 ERROR [IDENTIFY] rejected: best_match=100651.1 similarity=0.3376 (< 0.50 threshold)
2026-09-03 15:33:04,975 ERROR [IDENTIFY] rejected: best_match=100142.3 similarity=0.3533 (< 0.50 threshold)
2026-09-03 15:35:53,779 ERROR [IDENTIFY] rejected: best_match=100096.3 similarity=0.3866 (< 0.50 threshold)
2026-09-03 15:41:11,749 INFO [IDENTIFY] matched=100096.3 similarity=0.7264
2026-09-03 15:41:15,447 INFO [IDENTIFY] matched=100096.3 similarity=0.7264
2026-09-03 15:42:03,100 INFO [IDENTIFY] matched=100062.3 similarity=0.6431
2026-09-03 15:42:12,515 INFO [IDENTIFY] matched=100062.3 similarity=0.6431
2026-09-03 15:44:28,449 INFO [IDENTIFY] matched=100086.3 similarity=0.6766
2026-09-03 16:02:13,856 INFO [IDENTIFY] matched=100132.3 similarity=0.7180
2026-09-03 16:02:18,793 INFO [IDENTIFY] matched=100132.3 similarity=0.7180
2026-09-03 16:03:33,865 INFO [IDENTIFY] matched=100100.3 similarity=0.5701
2026-09-03 16:03:38,790 INFO [IDENTIFY] matched=100100.3 similarity=0.5701
2026-09-03 16:04:14,369 ERROR [IDENTIFY] rejected: best_match=100650.1 similarity=0.2663 (< 0.50 threshold)
2026-09-03 16:12:22,015 ERROR [IDENTIFY] rejected: best_match=100025.2 similarity=0.1811 (< 0.50 threshold)
2026-09-03 17:02:41,021 INFO [IDENTIFY] matched=100003.3 similarity=0.5248
2026-09-03 17:06:15,129 ERROR [IDENTIFY] rejected: best_match=100015.2 similarity=0.3081 (< 0.50 threshold)
2026-09-03 17:08:15,677 ERROR [IDENTIFY] rejected: best_match=100086.3 similarity=0.2612 (< 0.50 threshold)
2026-09-03 17:08:38,264 ERROR [IDENTIFY] rejected: best_match=100010.3 similarity=0.2817 (< 0.50 threshold)
2026-09-03 17:09:21,614 ERROR [IDENTIFY] rejected: best_match=100010.3 similarity=0.3558 (< 0.50 threshold)
2026-09-03 17:09:41,777 ERROR [IDENTIFY] rejected: best_match=100063.2 similarity=0.3014 (< 0.50 threshold)
2026-09-03 17:10:29,120 INFO [IDENTIFY] matched=100001.3 similarity=0.6411
2026-09-03 17:42:43,131 INFO [IDENTIFY] matched=100064.3 similarity=0.5900
2026-09-03 17:42:46,116 INFO [IDENTIFY] matched=100064.3 similarity=0.5900
2026-09-03 17:54:43,917 INFO [IDENTIFY] matched=100017.3 similarity=0.7371
2026-09-03 18:07:57,780 INFO [IDENTIFY] matched=100083.2 similarity=0.5155
2026-09-03 18:08:14,327 INFO [IDENTIFY] matched=100083.2 similarity=0.5155
2026-09-03 18:12:51,333 INFO [IDENTIFY] matched=100073.3 similarity=0.7063
2026-09-03 18:12:54,225 INFO [IDENTIFY] matched=100073.3 similarity=0.7063
2026-09-03 18:42:48,191 INFO [IDENTIFY] matched=100086.2 similarity=0.6518
2026-09-03 18:42:53,599 INFO [IDENTIFY] matched=100086.2 similarity=0.6518
2026-09-03 19:31:34,542 INFO [IDENTIFY] matched=100072.3 similarity=0.7126
2026-09-03 19:31:37,757 INFO [IDENTIFY] matched=100072.3 similarity=0.7126
2026-09-03 19:32:18,646 ERROR [IDENTIFY] rejected: best_match=100069.3 similarity=0.4862 (< 0.50 threshold)
2026-09-03 19:32:38,746 INFO [IDENTIFY] matched=100063.3 similarity=0.7608
2026-09-03 19:32:47,296 INFO [IDENTIFY] matched=100063.3 similarity=0.7608
2026-09-03 19:40:52,162 ERROR [IDENTIFY] rejected: best_match=100069.3 similarity=0.4171 (< 0.50 threshold)
2026-09-03 19:41:18,929 INFO [IDENTIFY] matched=100069.3 similarity=0.6124
2026-09-03 19:42:08,124 ERROR [IDENTIFY] rejected: best_match=100071.3 similarity=0.3708 (< 0.50 threshold)
2026-09-03 19:42:23,561 ERROR [IDENTIFY] rejected: best_match=100071.3 similarity=0.3359 (< 0.50 threshold)
2026-09-03 19:43:05,783 ERROR [IDENTIFY] rejected: best_match=100071.3 similarity=0.4194 (< 0.50 threshold)
2026-09-03 19:43:34,715 INFO [IDENTIFY] matched=100071.3 similarity=0.5704
2026-09-03 19:43:37,756 INFO [IDENTIFY] matched=100071.3 similarity=0.5704
2026-09-03 19:58:01,042 INFO [IDENTIFY] matched=100004.2 similarity=0.6268
2026-09-03 19:58:04,350 INFO [IDENTIFY] matched=100004.2 similarity=0.6268
2026-09-03 20:04:23,413 INFO [IDENTIFY] matched=100082.2 similarity=0.5398
2026-09-03 20:04:27,655 INFO [IDENTIFY] matched=100082.2 similarity=0.5398
2026-09-03 20:50:27,268 INFO [IDENTIFY] matched=100097.3 similarity=0.6588
2026-09-03 20:58:52,798 INFO [IDENTIFY] matched=100655.1 similarity=0.6409
2026-09-03 20:58:55,923 INFO [IDENTIFY] matched=100655.1 similarity=0.6409
2026-09-03 21:08:23,380 INFO [IDENTIFY] matched=100079.3 similarity=0.5707
2026-09-03 21:13:57,090 ERROR [IDENTIFY] rejected: no face detected in any of 10 frame(s)
2026-09-03 21:25:05,658 INFO [IDENTIFY] matched=100088.3 similarity=0.6299
2026-09-03 21:25:08,571 INFO [IDENTIFY] matched=100088.3 similarity=0.6299
2026-09-03 21:51:22,946 INFO [IDENTIFY] matched=100651.1 similarity=0.5343
2026-09-03 21:51:25,351 INFO [IDENTIFY] matched=100651.1 similarity=0.5343
2026-09-03 22:26:46,340 INFO [IDENTIFY] matched=100086.3 similarity=0.6192
2026-09-03 22:27:13,229 INFO [IDENTIFY] matched=100096.3 similarity=0.7009
2026-09-03 22:27:15,404 INFO [IDENTIFY] matched=100096.3 similarity=0.7009
2026-09-03 22:27:44,359 INFO [IDENTIFY] matched=100096.3 similarity=0.7278
2026-09-03 22:27:47,083 INFO [IDENTIFY] matched=100096.3 similarity=0.7278
2026-09-03 22:39:09,652 INFO [IDENTIFY] matched=100067.2 similarity=0.6016
2026-09-03 22:39:13,700 INFO [IDENTIFY] matched=100067.2 similarity=0.6844
2026-09-03 22:39:14,579 INFO [IDENTIFY] matched=100067.2 similarity=0.6016
2026-09-03 22:39:17,424 INFO [IDENTIFY] matched=100067.2 similarity=0.6844
2026-09-03 22:41:29,563 INFO [IDENTIFY] matched=100078.3 similarity=0.7434
2026-09-03 22:49:58,219 INFO [IDENTIFY] matched=100076.3 similarity=0.6524
2026-09-03 22:50:07,718 INFO [IDENTIFY] matched=100076.3 similarity=0.6524
2026-09-03 22:50:17,921 INFO [IDENTIFY] matched=100076.3 similarity=0.6789
2026-09-03 22:57:32,046 INFO [IDENTIFY] matched=100014.3 similarity=0.5809
2026-09-03 22:58:01,647 INFO [IDENTIFY] matched=100014.3 similarity=0.5809
2026-09-03 23:10:32,843 INFO [IDENTIFY] matched=100002.3 similarity=0.6086
2026-09-04 05:53:43,421 ERROR [IDENTIFY] rejected: best_match=100064.3 similarity=0.4687 (< 0.50 threshold)
2026-09-04 05:54:26,728 INFO [IDENTIFY] matched=100064.3 similarity=0.5513
2026-09-04 05:54:33,095 INFO [IDENTIFY] matched=100064.3 similarity=0.5513
2026-09-04 05:57:56,809 ERROR [IDENTIFY] rejected: no face detected in any of 7 frame(s)
2026-09-04 06:50:57,009 INFO [IDENTIFY] matched=100076.3 similarity=0.7154
2026-09-04 07:11:00,681 INFO [IDENTIFY] matched=100073.3 similarity=0.7719
2026-09-04 07:11:03,641 INFO [IDENTIFY] matched=100073.3 similarity=0.7719
2026-09-04 07:11:35,744 INFO [IDENTIFY] matched=100652.1 similarity=0.7031
2026-09-04 07:11:38,524 INFO [IDENTIFY] matched=100652.1 similarity=0.7031
2026-09-04 07:30:03,134 INFO [IDENTIFY] matched=100071.3 similarity=0.5298
2026-09-04 07:30:08,156 INFO [IDENTIFY] matched=100071.3 similarity=0.5298
2026-09-04 07:34:08,824 INFO [IDENTIFY] matched=100072.3 similarity=0.7879
2026-09-04 07:34:12,602 INFO [IDENTIFY] matched=100072.3 similarity=0.7879
2026-09-04 07:52:31,182 INFO [IDENTIFY] matched=100063.3 similarity=0.8088
2026-09-04 07:52:40,434 INFO [IDENTIFY] matched=100063.3 similarity=0.8088
2026-09-04 07:57:32,334 ERROR [IDENTIFY] rejected: best_match=100068.3 similarity=0.4553 (< 0.50 threshold)
2026-09-04 07:57:55,858 INFO [IDENTIFY] matched=100068.3 similarity=0.6446
2026-09-04 07:58:08,164 INFO [IDENTIFY] matched=100068.3 similarity=0.6446
2026-09-04 07:58:21,926 ERROR [IDENTIFY] rejected: no face detected in any of 10 frame(s)
2026-09-04 07:58:38,240 ERROR [IDENTIFY] rejected: best_match=100070.3 similarity=0.4946 (< 0.50 threshold)
2026-09-04 07:59:06,780 INFO [IDENTIFY] matched=100070.3 similarity=0.5569
2026-09-04 07:59:11,930 INFO [IDENTIFY] matched=100070.3 similarity=0.5569
2026-09-04 08:00:37,480 INFO [IDENTIFY] matched=100126.3 similarity=0.5677
2026-09-04 08:00:40,888 INFO [IDENTIFY] matched=100126.3 similarity=0.5677
2026-09-04 08:05:13,753 INFO [IDENTIFY] matched=100069.3 similarity=0.6745
2026-09-04 08:05:16,752 INFO [IDENTIFY] matched=100069.3 similarity=0.6745
2026-09-04 08:06:26,901 INFO [IDENTIFY] matched=100003.3 similarity=0.5129
2026-09-04 08:11:46,086 INFO [IDENTIFY] matched=100009.3 similarity=0.5939
2026-09-04 08:34:28,137 ERROR [IDENTIFY] rejected: best_match=100061.3 similarity=0.4569 (< 0.50 threshold)
2026-09-04 08:34:42,930 ERROR [IDENTIFY] rejected: best_match=100015.3 similarity=0.3827 (< 0.50 threshold)
2026-09-04 08:35:00,720 ERROR [IDENTIFY] rejected: best_match=100061.3 similarity=0.4839 (< 0.50 threshold)
2026-09-04 08:35:32,186 INFO [IDENTIFY] matched=100061.3 similarity=0.5570
2026-09-04 08:35:34,972 INFO [IDENTIFY] matched=100061.3 similarity=0.5570
2026-09-04 09:00:22,081 INFO [IDENTIFY] matched=100046.3 similarity=0.6342
2026-09-04 09:02:06,446 INFO [IDENTIFY] matched=100097.3 similarity=0.6679
2026-09-04 09:03:57,320 INFO [IDENTIFY] matched=100055.3 similarity=0.6926
2026-09-04 09:04:50,593 INFO [IDENTIFY] matched=100001.3 similarity=0.5490
2026-09-04 09:06:24,359 INFO [IDENTIFY] matched=100066.3 similarity=0.6225
2026-09-04 09:06:27,552 INFO [IDENTIFY] matched=100066.3 similarity=0.6225
2026-09-04 09:06:44,200 INFO [IDENTIFY] matched=100144.3 similarity=0.7500
2026-09-04 09:06:47,344 INFO [IDENTIFY] matched=100144.3 similarity=0.7500
2026-09-04 09:07:08,451 INFO [IDENTIFY] matched=100088.3 similarity=0.5712
2026-09-04 09:07:12,113 INFO [IDENTIFY] matched=100088.3 similarity=0.5712
2026-09-04 09:08:41,550 INFO [IDENTIFY] matched=100651.1 similarity=0.5319
2026-09-04 09:08:47,329 INFO [IDENTIFY] matched=100651.1 similarity=0.5319
2026-09-04 09:09:15,872 INFO [IDENTIFY] matched=100147.3 similarity=0.7336
2026-09-04 09:14:50,976 INFO [IDENTIFY] matched=100039.3 similarity=0.5816
2026-09-04 09:14:53,419 INFO [IDENTIFY] matched=100039.3 similarity=0.5816
2026-09-04 09:19:39,824 INFO [IDENTIFY] matched=100080.3 similarity=0.6037
2026-09-04 09:19:43,533 INFO [IDENTIFY] matched=100080.3 similarity=0.6037
2026-09-04 09:20:08,374 INFO [IDENTIFY] matched=100080.3 similarity=0.7040
2026-09-04 09:20:13,676 INFO [IDENTIFY] matched=100080.3 similarity=0.7040
2026-09-04 09:22:13,632 INFO [IDENTIFY] matched=100002.3 similarity=0.7172
2026-09-04 09:25:04,039 INFO [IDENTIFY] matched=100086.3 similarity=0.7292
2026-09-04 09:27:25,641 INFO [IDENTIFY] matched=100005.3 similarity=0.6504
2026-09-04 09:27:32,774 INFO [IDENTIFY] matched=100005.3 similarity=0.6504
2026-09-04 09:27:48,269 INFO [IDENTIFY] matched=100010.3 similarity=0.5544
2026-09-04 09:27:54,256 INFO [IDENTIFY] matched=100010.3 similarity=0.5544
2026-09-04 09:28:30,616 INFO [IDENTIFY] matched=100008.3 similarity=0.6852
2026-09-04 09:28:38,151 INFO [IDENTIFY] matched=100008.3 similarity=0.6852
2026-09-04 09:34:19,656 ERROR [IDENTIFY] rejected: best_match=100004.2 similarity=0.4656 (< 0.50 threshold)
2026-09-04 09:55:55,295 ERROR [IDENTIFY] rejected: best_match=100004.2 similarity=0.4974 (< 0.50 threshold)
2026-09-04 09:58:18,092 ERROR [IDENTIFY] rejected: best_match=100062.3 similarity=0.4424 (< 0.50 threshold)
2026-09-04 09:58:37,733 INFO [IDENTIFY] matched=100067.3 similarity=0.8298
2026-09-04 09:58:40,002 INFO [IDENTIFY] matched=100067.3 similarity=0.8298
2026-09-04 09:58:56,950 INFO [IDENTIFY] matched=100062.3 similarity=0.6795
2026-09-04 09:58:59,188 INFO [IDENTIFY] matched=100062.3 similarity=0.6795
2026-09-04 10:01:55,390 INFO [IDENTIFY] matched=100015.3 similarity=0.5647
2026-09-04 10:03:41,835 ERROR [IDENTIFY] rejected: no face detected in any of 10 frame(s)
2026-09-04 10:10:58,398 INFO [IDENTIFY] matched=100078.3 similarity=0.7089
2026-09-04 10:43:40,713 INFO [IDENTIFY] matched=100195.1 similarity=0.7889
2026-09-04 10:48:59,131 INFO [IDENTIFY] matched=100195.1 similarity=0.8108
2026-09-04 10:51:02,590 INFO [IDENTIFY] matched=100017.3 similarity=0.7342
2026-09-04 10:59:16,947 INFO [IDENTIFY] matched=100047.3 similarity=0.6521
2026-09-04 10:59:19,066 INFO [IDENTIFY] matched=100195.1 similarity=0.8165
2026-09-04 11:00:39,435 INFO [IDENTIFY] matched=100195.1 similarity=0.8055
2026-09-04 11:00:42,868 INFO [IDENTIFY] matched=100195.1 similarity=0.8055
2026-09-04 11:03:40,731 INFO [IDENTIFY] matched=100195.1 similarity=0.7608
2026-09-04 11:03:50,059 INFO [IDENTIFY] matched=100195.1 similarity=0.7608
2026-09-04 11:06:13,885 INFO [IDENTIFY] matched=100195.1 similarity=0.7723
2026-09-04 11:06:17,908 INFO [IDENTIFY] matched=100195.1 similarity=0.7723
2026-09-04 11:07:05,478 INFO [IDENTIFY] matched=100195.1 similarity=0.8183
2026-09-04 11:07:08,194 INFO [IDENTIFY] matched=100195.1 similarity=0.8183
2026-09-04 11:08:54,318 INFO [IDENTIFY] matched=100195.1 similarity=0.7253
2026-09-04 11:08:57,089 INFO [IDENTIFY] matched=100195.1 similarity=0.7253
2026-09-04 11:38:35,318 ERROR [IDENTIFY] rejected: best_match=100099.3 similarity=0.3040 (< 0.50 threshold)
2026-09-04 12:29:19,094 INFO [IDENTIFY] matched=100011.3 similarity=0.7416
2026-09-04 12:29:21,968 INFO [IDENTIFY] matched=100011.3 similarity=0.7416
2026-09-04 12:43:07,185 ERROR [IDENTIFY] rejected: best_match=100013.3 similarity=0.4999 (< 0.50 threshold)
2026-09-04 12:43:32,726 INFO [IDENTIFY] matched=100013.3 similarity=0.5033
2026-09-04 13:04:30,377 INFO [FAISS] Loaded 190 embeddings
2026-09-04 13:04:30,403 INFO [FAISS] Loaded 190 embeddings
2026-09-04 13:21:24,023 INFO [FAISS] Loaded 190 embeddings
2026-09-04 13:53:42,132 INFO [IDENTIFY] matched=100099.3 similarity=0.5697
2026-09-04 13:53:46,801 INFO [IDENTIFY] matched=100099.3 similarity=0.5697
2026-09-04 14:03:54,540 INFO [IDENTIFY] matched=100009.3 similarity=0.5215
2026-09-04 14:27:58,631 INFO [IDENTIFY] matched=100040.3 similarity=0.6012
2026-09-04 14:28:02,139 INFO [IDENTIFY] matched=100040.3 similarity=0.6012
2026-09-04 14:28:17,463 INFO [IDENTIFY] matched=100125.3 similarity=0.6234
2026-09-04 14:28:20,695 INFO [IDENTIFY] matched=100125.3 similarity=0.6234
2026-09-04 14:53:08,772 INFO [IDENTIFY] matched=100002.1 similarity=0.5972
2026-09-04 14:53:12,008 INFO [IDENTIFY] matched=100002.1 similarity=0.5972
2026-09-04 14:57:19,482 INFO [IDENTIFY] matched=100002.1 similarity=0.6321
2026-09-04 14:57:22,407 INFO [IDENTIFY] matched=100002.1 similarity=0.6321
2026-09-04 15:05:17,879 INFO [FAISS] Loaded 190 embeddings
2026-09-04 15:06:51,052 INFO [IDENTIFY] matched=100002.1 similarity=0.6695
2026-09-04 15:06:55,009 INFO [IDENTIFY] matched=100002.1 similarity=0.6695
2026-09-04 15:12:48,251 INFO [IDENTIFY] matched=100001.5 similarity=0.7168
2026-09-04 15:41:08,759 INFO [IDENTIFY] matched=100004.3 similarity=0.7426
2026-09-04 15:41:11,448 INFO [IDENTIFY] matched=100004.3 similarity=0.7426
2026-09-04 15:41:22,518 INFO [IDENTIFY] matched=100140.3 similarity=0.5502
2026-09-04 15:41:25,259 INFO [IDENTIFY] matched=100140.3 similarity=0.5502
2026-09-04 15:54:41,804 INFO [FAISS] Loaded 190 embeddings
2026-09-04 15:59:27,423 INFO [IDENTIFY] matched=100002.1 similarity=0.7706
2026-09-04 15:59:31,215 INFO [IDENTIFY] matched=100002.1 similarity=0.7706
2026-09-04 16:00:06,428 INFO [IDENTIFY] matched=100002.1 similarity=0.7062
2026-09-04 16:00:10,171 INFO [IDENTIFY] matched=100002.1 similarity=0.7062
2026-09-04 16:00:41,431 INFO [IDENTIFY] matched=100002.1 similarity=0.7558
2026-09-04 16:00:44,965 INFO [IDENTIFY] matched=100002.1 similarity=0.7558
2026-09-04 16:10:37,715 INFO [IDENTIFY] matched=100660.1 similarity=0.7091
2026-09-04 16:12:34,813 INFO [IDENTIFY] matched=100195.1 similarity=0.8268
2026-09-04 16:12:44,766 INFO [IDENTIFY] matched=100195.1 similarity=0.8268
2026-09-04 17:02:17,493 INFO [IDENTIFY] matched=100003.3 similarity=0.6555
2026-09-04 17:06:35,416 INFO [IDENTIFY] matched=100195.1 similarity=0.8566
2026-09-04 17:06:39,133 INFO [IDENTIFY] matched=100195.1 similarity=0.8566
2026-09-04 17:41:23,936 INFO [IDENTIFY] matched=100064.3 similarity=0.5913
2026-09-04 17:57:42,780 INFO [FAISS] Loaded 190 embeddings
2026-09-04 18:08:15,667 ERROR [IDENTIFY] rejected: no face detected in any of 10 frame(s)
2026-09-04 18:08:55,744 ERROR [IDENTIFY] rejected: best_match=100004.2 similarity=0.4174 (< 0.50 threshold)
2026-09-04 18:09:06,043 INFO [IDENTIFY] matched=100073.3 similarity=0.5772
2026-09-04 18:09:25,918 ERROR [IDENTIFY] rejected: best_match=100081.2 similarity=0.1269 (< 0.50 threshold)
2026-09-04 18:09:44,914 INFO [IDENTIFY] matched=100073.3 similarity=0.6275
2026-09-04 18:22:39,595 INFO [FAISS] Loaded 190 embeddings
2026-09-04 18:35:13,934 INFO [IDENTIFY] matched=100001.3 similarity=0.5350
2026-09-04 19:29:47,916 ERROR [IDENTIFY] rejected: best_match=100061.3 similarity=0.3883 (< 0.50 threshold)
2026-09-04 20:21:37,069 ERROR [IDENTIFY] rejected: best_match=100071.3 similarity=0.3132 (< 0.50 threshold)
2026-09-04 20:21:53,386 ERROR [IDENTIFY] rejected: best_match=100002.1 similarity=0.3185 (< 0.50 threshold)
2026-09-04 20:22:12,816 ERROR [IDENTIFY] rejected: best_match=100071.3 similarity=0.3346 (< 0.50 threshold)
2026-09-04 20:22:45,422 ERROR [IDENTIFY] rejected: best_match=100071.3 similarity=0.4364 (< 0.50 threshold)
2026-09-04 20:23:04,977 ERROR [IDENTIFY] rejected: best_match=100071.3 similarity=0.3909 (< 0.50 threshold)
2026-09-04 20:23:21,761 ERROR [IDENTIFY] rejected: best_match=100071.3 similarity=0.3605 (< 0.50 threshold)
2026-09-04 20:57:41,305 INFO [IDENTIFY] matched=100097.3 similarity=0.5442
2026-09-04 21:06:46,954 INFO [IDENTIFY] matched=100088.3 similarity=0.5915
2026-09-04 21:06:50,444 INFO [IDENTIFY] matched=100088.3 similarity=0.5915
2026-09-04 21:28:52,208 ERROR [IDENTIFY] rejected: best_match=100099.3 similarity=0.4676 (< 0.50 threshold)
2026-09-04 22:11:28,208 INFO [IDENTIFY] matched=100079.3 similarity=0.5767
2026-09-04 22:20:47,738 ERROR [IDENTIFY] rejected: best_match=100657.1 similarity=0.3617 (< 0.50 threshold)
2026-09-04 22:21:04,038 ERROR [IDENTIFY] rejected: best_match=100015.2 similarity=0.2226 (< 0.50 threshold)
2026-09-04 22:22:32,780 INFO [IDENTIFY] matched=100055.3 similarity=0.7053
2026-09-04 22:22:37,110 INFO [IDENTIFY] matched=100055.3 similarity=0.7053
2026-09-04 22:23:17,937 ERROR [IDENTIFY] rejected: best_match=100657.1 similarity=0.3885 (< 0.50 threshold)
2026-09-04 22:23:44,733 ERROR [IDENTIFY] rejected: best_match=100054.3 similarity=0.4411 (< 0.50 threshold)
2026-09-04 22:23:52,017 ERROR [IDENTIFY] rejected: best_match=100076.3 similarity=0.4782 (< 0.50 threshold)
2026-09-04 23:07:01,603 INFO [IDENTIFY] matched=100086.3 similarity=0.6015
2026-09-04 23:20:48,117 INFO [IDENTIFY] matched=100652.1 similarity=0.7587
2026-09-04 23:20:52,360 INFO [IDENTIFY] matched=100652.1 similarity=0.7587
2026-09-04 23:21:10,891 INFO [IDENTIFY] matched=100080.3 similarity=0.7695
2026-09-04 23:21:13,547 INFO [IDENTIFY] matched=100080.3 similarity=0.7695
2026-09-05 07:13:37,761 INFO [IDENTIFY] matched=100064.3 similarity=0.5235
2026-09-05 07:14:05,775 INFO [IDENTIFY] matched=100064.3 similarity=0.5235
2026-09-05 07:14:18,883 ERROR [IDENTIFY] rejected: best_match=100071.3 similarity=0.3933 (< 0.50 threshold)
2026-09-05 07:14:32,526 INFO [IDENTIFY] matched=100071.3 similarity=0.5051
2026-09-05 07:16:43,429 INFO [IDENTIFY] matched=100009.3 similarity=0.6279
2026-09-05 07:23:28,828 INFO [IDENTIFY] matched=100073.3 similarity=0.6667
2026-09-05 07:23:35,454 INFO [IDENTIFY] matched=100073.3 similarity=0.6667
2026-09-05 07:23:54,793 INFO [IDENTIFY] matched=100072.3 similarity=0.7979
2026-09-05 07:23:57,415 INFO [IDENTIFY] matched=100072.3 similarity=0.7979
2026-09-05 07:49:24,710 INFO [IDENTIFY] matched=100063.3 similarity=0.7827
2026-09-05 07:49:28,370 INFO [IDENTIFY] matched=100063.3 similarity=0.7827
2026-09-05 07:50:19,040 ERROR [IDENTIFY] rejected: best_match=100068.3 similarity=0.4913 (< 0.50 threshold)
2026-09-05 07:50:35,115 INFO [IDENTIFY] matched=100068.3 similarity=0.6003
2026-09-05 07:50:38,952 INFO [IDENTIFY] matched=100068.3 similarity=0.6003
2026-09-05 07:54:07,591 INFO [IDENTIFY] matched=100652.1 similarity=0.5663
2026-09-05 07:54:10,780 INFO [IDENTIFY] matched=100652.1 similarity=0.5663
2026-09-05 08:00:30,262 INFO [IDENTIFY] matched=100069.3 similarity=0.5045
2026-09-05 08:00:33,256 INFO [IDENTIFY] matched=100069.3 similarity=0.5045
2026-09-05 08:28:43,793 INFO [IDENTIFY] matched=100078.3 similarity=0.7434
2026-09-05 08:34:34,753 INFO [IDENTIFY] matched=100061.3 similarity=0.5151
2026-09-05 08:34:37,095 INFO [IDENTIFY] matched=100061.3 similarity=0.5151
2026-09-05 08:37:01,551 INFO [IDENTIFY] matched=100003.3 similarity=0.5476
2026-09-05 08:46:41,787 INFO [IDENTIFY] matched=100076.3 similarity=0.6255
2026-09-05 08:59:17,639 INFO [IDENTIFY] matched=100004.2 similarity=0.7315
2026-09-05 08:59:29,264 INFO [IDENTIFY] matched=100004.2 similarity=0.7315
2026-09-05 08:59:59,941 INFO [IDENTIFY] matched=100067.2 similarity=0.6199
2026-09-05 09:00:06,183 INFO [IDENTIFY] matched=100067.2 similarity=0.6199
2026-09-05 09:01:14,320 INFO [IDENTIFY] matched=100070.3 similarity=0.5529
2026-09-05 09:01:16,924 INFO [IDENTIFY] matched=100070.3 similarity=0.5529
2026-09-05 09:01:44,987 INFO [IDENTIFY] matched=100079.3 similarity=0.6349
2026-09-05 09:08:37,082 INFO [IDENTIFY] matched=100096.3 similarity=0.6834
2026-09-05 09:08:40,185 INFO [IDENTIFY] matched=100096.3 similarity=0.6834
2026-09-05 09:09:22,470 INFO [IDENTIFY] matched=100655.1 similarity=0.6129
2026-09-05 09:09:24,850 INFO [IDENTIFY] matched=100655.1 similarity=0.6129
2026-09-05 09:09:49,969 INFO [IDENTIFY] matched=100066.3 similarity=0.5297
2026-09-05 09:09:52,020 INFO [IDENTIFY] matched=100066.3 similarity=0.5297
2026-09-05 09:09:53,038 INFO [IDENTIFY] matched=100066.3 similarity=0.6520
2026-09-05 09:09:57,957 INFO [IDENTIFY] matched=100066.3 similarity=0.6520
2026-09-05 09:13:20,220 INFO [IDENTIFY] matched=100651.1 similarity=0.6003
2026-09-05 09:13:22,643 INFO [IDENTIFY] matched=100651.1 similarity=0.6003
2026-09-05 09:13:24,151 INFO [IDENTIFY] matched=100013.3 similarity=0.6347
2026-09-05 09:16:04,999 INFO [IDENTIFY] matched=100097.3 similarity=0.6492
2026-09-05 09:18:13,879 INFO [IDENTIFY] matched=100088.3 similarity=0.6772
2026-09-05 09:18:15,281 INFO [IDENTIFY] matched=100001.3 similarity=0.6125
2026-09-05 09:18:16,440 INFO [IDENTIFY] matched=100088.3 similarity=0.6772
2026-09-05 09:21:13,831 INFO [IDENTIFY] matched=100067.3 similarity=0.7530
2026-09-05 09:21:16,247 INFO [IDENTIFY] matched=100067.3 similarity=0.7530
2026-09-05 09:21:17,640 INFO [IDENTIFY] matched=100083.2 similarity=0.5235
2026-09-05 09:21:22,134 INFO [IDENTIFY] matched=100083.2 similarity=0.5235
2026-09-05 09:22:58,057 INFO [IDENTIFY] matched=100055.3 similarity=0.6702
2026-09-05 09:23:00,503 INFO [IDENTIFY] matched=100055.3 similarity=0.6702
2026-09-05 09:24:03,894 INFO [IDENTIFY] matched=100084.3 similarity=0.6659
2026-09-05 09:24:07,134 INFO [IDENTIFY] matched=100084.3 similarity=0.6659
2026-09-05 09:24:35,363 ERROR [IDENTIFY] rejected: best_match=100089.3 similarity=0.4067 (< 0.50 threshold)
2026-09-05 09:25:16,568 INFO [IDENTIFY] matched=100099.3 similarity=0.5373
2026-09-05 09:25:19,506 INFO [IDENTIFY] matched=100046.3 similarity=0.6732
2026-09-05 09:25:21,365 INFO [IDENTIFY] matched=100099.3 similarity=0.5373
2026-09-05 09:26:03,474 INFO [IDENTIFY] matched=100100.3 similarity=0.7951
2026-09-05 09:26:08,918 INFO [IDENTIFY] matched=100100.3 similarity=0.7951
2026-09-05 09:26:25,293 INFO [IDENTIFY] matched=100048.3 similarity=0.6881
2026-09-05 09:26:47,559 INFO [IDENTIFY] matched=100132.3 similarity=0.6597
2026-09-05 09:26:52,709 INFO [IDENTIFY] matched=100132.3 similarity=0.6597
2026-09-05 09:27:11,852 INFO [IDENTIFY] matched=100060.3 similarity=0.5597
2026-09-05 09:27:19,031 INFO [IDENTIFY] matched=100060.3 similarity=0.5597
2026-09-05 09:27:54,357 ERROR [IDENTIFY] rejected: best_match=100657.1 similarity=0.3858 (< 0.50 threshold)
2026-09-05 09:28:15,194 ERROR [IDENTIFY] rejected: no face detected in any of 10 frame(s)
2026-09-05 09:28:32,110 ERROR [IDENTIFY] rejected: best_match=100657.1 similarity=0.3940 (< 0.50 threshold)
2026-09-05 09:28:35,804 INFO [IDENTIFY] matched=100134.3 similarity=0.7238
2026-09-05 09:28:41,716 INFO [IDENTIFY] matched=100134.3 similarity=0.7238
2026-09-05 09:28:53,742 INFO [IDENTIFY] matched=100080.3 similarity=0.5712
2026-09-05 09:28:56,510 INFO [IDENTIFY] matched=100080.3 similarity=0.5712
2026-09-05 09:29:15,033 INFO [IDENTIFY] matched=100144.3 similarity=0.5860
2026-09-05 09:29:17,714 INFO [IDENTIFY] matched=100144.3 similarity=0.5860
2026-09-05 09:29:34,220 ERROR [IDENTIFY] rejected: best_match=100655.1 similarity=0.4519 (< 0.50 threshold)
2026-09-05 09:30:07,722 ERROR [IDENTIFY] rejected: best_match=100655.1 similarity=0.4361 (< 0.50 threshold)
2026-09-05 09:30:27,382 ERROR [IDENTIFY] rejected: best_match=100655.1 similarity=0.4053 (< 0.50 threshold)
2026-09-05 09:30:43,492 ERROR [IDENTIFY] rejected: best_match=100655.1 similarity=0.4531 (< 0.50 threshold)
2026-09-05 09:30:58,758 ERROR [IDENTIFY] rejected: best_match=100655.1 similarity=0.3181 (< 0.50 threshold)
2026-09-05 09:31:17,686 ERROR [IDENTIFY] rejected: best_match=100655.1 similarity=0.4138 (< 0.50 threshold)
2026-09-05 09:31:32,108 ERROR [IDENTIFY] rejected: best_match=100655.1 similarity=0.4528 (< 0.50 threshold)
2026-09-05 09:31:34,892 INFO [IDENTIFY] matched=100110.3 similarity=0.5791
2026-09-05 09:31:35,198 ERROR [IDENTIFY] rejected: no face detected in any of 10 frame(s)
2026-09-05 09:31:39,064 INFO [IDENTIFY] matched=100110.3 similarity=0.5791
2026-09-05 09:31:47,540 ERROR [IDENTIFY] rejected: best_match=100655.1 similarity=0.3599 (< 0.50 threshold)
2026-09-05 09:32:01,270 ERROR [IDENTIFY] rejected: best_match=100655.1 similarity=0.4637 (< 0.50 threshold)
2026-09-05 09:32:30,138 INFO [IDENTIFY] matched=100655.1 similarity=0.6572
2026-09-05 09:32:32,262 INFO [IDENTIFY] matched=100655.1 similarity=0.6572
2026-09-05 09:32:36,767 INFO [IDENTIFY] matched=100054.3 similarity=0.6614
2026-09-05 09:32:50,245 INFO [IDENTIFY] matched=100054.3 similarity=0.6614
2026-09-05 09:35:21,163 INFO [IDENTIFY] matched=100651.1 similarity=0.6143
2026-09-05 09:35:23,324 INFO [IDENTIFY] matched=100651.1 similarity=0.6143
2026-09-05 09:36:44,220 ERROR [IDENTIFY] rejected: best_match=100014.3 similarity=0.2875 (< 0.50 threshold)
2026-09-05 09:37:05,179 ERROR [IDENTIFY] rejected: best_match=100110.3 similarity=0.3298 (< 0.50 threshold)
2026-09-05 09:37:27,534 ERROR [IDENTIFY] rejected: best_match=100110.3 similarity=0.3040 (< 0.50 threshold)
2026-09-05 09:38:46,320 INFO [IDENTIFY] matched=100086.3 similarity=0.6071
2026-09-05 09:41:46,863 INFO [IDENTIFY] matched=100081.3 similarity=0.6641
2026-09-05 09:43:11,681 ERROR [IDENTIFY] rejected: best_match=100107.3 similarity=0.4304 (< 0.50 threshold)
2026-09-05 09:43:30,441 INFO [IDENTIFY] matched=100107.3 similarity=0.5834
2026-09-05 09:43:34,405 INFO [IDENTIFY] matched=100107.3 similarity=0.5834
2026-09-05 09:44:44,530 INFO [IDENTIFY] matched=100109.3 similarity=0.5104
2026-09-05 09:44:49,188 INFO [IDENTIFY] matched=100109.3 similarity=0.5104
2026-09-05 09:48:55,311 INFO [IDENTIFY] matched=100017.3 similarity=0.7741
2026-09-05 09:55:27,045 INFO [IDENTIFY] matched=100132.3 similarity=0.6007
2026-09-05 09:55:34,177 INFO [IDENTIFY] matched=100132.3 similarity=0.6007
2026-09-05 09:56:20,735 INFO [IDENTIFY] matched=100108.3 similarity=0.7158
2026-09-05 09:56:24,936 INFO [IDENTIFY] matched=100108.3 similarity=0.7158
2026-09-05 09:58:20,060 ERROR [IDENTIFY] rejected: no face detected in any of 10 frame(s)
2026-09-05 09:59:02,453 INFO [IDENTIFY] matched=100121.3 similarity=0.6565
2026-09-05 09:59:09,095 INFO [IDENTIFY] matched=100121.3 similarity=0.6565
2026-09-05 09:59:49,728 ERROR [IDENTIFY] rejected: best_match=100006.3 similarity=0.4548 (< 0.50 threshold)
2026-09-05 10:00:19,280 ERROR [IDENTIFY] rejected: best_match=100132.3 similarity=0.2992 (< 0.50 threshold)
2026-09-05 10:00:24,551 INFO [IDENTIFY] matched=100006.3 similarity=0.5079
2026-09-05 10:01:09,191 ERROR [IDENTIFY] rejected: best_match=100132.3 similarity=0.4876 (< 0.50 threshold)
2026-09-05 10:01:26,791 INFO [IDENTIFY] matched=100114.3 similarity=0.6625
2026-09-05 10:01:37,970 INFO [IDENTIFY] matched=100114.3 similarity=0.6625
2026-09-05 10:02:31,883 ERROR [IDENTIFY] rejected: best_match=100110.3 similarity=0.2716 (< 0.50 threshold)
2026-09-05 10:03:38,847 INFO [IDENTIFY] matched=100015.3 similarity=0.5810
2026-09-05 10:10:36,575 INFO [IDENTIFY] matched=100002.3 similarity=0.6942
2026-09-05 10:12:55,691 INFO [IDENTIFY] matched=100005.3 similarity=0.7088
2026-09-05 10:12:59,370 INFO [IDENTIFY] matched=100005.3 similarity=0.7088
2026-09-05 10:13:39,664 INFO [IDENTIFY] matched=100007.3 similarity=0.6318
2026-09-05 10:13:44,058 INFO [IDENTIFY] matched=100007.3 similarity=0.6318
2026-09-05 10:28:12,557 INFO [IDENTIFY] matched=100062.3 similarity=0.7052
2026-09-05 10:28:14,813 INFO [IDENTIFY] matched=100062.3 similarity=0.7052
2026-09-05 10:32:21,325 INFO [IDENTIFY] matched=100008.3 similarity=0.7554
2026-09-05 10:32:28,851 INFO [IDENTIFY] matched=100008.3 similarity=0.7554
2026-09-05 12:18:04,998 INFO [IDENTIFY] matched=100011.3 similarity=0.5770
2026-09-05 12:18:09,206 INFO [IDENTIFY] matched=100011.3 similarity=0.5770
2026-09-05 13:53:12,669 INFO [IDENTIFY] matched=100001.5 similarity=0.6649
2026-09-05 13:59:15,549 INFO [IDENTIFY] matched=100009.3 similarity=0.7103
2026-09-05 15:28:14,187 INFO [IDENTIFY] matched=100003.3 similarity=0.6115
2026-09-05 16:18:49,669 INFO [IDENTIFY] matched=100078.3 similarity=0.6702
2026-09-05 16:59:25,932 INFO [IDENTIFY] matched=100073.3 similarity=0.5689
2026-09-05 16:59:28,954 INFO [IDENTIFY] matched=100073.3 similarity=0.5689
2026-09-05 17:33:05,058 INFO [IDENTIFY] matched=100064.3 similarity=0.5541
2026-09-05 17:44:47,655 INFO [IDENTIFY] matched=100001.3 similarity=0.5212
2026-09-05 18:01:00,779 INFO [IDENTIFY] matched=100066.3 similarity=0.6688
2026-09-05 18:01:03,047 INFO [IDENTIFY] matched=100066.3 similarity=0.6688
2026-09-05 18:39:21,674 INFO [IDENTIFY] matched=100007.3 similarity=0.6379
2026-09-05 18:39:26,309 INFO [IDENTIFY] matched=100007.3 similarity=0.6379
2026-09-05 19:22:20,453 INFO [IDENTIFY] matched=100062.3 similarity=0.6332
2026-09-05 19:22:22,632 INFO [IDENTIFY] matched=100063.3 similarity=0.8290
2026-09-05 19:22:23,375 INFO [IDENTIFY] matched=100062.3 similarity=0.6332
2026-09-05 19:22:25,199 INFO [IDENTIFY] matched=100063.3 similarity=0.8290
2026-09-05 19:26:40,525 ERROR [IDENTIFY] rejected: no face detected in any of 10 frame(s)
2026-09-05 19:27:12,931 INFO [IDENTIFY] matched=100061.3 similarity=0.5712
2026-09-05 19:27:15,302 INFO [IDENTIFY] matched=100061.3 similarity=0.5712
2026-09-05 19:27:40,298 INFO [IDENTIFY] matched=100069.3 similarity=0.7033
2026-09-05 19:27:43,028 INFO [IDENTIFY] matched=100069.3 similarity=0.7033
2026-09-05 19:40:32,280 ERROR [IDENTIFY] rejected: best_match=100071.3 similarity=0.4520 (< 0.50 threshold)
2026-09-05 19:40:50,584 ERROR [IDENTIFY] rejected: best_match=100071.3 similarity=0.4048 (< 0.50 threshold)
2026-09-05 19:41:12,437 INFO [IDENTIFY] matched=100071.3 similarity=0.6164
2026-09-05 19:41:15,457 INFO [IDENTIFY] matched=100071.3 similarity=0.6164
2026-09-05 20:37:56,660 INFO [IDENTIFY] matched=100079.3 similarity=0.6273
2026-09-05 20:49:27,526 INFO [IDENTIFY] matched=100088.3 similarity=0.6286
2026-09-05 20:49:30,251 INFO [IDENTIFY] matched=100088.3 similarity=0.6286
2026-09-05 21:04:58,632 ERROR [IDENTIFY] rejected: best_match=100054.3 similarity=0.4847 (< 0.50 threshold)
2026-09-05 21:05:18,731 ERROR [IDENTIFY] rejected: best_match=100054.3 similarity=0.4969 (< 0.50 threshold)
2026-09-05 21:05:42,424 INFO [IDENTIFY] matched=100054.3 similarity=0.5727
2026-09-05 21:05:50,122 INFO [IDENTIFY] matched=100054.3 similarity=0.5727
2026-09-05 21:15:12,958 INFO [IDENTIFY] matched=100107.3 similarity=0.5908
2026-09-05 21:15:16,865 INFO [IDENTIFY] matched=100107.3 similarity=0.5908
2026-09-05 21:16:52,625 INFO [IDENTIFY] matched=100107.3 similarity=0.5807
2026-09-05 21:16:56,804 INFO [IDENTIFY] matched=100107.3 similarity=0.5807
2026-09-05 21:18:11,511 ERROR [IDENTIFY] rejected: best_match=100107.3 similarity=0.4357 (< 0.50 threshold)
2026-09-05 21:18:44,444 INFO [IDENTIFY] matched=100107.3 similarity=0.5578
2026-09-05 21:18:48,959 INFO [IDENTIFY] matched=100107.3 similarity=0.5578
2026-09-05 21:22:18,426 INFO [IDENTIFY] matched=100097.3 similarity=0.5690
2026-09-05 21:22:27,028 INFO [IDENTIFY] matched=100652.1 similarity=0.6805
2026-09-05 21:22:29,685 INFO [IDENTIFY] matched=100652.1 similarity=0.6805
2026-09-05 21:23:26,999 ERROR [IDENTIFY] rejected: no face detected in any of 10 frame(s)
2026-09-05 21:23:59,181 ERROR [IDENTIFY] rejected: best_match=100046.3 similarity=0.2869 (< 0.50 threshold)
2026-09-05 21:24:28,078 ERROR [IDENTIFY] rejected: best_match=100021.2 similarity=0.2261 (< 0.50 threshold)
2026-09-05 21:25:15,711 ERROR [IDENTIFY] rejected: best_match=100107.3 similarity=0.4219 (< 0.50 threshold)
2026-09-05 21:26:28,779 INFO [IDENTIFY] matched=100107.3 similarity=0.5185
2026-09-05 21:26:33,458 INFO [IDENTIFY] matched=100107.3 similarity=0.5185
2026-09-05 21:27:19,298 ERROR [IDENTIFY] rejected: best_match=100107.3 similarity=0.2870 (< 0.50 threshold)
2026-09-05 21:28:31,024 ERROR [IDENTIFY] rejected: best_match=100107.3 similarity=0.4921 (< 0.50 threshold)
2026-09-05 21:28:59,410 ERROR [IDENTIFY] rejected: best_match=100107.3 similarity=0.3128 (< 0.50 threshold)
2026-09-05 21:29:41,096 ERROR [IDENTIFY] rejected: best_match=100107.3 similarity=0.4463 (< 0.50 threshold)
2026-09-05 21:30:08,280 ERROR [IDENTIFY] rejected: best_match=100047.2 similarity=0.2060 (< 0.50 threshold)
2026-09-05 21:30:37,201 ERROR [IDENTIFY] rejected: best_match=100028.3 similarity=0.2037 (< 0.50 threshold)
2026-09-05 21:31:44,359 ERROR [IDENTIFY] rejected: best_match=100107.3 similarity=0.4223 (< 0.50 threshold)
2026-09-05 21:32:13,061 ERROR [IDENTIFY] rejected: no face detected in any of 10 frame(s)
2026-09-05 21:38:52,004 INFO [IDENTIFY] matched=100651.1 similarity=0.6636
2026-09-05 21:38:54,644 INFO [IDENTIFY] matched=100651.1 similarity=0.6636
2026-09-05 21:50:57,218 INFO [IDENTIFY] matched=100086.3 similarity=0.6777
2026-09-05 22:22:46,170 INFO [IDENTIFY] matched=100132.3 similarity=0.7320
2026-09-05 22:22:48,875 INFO [IDENTIFY] matched=100132.3 similarity=0.7320
2026-09-06 01:09:52,621 ERROR [IDENTIFY] rejected: best_match=100073.2 similarity=0.2734 (< 0.50 threshold)
2026-09-06 01:10:23,446 ERROR [IDENTIFY] rejected: best_match=100068.2 similarity=0.2694 (< 0.50 threshold)
2026-09-06 06:32:27,041 INFO [IDENTIFY] matched=100081.3 similarity=0.7158
2026-09-06 08:25:51,205 ERROR [IDENTIFY] rejected: best_match=100651.1 similarity=0.3202 (< 0.50 threshold)
2026-09-06 08:26:29,444 INFO [IDENTIFY] matched=100651.1 similarity=0.5011
2026-09-06 08:26:33,128 INFO [IDENTIFY] matched=100651.1 similarity=0.5011
2026-09-06 08:26:40,220 INFO [IDENTIFY] matched=100652.1 similarity=0.7057
2026-09-06 08:26:42,428 INFO [IDENTIFY] matched=100652.1 similarity=0.7057
2026-09-06 08:26:52,298 INFO [IDENTIFY] matched=100094.3 similarity=0.6622
2026-09-06 08:26:54,969 INFO [IDENTIFY] matched=100094.3 similarity=0.6622
2026-09-06 08:57:58,667 ERROR [IDENTIFY] rejected: best_match=100003.2 similarity=0.1787 (< 0.50 threshold)
2026-09-06 09:16:03,977 INFO [IDENTIFY] matched=100083.2 similarity=0.5141
2026-09-06 09:16:12,890 INFO [IDENTIFY] matched=100083.2 similarity=0.5141
2026-09-06 09:45:14,066 INFO [IDENTIFY] matched=100097.3 similarity=0.6579
2026-09-06 09:58:29,536 INFO [IDENTIFY] matched=100054.3 similarity=0.6732
2026-09-06 09:58:31,904 INFO [IDENTIFY] matched=100054.3 similarity=0.6732
2026-09-06 10:28:42,527 ERROR [IDENTIFY] rejected: best_match=100107.3 similarity=0.3647 (< 0.50 threshold)
2026-09-06 10:59:20,482 INFO [IDENTIFY] matched=100079.3 similarity=0.6298
2026-09-06 11:04:09,091 ERROR [IDENTIFY] rejected: no face detected in any of 10 frame(s)
2026-09-06 11:15:02,813 INFO [IDENTIFY] matched=100088.3 similarity=0.5457
2026-09-06 11:15:06,228 INFO [IDENTIFY] matched=100088.3 similarity=0.5457
2026-09-06 20:44:10,440 INFO [IDENTIFY] matched=100195.1 similarity=0.7682
2026-09-06 21:12:36,831 ERROR [IDENTIFY] rejected: best_match=100083.2 similarity=0.3994 (< 0.50 threshold)
2026-09-06 21:12:52,043 ERROR [IDENTIFY] rejected: best_match=100083.2 similarity=0.4597 (< 0.50 threshold)
2026-09-06 21:13:13,639 ERROR [IDENTIFY] rejected: best_match=100083.2 similarity=0.4404 (< 0.50 threshold)
2026-09-06 21:13:51,046 ERROR [IDENTIFY] rejected: best_match=100083.2 similarity=0.4625 (< 0.50 threshold)
2026-09-06 21:14:13,361 INFO [IDENTIFY] matched=100088.3 similarity=0.6839
2026-09-06 21:14:15,584 INFO [IDENTIFY] matched=100088.3 similarity=0.6839
2026-09-06 21:14:46,958 INFO [IDENTIFY] matched=100083.2 similarity=0.5203
2026-09-06 21:14:49,941 INFO [IDENTIFY] matched=100083.2 similarity=0.5203
2026-09-06 23:43:52,197 INFO [IDENTIFY] matched=100054.3 similarity=0.6321
2026-09-06 23:44:04,198 INFO [IDENTIFY] matched=100054.3 similarity=0.6321
2026-09-07 07:02:23,395 INFO [IDENTIFY] matched=100073.3 similarity=0.7182
2026-09-07 07:02:28,819 INFO [IDENTIFY] matched=100073.3 similarity=0.7182
2026-09-07 07:17:25,922 INFO [IDENTIFY] matched=100652.1 similarity=0.6328
2026-09-07 07:17:29,346 INFO [IDENTIFY] matched=100652.1 similarity=0.6328
2026-09-07 07:49:35,833 INFO [IDENTIFY] matched=100003.3 similarity=0.5615
2026-09-07 07:52:24,896 ERROR [IDENTIFY] rejected: best_match=100132.3 similarity=0.4901 (< 0.50 threshold)
2026-09-07 07:52:46,457 ERROR [IDENTIFY] rejected: no face detected in any of 10 frame(s)
2026-09-07 07:53:06,311 ERROR [IDENTIFY] rejected: best_match=100132.3 similarity=0.4885 (< 0.50 threshold)
2026-09-07 08:11:20,629 INFO [IDENTIFY] matched=100006.3 similarity=0.5396
2026-09-07 08:23:19,503 INFO [IDENTIFY] matched=100078.3 similarity=0.6885
2026-09-07 08:27:08,849 INFO [IDENTIFY] matched=100088.3 similarity=0.6151
2026-09-07 08:27:13,101 INFO [IDENTIFY] matched=100088.3 similarity=0.6151
2026-09-07 08:31:06,892 INFO [IDENTIFY] matched=100088.3 similarity=0.6650
2026-09-07 08:31:09,696 INFO [IDENTIFY] matched=100088.3 similarity=0.6650
2026-09-07 08:31:25,909 INFO [IDENTIFY] matched=100081.3 similarity=0.7023
2026-09-07 08:33:15,506 ERROR [IDENTIFY] rejected: best_match=100079.3 similarity=0.4704 (< 0.50 threshold)
2026-09-07 08:34:00,953 INFO [IDENTIFY] matched=100079.3 similarity=0.5501
2026-09-07 08:34:01,724 ERROR [IDENTIFY] rejected: best_match=100079.3 similarity=0.3994 (< 0.50 threshold)
2026-09-07 08:34:21,862 ERROR [IDENTIFY] rejected: best_match=100655.1 similarity=0.4362 (< 0.50 threshold)
2026-09-07 08:34:36,713 INFO [IDENTIFY] matched=100655.1 similarity=0.5070
2026-09-07 08:34:39,453 INFO [IDENTIFY] matched=100655.1 similarity=0.5070
2026-09-07 08:42:21,026 INFO [IDENTIFY] matched=100096.3 similarity=0.5861
2026-09-07 08:42:23,190 INFO [IDENTIFY] matched=100096.3 similarity=0.5861
2026-09-07 08:42:42,687 INFO [IDENTIFY] matched=100094.3 similarity=0.5529
2026-09-07 08:42:46,130 INFO [IDENTIFY] matched=100094.3 similarity=0.5529
2026-09-07 08:55:33,247 INFO [IDENTIFY] matched=100001.3 similarity=0.5376
2026-09-07 08:58:36,143 INFO [IDENTIFY] matched=100080.3 similarity=0.5889
2026-09-07 08:58:39,213 INFO [IDENTIFY] matched=100080.3 similarity=0.5889
2026-09-07 09:04:25,856 ERROR [IDENTIFY] rejected: best_match=100651.1 similarity=0.3765 (< 0.50 threshold)
2026-09-07 09:04:27,256 INFO [IDENTIFY] matched=100083.2 similarity=0.5519
2026-09-07 09:04:31,664 INFO [IDENTIFY] matched=100083.2 similarity=0.5519
2026-09-07 09:04:40,429 INFO [IDENTIFY] matched=100651.1 similarity=0.5654
2026-09-07 09:04:44,345 INFO [IDENTIFY] matched=100651.1 similarity=0.5654
2026-09-07 09:10:39,295 INFO [IDENTIFY] matched=100054.3 similarity=0.6384
2026-09-07 09:10:41,768 INFO [IDENTIFY] matched=100054.3 similarity=0.6384
2026-09-07 09:13:42,144 INFO [IDENTIFY] matched=100046.3 similarity=0.6686
2026-09-07 09:19:18,058 INFO [IDENTIFY] matched=100012.3 similarity=0.5901
2026-09-07 09:22:19,316 INFO [IDENTIFY] matched=100061.3 similarity=0.5425
2026-09-07 09:22:40,199 INFO [IDENTIFY] matched=100061.3 similarity=0.5425
2026-09-07 09:23:03,150 ERROR [IDENTIFY] rejected: best_match=100061.3 similarity=0.4251 (< 0.50 threshold)
2026-09-07 09:23:22,498 ERROR [IDENTIFY] rejected: best_match=100061.3 similarity=0.4616 (< 0.50 threshold)
2026-09-07 09:29:55,190 INFO [IDENTIFY] matched=100086.3 similarity=0.6802
2026-09-07 09:53:00,593 INFO [IDENTIFY] matched=100124.3 similarity=0.6194
2026-09-07 09:53:03,888 INFO [IDENTIFY] matched=100124.3 similarity=0.6194
2026-09-07 09:55:01,794 INFO [IDENTIFY] matched=100039.3 similarity=0.7473
2026-09-07 09:55:04,820 INFO [IDENTIFY] matched=100039.3 similarity=0.7473
2026-09-07 09:55:15,354 ERROR [IDENTIFY] rejected: best_match=100004.3 similarity=0.3277 (< 0.50 threshold)
2026-09-07 09:55:35,554 INFO [IDENTIFY] matched=100004.3 similarity=0.5966
2026-09-07 09:55:37,908 INFO [IDENTIFY] matched=100004.3 similarity=0.5966
2026-09-07 09:55:48,969 ERROR [IDENTIFY] rejected: best_match=100041.3 similarity=0.3684 (< 0.50 threshold)
2026-09-07 09:56:03,838 ERROR [IDENTIFY] rejected: best_match=100041.3 similarity=0.4488 (< 0.50 threshold)
2026-09-07 09:56:16,361 INFO [IDENTIFY] matched=100041.3 similarity=0.6209
2026-09-07 09:56:18,603 INFO [IDENTIFY] matched=100041.3 similarity=0.6209
2026-09-07 09:56:38,835 INFO [IDENTIFY] matched=100040.3 similarity=0.7703
2026-09-07 09:56:41,089 INFO [IDENTIFY] matched=100040.3 similarity=0.7703
2026-09-07 09:57:16,820 ERROR [IDENTIFY] rejected: no face detected in any of 10 frame(s)
2026-09-07 09:57:23,546 INFO [IDENTIFY] matched=100097.3 similarity=0.6553
2026-09-07 09:58:27,302 ERROR [IDENTIFY] rejected: no face detected in any of 10 frame(s)
2026-09-07 09:58:31,000 INFO [IDENTIFY] matched=100140.3 similarity=0.5335
2026-09-07 09:58:33,130 INFO [IDENTIFY] matched=100140.3 similarity=0.5335
2026-09-07 09:58:54,981 INFO [IDENTIFY] matched=100125.3 similarity=0.6651
2026-09-07 09:58:57,592 INFO [IDENTIFY] matched=100125.3 similarity=0.6651
2026-09-07 10:06:41,259 INFO [IDENTIFY] matched=100195.1 similarity=0.8286
2026-09-07 10:06:47,305 INFO [IDENTIFY] matched=100195.1 similarity=0.8286
2026-09-07 10:06:47,563 INFO [IDENTIFY] matched=100660.1 similarity=0.8264
2026-09-07 10:12:08,867 INFO [IDENTIFY] matched=100076.3 similarity=0.6409
2026-09-07 10:13:26,739 INFO [IDENTIFY] matched=100002.1 similarity=0.5881
2026-09-07 10:13:29,098 INFO [IDENTIFY] matched=100002.1 similarity=0.5881
2026-09-07 10:18:01,877 INFO [FAISS] Loaded 190 embeddings
2026-09-07 10:26:12,288 INFO [IDENTIFY] matched=100017.3 similarity=0.6966
2026-09-07 10:29:08,626 INFO [IDENTIFY] matched=100195.1 similarity=0.8025
2026-09-07 10:29:11,397 INFO [IDENTIFY] matched=100195.1 similarity=0.8025
2026-09-07 10:29:27,964 INFO [IDENTIFY] matched=100010.3 similarity=0.6142
2026-09-07 10:29:31,099 INFO [IDENTIFY] matched=100010.3 similarity=0.6142
2026-09-07 10:30:35,184 INFO [IDENTIFY] matched=100007.3 similarity=0.6383
2026-09-07 10:30:40,322 INFO [IDENTIFY] matched=100007.3 similarity=0.6383
2026-09-07 10:32:38,665 INFO [IDENTIFY] matched=100005.3 similarity=0.6644
2026-09-07 10:32:43,485 INFO [IDENTIFY] matched=100005.3 similarity=0.6644
2026-09-07 10:36:05,741 INFO [IDENTIFY] matched=100061.3 similarity=0.5486
2026-09-07 10:36:10,959 INFO [IDENTIFY] matched=100061.3 similarity=0.5486
2026-09-07 10:36:57,231 INFO [IDENTIFY] matched=100065.3 similarity=0.7125
2026-09-07 10:37:03,129 INFO [IDENTIFY] matched=100065.3 similarity=0.7125
2026-09-07 10:37:41,315 ERROR [IDENTIFY] rejected: best_match=100071.3 similarity=0.3902 (< 0.50 threshold)
2026-09-07 10:38:01,179 ERROR [IDENTIFY] rejected: best_match=100071.3 similarity=0.4690 (< 0.50 threshold)
2026-09-07 10:38:24,004 INFO [IDENTIFY] matched=100071.3 similarity=0.5679
2026-09-07 10:38:30,991 INFO [IDENTIFY] matched=100071.3 similarity=0.5679
2026-09-07 10:39:14,870 INFO [IDENTIFY] matched=100068.3 similarity=0.6951
2026-09-07 10:39:20,783 INFO [IDENTIFY] matched=100068.3 similarity=0.6951
2026-09-07 10:39:44,830 INFO [IDENTIFY] matched=100072.3 similarity=0.6933
2026-09-07 10:39:50,515 INFO [IDENTIFY] matched=100072.3 similarity=0.6933
2026-09-07 10:40:14,822 INFO [IDENTIFY] matched=100062.3 similarity=0.6644
2026-09-07 10:40:17,693 INFO [IDENTIFY] matched=100062.3 similarity=0.6644
2026-09-07 10:40:42,752 INFO [IDENTIFY] matched=100064.3 similarity=0.5436
2026-09-07 10:40:46,502 INFO [IDENTIFY] matched=100064.3 similarity=0.5436
2026-09-07 10:41:13,053 INFO [IDENTIFY] matched=100063.3 similarity=0.8277
2026-09-07 10:41:19,628 INFO [IDENTIFY] matched=100063.3 similarity=0.8277
2026-09-07 10:42:00,282 INFO [IDENTIFY] matched=100069.3 similarity=0.5721
2026-09-07 10:42:05,240 INFO [IDENTIFY] matched=100069.3 similarity=0.5721
2026-09-07 10:51:56,616 INFO [IDENTIFY] matched=100055.3 similarity=0.7647
2026-09-07 10:54:21,245 INFO [IDENTIFY] matched=100058.3 similarity=0.5339
2026-09-07 10:54:30,031 INFO [IDENTIFY] matched=100058.3 similarity=0.5339
2026-09-07 10:54:53,695 ERROR [IDENTIFY] rejected: best_match=100089.3 similarity=0.3542 (< 0.50 threshold)
2026-09-07 10:55:30,548 INFO [IDENTIFY] matched=100057.3 similarity=0.6877
2026-09-07 10:55:33,227 INFO [IDENTIFY] matched=100057.3 similarity=0.6877
2026-09-07 10:55:58,793 ERROR [IDENTIFY] rejected: best_match=100657.1 similarity=0.4395 (< 0.50 threshold)
2026-09-07 10:56:47,515 INFO [IDENTIFY] matched=100060.3 similarity=0.5462
2026-09-07 10:56:49,992 INFO [IDENTIFY] matched=100060.3 similarity=0.5462
2026-09-07 11:07:24,487 ERROR [IDENTIFY] rejected: no face detected in any of 10 frame(s)
2026-09-07 11:07:42,412 ERROR [IDENTIFY] rejected: best_match=100099.3 similarity=0.4654 (< 0.50 threshold)
2026-09-07 11:08:06,955 INFO [IDENTIFY] matched=100099.3 similarity=0.6117
2026-09-07 11:08:11,292 INFO [IDENTIFY] matched=100099.3 similarity=0.6117
2026-09-07 11:08:44,675 INFO [IDENTIFY] matched=100100.3 similarity=0.6597
2026-09-07 11:08:49,020 INFO [IDENTIFY] matched=100100.3 similarity=0.6597
2026-09-07 11:09:25,054 INFO [IDENTIFY] matched=100110.3 similarity=0.6601
2026-09-07 11:09:29,064 INFO [IDENTIFY] matched=100110.3 similarity=0.6601
2026-09-07 11:10:04,672 INFO [IDENTIFY] matched=100109.3 similarity=0.6634
2026-09-07 11:10:10,733 INFO [IDENTIFY] matched=100109.3 similarity=0.6634
2026-09-07 11:10:22,460 INFO [IDENTIFY] matched=100009.3 similarity=0.6314
2026-09-07 11:10:42,668 INFO [IDENTIFY] matched=100108.3 similarity=0.6655
2026-09-07 11:10:48,965 INFO [IDENTIFY] matched=100108.3 similarity=0.6655
2026-09-07 11:11:18,419 INFO [IDENTIFY] matched=100121.3 similarity=0.5586
2026-09-07 11:11:22,136 INFO [IDENTIFY] matched=100121.3 similarity=0.5586
2026-09-07 11:11:47,784 ERROR [IDENTIFY] rejected: best_match=100041.3 similarity=0.3507 (< 0.50 threshold)
2026-09-07 11:12:10,057 ERROR [IDENTIFY] rejected: best_match=100127.3 similarity=0.3312 (< 0.50 threshold)
2026-09-07 11:12:28,273 ERROR [IDENTIFY] rejected: best_match=100041.3 similarity=0.3047 (< 0.50 threshold)
2026-09-07 11:12:44,711 ERROR [IDENTIFY] rejected: best_match=100127.3 similarity=0.3198 (< 0.50 threshold)
2026-09-07 11:37:30,581 INFO [IDENTIFY] matched=100099.3 similarity=0.5113
2026-09-07 11:37:34,755 INFO [IDENTIFY] matched=100099.3 similarity=0.5113
2026-09-07 12:34:45,635 INFO [IDENTIFY] matched=100107.3 similarity=0.5464
2026-09-07 12:34:49,970 INFO [IDENTIFY] matched=100107.3 similarity=0.5464
2026-09-07 12:36:17,702 INFO [IDENTIFY] matched=100114.3 similarity=0.6328
2026-09-07 12:36:22,125 INFO [IDENTIFY] matched=100114.3 similarity=0.6328
2026-09-07 12:37:13,145 INFO [IDENTIFY] matched=100134.3 similarity=0.6628
2026-09-07 12:37:17,548 INFO [IDENTIFY] matched=100134.3 similarity=0.6628
2026-09-07 14:06:38,513 INFO [IDENTIFY] matched=100009.3 similarity=0.6540
2026-09-07 15:05:35,938 ERROR [IDENTIFY] rejected: best_match=100084.2 similarity=0.2593 (< 0.50 threshold)
2026-09-07 15:28:28,224 INFO [IDENTIFY] matched=100002.3 similarity=0.7580
2026-09-07 15:28:31,714 INFO [IDENTIFY] matched=100002.3 similarity=0.7580
2026-09-07 15:30:34,092 INFO [FAISS] Loaded 190 embeddings
2026-09-07 16:51:54,120 INFO [IDENTIFY] matched=100073.3 similarity=0.5620
2026-09-07 16:52:03,830 INFO [IDENTIFY] matched=100073.3 similarity=0.5620
2026-09-07 16:56:44,432 ERROR [IDENTIFY] rejected: best_match=100001.3 similarity=0.4544 (< 0.50 threshold)
2026-09-07 16:57:22,593 INFO [IDENTIFY] matched=100001.3 similarity=0.5435
2026-09-07 17:42:29,260 INFO [IDENTIFY] matched=100003.3 similarity=0.6075
2026-09-07 17:54:08,754 INFO [IDENTIFY] matched=100012.3 similarity=0.5898
2026-09-07 18:08:27,716 INFO [IDENTIFY] matched=100195.1 similarity=0.7788
2026-09-07 18:08:31,639 INFO [IDENTIFY] matched=100195.1 similarity=0.7788
2026-09-07 18:09:46,370 INFO [IDENTIFY] matched=100195.1 similarity=0.7283
2026-09-07 19:38:18,418 ERROR [IDENTIFY] rejected: no face detected in any of 10 frame(s)
2026-09-07 19:38:32,618 ERROR [IDENTIFY] rejected: no face detected in any of 10 frame(s)
2026-09-07 19:38:52,132 INFO [IDENTIFY] matched=100069.3 similarity=0.5842
2026-09-07 19:38:54,896 INFO [IDENTIFY] matched=100069.3 similarity=0.5842
2026-09-07 21:12:12,765 ERROR [IDENTIFY] rejected: best_match=100096.3 similarity=0.3835 (< 0.50 threshold)
2026-09-07 21:12:29,879 ERROR [IDENTIFY] rejected: best_match=100096.3 similarity=0.4184 (< 0.50 threshold)
2026-09-07 21:12:45,970 ERROR [IDENTIFY] rejected: best_match=100096.3 similarity=0.4370 (< 0.50 threshold)
2026-09-07 21:13:00,158 ERROR [IDENTIFY] rejected: best_match=100096.3 similarity=0.3523 (< 0.50 threshold)
2026-09-07 21:13:18,003 INFO [IDENTIFY] matched=100096.3 similarity=0.5752
2026-09-07 21:13:20,141 INFO [IDENTIFY] matched=100096.3 similarity=0.5752
2026-09-07 21:13:57,623 ERROR [IDENTIFY] rejected: best_match=100084.3 similarity=0.4732 (< 0.50 threshold)
2026-09-07 21:14:15,219 ERROR [IDENTIFY] rejected: best_match=100084.3 similarity=0.4932 (< 0.50 threshold)
2026-09-07 21:14:33,472 INFO [IDENTIFY] matched=100084.3 similarity=0.6272
2026-09-07 21:14:35,960 INFO [IDENTIFY] matched=100084.3 similarity=0.6272
2026-09-07 21:15:22,450 INFO [IDENTIFY] matched=100088.3 similarity=0.6554
2026-09-07 21:15:26,361 INFO [IDENTIFY] matched=100088.3 similarity=0.6554
2026-09-07 22:05:16,998 INFO [IDENTIFY] matched=100086.3 similarity=0.5278
2026-09-07 22:07:03,546 ERROR [IDENTIFY] rejected: best_match=100107.3 similarity=0.3442 (< 0.50 threshold)
2026-09-07 22:07:30,374 INFO [IDENTIFY] matched=100107.3 similarity=0.6697
2026-09-07 22:07:34,482 INFO [IDENTIFY] matched=100107.3 similarity=0.6697
2026-09-07 22:35:05,545 INFO [IDENTIFY] matched=100652.1 similarity=0.7652
2026-09-07 22:35:08,663 INFO [IDENTIFY] matched=100652.1 similarity=0.7652
2026-09-07 22:45:13,780 INFO [IDENTIFY] matched=100078.3 similarity=0.7280
2026-09-07 23:23:56,435 INFO [IDENTIFY] matched=100054.3 similarity=0.6098
2026-09-07 23:23:59,127 INFO [IDENTIFY] matched=100054.3 similarity=0.6098
2026-09-08 06:22:13,042 INFO [IDENTIFY] matched=100081.3 similarity=0.5694
2026-09-08 07:01:17,271 INFO [IDENTIFY] matched=100073.3 similarity=0.7049
2026-09-08 07:01:20,073 INFO [IDENTIFY] matched=100073.3 similarity=0.7049
2026-09-08 07:01:38,133 INFO [IDENTIFY] matched=100067.3 similarity=0.7374
2026-09-08 07:01:41,375 INFO [IDENTIFY] matched=100067.3 similarity=0.7374
2026-09-08 07:08:27,677 INFO [IDENTIFY] matched=100064.3 similarity=0.5567
2026-09-08 07:08:30,663 INFO [IDENTIFY] matched=100064.3 similarity=0.5567
2026-09-08 07:27:35,727 INFO [IDENTIFY] matched=100055.3 similarity=0.6259
2026-09-08 07:31:51,113 INFO [IDENTIFY] matched=100060.3 similarity=0.5761
2026-09-08 07:31:54,418 INFO [IDENTIFY] matched=100060.3 similarity=0.5761
2026-09-08 07:32:23,077 INFO [IDENTIFY] matched=100058.3 similarity=0.6823
2026-09-08 07:32:25,144 INFO [IDENTIFY] matched=100058.3 similarity=0.6823
2026-09-08 07:45:56,235 ERROR [IDENTIFY] rejected: best_match=100088.3 similarity=0.4741 (< 0.50 threshold)
2026-09-08 07:46:07,546 INFO [IDENTIFY] matched=100088.3 similarity=0.6457
2026-09-08 07:46:11,175 INFO [IDENTIFY] matched=100088.3 similarity=0.6457
2026-09-08 07:55:55,698 INFO [IDENTIFY] matched=100003.3 similarity=0.6273
2026-09-08 07:55:57,004 INFO [IDENTIFY] matched=100069.3 similarity=0.5562
2026-09-08 07:55:59,112 INFO [IDENTIFY] matched=100054.3 similarity=0.6082
2026-09-08 07:56:05,530 INFO [IDENTIFY] matched=100054.3 similarity=0.6082
2026-09-08 07:56:18,339 INFO [IDENTIFY] matched=100069.3 similarity=0.5562
2026-09-08 08:00:37,933 INFO [IDENTIFY] matched=100073.3 similarity=0.7079
2026-09-08 08:00:46,616 INFO [IDENTIFY] matched=100073.3 similarity=0.7079
2026-09-08 08:03:10,931 ERROR [IDENTIFY] rejected: best_match=100136.3 similarity=0.2060 (< 0.50 threshold)
2026-09-08 08:03:28,401 INFO [IDENTIFY] matched=100057.3 similarity=0.6096
2026-09-08 08:03:31,115 INFO [IDENTIFY] matched=100057.3 similarity=0.6096
2026-09-08 08:04:20,016 INFO [IDENTIFY] matched=100047.3 similarity=0.5238
2026-09-08 08:15:49,392 INFO [IDENTIFY] matched=100079.3 similarity=0.6285
2026-09-08 08:17:05,776 INFO [IDENTIFY] matched=100009.3 similarity=0.6035
2026-09-08 08:28:28,614 INFO [IDENTIFY] matched=100147.3 similarity=0.5981
2026-09-08 08:52:07,935 INFO [IDENTIFY] matched=100096.3 similarity=0.5820
2026-09-08 08:52:10,644 INFO [IDENTIFY] matched=100096.3 similarity=0.5820
2026-09-08 08:52:36,939 INFO [IDENTIFY] matched=100096.3 similarity=0.5756
2026-09-08 08:52:39,775 INFO [IDENTIFY] matched=100096.3 similarity=0.5756
2026-09-08 08:52:47,723 INFO [IDENTIFY] matched=100062.3 similarity=0.5048
2026-09-08 08:52:51,832 INFO [IDENTIFY] matched=100062.3 similarity=0.5048
2026-09-08 08:53:26,292 INFO [IDENTIFY] matched=100080.3 similarity=0.6947
2026-09-08 08:53:28,769 INFO [IDENTIFY] matched=100080.3 similarity=0.6947
2026-09-08 09:01:38,232 INFO [IDENTIFY] matched=100084.3 similarity=0.6240
2026-09-08 09:01:40,439 INFO [IDENTIFY] matched=100084.3 similarity=0.6240
2026-09-08 09:04:50,186 INFO [IDENTIFY] matched=100001.3 similarity=0.6526
2026-09-08 09:05:35,942 INFO [IDENTIFY] matched=100046.3 similarity=0.6750
2026-09-08 09:11:29,224 INFO [IDENTIFY] matched=100097.3 similarity=0.6574
2026-09-08 09:12:07,038 ERROR [IDENTIFY] rejected: best_match=100651.1 similarity=0.4667 (< 0.50 threshold)
2026-09-08 09:12:21,389 INFO [IDENTIFY] matched=100097.3 similarity=0.5868
2026-09-08 09:12:32,251 INFO [IDENTIFY] matched=100651.1 similarity=0.6624
2026-09-08 09:12:34,895 INFO [IDENTIFY] matched=100651.1 similarity=0.6624
2026-09-08 09:14:05,377 ERROR [IDENTIFY] rejected: best_match=100655.1 similarity=0.4266 (< 0.50 threshold)
2026-09-08 09:14:19,837 ERROR [IDENTIFY] rejected: best_match=100655.1 similarity=0.4717 (< 0.50 threshold)
2026-09-08 09:14:35,057 INFO [IDENTIFY] matched=100655.1 similarity=0.5467
2026-09-08 09:14:36,996 INFO [IDENTIFY] matched=100655.1 similarity=0.5467
2026-09-08 09:16:02,465 INFO [IDENTIFY] matched=100076.3 similarity=0.7439
2026-09-08 09:16:34,916 INFO [IDENTIFY] matched=100017.3 similarity=0.7544
2026-09-08 09:16:37,245 INFO [IDENTIFY] matched=100017.3 similarity=0.7544
2026-09-08 09:24:44,343 INFO [IDENTIFY] matched=100099.3 similarity=0.6847
2026-09-08 09:24:48,408 INFO [IDENTIFY] matched=100099.3 similarity=0.6847
2026-09-08 09:25:18,822 INFO [IDENTIFY] matched=100099.3 similarity=0.6812
2026-09-08 09:25:22,412 INFO [IDENTIFY] matched=100099.3 similarity=0.6812
2026-09-08 09:25:57,036 INFO [IDENTIFY] matched=100110.3 similarity=0.7079
2026-09-08 09:26:00,127 INFO [IDENTIFY] matched=100110.3 similarity=0.7079
2026-09-08 09:27:29,423 INFO [IDENTIFY] matched=100107.3 similarity=0.6202
2026-09-08 09:27:37,073 INFO [IDENTIFY] matched=100107.3 similarity=0.6202
2026-09-08 09:28:27,823 ERROR [IDENTIFY] rejected: best_match=100109.3 similarity=0.3039 (< 0.50 threshold)
2026-09-08 09:29:13,226 ERROR [IDENTIFY] rejected: best_match=100054.3 similarity=0.3279 (< 0.50 threshold)
2026-09-08 09:31:39,353 INFO [IDENTIFY] matched=100086.3 similarity=0.6143
2026-09-08 09:31:48,079 INFO [IDENTIFY] matched=100114.3 similarity=0.6096
2026-09-08 09:31:51,655 INFO [IDENTIFY] matched=100114.3 similarity=0.6096
2026-09-08 09:35:46,460 INFO [IDENTIFY] matched=100078.3 similarity=0.7098
2026-09-08 09:35:57,723 INFO [IDENTIFY] matched=100652.1 similarity=0.7257
2026-09-08 09:36:00,491 INFO [IDENTIFY] matched=100652.1 similarity=0.7257
2026-09-08 09:40:21,809 INFO [IDENTIFY] matched=100100.3 similarity=0.8084
2026-09-08 09:40:25,985 INFO [IDENTIFY] matched=100100.3 similarity=0.8084
2026-09-08 09:41:39,688 INFO [IDENTIFY] matched=100013.3 similarity=0.6593
2026-09-08 09:45:03,259 INFO [IDENTIFY] matched=100014.3 similarity=0.6441
2026-09-08 09:52:20,115 INFO [IDENTIFY] matched=100039.3 similarity=0.7365
2026-09-08 09:52:22,347 INFO [IDENTIFY] matched=100039.3 similarity=0.7365
2026-09-08 09:52:35,076 INFO [IDENTIFY] matched=100140.3 similarity=0.6315
2026-09-08 09:52:37,618 INFO [IDENTIFY] matched=100140.3 similarity=0.6315
2026-09-08 09:52:51,338 INFO [IDENTIFY] matched=100040.3 similarity=0.7352
2026-09-08 09:52:53,676 INFO [IDENTIFY] matched=100040.3 similarity=0.7352
2026-09-08 09:53:06,089 INFO [IDENTIFY] matched=100125.3 similarity=0.5674
2026-09-08 09:53:09,137 INFO [IDENTIFY] matched=100125.3 similarity=0.5674
2026-09-08 09:53:48,613 INFO [IDENTIFY] matched=100004.3 similarity=0.5101
2026-09-08 09:53:50,787 INFO [IDENTIFY] matched=100004.3 similarity=0.5101
2026-09-08 09:58:12,675 INFO [IDENTIFY] matched=100002.3 similarity=0.7449
2026-09-08 10:03:13,834 INFO [IDENTIFY] matched=100005.3 similarity=0.7033
2026-09-08 10:03:21,134 INFO [IDENTIFY] matched=100005.3 similarity=0.7033
2026-09-08 10:03:41,480 INFO [IDENTIFY] matched=100010.3 similarity=0.6478
2026-09-08 10:03:46,869 INFO [IDENTIFY] matched=100010.3 similarity=0.6478
2026-09-08 10:04:38,011 INFO [IDENTIFY] matched=100006.3 similarity=0.6705
2026-09-08 10:04:45,050 INFO [IDENTIFY] matched=100006.3 similarity=0.6705
2026-09-08 10:05:56,883 INFO [IDENTIFY] matched=100008.3 similarity=0.7410
2026-09-08 10:06:03,580 INFO [IDENTIFY] matched=100008.3 similarity=0.7410
2026-09-08 10:08:13,030 INFO [IDENTIFY] matched=100015.3 similarity=0.6079
2026-09-08 10:13:23,462 ERROR [IDENTIFY] rejected: no face detected in any of 10 frame(s)
2026-09-08 10:13:51,835 ERROR [IDENTIFY] rejected: best_match=100041.3 similarity=0.4145 (< 0.50 threshold)
2026-09-08 10:14:12,958 INFO [IDENTIFY] matched=100041.3 similarity=0.5909
2026-09-08 10:14:16,362 INFO [IDENTIFY] matched=100041.3 similarity=0.5909
2026-09-08 10:30:18,860 INFO [IDENTIFY] matched=100124.3 similarity=0.6121
2026-09-08 10:30:26,844 INFO [IDENTIFY] matched=100124.3 similarity=0.6121
2026-09-08 10:34:11,596 INFO [IDENTIFY] matched=100061.3 similarity=0.5609
2026-09-08 10:34:14,036 INFO [IDENTIFY] matched=100061.3 similarity=0.5609
2026-09-08 10:34:43,081 INFO [IDENTIFY] matched=100065.3 similarity=0.6667
2026-09-08 10:34:45,364 INFO [IDENTIFY] matched=100065.3 similarity=0.6667
2026-09-08 10:35:28,213 ERROR [IDENTIFY] rejected: best_match=100066.3 similarity=0.4559 (< 0.50 threshold)
2026-09-08 10:35:46,972 INFO [IDENTIFY] matched=100066.3 similarity=0.6834
2026-09-08 10:35:49,748 INFO [IDENTIFY] matched=100066.3 similarity=0.6834
2026-09-08 10:37:14,226 INFO [IDENTIFY] matched=100070.3 similarity=0.5904
2026-09-08 10:37:16,953 INFO [IDENTIFY] matched=100070.3 similarity=0.5904
2026-09-08 11:17:38,294 INFO [IDENTIFY] matched=100195.1 similarity=0.7754
2026-09-08 11:19:28,361 INFO [IDENTIFY] matched=100071.3 similarity=0.5768
2026-09-08 11:21:08,161 ERROR [IDENTIFY] rejected: best_match=100109.3 similarity=0.3109 (< 0.50 threshold)
2026-09-08 11:21:32,653 ERROR [IDENTIFY] rejected: best_match=100109.3 similarity=0.4200 (< 0.50 threshold)
2026-09-08 11:21:50,433 ERROR [IDENTIFY] rejected: best_match=100109.3 similarity=0.4185 (< 0.50 threshold)
2026-09-08 11:22:08,140 ERROR [IDENTIFY] rejected: best_match=100136.3 similarity=0.3739 (< 0.50 threshold)
2026-09-08 11:22:23,571 ERROR [IDENTIFY] rejected: best_match=100099.3 similarity=0.4730 (< 0.50 threshold)
2026-09-08 11:22:34,235 ERROR [IDENTIFY] rejected: best_match=100071.3 similarity=0.4151 (< 0.50 threshold)
2026-09-08 11:22:37,813 ERROR [IDENTIFY] rejected: best_match=100109.3 similarity=0.4009 (< 0.50 threshold)
2026-09-08 11:22:48,193 ERROR [IDENTIFY] rejected: best_match=100071.3 similarity=0.4919 (< 0.50 threshold)
2026-09-08 11:22:52,531 ERROR [IDENTIFY] rejected: best_match=100109.3 similarity=0.3861 (< 0.50 threshold)
2026-09-08 11:23:06,083 ERROR [IDENTIFY] rejected: best_match=100071.3 similarity=0.4750 (< 0.50 threshold)
2026-09-08 11:23:09,074 ERROR [IDENTIFY] rejected: best_match=100109.3 similarity=0.3609 (< 0.50 threshold)
2026-09-08 11:23:20,239 INFO [IDENTIFY] matched=100071.3 similarity=0.5397
2026-09-08 11:23:23,201 INFO [IDENTIFY] matched=100071.3 similarity=0.5397
2026-09-08 11:23:24,298 ERROR [IDENTIFY] rejected: best_match=100109.3 similarity=0.3443 (< 0.50 threshold)
2026-09-08 11:23:50,767 INFO [IDENTIFY] matched=100134.3 similarity=0.6529
2026-09-08 11:23:55,355 INFO [IDENTIFY] matched=100134.3 similarity=0.6529
2026-09-08 11:24:39,580 ERROR [IDENTIFY] rejected: best_match=100109.3 similarity=0.3473 (< 0.50 threshold)
2026-09-08 11:25:22,903 INFO [IDENTIFY] matched=100132.3 similarity=0.5914
2026-09-08 11:25:26,209 INFO [IDENTIFY] matched=100132.3 similarity=0.5914
2026-09-08 12:21:24,540 ERROR [IDENTIFY] rejected: best_match=100144.3 similarity=0.3896 (< 0.50 threshold)
2026-09-08 12:24:28,029 INFO [IDENTIFY] matched=100099.3 similarity=0.7095
2026-09-08 12:24:32,258 INFO [IDENTIFY] matched=100099.3 similarity=0.7095
2026-09-08 12:26:22,109 INFO [IDENTIFY] matched=100099.3 similarity=0.7440
2026-09-08 12:26:26,664 INFO [IDENTIFY] matched=100099.3 similarity=0.7440
2026-09-08 12:31:40,255 ERROR [IDENTIFY] rejected: best_match=100110.3 similarity=0.3500 (< 0.50 threshold)
2026-09-08 12:32:05,350 ERROR [IDENTIFY] rejected: best_match=100076.2 similarity=0.3338 (< 0.50 threshold)
2026-09-08 12:32:24,033 ERROR [IDENTIFY] rejected: best_match=100041.3 similarity=0.3044 (< 0.50 threshold)
2026-09-08 12:32:52,136 INFO [IDENTIFY] matched=100117.3 similarity=0.6204
2026-09-08 12:32:56,361 INFO [IDENTIFY] matched=100117.3 similarity=0.6204
2026-09-08 12:33:20,349 ERROR [IDENTIFY] rejected: best_match=100117.3 similarity=0.2918 (< 0.50 threshold)
2026-09-08 12:33:32,622 INFO [IDENTIFY] matched=100154.3 similarity=0.7746
2026-09-08 12:33:37,346 INFO [IDENTIFY] matched=100154.3 similarity=0.7746
2026-09-08 12:33:38,421 INFO [IDENTIFY] matched=100152.3 similarity=0.8732
2026-09-08 12:33:42,625 INFO [IDENTIFY] matched=100152.3 similarity=0.8732
2026-09-08 12:34:21,881 ERROR [IDENTIFY] rejected: no face detected in any of 10 frame(s)
2026-09-08 12:34:40,516 INFO [IDENTIFY] matched=100103.3 similarity=0.7316
2026-09-08 12:34:44,339 INFO [IDENTIFY] matched=100103.3 similarity=0.7316
2026-09-08 13:01:55,872 INFO [IDENTIFY] matched=100149.3 similarity=0.7460
2026-09-08 13:01:58,890 INFO [IDENTIFY] matched=100149.3 similarity=0.7460
2026-09-08 13:02:33,356 INFO [IDENTIFY] matched=100149.3 similarity=0.7229
2026-09-08 13:02:45,280 INFO [IDENTIFY] matched=100149.3 similarity=0.7229
2026-09-08 13:50:43,418 INFO [IDENTIFY] matched=100009.3 similarity=0.6945
2026-09-08 14:07:26,255 INFO [IDENTIFY] matched=100068.3 similarity=0.6807
2026-09-08 14:07:28,999 INFO [IDENTIFY] matched=100068.3 similarity=0.6807
2026-09-08 14:28:17,084 INFO [IDENTIFY] matched=100195.1 similarity=0.8486
2026-09-08 14:28:19,856 INFO [IDENTIFY] matched=100195.1 similarity=0.8486
2026-09-08 14:30:28,612 INFO [IDENTIFY] matched=100660.1 similarity=0.7559
2026-09-08 14:47:07,590 INFO [IDENTIFY] matched=100149.3 similarity=0.7151
2026-09-08 14:47:09,964 INFO [IDENTIFY] matched=100149.3 similarity=0.7151
2026-09-08 14:47:55,832 ERROR [IDENTIFY] rejected: no face detected in any of 10 frame(s)
2026-09-08 14:48:08,551 INFO [IDENTIFY] matched=100149.3 similarity=0.6616
2026-09-08 14:49:03,694 INFO [IDENTIFY] matched=100039.3 similarity=0.7155
2026-09-08 14:49:30,902 INFO [IDENTIFY] matched=100149.3 similarity=0.6616
2026-09-08 14:50:26,803 INFO [IDENTIFY] matched=100039.3 similarity=0.7155
2026-09-08 15:16:02,158 INFO [FAISS] Loaded 197 embeddings
2026-09-08 15:23:23,755 ERROR [IDENTIFY] rejected: best_match=100657.1 similarity=0.4281 (< 0.50 threshold)
2026-09-08 15:24:09,827 ERROR [IDENTIFY] rejected: best_match=100657.1 similarity=0.4613 (< 0.50 threshold)
2026-09-08 15:38:02,454 ERROR [IDENTIFY] rejected: best_match=100657.1 similarity=0.4425 (< 0.50 threshold)
2026-09-08 15:40:53,666 INFO [IDENTIFY] matched=100059.3 similarity=0.9041
2026-09-08 15:40:57,762 INFO [IDENTIFY] matched=100059.3 similarity=0.9041
2026-09-08 15:46:21,024 ERROR [IDENTIFY] rejected: best_match=100117.3 similarity=0.4904 (< 0.50 threshold)
2026-09-08 16:41:04,283 INFO [FAISS] Loaded 198 embeddings
2026-09-08 16:42:09,241 INFO [IDENTIFY] matched=100001.3 similarity=0.7165
2026-09-08 16:59:28,934 INFO [IDENTIFY] matched=100003.3 similarity=0.6360
2026-09-08 17:01:10,264 INFO [IDENTIFY] matched=100195.1 similarity=0.7310
2026-09-08 17:01:13,589 INFO [IDENTIFY] matched=100195.1 similarity=0.7310
2026-09-08 17:01:30,742 INFO [IDENTIFY] matched=100195.1 similarity=0.8205
2026-09-08 17:01:39,227 INFO [IDENTIFY] matched=100195.1 similarity=0.8205
2026-09-08 17:01:54,923 INFO [IDENTIFY] matched=100195.1 similarity=0.7787
2026-09-08 17:01:57,808 INFO [IDENTIFY] matched=100195.1 similarity=0.7787
2026-09-08 17:07:47,206 INFO [IDENTIFY] matched=100039.3 similarity=0.7571
2026-09-08 17:07:49,871 INFO [IDENTIFY] matched=100039.3 similarity=0.7571
2026-09-08 17:08:06,857 INFO [IDENTIFY] matched=100125.3 similarity=0.7267
2026-09-08 17:08:10,744 INFO [IDENTIFY] matched=100125.3 similarity=0.7267
2026-09-08 17:37:13,691 ERROR [IDENTIFY] rejected: best_match=100069.3 similarity=0.4573 (< 0.50 threshold)
2026-09-08 17:37:39,630 ERROR [IDENTIFY] rejected: best_match=100064.3 similarity=0.4540 (< 0.50 threshold)
2026-09-08 17:38:02,822 INFO [IDENTIFY] matched=100064.3 similarity=0.5243
2026-09-08 17:38:07,439 INFO [IDENTIFY] matched=100064.3 similarity=0.5243
2026-09-08 17:46:23,510 INFO [IDENTIFY] matched=100099.3 similarity=0.6176
2026-09-08 17:46:25,705 INFO [IDENTIFY] matched=100073.3 similarity=0.5007
2026-09-08 17:46:29,461 INFO [IDENTIFY] matched=100099.3 similarity=0.6176
2026-09-08 17:46:31,986 INFO [IDENTIFY] matched=100073.3 similarity=0.5007
2026-09-08 19:53:31,416 INFO [IDENTIFY] matched=100061.3 similarity=0.5388
2026-09-08 19:53:35,306 INFO [IDENTIFY] matched=100062.3 similarity=0.5736
2026-09-08 19:53:35,307 INFO [IDENTIFY] matched=100061.3 similarity=0.5388
2026-09-08 19:53:37,824 INFO [IDENTIFY] matched=100062.3 similarity=0.5736
2026-09-08 19:58:10,395 INFO [IDENTIFY] matched=100069.3 similarity=0.6270
2026-09-08 19:58:14,095 INFO [IDENTIFY] matched=100069.3 similarity=0.6270
2026-09-08 20:10:54,211 INFO [IDENTIFY] matched=100650.1 similarity=0.7333
2026-09-08 20:10:57,111 INFO [IDENTIFY] matched=100650.1 similarity=0.7333
2026-09-08 20:48:13,790 INFO [IDENTIFY] matched=100655.1 similarity=0.6072
2026-09-08 20:48:17,700 INFO [IDENTIFY] matched=100655.1 similarity=0.6072
2026-09-08 20:55:59,364 INFO [IDENTIFY] matched=100096.3 similarity=0.5933
2026-09-08 20:56:06,187 INFO [IDENTIFY] matched=100096.3 similarity=0.5933
2026-09-08 20:56:43,254 INFO [IDENTIFY] matched=100084.3 similarity=0.6422
2026-09-08 20:56:45,805 INFO [IDENTIFY] matched=100084.3 similarity=0.6422
2026-09-08 21:45:14,979 INFO [IDENTIFY] matched=100088.3 similarity=0.5650
2026-09-08 21:45:18,789 INFO [IDENTIFY] matched=100088.3 similarity=0.5650
2026-09-08 21:54:55,924 INFO [IDENTIFY] matched=100079.3 similarity=0.6359
2026-09-08 22:25:12,850 INFO [IDENTIFY] matched=100086.3 similarity=0.5300
2026-09-08 22:45:39,632 INFO [IDENTIFY] matched=100054.3 similarity=0.6814
2026-09-08 22:45:44,157 INFO [IDENTIFY] matched=100054.3 similarity=0.6814
2026-09-08 22:46:12,208 INFO [IDENTIFY] matched=100055.3 similarity=0.6219
2026-09-08 22:46:20,490 INFO [IDENTIFY] matched=100055.3 similarity=0.6219
2026-09-08 23:10:46,396 INFO [IDENTIFY] matched=100652.1 similarity=0.7634
2026-09-08 23:10:50,908 INFO [IDENTIFY] matched=100652.1 similarity=0.7634
2026-09-09 06:14:05,858 INFO [IDENTIFY] matched=100081.3 similarity=0.6701
2026-09-09 06:49:16,398 ERROR [IDENTIFY] rejected: best_match=100009.3 similarity=0.4771 (< 0.50 threshold)
2026-09-09 07:07:37,506 INFO [IDENTIFY] matched=100064.3 similarity=0.5509
2026-09-09 07:07:40,088 INFO [IDENTIFY] matched=100064.3 similarity=0.5509
2026-09-09 07:07:55,780 INFO [IDENTIFY] matched=100067.3 similarity=0.6823
2026-09-09 07:07:58,304 INFO [IDENTIFY] matched=100067.3 similarity=0.6823
2026-09-09 07:08:13,429 INFO [IDENTIFY] matched=100073.3 similarity=0.6668
2026-09-09 07:08:16,184 INFO [IDENTIFY] matched=100073.3 similarity=0.6668
2026-09-09 07:09:33,359 INFO [IDENTIFY] matched=100072.3 similarity=0.7251
2026-09-09 07:09:35,882 INFO [IDENTIFY] matched=100072.3 similarity=0.7251
2026-09-09 07:30:45,259 INFO [IDENTIFY] matched=100003.3 similarity=0.6315
2026-09-09 07:59:54,885 INFO [IDENTIFY] matched=100063.3 similarity=0.8117
2026-09-09 07:59:57,797 INFO [IDENTIFY] matched=100063.3 similarity=0.8117
2026-09-09 08:00:31,816 ERROR [IDENTIFY] rejected: best_match=100068.3 similarity=0.4981 (< 0.50 threshold)
2026-09-09 08:00:46,623 INFO [IDENTIFY] matched=100068.3 similarity=0.5770
2026-09-09 08:00:49,173 INFO [IDENTIFY] matched=100068.3 similarity=0.5770
2026-09-09 08:07:38,315 INFO [IDENTIFY] matched=100069.3 similarity=0.5831
2026-09-09 08:07:44,476 INFO [IDENTIFY] matched=100069.3 similarity=0.5831
2026-09-09 08:13:47,869 ERROR [IDENTIFY] rejected: best_match=100047.3 similarity=0.4790 (< 0.50 threshold)
2026-09-09 08:16:55,380 INFO [IDENTIFY] matched=100076.3 similarity=0.6530
2026-09-09 08:30:19,578 INFO [IDENTIFY] matched=100652.1 similarity=0.6842
2026-09-09 08:30:23,483 INFO [IDENTIFY] matched=100652.1 similarity=0.6842
2026-09-09 08:31:22,909 INFO [IDENTIFY] matched=100088.3 similarity=0.5773
2026-09-09 08:31:26,784 INFO [IDENTIFY] matched=100088.3 similarity=0.5773
2026-09-09 08:35:12,124 INFO [IDENTIFY] matched=100079.3 similarity=0.5772
2026-09-09 08:37:30,734 INFO [IDENTIFY] matched=100655.1 similarity=0.6214
2026-09-09 08:37:33,853 INFO [IDENTIFY] matched=100655.1 similarity=0.6214
2026-09-09 08:37:52,585 INFO [IDENTIFY] matched=100655.1 similarity=0.6046
2026-09-09 08:37:56,143 INFO [IDENTIFY] matched=100655.1 similarity=0.6046
2026-09-09 08:41:55,838 INFO [IDENTIFY] matched=100054.3 similarity=0.5123
2026-09-09 08:41:58,476 INFO [IDENTIFY] matched=100054.3 similarity=0.5123
2026-09-09 08:43:33,154 INFO [IDENTIFY] matched=100650.1 similarity=0.6816
2026-09-09 08:43:35,811 INFO [IDENTIFY] matched=100650.1 similarity=0.6816
2026-09-09 08:57:28,218 INFO [IDENTIFY] matched=100055.3 similarity=0.6600
2026-09-09 08:57:33,326 INFO [IDENTIFY] matched=100055.3 similarity=0.6600
2026-09-09 08:57:54,565 INFO [IDENTIFY] matched=100058.3 similarity=0.6513
2026-09-09 08:57:59,987 INFO [IDENTIFY] matched=100058.3 similarity=0.6513
2026-09-09 08:58:28,877 INFO [IDENTIFY] matched=100059.3 similarity=0.7497
2026-09-09 08:58:42,550 INFO [IDENTIFY] matched=100059.3 similarity=0.7497
2026-09-09 08:59:17,529 INFO [IDENTIFY] matched=100061.3 similarity=0.5610
2026-09-09 08:59:20,094 INFO [IDENTIFY] matched=100061.3 similarity=0.5610
2026-09-09 08:59:30,404 INFO [IDENTIFY] matched=100060.3 similarity=0.6128
2026-09-09 08:59:35,353 INFO [IDENTIFY] matched=100060.3 similarity=0.6128
2026-09-09 08:59:54,151 INFO [IDENTIFY] matched=100057.3 similarity=0.6082
2026-09-09 09:00:02,320 INFO [IDENTIFY] matched=100057.3 similarity=0.6082
2026-09-09 09:06:15,387 INFO [IDENTIFY] matched=100086.3 similarity=0.6949
2026-09-09 09:07:04,999 INFO [IDENTIFY] matched=100070.3 similarity=0.5018
2026-09-09 09:07:07,924 INFO [IDENTIFY] matched=100070.3 similarity=0.5018
2026-09-09 09:11:59,776 INFO [IDENTIFY] matched=100013.3 similarity=0.5957
2026-09-09 09:12:33,841 INFO [IDENTIFY] matched=100097.3 similarity=0.6225
2026-09-09 09:13:01,496 ERROR [IDENTIFY] rejected: no face detected in any of 10 frame(s)
2026-09-09 09:15:19,063 INFO [IDENTIFY] matched=100071.3 similarity=0.5567
2026-09-09 09:15:21,716 INFO [IDENTIFY] matched=100071.3 similarity=0.5567
2026-09-09 09:17:39,025 INFO [IDENTIFY] matched=100001.3 similarity=0.6727
2026-09-09 09:22:28,574 INFO [IDENTIFY] matched=100099.3 similarity=0.5904
2026-09-09 09:22:35,009 INFO [IDENTIFY] matched=100099.3 similarity=0.5904
2026-09-09 09:22:38,309 INFO [IDENTIFY] matched=100134.3 similarity=0.7346
2026-09-09 09:22:41,976 INFO [IDENTIFY] matched=100134.3 similarity=0.7346
2026-09-09 09:23:03,119 ERROR [IDENTIFY] rejected: best_match=100028.2 similarity=0.3372 (< 0.50 threshold)
2026-09-09 09:23:30,746 ERROR [IDENTIFY] rejected: best_match=100041.3 similarity=0.3169 (< 0.50 threshold)
2026-09-09 09:23:49,544 INFO [IDENTIFY] matched=100099.3 similarity=0.7420
2026-09-09 09:23:55,886 INFO [IDENTIFY] matched=100099.3 similarity=0.7420
2026-09-09 09:24:13,462 INFO [IDENTIFY] matched=100100.3 similarity=0.7150
2026-09-09 09:24:16,977 INFO [IDENTIFY] matched=100066.3 similarity=0.6557
2026-09-09 09:24:19,062 INFO [IDENTIFY] matched=100100.3 similarity=0.7150
2026-09-09 09:24:20,044 INFO [IDENTIFY] matched=100066.3 similarity=0.6557
2026-09-09 09:24:35,095 INFO [IDENTIFY] matched=100080.3 similarity=0.6553
2026-09-09 09:24:36,130 ERROR [IDENTIFY] rejected: best_match=100108.3 similarity=0.3387 (< 0.50 threshold)
2026-09-09 09:24:37,826 INFO [IDENTIFY] matched=100080.3 similarity=0.6553
2026-09-09 09:24:56,137 ERROR [IDENTIFY] rejected: best_match=100651.1 similarity=0.4682 (< 0.50 threshold)
2026-09-09 09:24:59,726 ERROR [IDENTIFY] rejected: best_match=100108.3 similarity=0.2921 (< 0.50 threshold)
2026-09-09 09:25:08,928 ERROR [IDENTIFY] rejected: best_match=100651.1 similarity=0.3417 (< 0.50 threshold)
2026-09-09 09:25:16,998 ERROR [IDENTIFY] rejected: best_match=100121.3 similarity=0.3925 (< 0.50 threshold)
2026-09-09 09:25:31,947 ERROR [IDENTIFY] rejected: best_match=100651.1 similarity=0.3946 (< 0.50 threshold)
2026-09-09 09:25:33,122 ERROR [IDENTIFY] rejected: best_match=100109.3 similarity=0.3357 (< 0.50 threshold)
2026-09-09 09:26:02,959 ERROR [IDENTIFY] rejected: best_match=100048.3 similarity=0.3558 (< 0.50 threshold)
2026-09-09 09:26:03,124 ERROR [IDENTIFY] rejected: best_match=100651.1 similarity=0.4802 (< 0.50 threshold)
2026-09-09 09:26:26,486 INFO [IDENTIFY] matched=100114.3 similarity=0.6221
2026-09-09 09:26:26,577 ERROR [IDENTIFY] rejected: best_match=100651.1 similarity=0.4641 (< 0.50 threshold)
2026-09-09 09:26:32,101 INFO [IDENTIFY] matched=100114.3 similarity=0.6221
2026-09-09 09:26:52,346 ERROR [IDENTIFY] rejected: best_match=100041.2 similarity=0.3280 (< 0.50 threshold)
2026-09-09 09:27:08,581 INFO [IDENTIFY] matched=100103.3 similarity=0.7182
2026-09-09 09:27:13,401 INFO [IDENTIFY] matched=100103.3 similarity=0.7182
2026-09-09 09:27:30,314 INFO [IDENTIFY] matched=100152.3 similarity=0.7298
2026-09-09 09:27:34,542 INFO [IDENTIFY] matched=100152.3 similarity=0.7298
2026-09-09 09:27:50,611 ERROR [IDENTIFY] rejected: best_match=100121.3 similarity=0.3975 (< 0.50 threshold)
2026-09-09 09:28:13,842 ERROR [IDENTIFY] rejected: best_match=100108.3 similarity=0.3307 (< 0.50 threshold)
2026-09-09 09:28:34,373 ERROR [IDENTIFY] rejected: best_match=100110.3 similarity=0.3504 (< 0.50 threshold)
2026-09-09 09:29:01,220 INFO [IDENTIFY] matched=100110.3 similarity=0.7432
2026-09-09 09:29:06,886 INFO [IDENTIFY] matched=100110.3 similarity=0.7432
2026-09-09 09:29:32,881 INFO [IDENTIFY] matched=100154.3 similarity=0.7493
2026-09-09 09:29:38,076 INFO [IDENTIFY] matched=100154.3 similarity=0.7493
2026-09-09 09:29:55,342 INFO [IDENTIFY] matched=100153.3 similarity=0.7343
2026-09-09 09:30:01,280 INFO [IDENTIFY] matched=100153.3 similarity=0.7343
2026-09-09 09:30:40,866 INFO [IDENTIFY] matched=100110.3 similarity=0.5196
2026-09-09 09:30:45,130 INFO [IDENTIFY] matched=100110.3 similarity=0.5196
2026-09-09 09:31:24,581 ERROR [IDENTIFY] rejected: best_match=100081.3 similarity=0.3411 (< 0.50 threshold)
2026-09-09 09:31:42,593 ERROR [IDENTIFY] rejected: best_match=100121.3 similarity=0.3484 (< 0.50 threshold)
2026-09-09 09:32:02,234 INFO [IDENTIFY] matched=100108.3 similarity=0.7097
2026-09-09 09:32:07,495 INFO [IDENTIFY] matched=100108.3 similarity=0.7097
2026-09-09 09:35:25,120 INFO [IDENTIFY] matched=100046.3 similarity=0.5823
2026-09-09 09:37:51,052 ERROR [IDENTIFY] rejected: best_match=100131.3 similarity=0.3213 (< 0.50 threshold)
2026-09-09 09:38:31,165 INFO [IDENTIFY] matched=100107.3 similarity=0.5851
2026-09-09 09:38:35,275 INFO [IDENTIFY] matched=100107.3 similarity=0.5851
2026-09-09 09:40:17,778 ERROR [IDENTIFY] rejected: best_match=100099.3 similarity=0.3974 (< 0.50 threshold)
2026-09-09 09:40:43,371 ERROR [IDENTIFY] rejected: best_match=100110.3 similarity=0.3438 (< 0.50 threshold)
2026-09-09 09:44:09,576 INFO [IDENTIFY] matched=100124.3 similarity=0.6457
2026-09-09 09:44:13,208 INFO [IDENTIFY] matched=100124.3 similarity=0.6457
2026-09-09 09:45:47,867 INFO [IDENTIFY] matched=100040.3 similarity=0.8243
2026-09-09 09:45:51,118 INFO [IDENTIFY] matched=100040.3 similarity=0.8243
2026-09-09 09:47:54,077 ERROR [IDENTIFY] rejected: best_match=100109.3 similarity=0.3058 (< 0.50 threshold)
2026-09-09 09:51:27,317 INFO [IDENTIFY] matched=100062.3 similarity=0.6584
2026-09-09 09:51:29,815 INFO [IDENTIFY] matched=100062.3 similarity=0.6584
2026-09-09 09:54:12,592 INFO [IDENTIFY] matched=100012.3 similarity=0.5630
2026-09-09 09:59:15,746 INFO [IDENTIFY] matched=100039.3 similarity=0.7195
2026-09-09 09:59:19,303 INFO [IDENTIFY] matched=100039.3 similarity=0.7195
2026-09-09 09:59:19,377 INFO [IDENTIFY] matched=100008.3 similarity=0.7754
2026-09-09 09:59:44,256 INFO [IDENTIFY] matched=100008.3 similarity=0.7754
2026-09-09 09:59:51,570 INFO [IDENTIFY] matched=100149.3 similarity=0.6042
2026-09-09 09:59:58,675 INFO [IDENTIFY] matched=100149.3 similarity=0.6042
2026-09-09 10:00:11,001 ERROR [IDENTIFY] rejected: best_match=100660.1 similarity=0.2641 (< 0.50 threshold)
2026-09-09 10:00:24,940 INFO [IDENTIFY] matched=100010.3 similarity=0.6497
2026-09-09 10:00:26,842 INFO [IDENTIFY] matched=100041.3 similarity=0.5126
2026-09-09 10:00:30,640 INFO [IDENTIFY] matched=100041.3 similarity=0.5126
2026-09-09 10:00:31,168 INFO [IDENTIFY] matched=100010.3 similarity=0.6497
2026-09-09 10:00:50,279 ERROR [IDENTIFY] rejected: best_match=100140.3 similarity=0.4336 (< 0.50 threshold)
2026-09-09 10:01:01,045 INFO [IDENTIFY] matched=100121.3 similarity=0.5523
2026-09-09 10:01:03,534 INFO [IDENTIFY] matched=100140.3 similarity=0.6676
2026-09-09 10:01:05,961 INFO [IDENTIFY] matched=100121.3 similarity=0.5523
2026-09-09 10:01:06,963 INFO [IDENTIFY] matched=100140.3 similarity=0.6676
2026-09-09 10:02:14,465 INFO [IDENTIFY] matched=100015.3 similarity=0.5410
2026-09-09 10:02:15,778 INFO [IDENTIFY] matched=100017.3 similarity=0.6766
2026-09-09 10:02:18,943 INFO [IDENTIFY] matched=100017.3 similarity=0.6766
2026-09-09 10:04:22,538 INFO [IDENTIFY] matched=100002.3 similarity=0.7613
2026-09-09 10:11:49,420 INFO [IDENTIFY] matched=100006.3 similarity=0.6907
2026-09-09 10:11:55,063 INFO [IDENTIFY] matched=100006.3 similarity=0.6907
2026-09-09 10:12:31,904 INFO [IDENTIFY] matched=100005.3 similarity=0.6279
2026-09-09 10:12:36,074 INFO [IDENTIFY] matched=100005.3 similarity=0.6279
2026-09-09 10:25:51,333 ERROR [IDENTIFY] rejected: best_match=100125.3 similarity=0.4737 (< 0.50 threshold)
2026-09-09 10:26:04,140 INFO [IDENTIFY] matched=100125.3 similarity=0.6036
2026-09-09 10:26:06,837 INFO [IDENTIFY] matched=100125.3 similarity=0.6036
2026-09-09 10:36:48,942 INFO [IDENTIFY] matched=100065.3 similarity=0.6189
2026-09-09 10:36:52,447 INFO [IDENTIFY] matched=100065.3 similarity=0.6189
2026-09-09 10:37:18,010 INFO [IDENTIFY] matched=100137.3 similarity=0.7163
2026-09-09 10:37:21,793 INFO [IDENTIFY] matched=100137.3 similarity=0.7163
2026-09-09 10:39:07,142 INFO [IDENTIFY] matched=100150.3 similarity=0.9397
2026-09-09 10:39:31,490 INFO [IDENTIFY] matched=100150.3 similarity=0.9397
2026-09-09 10:42:21,852 INFO [IDENTIFY] matched=100135.3 similarity=0.9288
2026-09-09 10:42:42,360 INFO [IDENTIFY] matched=100135.3 similarity=0.9288
2026-09-09 10:44:23,404 INFO [IDENTIFY] matched=100050.3 similarity=0.6983
2026-09-09 10:44:45,330 INFO [IDENTIFY] matched=100099.3 similarity=0.7357
2026-09-09 10:44:49,163 INFO [IDENTIFY] matched=100099.3 similarity=0.7357
2026-09-09 10:45:50,524 INFO [FAISS] Loaded 200 embeddings
2026-09-09 10:45:52,944 INFO [FAISS] Loaded 200 embeddings
2026-09-09 10:46:32,426 INFO [IDENTIFY] matched=100117.3 similarity=0.9406
2026-09-09 10:46:36,835 INFO [IDENTIFY] matched=100117.3 similarity=0.9406
2026-09-09 10:56:31,330 INFO [IDENTIFY] matched=100195.1 similarity=0.8618
2026-09-09 10:56:34,516 INFO [IDENTIFY] matched=100195.1 similarity=0.8618
2026-09-09 10:57:16,033 INFO [IDENTIFY] matched=100660.1 similarity=0.7762
2026-09-09 11:10:32,245 INFO [IDENTIFY] matched=100150.3 similarity=0.6916
2026-09-09 11:10:36,813 INFO [IDENTIFY] matched=100150.3 similarity=0.6916
2026-09-09 11:15:01,793 ERROR [IDENTIFY] rejected: best_match=100132.3 similarity=0.4433 (< 0.50 threshold)
2026-09-09 11:15:27,691 ERROR [IDENTIFY] rejected: no face detected in any of 10 frame(s)
2026-09-09 11:16:33,950 ERROR [IDENTIFY] rejected: best_match=100002.1 similarity=0.4925 (< 0.50 threshold)
2026-09-09 11:16:45,944 INFO [IDENTIFY] matched=100002.1 similarity=0.6538
2026-09-09 11:16:48,242 INFO [IDENTIFY] matched=100002.1 similarity=0.6538
2026-09-09 11:18:11,460 INFO [IDENTIFY] matched=100132.3 similarity=0.6629
2026-09-09 11:18:14,731 INFO [IDENTIFY] matched=100132.3 similarity=0.6629
2026-09-09 11:29:02,875 INFO [IDENTIFY] matched=100002.1 similarity=0.6243
2026-09-09 11:29:05,368 INFO [IDENTIFY] matched=100002.1 similarity=0.6243
2026-09-09 11:57:46,582 INFO [IDENTIFY] matched=100144.3 similarity=0.5171
2026-09-09 11:57:48,953 INFO [IDENTIFY] matched=100144.3 similarity=0.5171
2026-09-09 11:58:35,873 INFO [IDENTIFY] matched=100009.3 similarity=0.7364
2026-09-09 11:58:46,949 INFO [IDENTIFY] matched=100009.3 similarity=0.7364
2026-09-09 11:58:52,020 INFO [FAISS] Loaded 200 embeddings
2026-09-09 12:00:14,112 INFO [IDENTIFY] matched=100139.3 similarity=0.8219
2026-09-09 12:00:40,345 INFO [IDENTIFY] matched=100139.3 similarity=0.8219
2026-09-09 12:01:04,011 INFO [IDENTIFY] matched=100151.3 similarity=0.5615
2026-09-09 12:01:09,128 INFO [IDENTIFY] matched=100151.3 similarity=0.5615
2026-09-09 12:28:15,751 ERROR [IDENTIFY] rejected: best_match=100089.3 similarity=0.3987 (< 0.50 threshold)
2026-09-09 12:29:56,465 ERROR [IDENTIFY] rejected: best_match=100089.3 similarity=0.3827 (< 0.50 threshold)
2026-09-09 12:30:31,304 ERROR [IDENTIFY] rejected: best_match=100089.3 similarity=0.3738 (< 0.50 threshold)
2026-09-09 12:32:17,033 INFO [IDENTIFY] matched=100156.3 similarity=0.9429
2026-09-09 12:32:22,401 INFO [IDENTIFY] matched=100156.3 similarity=0.9429
2026-09-09 12:44:56,567 INFO [FAISS] Loaded 202 embeddings
2026-09-09 12:47:38,847 ERROR [IDENTIFY] rejected: no face detected in any of 10 frame(s)
2026-09-09 13:41:11,184 INFO [IDENTIFY] matched=100008.3 similarity=0.7613
2026-09-09 13:41:14,424 INFO [IDENTIFY] matched=100008.3 similarity=0.7613
2026-09-09 14:06:27,980 INFO [IDENTIFY] matched=100009.3 similarity=0.6500
2026-09-09 14:16:09,055 INFO [IDENTIFY] matched=100008.3 similarity=0.6512
2026-09-09 14:16:13,440 INFO [IDENTIFY] matched=100008.3 similarity=0.6512
2026-09-09 14:16:34,608 INFO [IDENTIFY] matched=100008.3 similarity=0.5169
2026-09-09 14:16:38,370 INFO [IDENTIFY] matched=100008.3 similarity=0.5169
2026-09-09 14:17:03,362 INFO [IDENTIFY] matched=100008.3 similarity=0.6348
2026-09-09 14:17:07,382 INFO [IDENTIFY] matched=100008.3 similarity=0.6348
2026-09-09 14:23:09,674 INFO [IDENTIFY] matched=100096.3 similarity=0.7077
2026-09-09 17:04:53,748 INFO [IDENTIFY] matched=100001.3 similarity=0.6448
2026-09-09 17:15:36,895 INFO [IDENTIFY] matched=100046.3 similarity=0.6074
2026-09-09 17:34:27,059 INFO [IDENTIFY] matched=100064.3 similarity=0.6148
2026-09-09 17:34:29,467 INFO [IDENTIFY] matched=100064.3 similarity=0.6148
2026-09-09 18:18:40,848 INFO [IDENTIFY] matched=100073.3 similarity=0.6601
2026-09-09 18:18:45,480 INFO [IDENTIFY] matched=100073.3 similarity=0.6601
2026-09-09 18:18:58,924 INFO [IDENTIFY] matched=100066.3 similarity=0.5765
2026-09-09 18:19:02,633 INFO [IDENTIFY] matched=100066.3 similarity=0.5765
2026-09-09 18:45:54,393 INFO [IDENTIFY] matched=100012.3 similarity=0.5787
2026-09-09 18:53:47,361 INFO [IDENTIFY] matched=100062.3 similarity=0.5208
2026-09-09 18:53:49,815 INFO [IDENTIFY] matched=100062.3 similarity=0.5208
2026-09-09 18:59:47,443 INFO [IDENTIFY] matched=100003.3 similarity=0.5381
2026-09-09 19:34:10,842 INFO [IDENTIFY] matched=100063.3 similarity=0.7863
2026-09-09 19:34:17,683 INFO [IDENTIFY] matched=100063.3 similarity=0.7863
2026-09-09 19:38:07,258 INFO [IDENTIFY] matched=100069.3 similarity=0.5222
2026-09-09 19:38:12,468 INFO [IDENTIFY] matched=100069.3 similarity=0.5222
2026-09-09 20:01:33,461 INFO [IDENTIFY] matched=100650.1 similarity=0.7269
2026-09-09 20:01:37,173 INFO [IDENTIFY] matched=100650.1 similarity=0.7269
2026-09-09 20:45:33,588 INFO [IDENTIFY] matched=100097.3 similarity=0.5931
2026-09-09 20:54:38,531 INFO [IDENTIFY] matched=100655.1 similarity=0.6264
2026-09-09 20:54:41,592 INFO [IDENTIFY] matched=100655.1 similarity=0.6264
2026-09-09 21:00:14,338 ERROR [IDENTIFY] rejected: best_match=100071.3 similarity=0.4542 (< 0.50 threshold)
2026-09-09 21:00:28,752 ERROR [IDENTIFY] rejected: best_match=100071.3 similarity=0.3932 (< 0.50 threshold)
2026-09-09 21:00:42,505 INFO [IDENTIFY] matched=100071.3 similarity=0.5669
2026-09-09 21:00:45,234 INFO [IDENTIFY] matched=100071.3 similarity=0.5669
2026-09-09 21:06:54,272 INFO [IDENTIFY] matched=100084.3 similarity=0.6788
2026-09-09 21:06:57,498 INFO [IDENTIFY] matched=100084.3 similarity=0.6788
2026-09-09 21:07:22,138 INFO [IDENTIFY] matched=100096.3 similarity=0.7241
2026-09-09 21:07:24,857 INFO [IDENTIFY] matched=100096.3 similarity=0.7241
2026-09-09 21:11:57,555 INFO [IDENTIFY] matched=100076.3 similarity=0.5542
2026-09-09 21:24:04,184 INFO [IDENTIFY] matched=100088.3 similarity=0.6692
2026-09-09 21:24:09,903 INFO [IDENTIFY] matched=100088.3 similarity=0.6692
2026-09-09 22:04:43,246 INFO [IDENTIFY] matched=100059.3 similarity=0.6548
2026-09-09 22:04:46,521 INFO [IDENTIFY] matched=100059.3 similarity=0.6548
2026-09-09 22:04:48,108 INFO [IDENTIFY] matched=100132.3 similarity=0.6600
2026-09-09 22:04:53,121 INFO [IDENTIFY] matched=100132.3 similarity=0.6600
2026-09-09 22:04:58,962 INFO [IDENTIFY] matched=100054.3 similarity=0.6536
2026-09-09 22:05:09,841 INFO [IDENTIFY] matched=100054.3 similarity=0.6536
2026-09-09 22:05:35,199 INFO [IDENTIFY] matched=100055.3 similarity=0.5889
2026-09-09 22:05:38,419 INFO [IDENTIFY] matched=100055.3 similarity=0.5889
2026-09-09 22:06:21,261 ERROR [IDENTIFY] rejected: best_match=100057.3 similarity=0.3435 (< 0.50 threshold)
2026-09-09 22:06:37,310 ERROR [IDENTIFY] rejected: best_match=100057.3 similarity=0.4797 (< 0.50 threshold)
2026-09-09 22:06:56,873 INFO [IDENTIFY] matched=100057.3 similarity=0.6322
2026-09-09 22:06:59,582 INFO [IDENTIFY] matched=100057.3 similarity=0.6322
2026-09-09 22:11:47,066 INFO [IDENTIFY] matched=100652.1 similarity=0.6624
2026-09-09 22:11:49,987 INFO [IDENTIFY] matched=100652.1 similarity=0.6624
2026-09-09 22:37:34,271 INFO [IDENTIFY] matched=100100.3 similarity=0.7301
2026-09-09 22:37:39,687 INFO [IDENTIFY] matched=100100.3 similarity=0.6609
2026-09-09 22:37:42,829 INFO [IDENTIFY] matched=100100.3 similarity=0.7301
2026-09-09 22:37:50,901 INFO [IDENTIFY] matched=100100.3 similarity=0.6609
2026-09-09 22:38:39,334 INFO [IDENTIFY] matched=100135.3 similarity=0.5927
2026-09-09 22:39:26,903 INFO [IDENTIFY] matched=100135.3 similarity=0.6664
2026-09-09 22:39:34,815 INFO [IDENTIFY] matched=100135.3 similarity=0.6664
2026-09-09 22:40:05,032 INFO [IDENTIFY] matched=100103.3 similarity=0.6449
2026-09-09 22:40:52,246 INFO [IDENTIFY] matched=100103.3 similarity=0.6449
2026-09-09 22:40:54,817 INFO [IDENTIFY] matched=100103.3 similarity=0.6043
2026-09-09 22:40:57,151 INFO [IDENTIFY] matched=100103.3 similarity=0.6043
2026-09-09 22:42:13,200 INFO [IDENTIFY] matched=100078.3 similarity=0.7178
2026-09-09 22:47:57,312 INFO [IDENTIFY] matched=100086.3 similarity=0.6662
2026-09-09 22:50:54,978 INFO [IDENTIFY] matched=100079.3 similarity=0.5522
2026-09-09 22:51:21,414 INFO [IDENTIFY] matched=100079.3 similarity=0.5562
2026-09-09 23:08:15,507 INFO [IDENTIFY] matched=100107.3 similarity=0.6348
2026-09-09 23:08:19,784 INFO [IDENTIFY] matched=100107.3 similarity=0.6348
2026-09-10 06:27:39,116 INFO [IDENTIFY] matched=100081.3 similarity=0.6787
2026-09-10 06:53:52,770 INFO [IDENTIFY] matched=100009.3 similarity=0.6217
2026-09-10 07:02:52,027 INFO [IDENTIFY] matched=100073.3 similarity=0.6191
2026-09-10 07:02:54,655 INFO [IDENTIFY] matched=100073.3 similarity=0.6191
2026-09-10 07:03:09,857 INFO [IDENTIFY] matched=100073.3 similarity=0.5088
2026-09-10 07:03:14,035 INFO [IDENTIFY] matched=100073.3 similarity=0.5088
2026-09-10 07:03:27,928 ERROR [IDENTIFY] rejected: best_match=100107.3 similarity=0.2782 (< 0.50 threshold)
2026-09-10 07:03:29,133 INFO [IDENTIFY] matched=100067.3 similarity=0.7174
2026-09-10 07:03:32,286 INFO [IDENTIFY] matched=100067.3 similarity=0.7174
2026-09-10 07:04:02,564 ERROR [IDENTIFY] rejected: best_match=100107.3 similarity=0.3521 (< 0.50 threshold)
2026-09-10 07:08:37,486 INFO [IDENTIFY] matched=100064.3 similarity=0.5112
2026-09-10 07:08:40,235 INFO [IDENTIFY] matched=100064.3 similarity=0.5112
2026-09-10 07:16:27,857 INFO [IDENTIFY] matched=100088.3 similarity=0.5092
2026-09-10 07:16:30,440 INFO [IDENTIFY] matched=100088.3 similarity=0.5092
2026-09-10 07:32:40,882 ERROR [IDENTIFY] rejected: best_match=100150.3 similarity=0.3296 (< 0.50 threshold)
2026-09-10 07:33:27,173 INFO [IDENTIFY] matched=100150.3 similarity=0.6001
2026-09-10 07:33:30,548 INFO [IDENTIFY] matched=100150.3 similarity=0.6001
2026-09-10 07:34:32,971 INFO [IDENTIFY] matched=100100.3 similarity=0.7171
2026-09-10 07:34:36,861 INFO [IDENTIFY] matched=100100.3 similarity=0.7171
2026-09-10 07:34:55,510 INFO [IDENTIFY] matched=100103.3 similarity=0.7265
2026-09-10 07:34:59,060 INFO [IDENTIFY] matched=100103.3 similarity=0.7265
2026-09-10 07:35:17,170 INFO [IDENTIFY] matched=100137.3 similarity=0.5616
2026-09-10 07:35:20,943 INFO [IDENTIFY] matched=100137.3 similarity=0.5616
2026-09-10 07:36:01,827 INFO [IDENTIFY] matched=100134.3 similarity=0.6514
2026-09-10 07:36:05,782 INFO [IDENTIFY] matched=100134.3 similarity=0.6514
2026-09-10 07:36:21,149 INFO [IDENTIFY] matched=100153.3 similarity=0.6594
2026-09-10 07:36:25,227 INFO [IDENTIFY] matched=100153.3 similarity=0.6594
2026-09-10 07:53:39,210 INFO [IDENTIFY] matched=100073.3 similarity=0.6176
2026-09-10 07:53:42,326 INFO [IDENTIFY] matched=100073.3 similarity=0.6176
2026-09-10 07:58:25,113 INFO [IDENTIFY] matched=100073.3 similarity=0.6674
2026-09-10 07:58:29,332 INFO [IDENTIFY] matched=100073.3 similarity=0.6674
2026-09-10 07:59:07,046 INFO [IDENTIFY] matched=100073.3 similarity=0.5475
2026-09-10 07:59:11,183 INFO [IDENTIFY] matched=100073.3 similarity=0.5475
2026-09-10 08:02:54,189 INFO [IDENTIFY] matched=100069.3 similarity=0.6272
2026-09-10 08:03:14,974 INFO [IDENTIFY] matched=100069.3 similarity=0.6272
2026-09-10 08:05:30,289 INFO [IDENTIFY] matched=100054.3 similarity=0.5854
2026-09-10 08:05:32,974 INFO [IDENTIFY] matched=100054.3 similarity=0.5854
2026-09-10 08:09:37,707 INFO [IDENTIFY] matched=100003.3 similarity=0.5350
2026-09-10 08:13:39,421 INFO [IDENTIFY] matched=100055.3 similarity=0.6122
2026-09-10 08:13:42,228 INFO [IDENTIFY] matched=100055.3 similarity=0.6122
2026-09-10 08:14:53,313 ERROR [IDENTIFY] rejected: no face detected in any of 10 frame(s)
2026-09-10 08:15:52,654 ERROR [IDENTIFY] rejected: no face detected in any of 10 frame(s)
2026-09-10 08:17:04,027 INFO [IDENTIFY] matched=100008.3 similarity=0.6328
2026-09-10 08:17:10,247 INFO [IDENTIFY] matched=100008.3 similarity=0.6328
2026-09-10 08:17:11,300 INFO [IDENTIFY] matched=100156.3 similarity=0.7195
2026-09-10 08:17:17,505 INFO [IDENTIFY] matched=100156.3 similarity=0.7195
2026-09-10 08:18:14,761 INFO [IDENTIFY] matched=100058.3 similarity=0.5666
2026-09-10 08:18:19,912 INFO [IDENTIFY] matched=100058.3 similarity=0.5666
2026-09-10 08:25:43,848 INFO [IDENTIFY] matched=100650.1 similarity=0.7041
2026-09-10 08:25:49,347 INFO [IDENTIFY] matched=100650.1 similarity=0.7041
2026-09-10 08:33:12,664 INFO [IDENTIFY] matched=100050.3 similarity=0.5994
2026-09-10 08:35:46,807 INFO [IDENTIFY] matched=100079.3 similarity=0.5794
2026-09-10 08:37:42,779 INFO [IDENTIFY] matched=100059.3 similarity=0.5397
2026-09-10 08:37:44,835 INFO [IDENTIFY] matched=100059.3 similarity=0.5397
2026-09-10 08:46:53,611 ERROR [IDENTIFY] rejected: best_match=100071.3 similarity=0.4796 (< 0.50 threshold)
2026-09-10 08:47:09,261 ERROR [IDENTIFY] rejected: best_match=100071.3 similarity=0.4818 (< 0.50 threshold)
2026-09-10 08:52:02,445 INFO [IDENTIFY] matched=100655.1 similarity=0.6900
2026-09-10 08:52:08,113 INFO [IDENTIFY] matched=100655.1 similarity=0.6900
2026-09-10 08:58:58,867 ERROR [IDENTIFY] rejected: best_match=100060.3 similarity=0.4441 (< 0.50 threshold)
2026-09-10 08:59:12,996 INFO [IDENTIFY] matched=100060.3 similarity=0.5848
2026-09-10 08:59:15,556 INFO [IDENTIFY] matched=100060.3 similarity=0.5848
2026-09-10 08:59:57,056 INFO [IDENTIFY] matched=100057.3 similarity=0.6429
2026-09-10 08:59:59,429 INFO [IDENTIFY] matched=100057.3 similarity=0.6429
2026-09-10 09:00:18,812 INFO [IDENTIFY] matched=100001.3 similarity=0.5648
2026-09-10 09:00:49,999 INFO [IDENTIFY] matched=100084.3 similarity=0.7139
2026-09-10 09:00:53,631 INFO [IDENTIFY] matched=100084.3 similarity=0.7139
2026-09-10 09:02:27,574 INFO [IDENTIFY] matched=100096.3 similarity=0.5996
2026-09-10 09:02:30,235 INFO [IDENTIFY] matched=100096.3 similarity=0.5996
2026-09-10 09:03:59,338 INFO [IDENTIFY] matched=100046.3 similarity=0.5098
2026-09-10 09:05:07,785 INFO [IDENTIFY] matched=100013.3 similarity=0.7115
2026-09-10 09:06:15,016 INFO [IDENTIFY] matched=100135.3 similarity=0.7120
2026-09-10 09:06:20,313 INFO [IDENTIFY] matched=100135.3 similarity=0.7120
2026-09-10 09:07:29,139 INFO [IDENTIFY] matched=100047.3 similarity=0.6031
2026-09-10 09:08:11,715 INFO [IDENTIFY] matched=100048.3 similarity=0.6999
2026-09-10 09:08:27,017 ERROR [IDENTIFY] rejected: best_match=100071.3 similarity=0.4504 (< 0.50 threshold)
2026-09-10 09:08:40,829 INFO [IDENTIFY] matched=100071.3 similarity=0.5627
2026-09-10 09:08:44,187 INFO [IDENTIFY] matched=100071.3 similarity=0.5627
2026-09-10 09:11:38,181 INFO [IDENTIFY] matched=100014.3 similarity=0.5468
2026-09-10 09:13:09,826 INFO [IDENTIFY] matched=100080.3 similarity=0.6249
2026-09-10 09:13:12,234 INFO [IDENTIFY] matched=100080.3 similarity=0.6249
2026-09-10 09:20:09,130 INFO [IDENTIFY] matched=100097.3 similarity=0.5836
2026-09-10 09:20:53,082 INFO [IDENTIFY] matched=100099.3 similarity=0.5677
2026-09-10 09:20:57,452 INFO [IDENTIFY] matched=100099.3 similarity=0.5677
2026-09-10 09:21:59,449 ERROR [IDENTIFY] rejected: best_match=100117.3 similarity=0.4982 (< 0.50 threshold)
2026-09-10 09:22:21,528 INFO [IDENTIFY] matched=100117.3 similarity=0.7517
2026-09-10 09:22:25,767 INFO [IDENTIFY] matched=100117.3 similarity=0.7517
2026-09-10 09:22:48,139 INFO [IDENTIFY] matched=100110.3 similarity=0.6417
2026-09-10 09:22:52,709 INFO [IDENTIFY] matched=100110.3 similarity=0.6417
2026-09-10 09:23:32,158 INFO [IDENTIFY] matched=100151.3 similarity=0.5322
2026-09-10 09:23:36,281 INFO [IDENTIFY] matched=100151.3 similarity=0.5322
2026-09-10 09:23:41,685 INFO [IDENTIFY] matched=100114.3 similarity=0.5832
2026-09-10 09:23:49,253 INFO [IDENTIFY] matched=100114.3 similarity=0.5832
2026-09-10 09:24:15,658 INFO [IDENTIFY] matched=100652.1 similarity=0.6410
2026-09-10 09:24:18,910 INFO [IDENTIFY] matched=100652.1 similarity=0.6410
2026-09-10 09:24:37,948 INFO [IDENTIFY] matched=100012.3 similarity=0.5187
2026-09-10 09:28:39,007 INFO [IDENTIFY] matched=100132.3 similarity=0.6296
2026-09-10 09:28:43,439 INFO [IDENTIFY] matched=100132.3 similarity=0.6296
2026-09-10 09:32:19,337 ERROR [IDENTIFY] rejected: best_match=100107.3 similarity=0.4721 (< 0.50 threshold)
2026-09-10 09:32:47,859 INFO [IDENTIFY] matched=100107.3 similarity=0.5757
2026-09-10 09:32:52,567 INFO [IDENTIFY] matched=100107.3 similarity=0.5757
2026-09-10 09:34:27,856 INFO [IDENTIFY] matched=100066.3 similarity=0.6080
2026-09-10 09:34:30,943 INFO [IDENTIFY] matched=100066.3 similarity=0.6080
2026-09-10 09:34:34,032 INFO [IDENTIFY] matched=100154.3 similarity=0.5455
2026-09-10 09:34:42,375 INFO [IDENTIFY] matched=100154.3 similarity=0.5455
2026-09-10 09:35:18,931 INFO [IDENTIFY] matched=100152.3 similarity=0.6175
2026-09-10 09:35:22,665 INFO [IDENTIFY] matched=100152.3 similarity=0.6175
2026-09-10 09:48:37,867 INFO [IDENTIFY] matched=100078.3 similarity=0.7380
2026-09-10 09:55:56,560 INFO [IDENTIFY] matched=100039.3 similarity=0.6604
2026-09-10 09:55:59,352 INFO [IDENTIFY] matched=100039.3 similarity=0.6604
2026-09-10 09:56:10,829 ERROR [IDENTIFY] rejected: best_match=100041.3 similarity=0.4865 (< 0.50 threshold)
2026-09-10 09:56:23,028 INFO [IDENTIFY] matched=100041.3 similarity=0.5518
2026-09-10 09:56:25,238 INFO [IDENTIFY] matched=100041.3 similarity=0.5518
2026-09-10 09:56:46,677 INFO [IDENTIFY] matched=100125.3 similarity=0.7227
2026-09-10 09:56:49,554 INFO [IDENTIFY] matched=100125.3 similarity=0.7227
2026-09-10 09:57:04,405 ERROR [IDENTIFY] rejected: no face detected in any of 10 frame(s)
2026-09-10 09:57:13,752 INFO [IDENTIFY] matched=100149.3 similarity=0.7404
2026-09-10 09:57:16,035 INFO [IDENTIFY] matched=100149.3 similarity=0.7404
2026-09-10 09:57:29,660 INFO [IDENTIFY] matched=100121.3 similarity=0.7105
2026-09-10 09:57:33,021 INFO [IDENTIFY] matched=100121.3 similarity=0.7105
2026-09-10 09:58:56,611 INFO [IDENTIFY] matched=100015.3 similarity=0.5833
2026-09-10 09:59:13,628 INFO [IDENTIFY] matched=100017.3 similarity=0.6963
2026-09-10 09:59:32,802 INFO [IDENTIFY] matched=100006.3 similarity=0.7280
2026-09-10 09:59:42,021 INFO [IDENTIFY] matched=100006.3 similarity=0.7280
2026-09-10 10:00:05,851 INFO [IDENTIFY] matched=100005.3 similarity=0.7364
2026-09-10 10:00:12,205 INFO [IDENTIFY] matched=100005.3 similarity=0.7364
2026-09-10 10:00:31,036 INFO [IDENTIFY] matched=100010.3 similarity=0.6298
2026-09-10 10:00:35,980 INFO [IDENTIFY] matched=100010.3 similarity=0.6298
2026-09-10 10:01:49,950 INFO [IDENTIFY] matched=100002.3 similarity=0.7948
2026-09-10 10:02:59,848 INFO [IDENTIFY] matched=100040.3 similarity=0.7872
2026-09-10 10:03:02,914 INFO [IDENTIFY] matched=100040.3 similarity=0.7872
2026-09-10 10:03:52,216 INFO [IDENTIFY] matched=100124.3 similarity=0.6262
2026-09-10 10:03:57,205 INFO [IDENTIFY] matched=100124.3 similarity=0.6262
2026-09-10 10:11:20,210 INFO [IDENTIFY] matched=100062.3 similarity=0.6868
2026-09-10 10:11:22,398 INFO [IDENTIFY] matched=100062.3 similarity=0.6868
2026-09-10 10:24:24,735 INFO [IDENTIFY] matched=100070.3 similarity=0.5570
2026-09-10 10:24:29,185 INFO [IDENTIFY] matched=100070.3 similarity=0.5570
2026-09-10 11:11:31,345 INFO [IDENTIFY] matched=100002.3 similarity=0.7798
2026-09-10 11:11:38,602 INFO [IDENTIFY] matched=100002.3 similarity=0.7798
2026-09-10 11:59:26,480 INFO [IDENTIFY] matched=100139.3 similarity=0.6542
2026-09-10 11:59:30,509 INFO [IDENTIFY] matched=100139.3 similarity=0.6542
2026-09-10 12:41:02,733 INFO [IDENTIFY] matched=100108.3 similarity=0.7260
2026-09-10 12:41:06,958 INFO [IDENTIFY] matched=100108.3 similarity=0.7260
2026-09-10 13:00:09,668 INFO [IDENTIFY] matched=100061.3 similarity=0.5491
2026-09-10 13:00:13,740 INFO [IDENTIFY] matched=100061.3 similarity=0.5491
2026-09-10 13:01:03,617 INFO [IDENTIFY] matched=100065.3 similarity=0.6864
2026-09-10 13:01:06,817 INFO [IDENTIFY] matched=100065.3 similarity=0.6864
2026-09-10 13:01:48,763 INFO [IDENTIFY] matched=100068.3 similarity=0.6439
2026-09-10 13:01:54,544 INFO [IDENTIFY] matched=100068.3 similarity=0.6439
2026-09-10 13:02:35,596 INFO [IDENTIFY] matched=100072.3 similarity=0.8118
2026-09-10 13:02:44,587 INFO [IDENTIFY] matched=100072.3 similarity=0.8118
2026-09-10 13:03:13,751 INFO [IDENTIFY] matched=100063.3 similarity=0.8232
2026-09-10 13:03:29,843 INFO [IDENTIFY] matched=100063.3 similarity=0.8232
2026-09-10 14:15:11,977 INFO [FAISS] Loaded 202 embeddings
2026-09-10 14:20:02,817 INFO [IDENTIFY] matched=100001.5 similarity=0.6628
2026-09-10 15:12:22,851 ERROR [IDENTIFY] rejected: best_match=100040.3 similarity=0.4578 (< 0.50 threshold)
2026-09-10 15:12:33,227 INFO [IDENTIFY] matched=100040.3 similarity=0.7920
2026-09-10 15:12:36,153 INFO [IDENTIFY] matched=100040.3 similarity=0.7920
2026-09-10 15:19:46,325 INFO [IDENTIFY] matched=100660.1 similarity=0.6003
2026-09-10 15:21:09,320 INFO [IDENTIFY] matched=100599.1 similarity=0.6339
2026-09-10 15:21:15,950 INFO [IDENTIFY] matched=100195.1 similarity=0.5650
2026-09-10 15:21:18,528 INFO [IDENTIFY] matched=100195.1 similarity=0.5650
2026-09-10 15:21:19,825 INFO [IDENTIFY] matched=100599.1 similarity=0.6339
2026-09-10 15:22:53,789 INFO [IDENTIFY] matched=100002.1 similarity=0.5782
2026-09-10 15:29:49,061 INFO [IDENTIFY] matched=100002.1 similarity=0.7413
2026-09-10 15:31:09,721 INFO [IDENTIFY] matched=100002.1 similarity=0.5622
2026-09-10 15:31:15,139 INFO [IDENTIFY] matched=100002.1 similarity=0.5622
2026-09-10 16:31:23,032 INFO [IDENTIFY] matched=100066.3 similarity=0.6243
2026-09-10 16:31:28,133 INFO [IDENTIFY] matched=100066.3 similarity=0.6243
2026-09-10 16:36:42,099 ERROR [IDENTIFY] rejected: best_match=100009.3 similarity=0.4360 (< 0.50 threshold)
2026-09-10 16:38:43,183 ERROR [IDENTIFY] rejected: best_match=100009.3 similarity=0.4560 (< 0.50 threshold)
2026-09-10 16:51:12,804 INFO [IDENTIFY] matched=100013.3 similarity=0.5031
2026-09-10 16:51:19,383 INFO [IDENTIFY] matched=100013.3 similarity=0.5031
2026-09-10 16:51:20,005 ERROR [IDENTIFY] rejected: best_match=100048.3 similarity=0.4924 (< 0.50 threshold)
2026-09-10 16:51:42,577 INFO [IDENTIFY] matched=100048.3 similarity=0.6511
2026-09-10 16:51:45,270 INFO [IDENTIFY] matched=100048.3 similarity=0.6511
2026-09-10 16:52:36,403 INFO [IDENTIFY] matched=100013.3 similarity=0.5858
2026-09-10 16:52:39,178 INFO [IDENTIFY] matched=100013.3 similarity=0.5858
2026-09-10 17:16:20,221 INFO [IDENTIFY] matched=100150.3 similarity=0.7326
2026-09-10 17:16:25,555 INFO [IDENTIFY] matched=100150.3 similarity=0.7326
2026-09-10 17:17:04,913 INFO [IDENTIFY] matched=100150.3 similarity=0.6954
2026-09-10 17:17:09,461 INFO [IDENTIFY] matched=100150.3 similarity=0.6954
2026-09-10 17:21:50,187 INFO [IDENTIFY] matched=100003.3 similarity=0.5428
2026-09-10 17:33:17,498 INFO [IDENTIFY] matched=100017.3 similarity=0.5862
2026-09-10 17:36:50,897 ERROR [IDENTIFY] rejected: best_match=100064.3 similarity=0.4663 (< 0.50 threshold)
2026-09-10 17:37:19,508 INFO [IDENTIFY] matched=100064.3 similarity=0.5328
2026-09-10 17:44:15,647 INFO [IDENTIFY] matched=100012.3 similarity=0.5532
2026-09-10 18:12:11,858 INFO [IDENTIFY] matched=100073.3 similarity=0.5466
2026-09-10 18:12:15,734 INFO [IDENTIFY] matched=100073.3 similarity=0.5466
2026-09-10 19:11:25,297 INFO [IDENTIFY] matched=100001.3 similarity=0.6057
2026-09-10 19:14:42,131 INFO [IDENTIFY] matched=100076.3 similarity=0.7050
2026-09-10 19:20:11,737 INFO [IDENTIFY] matched=100063.3 similarity=0.6130
2026-09-10 19:20:16,811 INFO [IDENTIFY] matched=100063.3 similarity=0.6130
2026-09-10 19:28:36,451 INFO [IDENTIFY] matched=100062.3 similarity=0.6692
2026-09-10 19:28:38,818 INFO [IDENTIFY] matched=100062.3 similarity=0.6692
2026-09-10 19:47:07,164 ERROR [IDENTIFY] rejected: best_match=100069.3 similarity=0.4953 (< 0.50 threshold)
2026-09-10 19:47:47,321 INFO [IDENTIFY] matched=100069.3 similarity=0.6317
2026-09-10 19:48:10,388 INFO [IDENTIFY] matched=100069.3 similarity=0.5071
2026-09-10 19:48:14,963 INFO [IDENTIFY] matched=100069.3 similarity=0.5071
2026-09-10 19:50:05,423 INFO [IDENTIFY] matched=100069.3 similarity=0.5400
2026-09-10 19:50:10,341 INFO [IDENTIFY] matched=100069.3 similarity=0.5400
2026-09-10 20:06:09,667 INFO [IDENTIFY] matched=100650.1 similarity=0.7249
2026-09-10 20:06:13,185 INFO [IDENTIFY] matched=100650.1 similarity=0.7249
2026-09-10 20:48:30,447 INFO [IDENTIFY] matched=100655.1 similarity=0.5849
2026-09-10 20:48:33,229 INFO [IDENTIFY] matched=100655.1 similarity=0.5849
2026-09-10 21:03:57,883 INFO [IDENTIFY] matched=100096.3 similarity=0.5562
2026-09-10 21:04:00,979 INFO [IDENTIFY] matched=100096.3 similarity=0.5562
2026-09-10 21:04:26,839 INFO [IDENTIFY] matched=100096.3 similarity=0.5177
2026-09-10 21:04:29,626 INFO [IDENTIFY] matched=100096.3 similarity=0.5177
2026-09-10 21:05:24,468 INFO [IDENTIFY] matched=100121.3 similarity=0.6557
2026-09-10 21:05:29,830 INFO [IDENTIFY] matched=100121.3 similarity=0.6557
2026-09-10 21:05:41,231 INFO [IDENTIFY] matched=100084.3 similarity=0.6131
2026-09-10 21:05:45,040 INFO [IDENTIFY] matched=100084.3 similarity=0.6131
2026-09-10 21:10:03,769 INFO [IDENTIFY] matched=100084.3 similarity=0.6351
2026-09-10 21:10:59,942 INFO [IDENTIFY] matched=100079.3 similarity=0.6873
2026-09-10 21:11:39,941 INFO [IDENTIFY] matched=100135.3 similarity=0.6118
2026-09-10 21:11:44,514 INFO [IDENTIFY] matched=100135.3 similarity=0.6118
2026-09-10 21:25:49,643 INFO [IDENTIFY] matched=100054.3 similarity=0.6464
2026-09-10 21:25:54,489 INFO [IDENTIFY] matched=100054.3 similarity=0.6464
2026-09-10 22:09:49,297 INFO [IDENTIFY] matched=100132.3 similarity=0.7073
2026-09-10 22:09:53,562 INFO [IDENTIFY] matched=100132.3 similarity=0.7073
2026-09-10 22:17:43,168 INFO [IDENTIFY] matched=100055.3 similarity=0.7099
2026-09-10 22:17:46,865 INFO [IDENTIFY] matched=100055.3 similarity=0.7099
2026-09-10 22:18:44,472 INFO [IDENTIFY] matched=100058.3 similarity=0.6443
2026-09-10 22:18:47,961 INFO [IDENTIFY] matched=100058.3 similarity=0.6443
2026-09-10 22:19:46,308 INFO [IDENTIFY] matched=100103.3 similarity=0.6751
2026-09-10 22:19:50,183 INFO [IDENTIFY] matched=100103.3 similarity=0.6751
2026-09-10 22:21:37,239 INFO [IDENTIFY] matched=100108.3 similarity=0.5483
2026-09-10 22:21:57,828 INFO [IDENTIFY] matched=100108.3 similarity=0.5483
2026-09-10 22:21:58,889 INFO [IDENTIFY] matched=100108.3 similarity=0.6436
2026-09-10 22:22:01,356 INFO [IDENTIFY] matched=100108.3 similarity=0.6436
2026-09-10 22:24:05,905 INFO [IDENTIFY] matched=100117.3 similarity=0.7480
2026-09-10 22:24:10,175 INFO [IDENTIFY] matched=100117.3 similarity=0.7480
2026-09-10 22:31:47,655 INFO [IDENTIFY] matched=100014.3 similarity=0.5494
2026-09-10 22:40:35,688 INFO [IDENTIFY] matched=100097.3 similarity=0.5973
2026-09-10 23:04:13,256 INFO [IDENTIFY] matched=100088.3 similarity=0.5687
2026-09-10 23:04:16,143 INFO [IDENTIFY] matched=100088.3 similarity=0.5687
2026-09-10 23:05:31,606 INFO [IDENTIFY] matched=100652.1 similarity=0.7043
2026-09-10 23:05:34,972 INFO [IDENTIFY] matched=100652.1 similarity=0.7043
2026-09-10 23:08:26,445 INFO [IDENTIFY] matched=100156.3 similarity=0.7150
2026-09-11 00:26:16,697 ERROR [IDENTIFY] rejected: best_match=100107.3 similarity=0.3444 (< 0.50 threshold)
2026-09-11 00:26:59,355 ERROR [IDENTIFY] rejected: best_match=100107.3 similarity=0.3724 (< 0.50 threshold)
2026-09-11 03:10:18,860 INFO [IDENTIFY] matched=100150.3 similarity=0.7283
2026-09-11 03:10:22,584 INFO [IDENTIFY] matched=100150.3 similarity=0.7283
2026-09-11 06:15:17,031 INFO [IDENTIFY] matched=100081.3 similarity=0.7006
2026-09-11 06:20:28,634 INFO [IDENTIFY] matched=100150.3 similarity=0.7400
2026-09-11 06:20:32,614 INFO [IDENTIFY] matched=100150.3 similarity=0.7400
2026-09-11 06:52:41,925 INFO [IDENTIFY] matched=100100.3 similarity=0.7507
2026-09-11 06:52:45,674 INFO [IDENTIFY] matched=100100.3 similarity=0.7507
2026-09-11 07:05:32,357 INFO [IDENTIFY] matched=100117.3 similarity=0.5326
2026-09-11 07:05:35,752 INFO [IDENTIFY] matched=100117.3 similarity=0.5326
2026-09-11 07:11:41,237 INFO [IDENTIFY] matched=100073.3 similarity=0.6481
2026-09-11 07:11:44,050 INFO [IDENTIFY] matched=100073.3 similarity=0.6481
2026-09-11 07:13:22,463 INFO [IDENTIFY] matched=100072.3 similarity=0.6847
2026-09-11 07:13:31,772 INFO [IDENTIFY] matched=100072.3 similarity=0.6847
2026-09-11 07:19:33,603 ERROR [IDENTIFY] rejected: best_match=100073.3 similarity=0.4300 (< 0.50 threshold)
2026-09-11 07:19:53,742 INFO [IDENTIFY] matched=100064.3 similarity=0.5773
2026-09-11 07:19:56,457 INFO [IDENTIFY] matched=100064.3 similarity=0.5773
2026-09-11 07:26:29,828 INFO [IDENTIFY] matched=100103.3 similarity=0.7157
2026-09-11 07:26:34,951 INFO [IDENTIFY] matched=100103.3 similarity=0.7157
2026-09-11 07:32:40,517 INFO [IDENTIFY] matched=100060.3 similarity=0.5498
2026-09-11 07:32:42,560 INFO [IDENTIFY] matched=100060.3 similarity=0.5498
2026-09-11 07:33:04,123 INFO [IDENTIFY] matched=100060.3 similarity=0.5031
2026-09-11 07:33:07,395 INFO [IDENTIFY] matched=100060.3 similarity=0.5031
2026-09-11 07:43:36,724 INFO [IDENTIFY] matched=100069.3 similarity=0.6088
2026-09-11 07:43:39,156 INFO [IDENTIFY] matched=100069.3 similarity=0.6088
2026-09-11 07:43:56,805 INFO [IDENTIFY] matched=100009.3 similarity=0.6572
2026-09-11 07:47:51,661 INFO [IDENTIFY] matched=100134.3 similarity=0.7488
2026-09-11 07:47:56,139 INFO [IDENTIFY] matched=100134.3 similarity=0.7488
2026-09-11 07:58:48,724 INFO [IDENTIFY] matched=100063.3 similarity=0.7036
2026-09-11 07:58:51,375 INFO [IDENTIFY] matched=100063.3 similarity=0.7036
2026-09-11 08:11:00,792 INFO [IDENTIFY] matched=100050.3 similarity=0.7008
2026-09-11 08:13:00,420 INFO [IDENTIFY] matched=100008.3 similarity=0.6767
2026-09-11 08:13:07,125 INFO [IDENTIFY] matched=100008.3 similarity=0.6767
2026-09-11 08:21:37,236 INFO [IDENTIFY] matched=100047.3 similarity=0.5266
2026-09-11 08:21:47,215 INFO [IDENTIFY] matched=100003.3 similarity=0.5471
2026-09-11 08:23:16,993 INFO [IDENTIFY] matched=100054.3 similarity=0.5996
2026-09-11 08:23:19,538 INFO [IDENTIFY] matched=100054.3 similarity=0.5996
2026-09-11 08:28:31,443 ERROR [IDENTIFY] rejected: best_match=100652.1 similarity=0.4373 (< 0.50 threshold)
2026-09-11 08:28:54,393 ERROR [IDENTIFY] rejected: best_match=100652.1 similarity=0.4089 (< 0.50 threshold)
2026-09-11 08:29:43,449 INFO [IDENTIFY] matched=100079.3 similarity=0.6477
2026-09-11 08:37:32,276 INFO [IDENTIFY] matched=100088.3 similarity=0.5562
2026-09-11 08:37:35,790 INFO [IDENTIFY] matched=100088.3 similarity=0.5562
2026-09-11 08:38:08,656 INFO [IDENTIFY] matched=100652.1 similarity=0.6464
2026-09-11 08:38:11,985 INFO [IDENTIFY] matched=100652.1 similarity=0.6464
2026-09-11 08:39:04,661 INFO [IDENTIFY] matched=100650.1 similarity=0.6973
2026-09-11 08:39:06,926 INFO [IDENTIFY] matched=100650.1 similarity=0.6973
2026-09-11 08:51:09,188 INFO [IDENTIFY] matched=100655.1 similarity=0.7002
2026-09-11 08:51:13,201 INFO [IDENTIFY] matched=100655.1 similarity=0.7002
2026-09-11 08:51:43,911 INFO [IDENTIFY] matched=100055.3 similarity=0.6128
2026-09-11 08:51:48,302 INFO [IDENTIFY] matched=100055.3 similarity=0.6128
2026-09-11 09:00:41,395 INFO [IDENTIFY] matched=100067.3 similarity=0.7632
2026-09-11 09:00:44,345 INFO [IDENTIFY] matched=100067.3 similarity=0.7632
2026-09-11 09:01:17,135 INFO [IDENTIFY] matched=100061.3 similarity=0.5142
2026-09-11 09:01:20,528 INFO [IDENTIFY] matched=100061.3 similarity=0.5142
2026-09-11 09:01:38,580 INFO [IDENTIFY] matched=100096.3 similarity=0.6323
2026-09-11 09:01:43,053 INFO [IDENTIFY] matched=100096.3 similarity=0.6323
2026-09-11 09:02:23,015 INFO [IDENTIFY] matched=100096.3 similarity=0.7288
2026-09-11 09:02:23,985 INFO [IDENTIFY] matched=100013.3 similarity=0.5732
2026-09-11 09:02:27,238 INFO [IDENTIFY] matched=100096.3 similarity=0.7288
2026-09-11 09:02:56,025 INFO [IDENTIFY] matched=100068.3 similarity=0.7321
2026-09-11 09:02:59,273 INFO [IDENTIFY] matched=100068.3 similarity=0.7321
2026-09-11 09:03:02,984 INFO [IDENTIFY] matched=100084.3 similarity=0.6702
2026-09-11 09:03:05,349 INFO [IDENTIFY] matched=100084.3 similarity=0.6702
2026-09-11 09:03:55,966 INFO [IDENTIFY] matched=100089.3 similarity=0.6869
2026-09-11 09:04:24,978 INFO [IDENTIFY] matched=100089.3 similarity=0.6869
2026-09-11 09:04:34,089 ERROR [IDENTIFY] rejected: best_match=100156.3 similarity=0.3285 (< 0.50 threshold)
2026-09-11 09:04:50,228 INFO [IDENTIFY] matched=100156.3 similarity=0.6314
2026-09-11 09:04:52,384 INFO [IDENTIFY] matched=100156.3 similarity=0.6314
2026-09-11 09:05:08,127 INFO [IDENTIFY] matched=100058.3 similarity=0.6237
2026-09-11 09:05:11,912 INFO [IDENTIFY] matched=100058.3 similarity=0.6237
2026-09-11 09:06:56,680 INFO [IDENTIFY] matched=100001.3 similarity=0.5894
2026-09-11 09:10:54,958 INFO [IDENTIFY] matched=100076.3 similarity=0.6809
2026-09-11 09:11:38,618 INFO [IDENTIFY] matched=100039.3 similarity=0.5747
2026-09-11 09:11:41,067 INFO [IDENTIFY] matched=100039.3 similarity=0.5747
2026-09-11 09:11:56,723 ERROR [IDENTIFY] rejected: best_match=100004.3 similarity=0.4754 (< 0.50 threshold)
2026-09-11 09:12:07,326 INFO [IDENTIFY] matched=100004.3 similarity=0.5948
2026-09-11 09:12:10,149 INFO [IDENTIFY] matched=100004.3 similarity=0.5948
2026-09-11 09:12:13,175 INFO [IDENTIFY] matched=100108.3 similarity=0.5074
2026-09-11 09:12:16,576 INFO [IDENTIFY] matched=100108.3 similarity=0.5074
2026-09-11 09:12:35,881 INFO [IDENTIFY] matched=100046.3 similarity=0.6700
2026-09-11 09:17:20,231 ERROR [IDENTIFY] rejected: best_match=100071.3 similarity=0.4410 (< 0.50 threshold)
2026-09-11 09:18:27,132 ERROR [IDENTIFY] rejected: best_match=100071.3 similarity=0.4294 (< 0.50 threshold)
2026-09-11 09:18:40,389 ERROR [IDENTIFY] rejected: best_match=100071.3 similarity=0.4991 (< 0.50 threshold)
2026-09-11 09:18:52,065 INFO [IDENTIFY] matched=100012.3 similarity=0.5186
2026-09-11 09:18:53,217 ERROR [IDENTIFY] rejected: best_match=100071.3 similarity=0.4704 (< 0.50 threshold)
2026-09-11 09:19:06,401 ERROR [IDENTIFY] rejected: best_match=100071.3 similarity=0.4874 (< 0.50 threshold)
2026-09-11 09:19:21,396 INFO [IDENTIFY] matched=100071.3 similarity=0.5107
2026-09-11 09:19:24,395 INFO [IDENTIFY] matched=100071.3 similarity=0.5107
2026-09-11 09:19:52,727 INFO [IDENTIFY] matched=100144.3 similarity=0.6888
2026-09-11 09:19:55,248 INFO [IDENTIFY] matched=100144.3 similarity=0.6888
2026-09-11 09:24:58,500 INFO [IDENTIFY] matched=100086.3 similarity=0.6658
2026-09-11 09:35:01,853 INFO [IDENTIFY] matched=100078.3 similarity=0.7628
2026-09-11 09:38:37,297 INFO [IDENTIFY] matched=100041.3 similarity=0.5833
2026-09-11 09:44:06,597 INFO [IDENTIFY] matched=100097.3 similarity=0.7058
2026-09-11 09:47:24,555 INFO [IDENTIFY] matched=100062.3 similarity=0.5722
2026-09-11 09:47:27,025 INFO [IDENTIFY] matched=100062.3 similarity=0.5722
2026-09-11 09:51:49,463 INFO [IDENTIFY] matched=100099.3 similarity=0.7051
2026-09-11 09:51:54,654 INFO [IDENTIFY] matched=100099.3 similarity=0.7051
2026-09-11 09:52:14,665 INFO [IDENTIFY] matched=100107.3 similarity=0.7173
2026-09-11 09:52:18,798 INFO [IDENTIFY] matched=100107.3 similarity=0.7173
2026-09-11 09:54:30,517 INFO [IDENTIFY] matched=100017.3 similarity=0.6643
2026-09-11 10:02:16,544 INFO [IDENTIFY] matched=100065.3 similarity=0.5889
2026-09-11 10:02:19,402 INFO [IDENTIFY] matched=100065.3 similarity=0.5889
2026-09-11 10:05:12,680 INFO [IDENTIFY] matched=100195.1 similarity=0.5638
2026-09-11 10:05:15,278 INFO [IDENTIFY] matched=100195.1 similarity=0.5638
2026-09-11 10:05:29,644 INFO [IDENTIFY] matched=100002.3 similarity=0.6834
2026-09-11 10:09:19,163 INFO [IDENTIFY] matched=100015.3 similarity=0.5795
2026-09-11 10:11:35,598 INFO [IDENTIFY] matched=100006.3 similarity=0.6783
2026-09-11 10:11:39,545 INFO [IDENTIFY] matched=100006.3 similarity=0.6783
2026-09-11 10:11:59,913 INFO [IDENTIFY] matched=100010.3 similarity=0.6073
2026-09-11 10:12:04,817 INFO [IDENTIFY] matched=100010.3 similarity=0.6073
2026-09-11 10:12:25,268 ERROR [IDENTIFY] rejected: best_match=100007.3 similarity=0.4887 (< 0.50 threshold)
2026-09-11 10:12:46,032 INFO [IDENTIFY] matched=100007.3 similarity=0.5940
2026-09-11 10:12:49,825 INFO [IDENTIFY] matched=100007.3 similarity=0.5940
2026-09-11 10:13:24,065 INFO [IDENTIFY] matched=100005.3 similarity=0.7666
2026-09-11 10:13:27,953 INFO [IDENTIFY] matched=100005.3 similarity=0.7666
2026-09-11 10:13:44,760 ERROR [IDENTIFY] rejected: best_match=100005.3 similarity=0.4454 (< 0.50 threshold)
2026-09-11 10:46:44,385 INFO [IDENTIFY] matched=100040.3 similarity=0.7065
2026-09-11 10:46:46,823 INFO [IDENTIFY] matched=100040.3 similarity=0.7065
2026-09-11 10:55:49,302 INFO [IDENTIFY] matched=100080.3 similarity=0.8326
2026-09-11 10:55:53,390 INFO [IDENTIFY] matched=100080.3 similarity=0.8326
2026-09-11 11:16:47,954 INFO [IDENTIFY] matched=100151.3 similarity=0.5662
2026-09-11 11:43:17,532 INFO [IDENTIFY] matched=100094.3 similarity=0.7281
2026-09-11 13:13:42,847 INFO [IDENTIFY] matched=100059.3 similarity=0.6066
2026-09-11 13:13:45,749 INFO [IDENTIFY] matched=100059.3 similarity=0.6066
2026-09-11 13:36:53,456 INFO [IDENTIFY] matched=100152.3 similarity=0.5864
2026-09-11 13:36:58,759 INFO [IDENTIFY] matched=100152.3 similarity=0.5864
2026-09-11 13:37:18,237 INFO [IDENTIFY] matched=100132.3 similarity=0.6970
2026-09-11 13:37:22,715 INFO [IDENTIFY] matched=100132.3 similarity=0.6970
2026-09-11 14:01:52,153 INFO [IDENTIFY] matched=100008.3 similarity=0.6736
2026-09-11 14:01:56,813 INFO [IDENTIFY] matched=100008.3 similarity=0.6736
2026-09-11 14:02:21,964 INFO [IDENTIFY] matched=100009.3 similarity=0.6886
2026-09-11 15:02:27,017 INFO [IDENTIFY] matched=100652.1 similarity=0.7735
2026-09-11 15:02:31,613 INFO [IDENTIFY] matched=100652.1 similarity=0.7735
2026-09-11 15:03:05,357 INFO [IDENTIFY] matched=100652.1 similarity=0.7455
2026-09-11 15:03:09,303 INFO [IDENTIFY] matched=100652.1 similarity=0.7455
