ID,CARD_NO,OLD_ATTENDANCE_DATE,NEW_ATTENDANCE_DATE,RECORDED_AT_UTC,FLAG
2,100001.1,2026-05-06,,2026-05-06 06:54:42,OUT_OF_WINDOW
3,100001.1,2026-05-06,,2026-05-06 06:54:42,OUT_OF_WINDOW
5,100001.1,2026-05-06,,2026-05-06 06:54:42,OUT_OF_WINDOW
6,100001.1,2026-05-06,,2026-05-06 06:55:17,OUT_OF_WINDOW
7,100001.1,2026-05-06,,2026-05-06 06:56:23,OUT_OF_WINDOW
8,100001.1,2026-05-06,,2026-05-06 06:57:13,OUT_OF_WINDOW
9,100001.1,2026-05-06,,2026-05-06 06:58:25,OUT_OF_WINDOW
10,100001.1,2026-05-06,,2026-05-06 06:59:42,OUT_OF_WINDOW
11,100001.1,2026-05-06,,2026-05-06 07:00:39,OUT_OF_WINDOW
30,100001.1,2026-05-06,,2026-05-06 07:26:23,OUT_OF_WINDOW
31,100001.1,2026-05-06,,2026-05-06 07:27:40,OUT_OF_WINDOW
32,100001.1,2026-05-06,,2026-05-06 07:28:45,OUT_OF_WINDOW
33,100001.1,2026-05-06,,2026-05-06 07:30:10,OUT_OF_WINDOW
34,100001.1,2026-05-06,,2026-05-06 07:31:28,OUT_OF_WINDOW
35,100001.1,2026-05-06,,2026-05-06 07:32:23,OUT_OF_WINDOW
36,100001.1,2026-05-06,,2026-05-06 07:33:31,OUT_OF_WINDOW
37,100001.1,2026-05-06,,2026-05-06 07:34:22,OUT_OF_WINDOW
38,100001.1,2026-05-06,,2026-05-06 07:35:32,OUT_OF_WINDOW
39,100001.1,2026-05-06,,2026-05-06 07:36:28,OUT_OF_WINDOW
40,100001.1,2026-05-06,,2026-05-06 07:38:00,OUT_OF_WINDOW
41,100001.1,2026-05-06,,2026-05-06 07:39:20,OUT_OF_WINDOW
42,100001.1,2026-05-06,,2026-05-06 07:40:46,OUT_OF_WINDOW
43,100001.1,2026-05-06,,2026-05-06 07:41:54,OUT_OF_WINDOW
44,100001.1,2026-05-06,,2026-05-06 07:42:53,OUT_OF_WINDOW
45,100001.1,2026-05-06,,2026-05-06 07:44:02,OUT_OF_WINDOW
46,100001.1,2026-05-06,,2026-05-06 07:45:10,OUT_OF_WINDOW
47,100001.1,2026-05-06,,2026-05-06 07:46:40,OUT_OF_WINDOW
48,100001.1,2026-05-06,,2026-05-06 07:47:56,OUT_OF_WINDOW
49,100001.1,2026-05-06,,2026-05-06 07:49:10,OUT_OF_WINDOW
50,100001.1,2026-05-06,,2026-05-06 07:50:44,OUT_OF_WINDOW
51,100001.1,2026-05-06,,2026-05-06 07:51:59,OUT_OF_WINDOW
52,100001.1,2026-05-06,,2026-05-06 07:52:58,OUT_OF_WINDOW
53,100001.1,2026-05-06,,2026-05-06 07:54:28,OUT_OF_WINDOW
54,100001.1,2026-05-06,,2026-05-06 07:55:51,OUT_OF_WINDOW
55,100001.1,2026-05-06,,2026-05-06 07:57:12,OUT_OF_WINDOW
56,100001.1,2026-05-06,,2026-05-06 07:58:54,OUT_OF_WINDOW
57,100001.1,2026-05-06,,2026-05-06 08:00:40,OUT_OF_WINDOW
58,100001.1,2026-05-06,,2026-05-06 08:02:14,OUT_OF_WINDOW
59,100001.1,2026-05-06,,2026-05-06 09:54:43,OUT_OF_WINDOW
61,100001.1,2026-05-06,,2026-05-06 09:54:43,OUT_OF_WINDOW
62,100001.1,2026-05-06,,2026-05-06 09:54:43,OUT_OF_WINDOW
63,100001.1,2026-05-06,,2026-05-06 09:55:30,OUT_OF_WINDOW
64,100001.1,2026-05-06,,2026-05-06 09:56:43,OUT_OF_WINDOW
65,100002.1,2026-05-06,,2026-05-06 14:56:21,OUT_OF_WINDOW
66,100001.1,2026-05-07,,2026-05-07 06:09:38,OUT_OF_WINDOW
67,100001.1,2026-05-07,,2026-05-07 06:09:38,OUT_OF_WINDOW
69,100001.1,2026-05-07,,2026-05-07 06:09:38,OUT_OF_WINDOW
70,100001.1,2026-05-07,,2026-05-07 06:10:20,OUT_OF_WINDOW
71,100001.1,2026-05-07,,2026-05-07 06:10:59,OUT_OF_WINDOW
75,100001.1,2026-05-08,,2026-05-08 05:49:47,OUT_OF_WINDOW
76,100001.1,2026-05-08,,2026-05-08 07:00:00,OUT_OF_WINDOW
77,100002.1,2026-05-11,,2026-05-11 07:48:41,OUT_OF_WINDOW
78,100001.1,2026-05-11,,2026-05-11 08:27:05,OUT_OF_WINDOW
79,100002.1,2026-05-11,,2026-05-11 08:56:17,OUT_OF_WINDOW
80,100001.1,2026-05-11,,2026-05-11 09:27:06,OUT_OF_WINDOW
81,100002.1,2026-05-11,,2026-05-11 10:06:11,OUT_OF_WINDOW
82,100002.1,2026-05-11,,2026-05-11 11:13:56,OUT_OF_WINDOW
83,100001.1,2026-05-11,,2026-05-11 12:07:10,OUT_OF_WINDOW
84,100001.1,2026-05-11,,2026-05-11 12:07:20,OUT_OF_WINDOW
85,100001.1,2026-05-11,,2026-05-11 12:08:46,OUT_OF_WINDOW
86,100002.1,2026-05-11,,2026-05-11 12:21:20,OUT_OF_WINDOW
87,3018224986,2026-05-11,,2026-05-11 12:30:37,OUT_OF_WINDOW
88,100002.1,2026-05-11,,2026-05-11 13:24:00,OUT_OF_WINDOW
89,100002.1,2026-05-11,,2026-05-11 14:35:29,OUT_OF_WINDOW
90,100002.1,2026-05-11,,2026-05-11 15:46:17,OUT_OF_WINDOW
91,100002.1,2026-05-11,,2026-05-11 16:46:32,OUT_OF_WINDOW
92,100002.1,2026-05-11,,2026-05-11 17:49:36,OUT_OF_WINDOW
93,100002.1,2026-05-12,,2026-05-11 19:01:31,OUT_OF_WINDOW
94,100002.1,2026-05-12,,2026-05-11 19:01:35,OUT_OF_WINDOW
96,100002.1,2026-05-12,,2026-05-12 05:35:11,OUT_OF_WINDOW
97,100002.1,2026-05-12,,2026-05-12 06:35:31,OUT_OF_WINDOW
98,100002.1,2026-05-12,,2026-05-12 07:40:59,OUT_OF_WINDOW
99,3018224986,2026-05-12,,2026-05-12 08:38:12,OUT_OF_WINDOW
100,100001.1,2026-05-12,,2026-05-12 08:38:54,OUT_OF_WINDOW
101,100002.1,2026-05-12,,2026-05-12 08:42:20,OUT_OF_WINDOW
102,100001.1,2026-05-12,,2026-05-12 11:11:15,OUT_OF_WINDOW
103,3018224986,2026-05-12,,2026-05-12 11:11:31,OUT_OF_WINDOW
106,100011.2,2026-05-24,,2026-05-23 19:08:28,OUT_OF_WINDOW
107,100011.2,2026-05-24,,2026-05-24 08:08:30,OUT_OF_WINDOW
108,100011.2,2026-05-25,,2026-05-24 21:13:57,OUT_OF_WINDOW
111,100011.2,2026-05-25,,2026-05-25 10:14:06,OUT_OF_WINDOW
113,100011.2,2026-05-26,,2026-05-25 23:14:18,OUT_OF_WINDOW
114,100004.2,2026-05-26,,2026-05-26 05:28:52,OUT_OF_WINDOW
117,100011.2,2026-05-26,,2026-05-26 12:26:16,OUT_OF_WINDOW
118,100011.2,2026-05-27,,2026-05-27 14:45:58,OUT_OF_WINDOW
119,100011.2,2026-05-28,,2026-05-28 04:00:33,OUT_OF_WINDOW
121,100011.2,2026-05-28,,2026-05-28 04:08:59,OUT_OF_WINDOW
122,100011.2,2026-05-28,,2026-05-28 17:11:43,OUT_OF_WINDOW
123,100011.2,2026-05-29,,2026-05-29 06:11:48,OUT_OF_WINDOW
124,100011.2,2026-05-30,,2026-05-29 19:12:18,OUT_OF_WINDOW
126,100004.2,2026-05-30,,2026-05-30 04:59:59,OUT_OF_WINDOW
127,100011.2,2026-05-30,,2026-05-29 19:12:18,OUT_OF_WINDOW
129,100013.2,2026-05-30,,2026-05-30 06:04:36,OUT_OF_WINDOW
146,100038.2,2026-06-01,,2026-06-01 05:02:23,OUT_OF_WINDOW
149,100035.2,2026-06-01,,2026-06-01 10:37:38,OUT_OF_WINDOW
154,100011.3,2026-06-01,,2026-06-01 15:18:03,OUT_OF_WINDOW
156,100011.3,2026-06-01,,2026-06-01 17:21:22,OUT_OF_WINDOW
157,100032.2,2026-06-02,,2026-06-01 19:17:14,OUT_OF_WINDOW
158,100011.3,2026-06-02,,2026-06-01 19:32:11,OUT_OF_WINDOW
159,100011.3,2026-06-02,,2026-06-01 21:47:37,OUT_OF_WINDOW
160,100011.3,2026-06-02,,2026-06-02 00:19:53,OUT_OF_WINDOW
161,100011.3,2026-06-02,,2026-06-02 02:25:54,OUT_OF_WINDOW
162,100015.2,2026-06-02,,2026-06-02 04:37:19,OUT_OF_WINDOW
164,100004.2,2026-06-02,,2026-06-02 04:23:49,OUT_OF_WINDOW
166,100011.3,2026-06-02,,2026-06-02 04:25:54,OUT_OF_WINDOW
168,100011.3,2026-06-02,,2026-06-02 06:31:21,OUT_OF_WINDOW
171,100011.3,2026-06-02,,2026-06-02 08:36:04,OUT_OF_WINDOW
174,100011.3,2026-06-02,,2026-06-02 10:40:04,OUT_OF_WINDOW
180,100011.3,2026-06-02,,2026-06-02 12:44:00,OUT_OF_WINDOW
183,3343019874,2026-06-02,,2026-06-02 14:15:37,OUT_OF_WINDOW
191,100004.2,2026-06-02,,2026-06-02 04:23:49,OUT_OF_WINDOW
193,100004.2,2026-06-02,,2026-06-02 07:12:53,OUT_OF_WINDOW
194,100004.2,2026-06-03,,2026-06-02 20:33:14,OUT_OF_WINDOW
198,100011.3,2026-06-03,2026-06-02,2026-06-02 21:25:00,
199,100011.3,2026-06-03,2026-06-02,2026-06-02 23:26:20,
201,100004.2,2026-06-03,,2026-06-03 03:34:10,OUT_OF_WINDOW
211,100011.3,2026-06-03,2026-06-02,2026-06-03 02:45:44,
213,100011.3,2026-06-03,2026-06-02,2026-06-03 05:14:31,
214,100015.2,2026-06-03,,2026-06-03 05:17:35,OUT_OF_WINDOW
230,100011.3,2026-06-03,,2026-06-03 07:15:59,OUT_OF_WINDOW
235,100011.3,2026-06-03,,2026-06-03 09:17:33,OUT_OF_WINDOW
237,100011.3,2026-06-03,,2026-06-03 11:30:24,OUT_OF_WINDOW
238,100011.3,2026-06-03,,2026-06-03 13:30:30,OUT_OF_WINDOW
240,100052.2,2026-06-03,,2026-06-03 14:03:50,OUT_OF_WINDOW
244,100047.2,2026-06-03,,2026-06-03 15:05:31,OUT_OF_WINDOW
245,100011.3,2026-06-03,,2026-06-03 15:36:39,OUT_OF_WINDOW
247,100005.2,2026-06-03,,2026-06-03 16:23:57,OUT_OF_WINDOW
248,100004.2,2026-06-03,,2026-06-03 17:02:17,OUT_OF_WINDOW
249,100047.2,2026-06-03,,2026-06-03 16:05:37,OUT_OF_WINDOW
251,100047.2,2026-06-03,,2026-06-03 17:17:43,OUT_OF_WINDOW
252,100011.3,2026-06-03,,2026-06-03 17:43:01,OUT_OF_WINDOW
253,100047.2,2026-06-03,,2026-06-03 18:34:57,OUT_OF_WINDOW
254,100047.2,2026-06-03,,2026-06-03 18:34:57,OUT_OF_WINDOW
256,100047.2,2026-06-03,,2026-06-03 18:35:39,OUT_OF_WINDOW
257,100011.3,2026-06-04,,2026-06-03 19:43:04,OUT_OF_WINDOW
258,100047.2,2026-06-04,,2026-06-03 20:03:05,OUT_OF_WINDOW
261,100047.2,2026-06-04,,2026-06-03 21:17:50,OUT_OF_WINDOW
262,100011.3,2026-06-04,,2026-06-03 21:59:17,OUT_OF_WINDOW
263,100047.2,2026-06-04,,2026-06-03 22:33:34,OUT_OF_WINDOW
264,100011.3,2026-06-04,,2026-06-04 00:04:52,OUT_OF_WINDOW
265,100011.3,2026-06-04,,2026-06-04 00:13:06,OUT_OF_WINDOW
266,100011.3,2026-06-04,,2026-06-04 02:13:13,OUT_OF_WINDOW
267,100047.2,2026-06-04,,2026-06-04 03:26:32,OUT_OF_WINDOW
269,100011.3,2026-06-04,,2026-06-04 04:15:59,OUT_OF_WINDOW
270,100047.2,2026-06-04,,2026-06-04 04:46:35,OUT_OF_WINDOW
283,100047.2,2026-06-04,,2026-06-04 04:46:35,OUT_OF_WINDOW
291,100011.3,2026-06-04,,2026-06-04 06:16:28,OUT_OF_WINDOW
296,100001.1,2026-06-04,,2026-06-04 06:58:34,OUT_OF_WINDOW
326,100050.2,2026-06-04,,2026-06-04 15:20:43,OUT_OF_WINDOW
328,100011.3,2026-06-04,,2026-06-04 08:25:49,OUT_OF_WINDOW
330,100011.3,2026-06-04,,2026-06-04 10:51:36,OUT_OF_WINDOW
333,100011.3,2026-06-04,,2026-06-04 12:54:39,OUT_OF_WINDOW
337,100011.3,2026-06-04,,2026-06-04 14:55:21,OUT_OF_WINDOW
342,100011.3,2026-06-04,,2026-06-04 17:15:16,OUT_OF_WINDOW
343,100011.3,2026-06-05,,2026-06-04 19:25:59,OUT_OF_WINDOW
344,100032.2,2026-06-05,,2026-06-04 20:00:38,OUT_OF_WINDOW
346,100011.3,2026-06-05,,2026-06-04 21:26:17,OUT_OF_WINDOW
347,100011.3,2026-06-05,,2026-06-05 00:26:56,OUT_OF_WINDOW
354,100038.2,2026-06-05,,2026-06-05 05:06:29,OUT_OF_WINDOW
374,100011.3,2026-06-05,,2026-06-05 02:26:57,OUT_OF_WINDOW
376,100011.3,2026-06-05,,2026-06-05 04:27:07,OUT_OF_WINDOW
379,100011.3,2026-06-05,,2026-06-05 06:43:47,OUT_OF_WINDOW
383,100011.3,2026-06-05,,2026-06-05 08:45:05,OUT_OF_WINDOW
385,100011.3,2026-06-05,,2026-06-05 10:45:40,OUT_OF_WINDOW
386,100645.1,2026-06-05,,2026-06-05 11:12:25,OUT_OF_WINDOW
387,100011.3,2026-06-05,,2026-06-05 13:00:57,OUT_OF_WINDOW
395,100645.1,2026-06-05,,2026-06-05 14:01:08,OUT_OF_WINDOW
396,100011.3,2026-06-05,,2026-06-05 15:13:59,OUT_OF_WINDOW
397,100004.2,2026-06-05,,2026-06-05 16:30:21,OUT_OF_WINDOW
398,100011.3,2026-06-06,,2026-06-05 19:24:00,OUT_OF_WINDOW
399,100032.2,2026-06-06,,2026-06-05 19:27:59,OUT_OF_WINDOW
400,100011.3,2026-06-06,,2026-06-05 21:44:38,OUT_OF_WINDOW
401,100011.3,2026-06-06,,2026-06-05 23:46:47,OUT_OF_WINDOW
402,100011.3,2026-06-06,,2026-06-06 02:07:30,OUT_OF_WINDOW
403,100011.3,2026-06-06,,2026-06-06 04:15:45,OUT_OF_WINDOW
404,100015.2,2026-06-06,,2026-06-06 04:48:00,OUT_OF_WINDOW
405,100038.2,2026-06-06,,2026-06-06 05:10:58,OUT_OF_WINDOW
406,100066.2,2026-06-06,,2026-06-06 05:14:38,OUT_OF_WINDOW
407,100056.2,2026-06-06,,2026-06-06 06:01:53,OUT_OF_WINDOW
408,100052.2,2026-06-06,,2026-06-06 07:06:31,OUT_OF_WINDOW
409,100032.2,2026-06-06,,2026-06-06 07:26:17,OUT_OF_WINDOW
425,100011.3,2026-06-06,,2026-06-06 08:19:53,OUT_OF_WINDOW
444,100022.2,2026-06-06,,2026-06-06 09:13:00,OUT_OF_WINDOW
452,100066.2,2026-06-06,,2026-06-06 08:43:51,OUT_OF_WINDOW
476,100032.2,2026-06-06,,2026-06-06 12:22:17,OUT_OF_WINDOW
477,100011.3,2026-06-06,,2026-06-06 10:21:18,OUT_OF_WINDOW
479,100011.3,2026-06-06,,2026-06-06 12:26:07,OUT_OF_WINDOW
494,100011.3,2026-06-06,,2026-06-06 14:38:59,OUT_OF_WINDOW
497,100011.3,2026-06-06,,2026-06-06 16:42:04,OUT_OF_WINDOW
498,100004.2,2026-06-05,,2026-06-05 16:30:21,OUT_OF_WINDOW
499,100011.3,2026-06-06,,2026-06-06 18:43:50,OUT_OF_WINDOW
500,100058.2,2026-06-06,,2026-06-06 18:53:57,OUT_OF_WINDOW
501,100025.2,2026-06-06,,2026-06-06 18:58:34,OUT_OF_WINDOW
503,100032.2,2026-06-07,,2026-06-06 19:13:46,OUT_OF_WINDOW
505,100013.2,2026-06-07,,2026-06-06 23:23:50,OUT_OF_WINDOW
506,100011.3,2026-06-07,,2026-06-06 20:47:07,OUT_OF_WINDOW
508,100011.3,2026-06-07,,2026-06-07 00:01:40,OUT_OF_WINDOW
509,100016.2,2026-06-07,,2026-06-07 02:07:27,OUT_OF_WINDOW
510,100011.3,2026-06-07,,2026-06-07 02:11:16,OUT_OF_WINDOW
516,100058.2,2026-06-07,,2026-06-07 03:39:33,OUT_OF_WINDOW
518,100011.3,2026-06-07,,2026-06-07 04:13:33,OUT_OF_WINDOW
520,100011.3,2026-06-07,,2026-06-07 06:15:28,OUT_OF_WINDOW
522,100011.3,2026-06-07,,2026-06-07 08:23:42,OUT_OF_WINDOW
527,100011.3,2026-06-07,,2026-06-07 10:27:02,OUT_OF_WINDOW
528,100011.3,2026-06-07,,2026-06-07 12:31:08,OUT_OF_WINDOW
529,100011.3,2026-06-07,,2026-06-07 16:37:32,OUT_OF_WINDOW
533,100011.3,2026-06-08,,2026-06-07 20:44:14,OUT_OF_WINDOW
534,100013.2,2026-06-08,,2026-06-07 20:45:09,OUT_OF_WINDOW
535,100011.3,2026-06-08,,2026-06-07 23:06:36,OUT_OF_WINDOW
536,100011.3,2026-06-08,,2026-06-08 02:14:34,OUT_OF_WINDOW
540,100032.2,2026-06-08,,2026-06-08 04:10:26,OUT_OF_WINDOW
543,100011.3,2026-06-08,,2026-06-08 04:18:46,OUT_OF_WINDOW
546,100014.2,2026-06-08,,2026-06-08 04:48:21,OUT_OF_WINDOW
552,100016.2,2026-06-08,,2026-06-07 20:38:49,OUT_OF_WINDOW
571,100030.2,2026-06-08,,2026-06-08 05:28:30,OUT_OF_WINDOW
579,100046.2,2026-06-08,,2026-06-08 05:27:16,OUT_OF_WINDOW
582,100011.3,2026-06-08,,2026-06-08 06:20:07,OUT_OF_WINDOW
599,100004.2,2026-06-08,,2026-06-08 07:58:07,OUT_OF_WINDOW
605,100011.3,2026-06-08,,2026-06-08 08:29:05,OUT_OF_WINDOW
610,100011.3,2026-06-08,,2026-06-08 10:30:32,OUT_OF_WINDOW
624,100064.2,2026-06-08,,2026-06-08 14:18:17,OUT_OF_WINDOW
625,100011.3,2026-06-08,,2026-06-08 12:32:55,OUT_OF_WINDOW
627,100011.3,2026-06-08,,2026-06-08 14:41:36,OUT_OF_WINDOW
628,100004.2,2026-06-08,,2026-06-08 14:53:17,OUT_OF_WINDOW
631,100011.3,2026-06-08,,2026-06-08 16:42:02,OUT_OF_WINDOW
632,100004.2,2026-06-08,,2026-06-08 17:21:20,OUT_OF_WINDOW
636,100011.3,2026-06-08,,2026-06-08 18:47:24,OUT_OF_WINDOW
643,100011.3,2026-06-09,,2026-06-08 20:55:05,OUT_OF_WINDOW
644,100011.3,2026-06-09,,2026-06-08 23:05:10,OUT_OF_WINDOW
645,100011.3,2026-06-09,,2026-06-09 01:15:25,OUT_OF_WINDOW
646,100011.3,2026-06-09,,2026-06-09 03:34:12,OUT_OF_WINDOW
679,100011.3,2026-06-09,,2026-06-09 05:35:40,OUT_OF_WINDOW
698,100069.2,2026-06-09,,2026-06-09 07:07:38,OUT_OF_WINDOW
724,100011.3,2026-06-09,,2026-06-09 09:39:34,OUT_OF_WINDOW
741,100011.3,2026-06-09,,2026-06-09 13:54:57,OUT_OF_WINDOW
746,100064.2,2026-06-09,,2026-06-09 14:04:34,OUT_OF_WINDOW
750,100048.2,2026-06-09,,2026-06-09 15:18:50,OUT_OF_WINDOW
755,100056.2,2026-06-09,,2026-06-09 15:35:02,OUT_OF_WINDOW
764,100011.3,2026-06-09,,2026-06-09 17:58:08,OUT_OF_WINDOW
768,100032.2,2026-06-09,,2026-06-09 18:52:05,OUT_OF_WINDOW
772,100011.3,2026-06-10,,2026-06-09 19:59:32,OUT_OF_WINDOW
774,100011.3,2026-06-10,,2026-06-09 22:05:02,OUT_OF_WINDOW
776,100011.3,2026-06-10,,2026-06-10 02:00:11,OUT_OF_WINDOW
780,100024.2,2026-06-10,,2026-06-10 03:45:27,OUT_OF_WINDOW
782,100011.3,2026-06-10,,2026-06-10 04:22:06,OUT_OF_WINDOW
796,100027.2,2026-06-10,,2026-06-10 05:06:07,OUT_OF_WINDOW
803,100027.2,2026-06-10,,2026-06-10 05:11:37,OUT_OF_WINDOW
821,100011.3,2026-06-10,,2026-06-10 06:25:41,OUT_OF_WINDOW
840,100011.3,2026-06-10,,2026-06-10 08:32:25,OUT_OF_WINDOW
860,100059.2,2026-06-10,,2026-06-10 14:04:13,OUT_OF_WINDOW
863,100038.2,2026-06-10,,2026-06-10 14:29:16,OUT_OF_WINDOW
864,100038.2,2026-06-10,,2026-06-10 14:29:16,OUT_OF_WINDOW
866,100065.2,2026-06-10,,2026-06-10 14:31:01,OUT_OF_WINDOW
872,100021.2,2026-06-10,,2026-06-10 16:17:43,OUT_OF_WINDOW
874,100011.3,2026-06-10,,2026-06-10 10:39:15,OUT_OF_WINDOW
876,100011.3,2026-06-10,,2026-06-10 12:43:40,OUT_OF_WINDOW
879,100011.3,2026-06-10,,2026-06-10 14:53:05,OUT_OF_WINDOW
883,100011.3,2026-06-10,,2026-06-10 16:55:25,OUT_OF_WINDOW
888,100032.2,2026-06-11,,2026-06-10 19:24:04,OUT_OF_WINDOW
890,100011.3,2026-06-11,,2026-06-10 19:49:48,OUT_OF_WINDOW
891,100011.3,2026-06-11,,2026-06-10 22:35:00,OUT_OF_WINDOW
892,100011.3,2026-06-11,,2026-06-11 00:36:14,OUT_OF_WINDOW
893,100011.3,2026-06-11,,2026-06-11 02:48:05,OUT_OF_WINDOW
901,100039.3,2026-06-11,,2026-06-11 04:37:38,OUT_OF_WINDOW
966,100011.3,2026-06-11,,2026-06-11 04:49:28,OUT_OF_WINDOW
968,100011.3,2026-06-11,,2026-06-11 09:08:09,OUT_OF_WINDOW
981,100011.3,2026-06-11,,2026-06-11 11:16:23,OUT_OF_WINDOW
984,100052.2,2026-06-11,,2026-06-11 11:29:28,OUT_OF_WINDOW
991,100011.3,2026-06-11,,2026-06-11 13:25:18,OUT_OF_WINDOW
1005,100011.3,2026-06-11,,2026-06-11 15:33:49,OUT_OF_WINDOW
1007,100013.2,2026-06-11,,2026-06-11 16:36:06,OUT_OF_WINDOW
1028,100011.3,2026-06-11,,2026-06-11 17:35:40,OUT_OF_WINDOW
1030,100023.2,2026-06-11,,2026-06-11 18:48:04,OUT_OF_WINDOW
1033,100032.2,2026-06-11,,2026-06-11 18:50:22,OUT_OF_WINDOW
1037,100067.2,2026-06-12,2026-06-11,2026-06-11 19:10:01,
1040,100017.3,2026-06-12,,2026-06-11 19:52:00,OUT_OF_WINDOW
1041,100011.3,2026-06-12,,2026-06-11 19:52:36,OUT_OF_WINDOW
1043,100017.3,2026-06-12,,2026-06-11 21:57:17,OUT_OF_WINDOW
1044,100011.3,2026-06-12,,2026-06-11 23:29:23,OUT_OF_WINDOW
1045,100011.3,2026-06-12,,2026-06-12 01:29:24,OUT_OF_WINDOW
1047,100011.3,2026-06-12,,2026-06-12 03:30:05,OUT_OF_WINDOW
1082,100024.2,2026-06-12,,2026-06-12 05:23:48,OUT_OF_WINDOW
1085,100011.3,2026-06-12,,2026-06-12 05:32:04,OUT_OF_WINDOW
1104,100011.3,2026-06-12,,2026-06-12 07:36:39,OUT_OF_WINDOW
1116,100011.3,2026-06-12,,2026-06-12 09:37:12,OUT_OF_WINDOW
1125,100017.3,2026-06-12,,2026-06-11 23:57:22,OUT_OF_WINDOW
1127,100017.3,2026-06-12,,2026-06-12 01:59:51,OUT_OF_WINDOW
1130,100017.3,2026-06-12,,2026-06-12 04:31:30,OUT_OF_WINDOW
1134,100017.3,2026-06-12,,2026-06-12 06:38:18,OUT_OF_WINDOW
1139,100017.3,2026-06-12,,2026-06-12 09:00:32,OUT_OF_WINDOW
1145,100017.3,2026-06-12,,2026-06-12 11:12:32,OUT_OF_WINDOW
1147,100011.3,2026-06-12,,2026-06-12 11:38:08,OUT_OF_WINDOW
1150,100067.2,2026-06-12,,2026-06-12 12:17:05,OUT_OF_WINDOW
1159,100017.3,2026-06-12,,2026-06-12 13:14:28,OUT_OF_WINDOW
1162,100011.3,2026-06-12,,2026-06-12 13:45:15,OUT_OF_WINDOW
1165,100053.2,2026-06-12,,2026-06-12 14:01:15,OUT_OF_WINDOW
1171,100048.2,2026-06-12,,2026-06-12 15:03:31,OUT_OF_WINDOW
1172,100030.2,2026-06-12,,2026-06-12 15:02:13,OUT_OF_WINDOW
1173,100017.3,2026-06-12,,2026-06-12 15:26:16,OUT_OF_WINDOW
1175,100011.3,2026-06-12,,2026-06-12 16:01:24,OUT_OF_WINDOW
1184,100067.2,2026-06-12,,2026-06-12 16:48:25,OUT_OF_WINDOW
1187,100025.2,2026-06-12,,2026-06-12 17:29:49,OUT_OF_WINDOW
1192,100011.3,2026-06-12,,2026-06-12 18:05:34,OUT_OF_WINDOW
1194,100011.3,2026-06-13,,2026-06-12 20:10:17,OUT_OF_WINDOW
1195,100017.3,2026-06-12,,2026-06-12 17:30:47,OUT_OF_WINDOW
1197,100017.3,2026-06-13,,2026-06-12 19:30:48,OUT_OF_WINDOW
1200,100017.3,2026-06-13,,2026-06-12 21:38:30,OUT_OF_WINDOW
1201,100011.3,2026-06-13,,2026-06-12 22:59:29,OUT_OF_WINDOW
1202,100017.3,2026-06-13,,2026-06-12 23:40:54,OUT_OF_WINDOW
1203,100011.3,2026-06-13,,2026-06-13 01:05:31,OUT_OF_WINDOW
1206,100011.3,2026-06-13,,2026-06-13 03:06:34,OUT_OF_WINDOW
1224,100067.2,2026-06-13,,2026-06-13 05:09:39,OUT_OF_WINDOW
1231,100011.3,2026-06-13,,2026-06-13 05:12:03,OUT_OF_WINDOW
1232,100029.2,2026-06-13,,2026-06-13 05:12:44,OUT_OF_WINDOW
1249,100017.3,2026-06-13,,2026-06-13 01:48:13,OUT_OF_WINDOW
1251,100017.3,2026-06-13,,2026-06-13 03:50:52,OUT_OF_WINDOW
1254,100017.3,2026-06-13,,2026-06-13 05:51:25,OUT_OF_WINDOW
1264,100011.3,2026-06-13,,2026-06-13 07:16:19,OUT_OF_WINDOW
1277,100017.3,2026-06-13,,2026-06-13 07:55:50,OUT_OF_WINDOW
1298,100011.3,2026-06-13,,2026-06-13 09:16:21,OUT_OF_WINDOW
1302,100009.3,2026-06-13,,2026-06-13 09:23:21,OUT_OF_WINDOW
1305,100006.3,2026-06-13,,2026-06-13 09:29:33,OUT_OF_WINDOW
1309,100076.2,2026-06-13,,2026-06-13 09:45:23,OUT_OF_WINDOW
1310,100008.3,2026-06-13,,2026-06-13 09:55:43,OUT_OF_WINDOW
1324,100011.3,2026-06-13,,2026-06-13 11:25:17,OUT_OF_WINDOW
1334,100011.3,2026-06-13,,2026-06-13 13:27:45,OUT_OF_WINDOW
1338,100040.2,2026-06-13,,2026-06-13 14:04:11,OUT_OF_WINDOW
1340,100064.2,2026-06-13,,2026-06-13 14:06:11,OUT_OF_WINDOW
1348,100022.2,2026-06-13,,2026-06-13 15:45:32,OUT_OF_WINDOW
1357,100077.2,2026-06-13,,2026-06-13 16:11:03,OUT_OF_WINDOW
1362,100036.2,2026-06-13,,2026-06-13 16:36:06,OUT_OF_WINDOW
1363,100003.2,2026-06-13,,2026-06-13 16:47:46,OUT_OF_WINDOW
1370,100076.2,2026-06-13,,2026-06-13 18:18:23,OUT_OF_WINDOW
1371,100032.2,2026-06-13,,2026-06-13 18:37:07,OUT_OF_WINDOW
1372,100003.2,2026-06-13,,2026-06-13 17:48:19,OUT_OF_WINDOW
1373,100003.2,2026-06-14,,2026-06-13 19:10:37,OUT_OF_WINDOW
1382,100011.3,2026-06-13,,2026-06-13 17:51:52,OUT_OF_WINDOW
1384,100011.3,2026-06-14,,2026-06-13 20:01:31,OUT_OF_WINDOW
1387,100011.3,2026-06-14,,2026-06-13 22:19:22,OUT_OF_WINDOW
1391,100011.3,2026-06-14,,2026-06-14 01:12:09,OUT_OF_WINDOW
1396,100011.3,2026-06-14,,2026-06-14 03:12:30,OUT_OF_WINDOW
1404,100011.3,2026-06-14,,2026-06-14 06:49:05,OUT_OF_WINDOW
1405,100011.3,2026-06-14,,2026-06-14 09:27:42,OUT_OF_WINDOW
1414,100011.3,2026-06-14,,2026-06-14 11:51:37,OUT_OF_WINDOW
1415,100011.3,2026-06-14,,2026-06-14 13:56:43,OUT_OF_WINDOW
1417,100011.3,2026-06-14,,2026-06-14 16:01:22,OUT_OF_WINDOW
1423,100011.3,2026-06-14,,2026-06-14 18:11:02,OUT_OF_WINDOW
1424,100011.3,2026-06-15,,2026-06-14 20:45:49,OUT_OF_WINDOW
1425,100011.3,2026-06-15,,2026-06-14 23:11:06,OUT_OF_WINDOW
1426,100009.3,2026-06-15,,2026-06-15 01:44:48,OUT_OF_WINDOW
1428,100011.3,2026-06-15,,2026-06-15 02:11:45,OUT_OF_WINDOW
1433,100010.3,2026-06-15,,2026-06-15 02:59:08,OUT_OF_WINDOW
1440,100011.3,2026-06-15,,2026-06-15 04:15:04,OUT_OF_WINDOW
1441,100001.2,2026-06-15,,2026-06-15 04:32:28,OUT_OF_WINDOW
1446,100039.3,2026-06-15,,2026-06-15 11:25:35,OUT_OF_WINDOW
1449,100057.2,2026-06-15,,2026-06-15 11:26:44,OUT_OF_WINDOW
1485,100011.3,2026-06-15,,2026-06-15 06:17:09,OUT_OF_WINDOW
1496,100021.2,2026-06-15,,2026-06-15 07:11:45,OUT_OF_WINDOW
1519,100011.3,2026-06-15,,2026-06-15 08:17:40,OUT_OF_WINDOW
1521,100011.3,2026-06-15,,2026-06-15 10:18:07,OUT_OF_WINDOW
1562,100011.3,2026-06-15,,2026-06-15 12:18:22,OUT_OF_WINDOW
1564,100011.3,2026-06-15,,2026-06-15 14:22:14,OUT_OF_WINDOW
1566,100001.2,2026-06-15,,2026-06-15 14:32:28,OUT_OF_WINDOW
1572,100055.2,2026-06-15,,2026-06-15 15:52:24,OUT_OF_WINDOW
1575,100011.3,2026-06-15,,2026-06-15 16:24:50,OUT_OF_WINDOW
1581,100024.2,2026-06-15,,2026-06-15 16:35:33,OUT_OF_WINDOW
1584,100067.2,2026-06-15,,2026-06-15 16:54:41,OUT_OF_WINDOW
1586,100036.2,2026-06-15,,2026-06-15 17:26:21,OUT_OF_WINDOW
1592,100011.3,2026-06-15,,2026-06-15 18:25:19,OUT_OF_WINDOW
1593,100032.2,2026-06-16,,2026-06-15 19:02:13,OUT_OF_WINDOW
1596,100011.3,2026-06-16,,2026-06-15 20:37:08,OUT_OF_WINDOW
1597,100011.3,2026-06-16,,2026-06-15 23:29:22,OUT_OF_WINDOW
1598,100011.3,2026-06-16,,2026-06-16 01:37:50,OUT_OF_WINDOW
1607,100024.2,2026-06-15,,2026-06-15 16:35:33,OUT_OF_WINDOW
1610,100011.3,2026-06-16,,2026-06-16 03:57:42,OUT_OF_WINDOW
1615,100067.2,2026-06-16,2026-06-15,2026-06-16 04:47:25,
1623,100057.2,2026-06-16,,2026-06-16 05:00:21,OUT_OF_WINDOW
1652,100011.3,2026-06-16,,2026-06-16 06:04:27,OUT_OF_WINDOW
1669,100011.3,2026-06-16,,2026-06-16 08:06:07,OUT_OF_WINDOW
1675,100009.3,2026-06-16,,2026-06-16 09:01:08,OUT_OF_WINDOW
1677,100011.3,2026-06-16,,2026-06-16 10:08:10,OUT_OF_WINDOW
1684,100011.3,2026-06-16,,2026-06-16 12:16:54,OUT_OF_WINDOW
1710,100059.2,2026-06-16,,2026-06-16 14:03:42,OUT_OF_WINDOW
1711,100040.2,2026-06-16,,2026-06-16 14:04:15,OUT_OF_WINDOW
1714,100013.2,2026-06-16,,2026-06-16 14:18:35,OUT_OF_WINDOW
1715,100036.2,2026-06-16,,2026-06-16 14:19:13,OUT_OF_WINDOW
1717,100011.3,2026-06-16,,2026-06-16 14:22:15,OUT_OF_WINDOW
1750,100011.3,2026-06-16,,2026-06-16 16:24:08,OUT_OF_WINDOW
1751,100022.2,2026-06-16,,2026-06-16 16:57:15,OUT_OF_WINDOW
1755,100004.2,2026-06-16,,2026-06-16 17:58:04,OUT_OF_WINDOW
1757,100058.2,2026-06-17,,2026-06-17 18:16:06,OUT_OF_WINDOW
1758,100011.3,2026-06-16,,2026-06-16 16:24:08,OUT_OF_WINDOW
1760,100011.3,2026-06-16,,2026-06-16 18:27:59,OUT_OF_WINDOW
1763,100011.3,2026-06-17,,2026-06-16 21:06:03,OUT_OF_WINDOW
1764,100011.3,2026-06-17,,2026-06-16 23:44:18,OUT_OF_WINDOW
1765,100569.1,2026-06-17,,2026-06-17 01:37:08,OUT_OF_WINDOW
1766,100569.1,2026-06-17,,2026-06-17 01:38:07,OUT_OF_WINDOW
1767,100011.3,2026-06-17,,2026-06-17 01:50:16,OUT_OF_WINDOW
1798,100067.2,2026-06-17,,2026-06-17 05:16:33,OUT_OF_WINDOW
1837,100011.3,2026-06-17,,2026-06-17 05:52:52,OUT_OF_WINDOW
1839,100011.3,2026-06-17,,2026-06-17 07:53:20,OUT_OF_WINDOW
1887,100055.3,2026-06-17,,2026-06-17 11:24:44,OUT_OF_WINDOW
1889,100055.3,2026-06-17,,2026-06-17 13:27:10,OUT_OF_WINDOW
1896,100064.2,2026-06-17,,2026-06-17 14:03:39,OUT_OF_WINDOW
1897,100040.2,2026-06-17,,2026-06-17 14:04:07,OUT_OF_WINDOW
1898,100029.2,2026-06-17,,2026-06-17 14:05:27,OUT_OF_WINDOW
1908,100023.3,2026-06-17,,2026-06-17 15:23:21,OUT_OF_WINDOW
1914,100077.2,2026-06-17,,2026-06-17 16:07:06,OUT_OF_WINDOW
1915,100028.3,2026-06-17,,2026-06-17 16:37:26,OUT_OF_WINDOW
1922,100018.3,2026-06-17,,2026-06-17 17:21:56,OUT_OF_WINDOW
1925,100055.3,2026-06-17,,2026-06-17 15:27:58,OUT_OF_WINDOW
1927,100055.3,2026-06-17,,2026-06-17 17:43:05,OUT_OF_WINDOW
1930,100055.3,2026-06-17,,2026-06-17 17:43:45,OUT_OF_WINDOW
1932,100004.2,2026-06-17,,2026-06-17 18:07:12,OUT_OF_WINDOW
1938,100018.3,2026-06-18,,2026-06-17 19:22:23,OUT_OF_WINDOW
1941,100078.3,2026-06-18,2026-06-17,2026-06-17 20:06:56,
1942,100078.3,2026-06-18,2026-06-17,2026-06-17 22:12:20,
1943,100078.3,2026-06-18,2026-06-17,2026-06-18 00:23:16,
1944,100060.3,2026-06-18,2026-06-17,2026-06-18 01:49:58,
1946,100078.3,2026-06-18,2026-06-17,2026-06-18 02:40:28,
1953,100055.3,2026-06-18,,2026-06-18 03:07:56,OUT_OF_WINDOW
1959,100058.2,2026-06-18,,2026-06-18 03:24:45,OUT_OF_WINDOW
1971,100023.3,2026-06-18,,2026-06-18 04:07:55,OUT_OF_WINDOW
1979,100078.3,2026-06-18,,2026-06-18 04:41:03,OUT_OF_WINDOW
1997,100053.2,2026-06-18,,2026-06-18 05:14:09,OUT_OF_WINDOW
2021,100078.3,2026-06-18,,2026-06-18 06:41:29,OUT_OF_WINDOW
2023,100050.2,2026-06-17,,2026-06-17 14:10:08,OUT_OF_WINDOW
2071,100078.3,2026-06-18,,2026-06-18 08:41:36,OUT_OF_WINDOW
2085,100011.3,2026-06-18,,2026-06-18 09:58:07,OUT_OF_WINDOW
2097,100018.3,2026-06-18,,2026-06-18 10:27:03,OUT_OF_WINDOW
2099,100018.3,2026-06-18,,2026-06-18 12:33:07,OUT_OF_WINDOW
2119,100063.2,2026-06-18,,2026-06-18 14:00:30,OUT_OF_WINDOW
2121,100064.2,2026-06-18,,2026-06-18 14:02:24,OUT_OF_WINDOW
2122,100030.2,2026-06-18,,2026-06-18 14:12:18,OUT_OF_WINDOW
2124,100018.3,2026-06-18,,2026-06-18 14:33:35,OUT_OF_WINDOW
2128,100126.3,2026-06-18,,2026-06-18 15:20:16,OUT_OF_WINDOW
2130,100011.3,2026-06-18,,2026-06-18 11:58:30,OUT_OF_WINDOW
2132,100011.3,2026-06-18,,2026-06-18 15:59:49,OUT_OF_WINDOW
2133,100021.2,2026-06-18,,2026-06-18 16:00:09,OUT_OF_WINDOW
2134,100077.2,2026-06-18,,2026-06-18 16:05:09,OUT_OF_WINDOW
2135,100018.3,2026-06-18,,2026-06-18 16:33:36,OUT_OF_WINDOW
2138,100017.3,2026-06-18,,2026-06-18 14:48:02,OUT_OF_WINDOW
2140,100017.3,2026-06-18,,2026-06-18 17:08:20,OUT_OF_WINDOW
2141,100067.2,2026-06-18,,2026-06-18 17:08:10,OUT_OF_WINDOW
2148,100011.3,2026-06-18,,2026-06-18 18:02:37,OUT_OF_WINDOW
2149,100018.3,2026-06-18,,2026-06-18 18:33:56,OUT_OF_WINDOW
2150,100032.2,2026-06-18,,2026-06-18 18:48:01,OUT_OF_WINDOW
2151,100017.3,2026-06-19,,2026-06-18 19:17:22,OUT_OF_WINDOW
2152,100054.3,2026-06-19,2026-06-18,2026-06-18 19:27:54,
2158,100011.3,2026-06-19,,2026-06-18 20:14:47,OUT_OF_WINDOW
2159,100017.3,2026-06-19,,2026-06-18 21:26:13,OUT_OF_WINDOW
2161,100011.3,2026-06-19,,2026-06-18 23:03:33,OUT_OF_WINDOW
2163,100011.3,2026-06-19,,2026-06-19 01:04:37,OUT_OF_WINDOW
2165,100076.3,2026-06-19,,2026-06-18 20:39:30,OUT_OF_WINDOW
2166,100076.3,2026-06-19,,2026-06-19 02:20:22,OUT_OF_WINDOW
2169,100126.3,2026-06-18,,2026-06-18 17:20:58,OUT_OF_WINDOW
2171,100126.3,2026-06-19,,2026-06-18 19:24:00,OUT_OF_WINDOW
2174,100126.3,2026-06-19,,2026-06-19 02:49:26,OUT_OF_WINDOW
2194,100011.3,2026-06-19,,2026-06-19 04:40:07,OUT_OF_WINDOW
2195,100055.3,2026-06-19,,2026-06-19 04:44:49,OUT_OF_WINDOW
2199,100017.3,2026-06-19,,2026-06-18 23:27:27,OUT_OF_WINDOW
2201,100017.3,2026-06-19,,2026-06-19 03:32:03,OUT_OF_WINDOW
2238,100056.2,2026-06-19,,2026-06-19 05:42:32,OUT_OF_WINDOW
2246,100011.3,2026-06-19,,2026-06-19 06:43:04,OUT_OF_WINDOW
2247,100067.2,2026-06-19,2026-06-18,2026-06-19 07:03:24,
2255,100011.3,2026-06-19,,2026-06-19 08:43:59,OUT_OF_WINDOW
2259,100069.2,2026-06-19,,2026-06-19 09:20:43,OUT_OF_WINDOW
2261,100069.2,2026-06-19,,2026-06-19 09:26:20,OUT_OF_WINDOW
2281,100050.2,2026-06-19,,2026-06-19 15:28:25,OUT_OF_WINDOW
2282,100036.2,2026-06-19,,2026-06-19 16:24:16,OUT_OF_WINDOW
2284,100011.3,2026-06-19,,2026-06-19 10:45:19,OUT_OF_WINDOW
2286,100011.3,2026-06-19,,2026-06-19 12:58:00,OUT_OF_WINDOW
2289,100011.3,2026-06-19,,2026-06-19 16:58:42,OUT_OF_WINDOW
2291,100075.2,2026-06-19,,2026-06-19 17:30:02,OUT_OF_WINDOW
2293,100054.3,2026-06-19,,2026-06-19 18:03:09,OUT_OF_WINDOW
2294,100055.3,2026-06-19,,2026-06-19 06:45:38,OUT_OF_WINDOW
2297,100055.3,2026-06-19,,2026-06-19 18:09:25,OUT_OF_WINDOW
2303,100017.3,2026-06-19,,2026-06-19 16:12:34,OUT_OF_WINDOW
2307,100017.3,2026-06-19,,2026-06-19 18:13:06,OUT_OF_WINDOW
2308,100032.2,2026-06-19,,2026-06-19 18:34:37,OUT_OF_WINDOW
2310,100058.3,2026-06-19,,2026-06-19 18:37:42,OUT_OF_WINDOW
2311,100011.3,2026-06-20,,2026-06-19 19:05:59,OUT_OF_WINDOW
2313,100017.3,2026-06-20,,2026-06-19 20:13:09,OUT_OF_WINDOW
2314,100058.3,2026-06-20,,2026-06-19 20:48:45,OUT_OF_WINDOW
2315,100011.3,2026-06-20,,2026-06-19 21:41:00,OUT_OF_WINDOW
2316,100017.3,2026-06-20,,2026-06-19 22:41:05,OUT_OF_WINDOW
2318,100017.3,2026-06-20,,2026-06-20 00:42:21,OUT_OF_WINDOW
2320,100057.3,2026-06-20,,2026-06-20 01:14:47,OUT_OF_WINDOW
2322,100011.3,2026-06-20,,2026-06-20 01:23:53,OUT_OF_WINDOW
2328,100058.3,2026-06-19,,2026-06-19 18:30:08,OUT_OF_WINDOW
2329,100058.3,2026-06-20,,2026-06-20 03:38:45,OUT_OF_WINDOW
2352,100011.3,2026-06-20,,2026-06-20 05:12:48,OUT_OF_WINDOW
2357,100096.3,2026-06-20,2026-06-19,2026-06-20 05:14:12,
2369,100017.3,2026-06-20,,2026-06-20 03:34:23,OUT_OF_WINDOW
2371,100017.3,2026-06-20,,2026-06-20 05:36:13,OUT_OF_WINDOW
2381,100029.2,2026-06-20,,2026-06-20 06:16:33,OUT_OF_WINDOW
2386,100659.1,2026-06-20,,2026-06-20 06:51:07,OUT_OF_WINDOW
2388,100011.3,2026-06-20,,2026-06-20 06:53:44,OUT_OF_WINDOW
2422,100017.3,2026-06-20,,2026-06-20 07:44:00,OUT_OF_WINDOW
2423,100065.3,2026-06-20,,2026-06-20 07:56:02,OUT_OF_WINDOW
2425,100065.3,2026-06-20,,2026-06-20 08:02:24,OUT_OF_WINDOW
2427,100131.3,2026-06-20,,2026-06-20 08:08:36,OUT_OF_WINDOW
2429,100017.3,2026-06-20,,2026-06-20 08:18:46,OUT_OF_WINDOW
2430,100017.3,2026-06-20,,2026-06-20 08:25:37,OUT_OF_WINDOW
2431,100068.3,2026-06-20,,2026-06-20 08:28:50,OUT_OF_WINDOW
2432,100013.3,2026-06-20,,2026-06-20 08:31:03,OUT_OF_WINDOW
2433,100013.3,2026-06-20,,2026-06-20 08:36:03,OUT_OF_WINDOW
2435,100068.3,2026-06-20,,2026-06-20 08:41:19,OUT_OF_WINDOW
2436,100055.3,2026-06-20,,2026-06-20 08:43:36,OUT_OF_WINDOW
2438,100011.3,2026-06-20,,2026-06-20 08:54:10,OUT_OF_WINDOW
2439,100064.3,2026-06-20,,2026-06-20 08:55:38,OUT_OF_WINDOW
2443,100064.3,2026-06-20,,2026-06-20 09:06:12,OUT_OF_WINDOW
2444,100001.1,2026-06-20,,2026-06-20 09:11:28,OUT_OF_WINDOW
2445,100073.3,2026-06-20,,2026-06-20 09:16:47,OUT_OF_WINDOW
2446,100073.3,2026-06-20,,2026-06-20 09:21:59,OUT_OF_WINDOW
2448,100062.3,2026-06-20,,2026-06-20 09:28:03,OUT_OF_WINDOW
2452,100078.3,2026-06-20,,2026-06-20 09:50:26,OUT_OF_WINDOW
2465,100061.3,2026-06-20,,2026-06-20 10:36:45,OUT_OF_WINDOW
2466,100055.3,2026-06-20,,2026-06-20 10:49:46,OUT_OF_WINDOW
2467,100011.3,2026-06-20,,2026-06-20 11:01:59,OUT_OF_WINDOW
2470,100018.3,2026-06-20,,2026-06-20 11:11:33,OUT_OF_WINDOW
2473,100001.1,2026-06-20,,2026-06-20 11:38:44,OUT_OF_WINDOW
2475,100054.3,2026-06-20,,2026-06-20 11:43:03,OUT_OF_WINDOW
2479,100073.3,2026-06-20,,2026-06-20 12:47:56,OUT_OF_WINDOW
2480,100055.3,2026-06-20,,2026-06-20 12:52:39,OUT_OF_WINDOW
2481,100061.3,2026-06-20,,2026-06-20 12:54:48,OUT_OF_WINDOW
2482,100064.2,2026-06-20,,2026-06-20 13:01:03,OUT_OF_WINDOW
2483,100059.2,2026-06-20,,2026-06-20 13:05:31,OUT_OF_WINDOW
2484,100059.2,2026-06-20,,2026-06-20 13:05:31,OUT_OF_WINDOW
2488,100033.2,2026-06-20,,2026-06-20 14:01:30,OUT_OF_WINDOW
2491,100023.3,2026-06-20,,2026-06-20 04:14:47,OUT_OF_WINDOW
2493,100033.2,2026-06-20,,2026-06-20 14:02:04,OUT_OF_WINDOW
2496,100040.2,2026-06-20,,2026-06-20 14:04:03,OUT_OF_WINDOW
2501,100050.2,2026-06-20,,2026-06-20 14:15:18,OUT_OF_WINDOW
2506,100061.3,2026-06-20,,2026-06-20 14:56:23,OUT_OF_WINDOW
2507,100055.3,2026-06-20,,2026-06-20 15:02:44,OUT_OF_WINDOW
2508,100018.3,2026-06-20,,2026-06-20 15:19:29,OUT_OF_WINDOW
2509,100022.2,2026-06-20,,2026-06-20 16:01:22,OUT_OF_WINDOW
2522,100055.3,2026-06-20,,2026-06-20 17:21:41,OUT_OF_WINDOW
2524,100058.3,2026-06-20,,2026-06-20 18:02:01,OUT_OF_WINDOW
2526,100057.3,2026-06-20,,2026-06-20 18:20:13,OUT_OF_WINDOW
2530,100032.2,2026-06-20,,2026-06-20 18:34:14,OUT_OF_WINDOW
2535,100055.3,2026-06-21,,2026-06-20 19:22:49,OUT_OF_WINDOW
2536,100058.2,2026-06-21,,2026-06-20 19:49:56,OUT_OF_WINDOW
2537,100013.3,2026-06-21,,2026-06-20 19:51:20,OUT_OF_WINDOW
2538,100011.3,2026-06-21,2026-06-20,2026-06-20 20:35:11,
2539,100018.3,2026-06-20,,2026-06-20 17:19:34,OUT_OF_WINDOW
2541,100018.3,2026-06-21,,2026-06-20 21:20:12,OUT_OF_WINDOW
2542,100061.3,2026-06-20,,2026-06-20 16:56:41,OUT_OF_WINDOW
2544,100061.3,2026-06-21,,2026-06-20 19:00:58,OUT_OF_WINDOW
2547,100061.3,2026-06-21,,2026-06-20 21:39:33,OUT_OF_WINDOW
2549,100018.3,2026-06-21,,2026-06-20 23:20:13,OUT_OF_WINDOW
2550,100061.3,2026-06-21,,2026-06-20 23:43:39,OUT_OF_WINDOW
2551,100011.3,2026-06-21,2026-06-20,2026-06-21 00:30:03,
2553,100061.3,2026-06-21,,2026-06-21 01:55:49,OUT_OF_WINDOW
2562,100011.3,2026-06-21,2026-06-20,2026-06-21 04:30:45,
2566,100131.3,2026-06-21,,2026-06-21 05:06:31,OUT_OF_WINDOW
2567,100058.3,2026-06-21,,2026-06-21 05:26:55,OUT_OF_WINDOW
2569,100011.3,2026-06-21,,2026-06-21 06:30:46,OUT_OF_WINDOW
2572,100055.3,2026-06-21,,2026-06-20 22:24:40,OUT_OF_WINDOW
2574,100055.3,2026-06-21,,2026-06-21 00:25:20,OUT_OF_WINDOW
2577,100055.3,2026-06-21,,2026-06-21 04:35:27,OUT_OF_WINDOW
2581,100055.3,2026-06-21,,2026-06-21 06:48:40,OUT_OF_WINDOW
2584,100011.3,2026-06-21,,2026-06-21 08:31:31,OUT_OF_WINDOW
2590,100018.3,2026-06-21,,2026-06-21 10:21:57,OUT_OF_WINDOW
2594,100011.3,2026-06-21,,2026-06-21 10:34:12,OUT_OF_WINDOW
2595,100011.3,2026-06-21,,2026-06-21 10:46:17,OUT_OF_WINDOW
2596,100018.3,2026-06-21,,2026-06-21 12:22:42,OUT_OF_WINDOW
2597,100011.3,2026-06-21,,2026-06-21 12:45:38,OUT_OF_WINDOW
2602,100011.3,2026-06-21,,2026-06-21 14:58:10,OUT_OF_WINDOW
2605,100023.2,2026-06-21,,2026-06-21 16:33:04,OUT_OF_WINDOW
2607,100011.3,2026-06-21,,2026-06-21 17:02:39,OUT_OF_WINDOW
2608,100061.3,2026-06-21,,2026-06-21 04:03:43,OUT_OF_WINDOW
2610,100061.3,2026-06-21,,2026-06-21 06:23:49,OUT_OF_WINDOW
2613,100061.3,2026-06-21,,2026-06-21 09:19:02,OUT_OF_WINDOW
2617,100061.3,2026-06-21,,2026-06-21 11:37:25,OUT_OF_WINDOW
2622,100061.3,2026-06-21,,2026-06-21 13:37:51,OUT_OF_WINDOW
2628,100061.3,2026-06-21,,2026-06-21 15:38:05,OUT_OF_WINDOW
2635,100061.3,2026-06-21,,2026-06-21 17:38:07,OUT_OF_WINDOW
2638,100057.3,2026-06-21,,2026-06-21 18:40:06,OUT_OF_WINDOW
2639,100011.3,2026-06-22,,2026-06-21 19:05:10,OUT_OF_WINDOW
2640,100061.3,2026-06-22,,2026-06-21 19:41:03,OUT_OF_WINDOW
2641,100058.3,2026-06-22,2026-06-21,2026-06-21 19:45:28,
2642,100018.3,2026-06-22,2026-06-21,2026-06-21 19:46:24,
2645,100011.3,2026-06-22,,2026-06-21 21:05:25,OUT_OF_WINDOW
2646,100011.3,2026-06-22,,2026-06-21 23:57:53,OUT_OF_WINDOW
2647,100018.3,2026-06-22,2026-06-21,2026-06-22 00:49:49,
2651,100011.3,2026-06-22,,2026-06-22 02:03:56,OUT_OF_WINDOW
2652,100073.3,2026-06-22,,2026-06-22 02:42:51,OUT_OF_WINDOW
2655,100069.3,2026-06-21,,2026-06-21 14:48:06,OUT_OF_WINDOW
2656,100018.3,2026-06-22,2026-06-21,2026-06-22 02:54:17,
2668,100067.3,2026-06-22,,2026-06-22 03:53:10,OUT_OF_WINDOW
2679,100011.3,2026-06-22,,2026-06-22 04:26:31,OUT_OF_WINDOW
2719,100055.3,2026-06-22,2026-06-21,2026-06-21 19:40:37,
2725,100055.3,2026-06-22,2026-06-21,2026-06-21 21:46:37,
2732,100055.3,2026-06-22,2026-06-21,2026-06-21 23:47:17,
2740,100055.3,2026-06-22,,2026-06-22 03:19:02,OUT_OF_WINDOW
2749,100055.3,2026-06-22,,2026-06-22 05:20:18,OUT_OF_WINDOW
2751,100061.3,2026-06-22,,2026-06-21 21:41:36,OUT_OF_WINDOW
2753,100061.3,2026-06-22,,2026-06-21 23:44:31,OUT_OF_WINDOW
2756,100061.3,2026-06-22,,2026-06-22 02:30:47,OUT_OF_WINDOW
2762,100018.3,2026-06-22,2026-06-21,2026-06-22 05:45:57,
2785,100017.3,2026-06-22,,2026-06-22 07:06:54,OUT_OF_WINDOW
2787,100023.3,2026-06-22,,2026-06-22 07:13:54,OUT_OF_WINDOW
2789,100055.3,2026-06-22,,2026-06-22 07:20:36,OUT_OF_WINDOW
2791,100011.3,2026-06-22,,2026-06-22 06:25:58,OUT_OF_WINDOW
2800,100018.3,2026-06-22,,2026-06-22 07:46:14,OUT_OF_WINDOW
2815,100569.1,2026-06-22,,2026-06-22 09:35:14,OUT_OF_WINDOW
2816,100056.2,2026-06-20,,2026-06-20 14:18:17,OUT_OF_WINDOW
2818,100018.3,2026-06-22,,2026-06-22 09:46:41,OUT_OF_WINDOW
2836,100018.3,2026-06-22,,2026-06-22 11:46:41,OUT_OF_WINDOW
2845,100023.3,2026-06-22,,2026-06-22 07:13:54,OUT_OF_WINDOW
2847,100074.3,2026-06-22,,2026-06-22 13:03:56,OUT_OF_WINDOW
2850,100018.3,2026-06-22,,2026-06-22 13:49:04,OUT_OF_WINDOW
2856,100029.2,2026-06-22,,2026-06-22 14:10:28,OUT_OF_WINDOW
2860,100053.2,2026-06-22,,2026-06-22 14:17:02,OUT_OF_WINDOW
2865,100036.2,2026-06-22,,2026-06-22 15:03:02,OUT_OF_WINDOW
2868,100022.2,2026-06-22,,2026-06-22 15:46:30,OUT_OF_WINDOW
2875,100070.2,2026-06-22,,2026-06-22 16:52:21,OUT_OF_WINDOW
2879,100032.2,2026-06-22,,2026-06-22 18:30:26,OUT_OF_WINDOW
2919,100072.3,2026-06-22,,2026-06-22 14:09:14,OUT_OF_WINDOW
2921,100072.3,2026-06-23,,2026-06-23 04:39:16,OUT_OF_WINDOW
2927,100023.3,2026-06-23,,2026-06-23 04:21:31,OUT_OF_WINDOW
2964,100065.3,2026-06-23,,2026-06-23 03:00:32,OUT_OF_WINDOW
2996,100091.3,2026-06-23,,2026-06-23 06:16:52,OUT_OF_WINDOW
2998,100091.3,2026-06-23,,2026-06-23 08:27:31,OUT_OF_WINDOW
3000,100091.3,2026-06-23,,2026-06-23 10:27:59,OUT_OF_WINDOW
3005,100028.3,2026-06-23,,2026-06-23 11:34:40,OUT_OF_WINDOW
3006,100126.3,2026-06-23,,2026-06-23 11:44:26,OUT_OF_WINDOW
3015,100081.3,2026-06-23,,2026-06-23 13:19:20,OUT_OF_WINDOW
3020,100069.3,2026-06-23,,2026-06-23 13:31:04,OUT_OF_WINDOW
3021,100126.3,2026-06-23,,2026-06-23 13:44:54,OUT_OF_WINDOW
3024,100001.2,2026-06-23,,2026-06-23 14:01:55,OUT_OF_WINDOW
3026,100029.2,2026-06-23,,2026-06-23 14:03:12,OUT_OF_WINDOW
3028,100052.2,2026-06-23,,2026-06-23 14:07:10,OUT_OF_WINDOW
3029,100094.3,2026-06-23,,2026-06-23 14:09:48,OUT_OF_WINDOW
3032,100062.3,2026-06-23,,2026-06-23 14:44:16,OUT_OF_WINDOW
3040,100091.3,2026-06-23,,2026-06-23 12:33:20,OUT_OF_WINDOW
3042,100091.3,2026-06-23,,2026-06-23 14:34:02,OUT_OF_WINDOW
3045,100091.3,2026-06-23,,2026-06-23 16:34:42,OUT_OF_WINDOW
3048,100071.2,2026-06-23,,2026-06-23 17:05:30,OUT_OF_WINDOW
3049,100069.2,2026-06-23,,2026-06-23 17:06:14,OUT_OF_WINDOW
3064,100023.2,2026-06-23,,2026-06-23 17:39:15,OUT_OF_WINDOW
3069,100054.3,2026-06-23,,2026-06-23 17:56:16,OUT_OF_WINDOW
3077,100070.2,2026-06-24,2026-06-23,2026-06-23 19:33:30,
3078,100126.3,2026-06-23,,2026-06-23 15:46:11,OUT_OF_WINDOW
3080,100126.3,2026-06-23,,2026-06-23 17:46:37,OUT_OF_WINDOW
3083,100126.3,2026-06-24,,2026-06-23 19:47:27,OUT_OF_WINDOW
3085,100011.3,2026-06-24,2026-06-23,2026-06-23 20:11:23,
3086,100070.2,2026-06-24,2026-06-23,2026-06-23 20:34:05,
3087,100070.2,2026-06-24,2026-06-23,2026-06-23 21:34:08,
3088,100126.3,2026-06-24,,2026-06-23 21:47:41,OUT_OF_WINDOW
3089,100011.3,2026-06-24,2026-06-23,2026-06-23 22:13:02,
3090,100070.2,2026-06-24,2026-06-23,2026-06-23 22:34:56,
3091,100070.2,2026-06-24,2026-06-23,2026-06-23 23:35:51,
3092,100011.3,2026-06-24,,2026-06-24 00:23:17,OUT_OF_WINDOW
3093,100070.2,2026-06-24,2026-06-23,2026-06-24 00:37:10,
3094,100070.2,2026-06-24,,2026-06-24 01:38:25,OUT_OF_WINDOW
3097,100089.3,2026-06-23,,2026-06-23 14:21:01,OUT_OF_WINDOW
3100,100011.3,2026-06-24,,2026-06-24 02:28:55,OUT_OF_WINDOW
3117,100070.2,2026-06-24,,2026-06-24 02:49:09,OUT_OF_WINDOW
3119,100070.2,2026-06-24,,2026-06-24 04:03:24,OUT_OF_WINDOW
3124,100091.3,2026-06-23,,2026-06-23 18:54:02,OUT_OF_WINDOW
3126,100091.3,2026-06-24,,2026-06-23 21:09:41,OUT_OF_WINDOW
3133,100011.3,2026-06-24,,2026-06-24 04:36:05,OUT_OF_WINDOW
3139,100062.3,2026-06-23,,2026-06-23 14:49:35,OUT_OF_WINDOW
3143,100016.3,2026-06-24,,2026-06-24 04:52:49,OUT_OF_WINDOW
3183,100070.2,2026-06-24,,2026-06-24 06:03:57,OUT_OF_WINDOW
3191,100011.3,2026-06-24,,2026-06-24 06:42:09,OUT_OF_WINDOW
3206,100070.2,2026-06-24,,2026-06-24 07:05:41,OUT_OF_WINDOW
3208,100070.2,2026-06-24,,2026-06-24 08:06:10,OUT_OF_WINDOW
3213,100011.3,2026-06-24,,2026-06-24 08:46:57,OUT_OF_WINDOW
3215,100070.2,2026-06-24,,2026-06-24 09:10:05,OUT_OF_WINDOW
3233,100070.2,2026-06-24,,2026-06-24 10:12:42,OUT_OF_WINDOW
3248,100046.2,2026-06-24,,2026-06-24 11:11:55,OUT_OF_WINDOW
3249,100046.2,2026-06-24,,2026-06-24 11:12:18,OUT_OF_WINDOW
3254,100023.3,2026-06-24,,2026-06-24 12:29:09,OUT_OF_WINDOW
3256,100091.3,2026-06-24,,2026-06-24 06:47:36,OUT_OF_WINDOW
3258,100091.3,2026-06-24,,2026-06-24 08:49:20,OUT_OF_WINDOW
3261,100091.3,2026-06-24,,2026-06-24 10:49:32,OUT_OF_WINDOW
3265,100091.3,2026-06-24,,2026-06-24 12:54:43,OUT_OF_WINDOW
3266,100070.2,2026-06-24,,2026-06-24 11:31:34,OUT_OF_WINDOW
3268,100070.2,2026-06-24,,2026-06-24 12:35:28,OUT_OF_WINDOW
3271,100070.2,2026-06-24,,2026-06-24 13:35:44,OUT_OF_WINDOW
3274,100062.3,2026-06-24,,2026-06-24 13:38:16,OUT_OF_WINDOW
3279,100094.3,2026-06-24,,2026-06-24 14:10:08,OUT_OF_WINDOW
3280,100094.3,2026-06-24,,2026-06-24 14:10:32,OUT_OF_WINDOW
3283,100015.3,2026-06-24,,2026-06-24 14:21:44,OUT_OF_WINDOW
3286,100126.3,2026-06-24,,2026-06-24 13:05:16,OUT_OF_WINDOW
3288,100126.3,2026-06-24,,2026-06-24 15:05:24,OUT_OF_WINDOW
3289,100070.2,2026-06-24,,2026-06-24 11:31:34,OUT_OF_WINDOW
3291,100070.2,2026-06-24,,2026-06-24 12:35:28,OUT_OF_WINDOW
3294,100070.2,2026-06-24,,2026-06-24 13:35:44,OUT_OF_WINDOW
3298,100070.2,2026-06-24,,2026-06-24 14:39:05,OUT_OF_WINDOW
3303,100070.2,2026-06-24,,2026-06-24 15:39:31,OUT_OF_WINDOW
3305,100015.3,2026-06-24,,2026-06-24 16:22:26,OUT_OF_WINDOW
3313,100054.3,2026-06-24,,2026-06-24 16:30:19,OUT_OF_WINDOW
3314,100070.2,2026-06-24,,2026-06-24 16:40:35,OUT_OF_WINDOW
3315,100069.2,2026-06-24,,2026-06-24 16:59:16,OUT_OF_WINDOW
3317,100091.3,2026-06-24,,2026-06-24 14:55:03,OUT_OF_WINDOW
3319,100091.3,2026-06-24,,2026-06-24 17:01:59,OUT_OF_WINDOW
3320,100126.3,2026-06-24,,2026-06-24 17:05:31,OUT_OF_WINDOW
3323,100004.2,2026-06-24,,2026-06-24 17:17:28,OUT_OF_WINDOW
3324,100028.3,2026-06-24,,2026-06-24 17:23:15,OUT_OF_WINDOW
3325,100070.2,2026-06-24,,2026-06-24 17:44:07,OUT_OF_WINDOW
3326,100058.2,2026-06-24,,2026-06-24 18:06:07,OUT_OF_WINDOW
3327,100015.3,2026-06-24,,2026-06-24 18:31:19,OUT_OF_WINDOW
3328,100070.2,2026-06-24,,2026-06-24 18:48:01,OUT_OF_WINDOW
3329,100067.2,2026-06-25,,2026-06-24 19:01:29,OUT_OF_WINDOW
3331,100126.3,2026-06-25,,2026-06-24 19:06:01,OUT_OF_WINDOW
3332,100070.2,2026-06-25,,2026-06-24 19:49:07,OUT_OF_WINDOW
3335,100055.3,2026-06-25,,2026-06-24 19:58:02,OUT_OF_WINDOW
3336,100011.3,2026-06-25,,2026-06-24 20:06:58,OUT_OF_WINDOW
3337,100015.3,2026-06-24,,2026-06-24 18:31:19,OUT_OF_WINDOW
3339,100015.3,2026-06-25,,2026-06-24 20:31:44,OUT_OF_WINDOW
3340,100070.2,2026-06-25,,2026-06-24 20:55:04,OUT_OF_WINDOW
3341,100126.3,2026-06-25,,2026-06-24 21:06:49,OUT_OF_WINDOW
3342,100070.2,2026-06-25,,2026-06-24 21:55:43,OUT_OF_WINDOW
3343,100055.3,2026-06-25,,2026-06-24 21:58:06,OUT_OF_WINDOW
3346,100011.3,2026-06-25,,2026-06-24 22:50:21,OUT_OF_WINDOW
3347,100070.2,2026-06-25,,2026-06-24 23:40:12,OUT_OF_WINDOW
3348,100015.3,2026-06-25,,2026-06-25 00:43:20,OUT_OF_WINDOW
3349,100070.2,2026-06-25,,2026-06-25 00:50:03,OUT_OF_WINDOW
3350,100011.3,2026-06-25,,2026-06-25 00:50:49,OUT_OF_WINDOW
3354,100070.2,2026-06-25,,2026-06-25 01:55:16,OUT_OF_WINDOW
3359,100089.3,2026-06-25,,2026-06-25 03:34:41,OUT_OF_WINDOW
3360,100126.3,2026-06-25,,2026-06-25 03:35:22,OUT_OF_WINDOW
3361,100091.3,2026-06-25,,2026-06-24 19:02:13,OUT_OF_WINDOW
3363,100091.3,2026-06-25,,2026-06-25 03:39:39,OUT_OF_WINDOW
3368,100088.3,2026-06-24,,2026-06-24 17:29:23,OUT_OF_WINDOW
3376,100011.3,2026-06-25,,2026-06-25 04:51:23,OUT_OF_WINDOW
3383,100133.3,2026-06-25,,2026-06-25 06:02:19,OUT_OF_WINDOW
3385,100070.2,2026-06-25,,2026-06-25 03:56:00,OUT_OF_WINDOW
3387,100070.2,2026-06-25,,2026-06-25 06:11:45,OUT_OF_WINDOW
3389,100055.3,2026-06-25,,2026-06-25 00:13:46,OUT_OF_WINDOW
3391,100055.3,2026-06-25,,2026-06-25 02:19:43,OUT_OF_WINDOW
3394,100055.3,2026-06-25,,2026-06-25 04:46:28,OUT_OF_WINDOW
3398,100055.3,2026-06-25,,2026-06-25 06:46:48,OUT_OF_WINDOW
3399,100011.3,2026-06-25,,2026-06-25 07:03:01,OUT_OF_WINDOW
3400,100070.2,2026-06-25,,2026-06-25 07:12:34,OUT_OF_WINDOW
3401,100070.2,2026-06-25,,2026-06-25 08:13:29,OUT_OF_WINDOW
3405,100055.3,2026-06-25,,2026-06-25 08:47:16,OUT_OF_WINDOW
3406,100070.2,2026-06-25,,2026-06-25 09:17:09,OUT_OF_WINDOW
3407,100011.3,2026-06-25,,2026-06-25 09:17:40,OUT_OF_WINDOW
3408,100062.3,2026-06-24,,2026-06-24 13:43:35,OUT_OF_WINDOW
3409,100062.3,2026-06-25,,2026-06-25 09:24:47,OUT_OF_WINDOW
3418,100070.2,2026-06-25,,2026-06-25 10:22:45,OUT_OF_WINDOW
3421,100011.3,2026-06-25,,2026-06-25 11:17:46,OUT_OF_WINDOW
3422,100091.3,2026-06-25,,2026-06-25 05:40:12,OUT_OF_WINDOW
3424,100091.3,2026-06-25,,2026-06-25 11:46:01,OUT_OF_WINDOW
3426,100070.2,2026-06-25,,2026-06-25 11:29:55,OUT_OF_WINDOW
3428,100070.2,2026-06-25,,2026-06-25 12:33:12,OUT_OF_WINDOW
3429,100055.3,2026-06-25,,2026-06-25 10:51:04,OUT_OF_WINDOW
3431,100055.3,2026-06-25,,2026-06-25 12:52:48,OUT_OF_WINDOW
3432,100070.2,2026-06-25,,2026-06-25 13:33:49,OUT_OF_WINDOW
3433,100126.3,2026-06-25,,2026-06-25 14:24:56,OUT_OF_WINDOW
3434,100070.2,2026-06-25,,2026-06-25 14:34:19,OUT_OF_WINDOW
3439,100011.3,2026-06-25,,2026-06-25 13:23:34,OUT_OF_WINDOW
3441,100011.3,2026-06-25,,2026-06-25 15:26:44,OUT_OF_WINDOW
3442,100091.3,2026-06-25,,2026-06-25 13:47:43,OUT_OF_WINDOW
3444,100091.3,2026-06-25,,2026-06-25 15:48:02,OUT_OF_WINDOW
3445,100054.3,2026-06-25,,2026-06-25 16:43:04,OUT_OF_WINDOW
3446,100054.3,2026-06-25,,2026-06-25 16:48:51,OUT_OF_WINDOW
3447,100055.3,2026-06-25,,2026-06-25 14:55:10,OUT_OF_WINDOW
3449,100055.3,2026-06-25,,2026-06-25 16:56:39,OUT_OF_WINDOW
3450,100015.3,2026-06-25,,2026-06-25 02:44:44,OUT_OF_WINDOW
3452,100015.3,2026-06-25,,2026-06-25 04:58:41,OUT_OF_WINDOW
3455,100015.3,2026-06-25,,2026-06-25 07:16:49,OUT_OF_WINDOW
3459,100015.3,2026-06-25,,2026-06-25 09:17:19,OUT_OF_WINDOW
3464,100015.3,2026-06-25,,2026-06-25 11:19:16,OUT_OF_WINDOW
3470,100015.3,2026-06-25,,2026-06-25 13:19:31,OUT_OF_WINDOW
3477,100015.3,2026-06-25,,2026-06-25 17:22:51,OUT_OF_WINDOW
3478,100011.3,2026-06-25,,2026-06-25 17:39:38,OUT_OF_WINDOW
3479,100091.3,2026-06-25,,2026-06-25 17:48:28,OUT_OF_WINDOW
3480,100652.1,2026-06-25,,2026-06-25 17:53:48,OUT_OF_WINDOW
3481,100070.2,2026-06-25,,2026-06-25 15:43:52,OUT_OF_WINDOW
3483,100070.2,2026-06-25,,2026-06-25 16:50:46,OUT_OF_WINDOW
3486,100070.2,2026-06-25,,2026-06-25 17:54:34,OUT_OF_WINDOW
3488,100126.3,2026-06-25,,2026-06-25 16:25:42,OUT_OF_WINDOW
3490,100126.3,2026-06-25,,2026-06-25 18:26:23,OUT_OF_WINDOW
3491,100055.3,2026-06-25,,2026-06-25 18:58:30,OUT_OF_WINDOW
3492,100054.3,2026-06-26,,2026-06-25 19:10:37,OUT_OF_WINDOW
3493,100015.3,2026-06-26,,2026-06-25 19:42:42,OUT_OF_WINDOW
3494,100058.3,2026-06-26,,2026-06-25 20:06:18,OUT_OF_WINDOW
3496,100133.3,2026-06-26,,2026-06-25 20:45:04,OUT_OF_WINDOW
3498,100055.3,2026-06-26,,2026-06-25 21:02:09,OUT_OF_WINDOW
3499,100070.2,2026-06-26,,2026-06-25 19:01:09,OUT_OF_WINDOW
3501,100070.2,2026-06-26,,2026-06-25 20:04:49,OUT_OF_WINDOW
3504,100070.2,2026-06-26,,2026-06-25 21:08:18,OUT_OF_WINDOW
3508,100070.2,2026-06-26,,2026-06-25 22:10:30,OUT_OF_WINDOW
3509,100015.3,2026-06-26,,2026-06-25 22:45:09,OUT_OF_WINDOW
3510,100070.2,2026-06-26,,2026-06-25 23:25:05,OUT_OF_WINDOW
3511,100011.3,2026-06-26,,2026-06-25 19:42:28,OUT_OF_WINDOW
3513,100011.3,2026-06-26,,2026-06-25 23:56:13,OUT_OF_WINDOW
3514,100070.2,2026-06-26,,2026-06-26 00:30:42,OUT_OF_WINDOW
3516,100011.3,2026-06-26,,2026-06-26 01:56:17,OUT_OF_WINDOW
3517,100089.3,2026-06-26,,2026-06-26 03:00:34,OUT_OF_WINDOW
3526,100065.3,2026-06-26,,2026-06-26 03:54:52,OUT_OF_WINDOW
3527,100131.3,2026-06-26,,2026-06-26 03:55:05,OUT_OF_WINDOW
3528,100011.3,2026-06-26,,2026-06-26 04:01:09,OUT_OF_WINDOW
3529,100070.2,2026-06-26,,2026-06-26 02:08:53,OUT_OF_WINDOW
3531,100070.2,2026-06-26,,2026-06-26 04:09:04,OUT_OF_WINDOW
3532,100133.3,2026-06-26,,2026-06-26 04:29:25,OUT_OF_WINDOW
3534,100133.3,2026-06-26,,2026-06-26 04:54:23,OUT_OF_WINDOW
3535,100054.3,2026-06-26,,2026-06-25 21:35:56,OUT_OF_WINDOW
3537,100054.3,2026-06-26,,2026-06-26 00:47:58,OUT_OF_WINDOW
3540,100054.3,2026-06-26,,2026-06-26 04:27:12,OUT_OF_WINDOW
3542,100070.2,2026-06-26,,2026-06-26 05:10:08,OUT_OF_WINDOW
3547,100055.3,2026-06-26,,2026-06-26 00:55:06,OUT_OF_WINDOW
3549,100055.3,2026-06-26,,2026-06-26 03:39:36,OUT_OF_WINDOW
3551,100015.3,2026-06-26,,2026-06-26 05:19:30,OUT_OF_WINDOW
3555,100070.2,2026-06-26,,2026-06-26 06:10:11,OUT_OF_WINDOW
3556,100011.3,2026-06-26,,2026-06-26 06:34:53,OUT_OF_WINDOW
3557,100126.3,2026-06-26,,2026-06-26 00:09:19,OUT_OF_WINDOW
3559,100126.3,2026-06-26,,2026-06-26 04:51:49,OUT_OF_WINDOW
3562,100126.3,2026-06-26,,2026-06-26 06:52:10,OUT_OF_WINDOW
3563,100015.3,2026-06-26,,2026-06-26 07:29:42,OUT_OF_WINDOW
3565,100024.3,2026-06-26,,2026-06-26 08:00:46,OUT_OF_WINDOW
3566,100070.2,2026-06-26,,2026-06-26 07:15:04,OUT_OF_WINDOW
3568,100070.2,2026-06-26,,2026-06-26 08:15:07,OUT_OF_WINDOW
3569,100070.2,2026-06-26,,2026-06-26 09:19:15,OUT_OF_WINDOW
3572,100091.3,2026-06-26,,2026-06-26 04:11:39,OUT_OF_WINDOW
3574,100091.3,2026-06-26,,2026-06-26 06:16:38,OUT_OF_WINDOW
3577,100091.3,2026-06-26,,2026-06-26 08:25:43,OUT_OF_WINDOW
3579,100011.3,2026-06-26,,2026-06-26 08:46:10,OUT_OF_WINDOW
3581,100011.3,2026-06-26,,2026-06-26 10:52:20,OUT_OF_WINDOW
3582,100126.3,2026-06-26,,2026-06-26 08:52:19,OUT_OF_WINDOW
3584,100126.3,2026-06-26,,2026-06-26 10:52:46,OUT_OF_WINDOW
3585,100015.3,2026-06-26,,2026-06-26 09:34:39,OUT_OF_WINDOW
3587,100015.3,2026-06-26,,2026-06-26 11:40:25,OUT_OF_WINDOW
3591,100126.3,2026-06-26,,2026-06-26 12:54:35,OUT_OF_WINDOW
3592,100011.3,2026-06-26,,2026-06-26 12:56:05,OUT_OF_WINDOW
3596,100023.2,2026-06-26,,2026-06-26 13:18:06,OUT_OF_WINDOW
3598,100091.3,2026-06-26,,2026-06-26 12:33:58,OUT_OF_WINDOW
3600,100091.3,2026-06-26,,2026-06-26 14:34:31,OUT_OF_WINDOW
3601,100126.3,2026-06-26,,2026-06-26 14:56:00,OUT_OF_WINDOW
3602,100011.3,2026-06-26,,2026-06-26 15:05:18,OUT_OF_WINDOW
3603,100070.2,2026-06-26,,2026-06-26 10:36:05,OUT_OF_WINDOW
3605,100070.2,2026-06-26,,2026-06-26 11:41:46,OUT_OF_WINDOW
3608,100070.2,2026-06-26,,2026-06-26 12:44:29,OUT_OF_WINDOW
3612,100070.2,2026-06-26,,2026-06-26 14:02:02,OUT_OF_WINDOW
3617,100070.2,2026-06-26,,2026-06-26 15:18:54,OUT_OF_WINDOW
3618,100015.3,2026-06-26,,2026-06-26 13:43:29,OUT_OF_WINDOW
3620,100015.3,2026-06-26,,2026-06-26 15:50:04,OUT_OF_WINDOW
3622,100070.2,2026-06-26,,2026-06-26 16:18:59,OUT_OF_WINDOW
3624,100023.3,2026-06-26,,2026-06-26 16:34:11,OUT_OF_WINDOW
3625,100091.3,2026-06-26,,2026-06-26 16:35:15,OUT_OF_WINDOW
3626,100126.3,2026-06-26,,2026-06-26 16:56:23,OUT_OF_WINDOW
3627,100011.3,2026-06-26,,2026-06-26 17:12:32,OUT_OF_WINDOW
3628,100070.2,2026-06-26,,2026-06-26 17:25:52,OUT_OF_WINDOW
3630,100024.3,2026-06-26,,2026-06-26 18:36:47,OUT_OF_WINDOW
3631,100070.2,2026-06-26,,2026-06-26 18:45:04,OUT_OF_WINDOW
3632,100126.3,2026-06-26,,2026-06-26 18:57:01,OUT_OF_WINDOW
3633,100015.3,2026-06-26,,2026-06-26 17:51:26,OUT_OF_WINDOW
3634,100011.3,2026-06-27,,2026-06-26 19:15:53,OUT_OF_WINDOW
3635,100070.2,2026-06-27,,2026-06-26 19:45:08,OUT_OF_WINDOW
3636,100015.3,2026-06-27,,2026-06-26 19:52:00,OUT_OF_WINDOW
3639,100055.3,2026-06-27,,2026-06-26 19:56:02,OUT_OF_WINDOW
3641,100011.3,2026-06-27,,2026-06-26 21:26:06,OUT_OF_WINDOW
3642,100015.3,2026-06-27,,2026-06-26 22:02:13,OUT_OF_WINDOW
3643,100070.2,2026-06-27,,2026-06-26 20:45:11,OUT_OF_WINDOW
3645,100070.2,2026-06-27,,2026-06-26 22:03:35,OUT_OF_WINDOW
3648,100070.2,2026-06-27,,2026-06-26 22:43:34,OUT_OF_WINDOW
3649,100070.2,2026-06-27,,2026-06-26 22:52:56,OUT_OF_WINDOW
3650,100126.3,2026-06-27,,2026-06-26 20:58:42,OUT_OF_WINDOW
3652,100126.3,2026-06-27,,2026-06-26 22:59:29,OUT_OF_WINDOW
3653,100070.2,2026-06-27,,2026-06-26 23:53:37,OUT_OF_WINDOW
3654,100015.3,2026-06-27,,2026-06-27 00:40:33,OUT_OF_WINDOW
3655,100011.3,2026-06-27,,2026-06-27 00:57:51,OUT_OF_WINDOW
3656,100070.2,2026-06-27,,2026-06-27 01:04:10,OUT_OF_WINDOW
3659,100015.3,2026-06-27,,2026-06-27 02:50:00,OUT_OF_WINDOW
3675,100011.3,2026-06-27,,2026-06-27 04:02:33,OUT_OF_WINDOW
3676,100032.2,2026-06-24,,2026-06-24 17:25:09,OUT_OF_WINDOW
3678,100032.2,2026-06-26,,2026-06-25 19:21:53,OUT_OF_WINDOW
3679,100032.2,2026-06-24,,2026-06-24 17:25:09,OUT_OF_WINDOW
3681,100032.2,2026-06-26,,2026-06-25 19:21:53,OUT_OF_WINDOW
3691,100070.2,2026-06-27,,2026-06-27 04:34:04,OUT_OF_WINDOW
3719,100023.3,2026-06-27,,2026-06-27 05:15:53,OUT_OF_WINDOW
3721,100023.3,2026-06-27,,2026-06-27 05:16:24,OUT_OF_WINDOW
3736,100070.2,2026-06-27,,2026-06-27 05:50:05,OUT_OF_WINDOW
3737,100133.3,2026-06-27,,2026-06-27 05:50:57,OUT_OF_WINDOW
3741,100054.3,2026-06-27,,2026-06-27 06:00:52,OUT_OF_WINDOW
3743,100133.3,2026-06-27,,2026-06-27 06:01:27,OUT_OF_WINDOW
3756,100055.3,2026-06-27,,2026-06-26 19:56:02,OUT_OF_WINDOW
3759,100055.3,2026-06-27,,2026-06-26 22:31:47,OUT_OF_WINDOW
3763,100055.3,2026-06-27,,2026-06-27 00:33:54,OUT_OF_WINDOW
3768,100055.3,2026-06-27,,2026-06-27 02:34:54,OUT_OF_WINDOW
3774,100055.3,2026-06-27,,2026-06-27 04:35:26,OUT_OF_WINDOW
3781,100055.3,2026-06-27,,2026-06-27 06:36:03,OUT_OF_WINDOW
3783,100074.3,2026-06-27,,2026-06-27 06:40:37,OUT_OF_WINDOW
3785,100070.2,2026-06-27,,2026-06-27 06:52:45,OUT_OF_WINDOW
3790,100058.3,2026-06-27,,2026-06-27 07:12:38,OUT_OF_WINDOW
3800,100070.2,2026-06-27,,2026-06-27 07:54:43,OUT_OF_WINDOW
3804,100025.2,2026-06-27,,2026-06-27 08:13:53,OUT_OF_WINDOW
3810,100055.3,2026-06-27,,2026-06-27 08:36:18,OUT_OF_WINDOW
3811,100070.2,2026-06-27,,2026-06-27 08:54:48,OUT_OF_WINDOW
3824,100133.3,2026-06-27,,2026-06-27 10:33:35,OUT_OF_WINDOW
3825,100055.3,2026-06-27,,2026-06-27 10:37:59,OUT_OF_WINDOW
3827,100126.3,2026-06-27,,2026-06-27 11:05:02,OUT_OF_WINDOW
3833,100055.3,2026-06-27,,2026-06-27 12:38:20,OUT_OF_WINDOW
3834,100091.3,2026-06-27,,2026-06-27 06:21:03,OUT_OF_WINDOW
3836,100091.3,2026-06-27,,2026-06-27 10:47:40,OUT_OF_WINDOW
3839,100091.3,2026-06-27,,2026-06-27 12:47:45,OUT_OF_WINDOW
3843,100089.3,2026-06-27,,2026-06-27 13:42:22,OUT_OF_WINDOW
3844,100077.2,2026-06-27,,2026-06-27 13:44:08,OUT_OF_WINDOW
3846,100094.3,2026-06-27,,2026-06-27 13:57:46,OUT_OF_WINDOW
3848,100053.2,2026-06-27,,2026-06-27 13:57:08,OUT_OF_WINDOW
3849,100009.2,2026-06-27,,2026-06-27 14:01:07,OUT_OF_WINDOW
3852,100040.2,2026-06-27,,2026-06-27 14:07:02,OUT_OF_WINDOW
3859,100036.2,2026-06-27,,2026-06-27 14:21:08,OUT_OF_WINDOW
3861,100046.3,2026-06-27,,2026-06-27 14:38:25,OUT_OF_WINDOW
3862,100062.3,2026-06-27,,2026-06-27 14:39:19,OUT_OF_WINDOW
3863,100055.3,2026-06-27,,2026-06-27 14:39:32,OUT_OF_WINDOW
3864,100126.3,2026-06-27,,2026-06-27 13:05:19,OUT_OF_WINDOW
3866,100126.3,2026-06-27,,2026-06-27 15:06:03,OUT_OF_WINDOW
3871,100011.3,2026-06-27,,2026-06-27 16:21:03,OUT_OF_WINDOW
3872,100046.3,2026-06-27,,2026-06-27 16:42:08,OUT_OF_WINDOW
3873,100055.3,2026-06-27,,2026-06-27 16:42:47,OUT_OF_WINDOW
3876,100091.3,2026-06-27,,2026-06-27 15:01:10,OUT_OF_WINDOW
3878,100091.3,2026-06-27,,2026-06-27 17:03:02,OUT_OF_WINDOW
3879,100071.2,2026-06-27,,2026-06-27 17:03:07,OUT_OF_WINDOW
3880,100133.3,2026-06-27,,2026-06-27 17:03:30,OUT_OF_WINDOW
3882,100126.3,2026-06-27,,2026-06-27 17:06:50,OUT_OF_WINDOW
3883,100101.3,2026-06-27,,2026-06-27 17:10:17,OUT_OF_WINDOW
3884,100133.3,2026-06-27,,2026-06-27 17:15:17,OUT_OF_WINDOW
3885,100109.3,2026-06-27,,2026-06-27 17:16:35,OUT_OF_WINDOW
3886,100108.3,2026-06-27,,2026-06-27 17:20:34,OUT_OF_WINDOW
3888,100100.3,2026-06-27,,2026-06-27 17:25:35,OUT_OF_WINDOW
3889,100107.3,2026-06-27,,2026-06-27 17:27:30,OUT_OF_WINDOW
3891,100100.3,2026-06-27,,2026-06-27 17:34:41,OUT_OF_WINDOW
3892,100073.2,2026-06-27,,2026-06-27 17:38:02,OUT_OF_WINDOW
3893,100133.3,2026-06-27,,2026-06-27 17:40:00,OUT_OF_WINDOW
3894,100076.3,2026-06-27,,2026-06-27 17:40:42,OUT_OF_WINDOW
3896,100025.2,2026-06-27,,2026-06-27 17:44:53,OUT_OF_WINDOW
3898,100004.2,2026-06-27,,2026-06-27 18:10:10,OUT_OF_WINDOW
3899,100034.2,2026-06-27,,2026-06-27 18:12:15,OUT_OF_WINDOW
3901,100011.3,2026-06-27,,2026-06-27 18:25:31,OUT_OF_WINDOW
3903,100046.3,2026-06-27,,2026-06-27 18:42:38,OUT_OF_WINDOW
3904,100058.2,2026-06-27,,2026-06-27 18:46:16,OUT_OF_WINDOW
3911,100011.3,2026-06-28,,2026-06-27 20:30:46,OUT_OF_WINDOW
3912,100055.3,2026-06-27,,2026-06-27 18:45:58,OUT_OF_WINDOW
3914,100055.3,2026-06-28,,2026-06-27 20:53:36,OUT_OF_WINDOW
3915,100041.3,2026-06-28,,2026-06-27 21:57:05,OUT_OF_WINDOW
3916,100046.3,2026-06-28,,2026-06-27 20:43:43,OUT_OF_WINDOW
3918,100046.3,2026-06-28,,2026-06-27 22:58:58,OUT_OF_WINDOW
3919,100011.3,2026-06-28,,2026-06-27 23:42:35,OUT_OF_WINDOW
3920,100133.3,2026-06-28,,2026-06-28 01:37:46,OUT_OF_WINDOW
3923,100046.3,2026-06-28,,2026-06-28 01:49:01,OUT_OF_WINDOW
3924,100107.3,2026-06-28,,2026-06-28 01:49:42,OUT_OF_WINDOW
3927,100089.3,2026-06-28,,2026-06-28 02:00:42,OUT_OF_WINDOW
3929,100089.3,2026-06-28,,2026-06-28 02:00:42,OUT_OF_WINDOW
3932,100107.3,2026-06-28,,2026-06-28 02:40:26,OUT_OF_WINDOW
3938,100046.3,2026-06-28,,2026-06-28 03:52:14,OUT_OF_WINDOW
3939,100069.3,2026-06-28,,2026-06-28 04:22:57,OUT_OF_WINDOW
3944,100055.3,2026-06-28,,2026-06-28 04:35:31,OUT_OF_WINDOW
3950,100091.3,2026-06-28,,2026-06-28 03:56:23,OUT_OF_WINDOW
3955,100046.3,2026-06-28,,2026-06-28 06:01:47,OUT_OF_WINDOW
3956,100011.3,2026-06-28,,2026-06-28 03:43:33,OUT_OF_WINDOW
3958,100011.3,2026-06-28,,2026-06-28 06:53:22,OUT_OF_WINDOW
3960,100046.3,2026-06-28,,2026-06-28 08:10:59,OUT_OF_WINDOW
3962,100091.3,2026-06-28,,2026-06-28 05:57:11,OUT_OF_WINDOW
3964,100091.3,2026-06-28,,2026-06-28 08:12:58,OUT_OF_WINDOW
3965,100126.3,2026-06-28,,2026-06-27 19:07:12,OUT_OF_WINDOW
3967,100126.3,2026-06-28,,2026-06-28 06:25:07,OUT_OF_WINDOW
3970,100126.3,2026-06-28,,2026-06-28 08:25:09,OUT_OF_WINDOW
3971,100055.3,2026-06-28,,2026-06-28 06:39:03,OUT_OF_WINDOW
3973,100055.3,2026-06-28,,2026-06-28 08:40:34,OUT_OF_WINDOW
3974,100011.3,2026-06-28,,2026-06-28 08:54:05,OUT_OF_WINDOW
3979,100091.3,2026-06-28,,2026-06-28 10:13:02,OUT_OF_WINDOW
3981,100046.3,2026-06-28,,2026-06-28 10:28:40,OUT_OF_WINDOW
3982,100011.3,2026-06-28,,2026-06-28 10:55:18,OUT_OF_WINDOW
3983,100046.3,2026-06-28,,2026-06-28 12:29:17,OUT_OF_WINDOW
3984,100126.3,2026-06-28,,2026-06-28 10:25:11,OUT_OF_WINDOW
3986,100126.3,2026-06-28,,2026-06-28 12:30:15,OUT_OF_WINDOW
3987,100011.3,2026-06-28,,2026-06-28 13:01:01,OUT_OF_WINDOW
3988,100089.3,2026-06-28,,2026-06-28 14:11:26,OUT_OF_WINDOW
3989,100094.3,2026-06-28,,2026-06-28 14:12:06,OUT_OF_WINDOW
3990,100126.3,2026-06-28,,2026-06-28 14:34:15,OUT_OF_WINDOW
3991,100046.3,2026-06-28,,2026-06-28 14:38:33,OUT_OF_WINDOW
3992,100011.3,2026-06-28,,2026-06-28 15:02:15,OUT_OF_WINDOW
3995,100091.3,2026-06-28,,2026-06-28 12:19:55,OUT_OF_WINDOW
3997,100091.3,2026-06-28,,2026-06-28 14:20:39,OUT_OF_WINDOW
4000,100091.3,2026-06-28,,2026-06-28 16:20:58,OUT_OF_WINDOW
4003,100126.3,2026-06-28,,2026-06-28 16:34:34,OUT_OF_WINDOW
4004,100046.3,2026-06-28,,2026-06-28 16:39:28,OUT_OF_WINDOW
4006,100133.3,2026-06-28,,2026-06-28 16:51:43,OUT_OF_WINDOW
4009,100011.3,2026-06-28,,2026-06-28 17:03:21,OUT_OF_WINDOW
4015,100126.3,2026-06-28,,2026-06-28 18:40:47,OUT_OF_WINDOW
4016,100046.3,2026-06-28,,2026-06-28 18:41:59,OUT_OF_WINDOW
4017,100055.3,2026-06-28,,2026-06-28 16:46:42,OUT_OF_WINDOW
4019,100055.3,2026-06-28,,2026-06-28 18:48:01,OUT_OF_WINDOW
4021,100011.3,2026-06-29,,2026-06-28 19:18:12,OUT_OF_WINDOW
4024,100046.3,2026-06-29,,2026-06-28 20:43:46,OUT_OF_WINDOW
4025,100126.3,2026-06-29,,2026-06-28 20:45:05,OUT_OF_WINDOW
4026,100011.3,2026-06-29,,2026-06-28 21:31:24,OUT_OF_WINDOW
4027,100011.3,2026-06-29,,2026-06-28 23:33:36,OUT_OF_WINDOW
4028,100046.3,2026-06-29,,2026-06-29 00:11:24,OUT_OF_WINDOW
4029,100057.3,2026-06-29,,2026-06-29 01:39:32,OUT_OF_WINDOW
4030,100011.3,2026-06-29,,2026-06-29 01:41:22,OUT_OF_WINDOW
4031,100073.3,2026-06-23,,2026-06-23 02:20:32,OUT_OF_WINDOW
4034,100133.3,2026-06-29,,2026-06-29 02:04:36,OUT_OF_WINDOW
4036,100046.3,2026-06-29,,2026-06-29 02:11:26,OUT_OF_WINDOW
4051,100078.3,2026-06-29,,2026-06-29 03:17:44,OUT_OF_WINDOW
4052,100078.3,2026-06-29,,2026-06-29 03:17:44,OUT_OF_WINDOW
4056,100058.3,2026-06-29,,2026-06-29 03:24:35,OUT_OF_WINDOW
4058,100011.3,2026-06-29,,2026-06-29 03:45:54,OUT_OF_WINDOW
4071,100107.3,2026-06-29,,2026-06-29 04:25:59,OUT_OF_WINDOW
4075,100055.3,2026-06-29,,2026-06-28 21:36:23,OUT_OF_WINDOW
4077,100055.3,2026-06-29,,2026-06-28 23:46:05,OUT_OF_WINDOW
4080,100055.3,2026-06-29,,2026-06-29 01:46:59,OUT_OF_WINDOW
4084,100055.3,2026-06-29,,2026-06-29 03:47:07,OUT_OF_WINDOW
4089,100124.3,2026-06-29,,2026-06-29 04:47:13,OUT_OF_WINDOW
4095,100046.3,2026-06-29,,2026-06-29 04:55:04,OUT_OF_WINDOW
4105,100016.3,2026-06-29,,2026-06-29 05:07:37,OUT_OF_WINDOW
4142,100126.3,2026-06-29,,2026-06-29 02:04:13,OUT_OF_WINDOW
4144,100126.3,2026-06-29,,2026-06-29 04:07:22,OUT_OF_WINDOW
4145,100126.3,2026-06-29,,2026-06-29 02:04:13,OUT_OF_WINDOW
4147,100126.3,2026-06-29,,2026-06-29 04:07:22,OUT_OF_WINDOW
4148,100126.3,2026-06-29,,2026-06-29 02:04:13,OUT_OF_WINDOW
4150,100126.3,2026-06-29,,2026-06-29 04:07:22,OUT_OF_WINDOW
4169,100009.3,2026-06-29,,2026-06-29 06:55:01,OUT_OF_WINDOW
4170,100009.3,2026-06-29,,2026-06-29 06:56:22,OUT_OF_WINDOW
4184,100009.3,2026-06-29,,2026-06-29 07:41:38,OUT_OF_WINDOW
4189,100001.1,2026-06-29,,2026-06-29 08:06:00,OUT_OF_WINDOW
4190,100002.1,2026-06-29,,2026-06-29 08:07:56,OUT_OF_WINDOW
4205,100009.3,2026-06-29,,2026-06-29 09:43:54,OUT_OF_WINDOW
4206,100009.3,2026-06-29,,2026-06-29 09:43:54,OUT_OF_WINDOW
4209,100091.3,2026-06-28,,2026-06-28 18:32:02,OUT_OF_WINDOW
4211,100091.3,2026-06-29,,2026-06-29 05:56:56,OUT_OF_WINDOW
4214,100091.3,2026-06-29,,2026-06-29 08:13:54,OUT_OF_WINDOW
4218,100091.3,2026-06-29,,2026-06-29 10:14:13,OUT_OF_WINDOW
4222,100019.3,2026-06-16,,2026-06-16 10:57:08,OUT_OF_WINDOW
4223,100019.3,2026-06-29,,2026-06-29 10:48:45,OUT_OF_WINDOW
4224,100019.3,2026-06-16,,2026-06-16 10:57:08,OUT_OF_WINDOW
4244,100009.3,2026-06-29,,2026-06-29 13:11:03,OUT_OF_WINDOW
4248,100040.2,2026-06-29,,2026-06-29 14:04:24,OUT_OF_WINDOW
4249,100089.3,2026-06-29,,2026-06-29 14:05:09,OUT_OF_WINDOW
4250,100064.2,2026-06-29,,2026-06-29 14:06:15,OUT_OF_WINDOW
4251,100094.3,2026-06-29,,2026-06-29 14:07:26,OUT_OF_WINDOW
4256,100062.3,2026-06-27,,2026-06-27 14:44:37,OUT_OF_WINDOW
4258,100072.3,2026-06-29,,2026-06-29 14:19:17,OUT_OF_WINDOW
4262,100062.3,2026-06-29,,2026-06-29 14:33:29,OUT_OF_WINDOW
4263,100046.3,2026-06-29,,2026-06-29 14:37:12,OUT_OF_WINDOW
4266,100036.2,2026-06-29,,2026-06-29 15:00:02,OUT_OF_WINDOW
4267,100063.3,2026-06-21,,2026-06-21 15:19:01,OUT_OF_WINDOW
4268,100063.3,2026-06-21,,2026-06-21 15:19:01,OUT_OF_WINDOW
4270,100063.3,2026-06-29,,2026-06-29 15:01:31,OUT_OF_WINDOW
4280,100655.1,2026-06-29,,2026-06-29 16:17:56,OUT_OF_WINDOW
4282,100100.3,2026-06-29,,2026-06-29 16:27:21,OUT_OF_WINDOW
4283,100091.3,2026-06-29,,2026-06-29 12:19:27,OUT_OF_WINDOW
4285,100091.3,2026-06-29,,2026-06-29 14:26:47,OUT_OF_WINDOW
4288,100091.3,2026-06-29,,2026-06-29 16:30:13,OUT_OF_WINDOW
4289,100110.3,2026-06-29,,2026-06-29 16:30:55,OUT_OF_WINDOW
4291,100046.3,2026-06-29,,2026-06-29 16:44:24,OUT_OF_WINDOW
4292,100107.3,2026-06-29,,2026-06-29 16:45:33,OUT_OF_WINDOW
4293,100107.3,2026-06-29,,2026-06-29 16:46:17,OUT_OF_WINDOW
4302,100091.3,2026-06-29,,2026-06-29 18:30:23,OUT_OF_WINDOW
4304,100075.2,2026-06-29,,2026-06-29 18:31:33,OUT_OF_WINDOW
4305,100652.1,2026-06-29,,2026-06-29 18:41:00,OUT_OF_WINDOW
4306,100046.3,2026-06-30,,2026-06-29 19:14:41,OUT_OF_WINDOW
4311,100107.3,2026-06-30,,2026-06-29 20:20:38,OUT_OF_WINDOW
4313,100046.3,2026-06-30,,2026-06-29 21:16:00,OUT_OF_WINDOW
4319,100100.3,2026-06-30,,2026-06-30 02:12:24,OUT_OF_WINDOW
4320,100058.3,2026-06-30,,2026-06-30 02:40:26,OUT_OF_WINDOW
4322,100100.3,2026-06-30,,2026-06-30 02:44:12,OUT_OF_WINDOW
4327,100002.1,2026-06-30,,2026-06-30 04:54:57,OUT_OF_WINDOW
4336,100009.3,2026-06-30,,2026-06-30 03:08:39,OUT_OF_WINDOW
4338,100008.3,2026-06-30,,2026-06-30 05:01:56,OUT_OF_WINDOW
4353,100046.3,2026-06-30,,2026-06-30 03:11:58,OUT_OF_WINDOW
4355,100046.3,2026-06-30,,2026-06-30 05:12:17,OUT_OF_WINDOW
4374,100126.3,2026-06-29,,2026-06-29 13:49:11,OUT_OF_WINDOW
4383,100055.3,2026-06-30,2026-06-29,2026-06-29 19:25:31,
4386,100055.3,2026-06-30,,2026-06-29 22:58:21,OUT_OF_WINDOW
4390,100055.3,2026-06-30,,2026-06-30 03:39:16,OUT_OF_WINDOW
4395,100055.3,2026-06-30,,2026-06-30 05:40:24,OUT_OF_WINDOW
4396,100016.3,2026-06-30,,2026-06-30 05:42:51,OUT_OF_WINDOW
4414,100024.3,2026-06-30,,2026-06-30 04:19:21,OUT_OF_WINDOW
4426,100046.3,2026-06-30,,2026-06-30 07:15:42,OUT_OF_WINDOW
4444,100046.3,2026-06-30,,2026-06-30 09:17:24,OUT_OF_WINDOW
4463,100073.3,2026-06-30,,2026-06-30 11:23:27,OUT_OF_WINDOW
4464,100046.3,2026-06-30,,2026-06-30 11:24:42,OUT_OF_WINDOW
4477,100046.3,2026-06-30,,2026-06-30 13:25:57,OUT_OF_WINDOW
4484,100064.2,2026-06-30,,2026-06-30 14:02:23,OUT_OF_WINDOW
4489,100094.3,2026-06-30,,2026-06-30 14:09:37,OUT_OF_WINDOW
4490,100089.3,2026-06-30,,2026-06-30 14:10:03,OUT_OF_WINDOW
4491,100089.3,2026-06-30,,2026-06-30 14:10:03,OUT_OF_WINDOW
4499,100062.3,2026-06-30,,2026-06-30 14:36:08,OUT_OF_WINDOW
4507,100023.3,2026-06-30,,2026-06-30 04:25:20,OUT_OF_WINDOW
4509,100023.3,2026-06-30,,2026-06-30 06:28:06,OUT_OF_WINDOW
4510,100023.3,2026-06-30,,2026-06-30 14:59:37,OUT_OF_WINDOW
4511,100023.3,2026-06-30,,2026-06-30 14:59:47,OUT_OF_WINDOW
4512,100069.3,2026-06-30,,2026-06-30 15:06:32,OUT_OF_WINDOW
4513,100046.3,2026-06-30,,2026-06-30 15:31:38,OUT_OF_WINDOW
4516,100097.3,2026-06-30,,2026-06-30 15:59:13,OUT_OF_WINDOW
4517,100655.1,2026-06-30,,2026-06-30 16:00:29,OUT_OF_WINDOW
4518,100084.3,2026-06-30,,2026-06-30 16:05:01,OUT_OF_WINDOW
4519,100656.1,2026-06-30,,2026-06-30 16:05:32,OUT_OF_WINDOW
4520,100096.3,2026-06-30,,2026-06-30 16:06:08,OUT_OF_WINDOW
4521,100100.3,2026-06-30,,2026-06-30 16:06:12,OUT_OF_WINDOW
4522,100011.3,2026-06-30,,2026-06-30 16:10:04,OUT_OF_WINDOW
4524,100650.1,2026-06-30,,2026-06-30 16:14:16,OUT_OF_WINDOW
4525,100097.3,2026-06-30,,2026-06-30 16:18:28,OUT_OF_WINDOW
4526,100083.3,2026-06-30,,2026-06-30 16:21:01,OUT_OF_WINDOW
4527,100022.2,2026-06-30,,2026-06-30 16:27:22,OUT_OF_WINDOW
4532,100054.3,2026-06-30,,2026-06-30 04:34:40,OUT_OF_WINDOW
4535,100054.3,2026-06-30,,2026-06-30 04:34:40,OUT_OF_WINDOW
4538,100054.3,2026-06-30,,2026-06-30 16:50:50,OUT_OF_WINDOW
4541,100100.3,2026-06-30,,2026-06-30 17:04:42,OUT_OF_WINDOW
4542,100023.2,2026-06-30,,2026-06-30 17:05:26,OUT_OF_WINDOW
4543,100110.3,2026-06-30,,2026-06-30 17:07:24,OUT_OF_WINDOW
4545,100003.2,2026-06-30,,2026-06-30 17:41:00,OUT_OF_WINDOW
4546,100075.2,2026-06-30,,2026-06-30 17:42:01,OUT_OF_WINDOW
4548,100046.3,2026-06-30,,2026-06-30 17:49:17,OUT_OF_WINDOW
4549,100011.3,2026-06-30,,2026-06-30 18:10:25,OUT_OF_WINDOW
4550,100088.3,2026-06-30,,2026-06-30 18:11:18,OUT_OF_WINDOW
4552,100032.2,2026-06-30,,2026-06-30 18:27:11,OUT_OF_WINDOW
4554,100067.2,2026-06-30,,2026-06-30 18:36:58,OUT_OF_WINDOW
4555,100079.3,2026-06-30,,2026-06-30 18:36:59,OUT_OF_WINDOW
4556,100097.3,2026-06-30,,2026-06-30 18:38:33,OUT_OF_WINDOW
4557,100080.3,2026-06-30,,2026-06-30 18:38:54,OUT_OF_WINDOW
4562,100011.3,2026-07-01,,2026-06-30 20:10:39,OUT_OF_WINDOW
4563,100024.3,2026-07-01,,2026-06-30 19:24:37,OUT_OF_WINDOW
4565,100046.3,2026-07-01,,2026-06-30 20:06:13,OUT_OF_WINDOW
4567,100046.3,2026-07-01,,2026-06-30 22:08:23,OUT_OF_WINDOW
4568,100097.3,2026-07-01,,2026-06-30 20:53:35,OUT_OF_WINDOW
4569,100097.3,2026-07-01,,2026-06-30 23:18:35,OUT_OF_WINDOW
4570,100046.3,2026-07-01,,2026-07-01 00:09:42,OUT_OF_WINDOW
4571,100011.3,2026-07-01,,2026-06-30 22:10:49,OUT_OF_WINDOW
4573,100011.3,2026-07-01,,2026-07-01 00:13:06,OUT_OF_WINDOW
4574,100097.3,2026-07-01,,2026-07-01 01:18:38,OUT_OF_WINDOW
4576,100089.3,2026-07-01,,2026-07-01 01:53:41,OUT_OF_WINDOW
4580,100046.3,2026-07-01,,2026-07-01 02:10:59,OUT_OF_WINDOW
4583,100011.3,2026-07-01,,2026-07-01 02:13:46,OUT_OF_WINDOW
4596,100080.3,2026-06-29,,2026-06-29 18:46:44,OUT_OF_WINDOW
4598,100080.3,2026-06-30,,2026-06-30 03:56:36,OUT_OF_WINDOW
4601,100080.3,2026-06-30,,2026-06-30 06:02:56,OUT_OF_WINDOW
4605,100080.3,2026-06-30,,2026-06-30 11:32:38,OUT_OF_WINDOW
4610,100080.3,2026-06-30,,2026-06-30 13:39:31,OUT_OF_WINDOW
4616,100080.3,2026-06-30,,2026-06-30 15:57:46,OUT_OF_WINDOW
4623,100080.3,2026-06-30,,2026-06-30 18:11:39,OUT_OF_WINDOW
4626,100097.3,2026-07-01,,2026-07-01 03:38:39,OUT_OF_WINDOW
4644,100046.3,2026-07-01,,2026-07-01 04:14:37,OUT_OF_WINDOW
4674,100011.3,2026-07-01,,2026-07-01 05:08:14,OUT_OF_WINDOW
4708,100058.3,2026-07-01,,2026-07-01 06:39:55,OUT_OF_WINDOW
4719,100024.3,2026-07-01,,2026-07-01 07:06:46,OUT_OF_WINDOW
4741,100046.3,2026-07-01,,2026-07-01 06:28:24,OUT_OF_WINDOW
4745,100002.1,2026-07-01,,2026-07-01 14:00:00,OUT_OF_WINDOW
4757,100009.3,2026-07-01,,2026-07-01 09:01:18,OUT_OF_WINDOW
4767,100047.3,2026-07-01,,2026-07-01 09:56:35,OUT_OF_WINDOW
4788,100012.3,2026-07-01,,2026-07-01 13:04:14,OUT_OF_WINDOW
4795,100040.2,2026-07-01,,2026-07-01 14:04:29,OUT_OF_WINDOW
4798,100064.2,2026-07-01,,2026-07-01 14:06:39,OUT_OF_WINDOW
4801,100094.3,2026-07-01,,2026-07-01 14:10:23,OUT_OF_WINDOW
4803,100062.3,2026-06-30,,2026-06-30 14:41:26,OUT_OF_WINDOW
4807,100062.3,2026-07-01,,2026-07-01 14:28:21,OUT_OF_WINDOW
4811,100052.2,2026-07-01,,2026-07-01 14:45:03,OUT_OF_WINDOW
4812,100063.3,2026-07-01,,2026-07-01 14:48:14,OUT_OF_WINDOW
4814,100064.3,2026-07-01,,2026-07-01 15:00:38,OUT_OF_WINDOW
4815,100091.3,2026-07-01,,2026-07-01 15:02:21,OUT_OF_WINDOW
4821,100080.3,2026-07-01,,2026-07-01 14:28:46,OUT_OF_WINDOW
4823,100077.2,2026-07-01,,2026-07-01 15:39:38,OUT_OF_WINDOW
4826,100047.3,2026-07-01,,2026-07-01 16:06:18,OUT_OF_WINDOW
4827,100134.3,2026-07-01,,2026-07-01 16:15:19,OUT_OF_WINDOW
4829,100100.3,2026-07-01,,2026-07-01 16:28:53,OUT_OF_WINDOW
4830,100080.3,2026-07-01,,2026-07-01 16:34:48,OUT_OF_WINDOW
4836,100064.3,2026-07-01,,2026-07-01 17:01:19,OUT_OF_WINDOW
4837,100071.2,2026-07-01,,2026-07-01 17:05:10,OUT_OF_WINDOW
4841,100058.3,2026-07-01,,2026-07-01 17:36:02,OUT_OF_WINDOW
4845,100076.3,2026-07-01,,2026-07-01 17:51:16,OUT_OF_WINDOW
4848,100046.3,2026-07-01,,2026-07-01 18:14:26,OUT_OF_WINDOW
4849,100032.2,2026-07-01,,2026-07-01 18:27:20,OUT_OF_WINDOW
4850,100058.2,2026-07-01,,2026-07-01 18:41:13,OUT_OF_WINDOW
4852,100064.3,2026-07-02,,2026-07-01 19:11:01,OUT_OF_WINDOW
4853,100047.3,2026-07-01,,2026-07-01 18:07:12,OUT_OF_WINDOW
4855,100047.3,2026-07-02,,2026-07-01 20:44:28,OUT_OF_WINDOW
4856,100076.3,2026-07-02,,2026-07-01 20:47:11,OUT_OF_WINDOW
4857,100046.3,2026-07-02,,2026-07-01 20:16:56,OUT_OF_WINDOW
4859,100046.3,2026-07-02,,2026-07-01 22:18:34,OUT_OF_WINDOW
4860,100047.3,2026-07-02,,2026-07-01 22:44:50,OUT_OF_WINDOW
4861,100076.3,2026-07-02,,2026-07-01 23:01:57,OUT_OF_WINDOW
4862,100064.3,2026-07-02,,2026-07-01 23:59:09,OUT_OF_WINDOW
4863,100046.3,2026-07-02,,2026-07-02 00:18:48,OUT_OF_WINDOW
4864,100047.3,2026-07-02,,2026-07-02 00:51:07,OUT_OF_WINDOW
4867,100076.3,2026-07-02,,2026-07-02 01:06:08,OUT_OF_WINDOW
4869,100057.3,2026-07-02,,2026-07-02 01:25:40,OUT_OF_WINDOW
4875,100096.3,2026-07-02,,2026-07-02 02:00:22,OUT_OF_WINDOW
4879,100015.3,2026-07-02,,2026-07-02 02:26:01,OUT_OF_WINDOW
4882,100080.3,2026-07-01,,2026-07-01 18:48:08,OUT_OF_WINDOW
4885,100010.3,2026-07-01,,2026-07-01 15:21:09,OUT_OF_WINDOW
4886,100010.3,2026-07-02,,2026-07-02 02:49:44,OUT_OF_WINDOW
4888,100068.3,2026-07-02,,2026-07-02 02:57:52,OUT_OF_WINDOW
4900,100067.2,2026-07-02,,2026-07-02 03:18:46,OUT_OF_WINDOW
4903,100046.3,2026-07-02,,2026-07-02 02:18:51,OUT_OF_WINDOW
4922,100011.3,2026-07-02,,2026-07-02 04:12:54,OUT_OF_WINDOW
4927,100024.3,2026-07-02,,2026-07-02 04:21:17,OUT_OF_WINDOW
4932,100046.3,2026-07-02,,2026-07-02 04:25:53,OUT_OF_WINDOW
4976,100011.3,2026-07-02,,2026-07-02 06:14:43,OUT_OF_WINDOW
4981,100099.3,2026-07-02,,2026-07-02 06:22:06,OUT_OF_WINDOW
4987,100107.3,2026-07-02,,2026-07-02 07:00:13,OUT_OF_WINDOW
4998,100099.3,2026-07-02,,2026-07-02 07:17:04,OUT_OF_WINDOW
5006,100002.1,2026-07-01,,2026-07-01 09:00:00,OUT_OF_WINDOW
5008,100002.1,2026-07-01,,2026-07-01 09:05:00,OUT_OF_WINDOW
5012,100058.3,2026-07-02,,2026-07-02 08:32:24,OUT_OF_WINDOW
5015,100009.3,2026-07-02,,2026-07-02 09:01:34,OUT_OF_WINDOW
5024,100046.3,2026-07-02,,2026-07-02 06:25:59,OUT_OF_WINDOW
5026,100046.3,2026-07-02,,2026-07-02 08:41:47,OUT_OF_WINDOW
5029,100046.3,2026-07-02,,2026-07-02 10:43:24,OUT_OF_WINDOW
5030,100047.3,2026-07-02,,2026-07-02 04:48:33,OUT_OF_WINDOW
5032,100047.3,2026-07-02,,2026-07-02 10:57:32,OUT_OF_WINDOW
5036,100126.3,2026-07-02,,2026-07-02 11:43:19,OUT_OF_WINDOW
5046,100011.3,2026-07-02,,2026-07-02 08:34:13,OUT_OF_WINDOW
5048,100011.3,2026-07-02,,2026-07-02 10:39:35,OUT_OF_WINDOW
5051,100011.3,2026-07-02,,2026-07-02 12:41:32,OUT_OF_WINDOW
5052,100046.3,2026-07-02,,2026-07-02 12:44:14,OUT_OF_WINDOW
5053,100047.3,2026-07-02,,2026-07-02 12:58:04,OUT_OF_WINDOW
5059,100066.3,2026-07-02,,2026-07-02 13:10:26,OUT_OF_WINDOW
5060,100066.3,2026-07-02,,2026-07-02 13:17:58,OUT_OF_WINDOW
5062,100064.3,2026-07-02,,2026-07-02 13:31:34,OUT_OF_WINDOW
5066,100064.2,2026-07-02,,2026-07-02 14:03:38,OUT_OF_WINDOW
5068,100059.2,2026-07-02,,2026-07-02 14:06:06,OUT_OF_WINDOW
5072,100036.2,2026-07-02,,2026-07-02 14:30:21,OUT_OF_WINDOW
5077,100084.3,2026-07-02,,2026-07-02 16:07:13,OUT_OF_WINDOW
5078,100084.3,2026-07-02,,2026-07-02 16:18:08,OUT_OF_WINDOW
5079,100083.3,2026-07-02,,2026-07-02 16:23:16,OUT_OF_WINDOW
5082,100080.3,2026-07-02,,2026-07-02 10:52:37,OUT_OF_WINDOW
5084,100080.3,2026-07-02,,2026-07-02 13:02:04,OUT_OF_WINDOW
5087,100080.3,2026-07-02,,2026-07-02 15:02:09,OUT_OF_WINDOW
5088,100011.3,2026-07-02,,2026-07-02 14:41:59,OUT_OF_WINDOW
5090,100011.3,2026-07-02,,2026-07-02 16:42:38,OUT_OF_WINDOW
5091,100080.3,2026-07-02,,2026-07-02 10:52:37,OUT_OF_WINDOW
5093,100080.3,2026-07-02,,2026-07-02 13:02:04,OUT_OF_WINDOW
5096,100080.3,2026-07-02,,2026-07-02 15:02:09,OUT_OF_WINDOW
5103,100046.3,2026-07-02,,2026-07-02 14:46:42,OUT_OF_WINDOW
5105,100046.3,2026-07-02,,2026-07-02 16:55:34,OUT_OF_WINDOW
5106,100101.3,2026-07-02,,2026-07-02 16:58:55,OUT_OF_WINDOW
5107,100080.3,2026-07-02,,2026-07-02 17:02:19,OUT_OF_WINDOW
5110,100065.3,2026-07-02,,2026-07-02 17:03:39,OUT_OF_WINDOW
5111,100071.2,2026-07-02,,2026-07-02 17:04:04,OUT_OF_WINDOW
5112,100134.3,2026-07-02,,2026-07-02 17:06:50,OUT_OF_WINDOW
5115,100076.2,2026-07-02,,2026-07-02 17:29:05,OUT_OF_WINDOW
5116,100071.3,2026-07-02,,2026-07-02 17:30:46,OUT_OF_WINDOW
5117,100064.3,2026-07-02,,2026-07-02 15:34:42,OUT_OF_WINDOW
5119,100064.3,2026-07-02,,2026-07-02 17:37:39,OUT_OF_WINDOW
5121,100075.2,2026-07-02,,2026-07-02 17:58:22,OUT_OF_WINDOW
5619,100011.3,2026-07-02,,2026-07-02 18:47:31,OUT_OF_WINDOW
5620,100046.3,2026-07-03,,2026-07-02 19:04:51,OUT_OF_WINDOW
5621,100047.3,2026-07-02,,2026-07-02 14:58:21,OUT_OF_WINDOW
5623,100047.3,2026-07-02,,2026-07-02 17:00:56,OUT_OF_WINDOW
5626,100047.3,2026-07-03,,2026-07-02 19:05:42,OUT_OF_WINDOW
5628,100064.3,2026-07-03,,2026-07-02 19:38:08,OUT_OF_WINDOW
5629,100055.3,2026-07-03,,2026-07-02 20:17:27,OUT_OF_WINDOW
5630,100057.3,2026-07-03,,2026-07-02 20:31:41,OUT_OF_WINDOW
5631,100011.3,2026-07-03,,2026-07-02 20:48:18,OUT_OF_WINDOW
5632,100100.3,2026-07-03,,2026-07-02 20:50:43,OUT_OF_WINDOW
5634,100100.3,2026-07-03,,2026-07-02 21:01:01,OUT_OF_WINDOW
5635,100013.3,2026-07-03,,2026-07-02 21:02:32,OUT_OF_WINDOW
5636,100014.2,2026-07-03,,2026-07-02 21:32:35,OUT_OF_WINDOW
5637,100064.3,2026-07-03,,2026-07-02 21:41:25,OUT_OF_WINDOW
5638,100046.3,2026-07-03,,2026-07-02 22:09:15,OUT_OF_WINDOW
5639,100011.3,2026-07-03,,2026-07-02 22:55:02,OUT_OF_WINDOW
5640,100013.3,2026-07-03,,2026-07-02 23:03:14,OUT_OF_WINDOW
5641,100064.3,2026-07-03,,2026-07-02 23:41:57,OUT_OF_WINDOW
5643,100011.3,2026-07-03,,2026-07-03 00:56:35,OUT_OF_WINDOW
5645,100013.3,2026-07-03,,2026-07-03 01:03:22,OUT_OF_WINDOW
5646,100091.3,2026-07-03,,2026-07-03 01:25:54,OUT_OF_WINDOW
5650,100096.3,2026-07-03,,2026-07-03 01:59:53,OUT_OF_WINDOW
5654,100046.3,2026-07-03,,2026-07-03 00:19:37,OUT_OF_WINDOW
5656,100046.3,2026-07-03,,2026-07-03 02:20:14,OUT_OF_WINDOW
5657,100131.3,2026-07-03,,2026-07-03 02:35:47,OUT_OF_WINDOW
5658,100057.3,2026-07-03,,2026-07-03 02:46:57,OUT_OF_WINDOW
5661,100069.3,2026-07-02,,2026-07-02 14:52:09,OUT_OF_WINDOW
5662,100069.3,2026-07-03,,2026-07-03 02:52:55,OUT_OF_WINDOW
5667,100055.3,2026-07-03,,2026-07-02 23:25:29,OUT_OF_WINDOW
5669,100055.3,2026-07-03,,2026-07-03 01:25:34,OUT_OF_WINDOW
5672,100050.3,2026-07-03,,2026-07-03 03:11:53,OUT_OF_WINDOW
5701,100058.3,2026-07-03,,2026-07-03 04:07:17,OUT_OF_WINDOW
5711,100011.3,2026-07-03,,2026-07-03 04:23:16,OUT_OF_WINDOW
5715,100132.3,2026-07-03,,2026-07-03 04:26:31,OUT_OF_WINDOW
5717,100100.3,2026-07-03,,2026-07-03 04:33:01,OUT_OF_WINDOW
5725,100076.3,2026-07-02,,2026-07-02 15:03:40,OUT_OF_WINDOW
5730,100065.3,2026-07-02,,2026-07-02 15:02:00,OUT_OF_WINDOW
5732,100065.3,2026-07-03,,2026-07-03 04:42:15,OUT_OF_WINDOW
5734,100046.3,2026-07-03,,2026-07-03 04:43:57,OUT_OF_WINDOW
5749,100038.2,2026-07-03,,2026-07-03 05:13:54,OUT_OF_WINDOW
5777,100005.3,2026-07-03,,2026-07-03 05:54:53,OUT_OF_WINDOW
5779,100002.1,2026-07-03,,2026-07-03 05:56:00,OUT_OF_WINDOW
5787,100028.3,2026-07-03,,2026-07-03 06:21:41,OUT_OF_WINDOW
5791,100011.3,2026-07-03,,2026-07-03 06:29:57,OUT_OF_WINDOW
5801,100002.1,2026-07-03,,2026-07-03 07:01:20,OUT_OF_WINDOW
5810,100011.3,2026-07-03,,2026-07-03 07:22:20,OUT_OF_WINDOW
5978,100011.3,2026-07-03,,2026-07-03 09:23:23,OUT_OF_WINDOW
5995,100024.3,2026-07-02,,2026-07-02 16:16:38,OUT_OF_WINDOW
5996,100024.3,2026-07-03,,2026-07-03 10:53:40,OUT_OF_WINDOW
6004,100011.3,2026-07-03,,2026-07-03 11:24:08,OUT_OF_WINDOW
6005,100660.1,2026-07-03,,2026-07-03 11:24:27,OUT_OF_WINDOW
6012,100126.3,2026-07-03,,2026-07-03 12:22:24,OUT_OF_WINDOW
6019,100011.3,2026-07-03,,2026-07-03 13:24:53,OUT_OF_WINDOW
6023,100094.3,2026-07-03,,2026-07-03 14:00:06,OUT_OF_WINDOW
6027,100064.2,2026-07-03,,2026-07-03 14:04:01,OUT_OF_WINDOW
6029,100040.2,2026-07-03,,2026-07-03 14:09:09,OUT_OF_WINDOW
6034,100036.2,2026-07-03,,2026-07-03 14:36:32,OUT_OF_WINDOW
6035,100062.3,2026-07-03,,2026-07-03 14:36:32,OUT_OF_WINDOW
6039,100046.3,2026-07-03,,2026-07-03 08:30:39,OUT_OF_WINDOW
6041,100046.3,2026-07-03,,2026-07-03 10:36:07,OUT_OF_WINDOW
6044,100046.3,2026-07-03,,2026-07-03 12:36:32,OUT_OF_WINDOW
6048,100046.3,2026-07-03,,2026-07-03 14:59:33,OUT_OF_WINDOW
6049,100081.3,2026-07-03,,2026-07-03 15:07:20,OUT_OF_WINDOW
6050,100064.3,2026-07-03,,2026-07-03 13:12:20,OUT_OF_WINDOW
6052,100064.3,2026-07-03,,2026-07-03 15:22:36,OUT_OF_WINDOW
6054,100011.3,2026-07-03,,2026-07-03 15:29:52,OUT_OF_WINDOW
6055,100089.3,2026-07-03,,2026-07-03 15:39:53,OUT_OF_WINDOW
6056,100050.2,2026-07-03,,2026-07-03 15:49:10,OUT_OF_WINDOW
6062,100071.2,2026-07-03,,2026-07-03 16:59:05,OUT_OF_WINDOW
6065,100046.3,2026-07-03,,2026-07-03 17:17:20,OUT_OF_WINDOW
6066,100076.2,2026-07-03,,2026-07-03 17:28:50,OUT_OF_WINDOW
6067,100064.3,2026-07-03,,2026-07-03 17:30:43,OUT_OF_WINDOW
6068,100011.3,2026-07-03,,2026-07-03 17:30:51,OUT_OF_WINDOW
6072,100023.2,2026-07-03,,2026-07-03 18:28:18,OUT_OF_WINDOW
6073,100032.2,2026-07-03,,2026-07-03 18:49:07,OUT_OF_WINDOW
6074,100024.3,2026-07-04,,2026-07-03 19:15:05,OUT_OF_WINDOW
6075,100140.3,2026-07-04,,2026-07-03 19:22:17,OUT_OF_WINDOW
6076,100064.3,2026-07-04,,2026-07-03 19:40:03,OUT_OF_WINDOW
6077,100011.3,2026-07-04,,2026-07-03 19:47:28,OUT_OF_WINDOW
6078,100047.3,2026-07-04,,2026-07-03 20:39:00,OUT_OF_WINDOW
6079,100064.3,2026-07-04,,2026-07-03 21:40:14,OUT_OF_WINDOW
6080,100011.3,2026-07-04,,2026-07-03 21:59:19,OUT_OF_WINDOW
6081,100064.3,2026-07-04,,2026-07-03 23:40:15,OUT_OF_WINDOW
6082,100011.3,2026-07-04,,2026-07-04 00:01:50,OUT_OF_WINDOW
6088,100091.3,2026-07-04,,2026-07-04 02:01:44,OUT_OF_WINDOW
6091,100011.3,2026-07-04,,2026-07-04 02:04:46,OUT_OF_WINDOW
6099,100072.3,2026-07-05,,2026-07-05 03:02:51,OUT_OF_WINDOW
6102,100048.3,2026-07-04,,2026-07-03 19:32:08,OUT_OF_WINDOW
6103,100048.3,2026-07-04,,2026-07-04 03:06:25,OUT_OF_WINDOW
6111,100096.3,2026-07-03,,2026-07-03 16:55:41,OUT_OF_WINDOW
6112,100096.3,2026-07-04,,2026-07-04 03:32:01,OUT_OF_WINDOW
6117,100046.3,2026-07-04,,2026-07-03 19:26:08,OUT_OF_WINDOW
6119,100046.3,2026-07-04,,2026-07-03 23:13:58,OUT_OF_WINDOW
6122,100046.3,2026-07-04,,2026-07-04 01:34:35,OUT_OF_WINDOW
6126,100046.3,2026-07-04,,2026-07-04 03:39:31,OUT_OF_WINDOW
6130,100126.3,2026-07-03,,2026-07-03 14:23:03,OUT_OF_WINDOW
6142,100011.3,2026-07-04,,2026-07-04 04:06:35,OUT_OF_WINDOW
6145,100065.3,2026-07-04,,2026-07-04 04:13:31,OUT_OF_WINDOW
6150,100062.3,2026-07-03,,2026-07-03 14:41:52,OUT_OF_WINDOW
6151,100062.3,2026-07-04,,2026-07-04 04:34:48,OUT_OF_WINDOW
6155,100099.3,2026-07-04,,2026-07-04 04:43:53,OUT_OF_WINDOW
6173,100048.3,2026-07-04,,2026-07-04 05:09:27,OUT_OF_WINDOW
6187,100015.3,2026-07-04,,2026-07-04 05:24:45,OUT_OF_WINDOW
6198,100058.3,2026-07-04,,2026-07-04 06:03:39,OUT_OF_WINDOW
6212,100037.2,2026-07-04,,2026-07-04 06:35:59,OUT_OF_WINDOW
6218,100028.3,2026-07-04,,2026-07-04 07:15:46,OUT_OF_WINDOW
6266,100046.3,2026-07-04,,2026-07-04 05:51:29,OUT_OF_WINDOW
6268,100046.3,2026-07-04,,2026-07-04 08:00:01,OUT_OF_WINDOW
6271,100046.3,2026-07-04,,2026-07-04 10:07:53,OUT_OF_WINDOW
6280,100076.3,2026-07-04,,2026-07-04 10:57:19,OUT_OF_WINDOW
6289,100064.3,2026-07-04,,2026-07-04 13:19:40,OUT_OF_WINDOW
6292,100126.3,2026-07-04,,2026-07-04 11:40:07,OUT_OF_WINDOW
6294,100126.3,2026-07-04,,2026-07-04 13:41:17,OUT_OF_WINDOW
6295,100064.3,2026-07-04,,2026-07-04 13:41:20,OUT_OF_WINDOW
6299,100050.2,2026-07-04,,2026-07-04 14:03:21,OUT_OF_WINDOW
6300,100041.2,2026-07-04,,2026-07-04 14:04:02,OUT_OF_WINDOW
6301,100080.3,2026-07-04,,2026-07-04 14:04:47,OUT_OF_WINDOW
6304,100046.3,2026-07-04,,2026-07-04 14:11:43,OUT_OF_WINDOW
6310,100062.3,2026-07-04,,2026-07-04 14:28:08,OUT_OF_WINDOW
6323,100096.3,2026-07-04,,2026-07-04 15:05:28,OUT_OF_WINDOW
6324,100011.3,2026-07-04,,2026-07-04 15:39:14,OUT_OF_WINDOW
6326,100064.3,2026-07-04,,2026-07-04 15:41:24,OUT_OF_WINDOW
6327,100126.3,2026-07-04,,2026-07-04 15:41:37,OUT_OF_WINDOW
6331,100054.3,2026-07-04,,2026-07-04 16:06:29,OUT_OF_WINDOW
6332,100083.3,2026-07-04,,2026-07-04 16:11:16,OUT_OF_WINDOW
6333,100046.3,2026-07-04,,2026-07-04 16:11:57,OUT_OF_WINDOW
6335,100096.3,2026-07-04,,2026-07-04 16:18:27,OUT_OF_WINDOW
6342,100007.2,2026-07-04,,2026-07-04 17:26:34,OUT_OF_WINDOW
6343,100075.2,2026-07-04,,2026-07-04 17:37:22,OUT_OF_WINDOW
6344,100064.3,2026-07-04,,2026-07-04 17:44:49,OUT_OF_WINDOW
6346,100046.3,2026-07-04,,2026-07-04 18:13:10,OUT_OF_WINDOW
6347,100047.3,2026-07-04,,2026-07-04 18:14:29,OUT_OF_WINDOW
6348,100132.3,2026-07-04,,2026-07-04 18:24:01,OUT_OF_WINDOW
6350,100064.3,2026-07-05,,2026-07-04 19:44:52,OUT_OF_WINDOW
6351,100011.3,2026-07-04,,2026-07-04 17:50:24,OUT_OF_WINDOW
6353,100011.3,2026-07-05,,2026-07-04 20:02:49,OUT_OF_WINDOW
6354,100047.3,2026-07-05,,2026-07-04 20:16:14,OUT_OF_WINDOW
6355,100064.3,2026-07-05,,2026-07-04 21:45:27,OUT_OF_WINDOW
6356,100047.3,2026-07-05,,2026-07-04 22:16:21,OUT_OF_WINDOW
6357,100013.2,2026-07-05,,2026-07-04 22:17:12,OUT_OF_WINDOW
6358,100011.3,2026-07-05,,2026-07-04 22:47:39,OUT_OF_WINDOW
6359,100046.3,2026-07-05,,2026-07-04 20:19:42,OUT_OF_WINDOW
6361,100046.3,2026-07-05,,2026-07-04 23:15:58,OUT_OF_WINDOW
6362,100064.3,2026-07-05,,2026-07-04 23:45:29,OUT_OF_WINDOW
6363,100047.3,2026-07-05,,2026-07-05 00:16:53,OUT_OF_WINDOW
6364,100011.3,2026-07-05,,2026-07-05 00:48:40,OUT_OF_WINDOW
6366,100046.3,2026-07-05,,2026-07-05 01:17:32,OUT_OF_WINDOW
6367,100064.3,2026-07-05,,2026-07-05 01:45:30,OUT_OF_WINDOW
6368,100071.3,2026-07-05,,2026-07-05 01:50:32,OUT_OF_WINDOW
6370,100047.3,2026-07-05,,2026-07-05 02:16:56,OUT_OF_WINDOW
6371,100094.3,2026-07-05,,2026-07-05 02:53:52,OUT_OF_WINDOW
6372,100063.3,2026-07-05,,2026-07-05 03:04:08,OUT_OF_WINDOW
6375,100096.3,2026-07-05,,2026-07-05 03:35:50,OUT_OF_WINDOW
6377,100046.3,2026-07-05,,2026-07-05 03:36:52,OUT_OF_WINDOW
6382,100064.3,2026-07-05,,2026-07-05 03:46:01,OUT_OF_WINDOW
6387,100011.3,2026-07-05,,2026-07-05 04:16:00,OUT_OF_WINDOW
6389,100080.3,2026-07-05,,2026-07-04 19:03:57,OUT_OF_WINDOW
6391,100047.3,2026-07-05,,2026-07-05 04:21:10,OUT_OF_WINDOW
6400,100046.3,2026-07-05,,2026-07-05 05:37:02,OUT_OF_WINDOW
6403,100064.3,2026-07-05,,2026-07-05 05:53:53,OUT_OF_WINDOW
6404,100011.3,2026-07-05,,2026-07-05 06:17:47,OUT_OF_WINDOW
6405,100057.3,2026-07-05,,2026-07-05 06:25:53,OUT_OF_WINDOW
6406,100047.3,2026-07-05,,2026-07-05 06:25:58,OUT_OF_WINDOW
6408,100064.3,2026-07-05,,2026-07-05 07:53:59,OUT_OF_WINDOW
6409,100011.3,2026-07-05,,2026-07-05 08:21:04,OUT_OF_WINDOW
6410,100047.3,2026-07-05,,2026-07-05 08:30:20,OUT_OF_WINDOW
6411,100046.3,2026-07-05,,2026-07-05 07:37:29,OUT_OF_WINDOW
6413,100046.3,2026-07-05,,2026-07-05 09:43:36,OUT_OF_WINDOW
6414,100064.3,2026-07-05,,2026-07-05 09:54:00,OUT_OF_WINDOW
6419,100011.3,2026-07-05,,2026-07-05 10:33:47,OUT_OF_WINDOW
6420,100046.3,2026-07-05,,2026-07-05 11:44:32,OUT_OF_WINDOW
6421,100064.3,2026-07-05,,2026-07-05 11:59:41,OUT_OF_WINDOW
6428,100047.3,2026-07-05,,2026-07-05 10:32:29,OUT_OF_WINDOW
6430,100047.3,2026-07-05,,2026-07-05 12:32:49,OUT_OF_WINDOW
6431,100046.3,2026-07-05,,2026-07-05 13:59:35,OUT_OF_WINDOW
6432,100047.3,2026-07-05,,2026-07-05 14:34:04,OUT_OF_WINDOW
6433,100064.3,2026-07-05,,2026-07-05 14:35:01,OUT_OF_WINDOW
6434,100011.3,2026-07-05,,2026-07-05 12:35:13,OUT_OF_WINDOW
6436,100011.3,2026-07-05,,2026-07-05 14:45:32,OUT_OF_WINDOW
6438,100063.3,2026-07-05,,2026-07-05 15:00:00,OUT_OF_WINDOW
6439,100096.3,2026-07-05,,2026-07-05 05:36:50,OUT_OF_WINDOW
6441,100096.3,2026-07-05,,2026-07-05 08:08:04,OUT_OF_WINDOW
6444,100096.3,2026-07-05,,2026-07-05 11:06:33,OUT_OF_WINDOW
6448,100096.3,2026-07-05,,2026-07-05 13:31:50,OUT_OF_WINDOW
6453,100096.3,2026-07-05,,2026-07-05 15:41:14,OUT_OF_WINDOW
6456,100069.2,2026-07-05,,2026-07-05 16:12:22,OUT_OF_WINDOW
6458,100080.3,2026-07-05,,2026-07-05 10:18:37,OUT_OF_WINDOW
6460,100080.3,2026-07-05,,2026-07-05 12:22:11,OUT_OF_WINDOW
6463,100080.3,2026-07-05,,2026-07-05 16:34:07,OUT_OF_WINDOW
6464,100064.3,2026-07-05,,2026-07-05 16:35:30,OUT_OF_WINDOW
6469,100011.3,2026-07-05,,2026-07-05 16:47:18,OUT_OF_WINDOW
6476,100046.3,2026-07-05,,2026-07-05 18:24:15,OUT_OF_WINDOW
6477,100064.3,2026-07-05,,2026-07-05 18:48:22,OUT_OF_WINDOW
6478,100047.3,2026-07-05,,2026-07-05 16:40:07,OUT_OF_WINDOW
6480,100047.3,2026-07-05,,2026-07-05 18:49:04,OUT_OF_WINDOW
6481,100011.3,2026-07-05,,2026-07-05 18:52:08,OUT_OF_WINDOW
6482,100058.2,2026-07-05,,2026-07-05 18:56:09,OUT_OF_WINDOW
6485,100064.3,2026-07-06,,2026-07-05 20:48:26,OUT_OF_WINDOW
6486,100011.3,2026-07-06,,2026-07-05 21:08:28,OUT_OF_WINDOW
6487,100046.3,2026-07-06,,2026-07-05 22:22:17,OUT_OF_WINDOW
6488,100064.3,2026-07-06,,2026-07-05 22:48:28,OUT_OF_WINDOW
6489,100011.3,2026-07-06,,2026-07-05 23:55:33,OUT_OF_WINDOW
6490,100064.3,2026-07-06,,2026-07-06 00:52:02,OUT_OF_WINDOW
6493,100046.3,2026-07-06,,2026-07-06 01:14:55,OUT_OF_WINDOW
6498,100011.3,2026-07-06,,2026-07-06 01:56:02,OUT_OF_WINDOW
6504,100080.3,2026-07-06,2026-07-05,2026-07-05 19:03:51,
6506,100010.3,2026-07-06,,2026-07-06 02:51:13,OUT_OF_WINDOW
6507,100068.3,2026-07-06,,2026-07-06 02:56:48,OUT_OF_WINDOW
6516,100015.3,2026-07-06,,2026-07-06 03:13:19,OUT_OF_WINDOW
6518,100046.3,2026-07-06,,2026-07-06 03:15:13,OUT_OF_WINDOW
6527,100004.2,2026-07-06,,2026-07-06 03:29:17,OUT_OF_WINDOW
6535,100080.3,2026-07-06,2026-07-05,2026-07-06 03:51:00,
6553,100071.3,2026-07-06,,2026-07-06 04:23:51,OUT_OF_WINDOW
6560,100099.3,2026-07-06,,2026-07-06 04:32:07,OUT_OF_WINDOW
6561,100001.3,2026-07-06,,2026-07-06 04:34:35,OUT_OF_WINDOW
6563,100062.3,2026-07-04,,2026-07-04 14:33:29,OUT_OF_WINDOW
6583,100046.3,2026-07-06,,2026-07-06 05:17:52,OUT_OF_WINDOW
6603,100037.2,2026-07-06,,2026-07-06 05:53:38,OUT_OF_WINDOW
6604,100037.2,2026-07-06,,2026-07-06 05:53:38,OUT_OF_WINDOW
6620,100011.3,2026-07-06,,2026-07-06 04:45:01,OUT_OF_WINDOW
6622,100011.3,2026-07-06,,2026-07-06 06:47:28,OUT_OF_WINDOW
6630,100015.3,2026-07-06,,2026-07-06 07:20:57,OUT_OF_WINDOW
6632,100046.3,2026-07-06,,2026-07-06 07:25:04,OUT_OF_WINDOW
6646,100660.1,2026-07-01,,2026-07-01 09:00:00,OUT_OF_WINDOW
6648,100660.1,2026-07-01,,2026-07-01 09:05:00,OUT_OF_WINDOW
6649,100011.3,2026-07-06,,2026-07-06 08:53:40,OUT_OF_WINDOW
6672,100046.3,2026-07-06,,2026-07-06 09:30:36,OUT_OF_WINDOW
6674,100046.3,2026-07-06,,2026-07-06 11:30:55,OUT_OF_WINDOW
6684,100132.3,2026-07-05,,2026-07-05 17:22:28,OUT_OF_WINDOW
6686,100132.3,2026-07-06,,2026-07-06 02:32:16,OUT_OF_WINDOW
6689,100132.3,2026-07-06,,2026-07-06 04:34:58,OUT_OF_WINDOW
6693,100132.3,2026-07-06,,2026-07-06 07:29:53,OUT_OF_WINDOW
6698,100132.3,2026-07-06,,2026-07-06 09:36:35,OUT_OF_WINDOW
6704,100132.3,2026-07-06,,2026-07-06 12:02:04,OUT_OF_WINDOW
6714,100066.3,2026-07-06,,2026-07-06 13:14:41,OUT_OF_WINDOW
6715,100066.3,2026-07-06,,2026-07-06 13:23:15,OUT_OF_WINDOW
6716,100046.3,2026-07-06,,2026-07-06 13:33:03,OUT_OF_WINDOW
6725,100013.2,2026-07-06,,2026-07-06 14:01:30,OUT_OF_WINDOW
6727,100084.3,2026-07-06,,2026-07-06 14:03:52,OUT_OF_WINDOW
6729,100040.2,2026-07-06,,2026-07-06 14:06:15,OUT_OF_WINDOW
6735,100076.3,2026-07-06,,2026-07-06 14:26:08,OUT_OF_WINDOW
6741,100064.3,2026-07-06,,2026-07-06 12:46:58,OUT_OF_WINDOW
6743,100064.3,2026-07-06,,2026-07-06 14:52:08,OUT_OF_WINDOW
6744,100068.3,2026-07-06,,2026-07-06 14:55:51,OUT_OF_WINDOW
6745,100071.3,2026-07-06,,2026-07-06 14:57:40,OUT_OF_WINDOW
6748,100046.3,2026-07-06,,2026-07-06 15:48:28,OUT_OF_WINDOW
6749,100080.3,2026-07-06,,2026-07-06 14:31:45,OUT_OF_WINDOW
6752,100023.2,2026-07-06,,2026-07-06 16:16:04,OUT_OF_WINDOW
6754,100080.3,2026-07-06,,2026-07-06 16:31:51,OUT_OF_WINDOW
6759,100064.3,2026-07-06,,2026-07-06 16:52:36,OUT_OF_WINDOW
6760,100011.3,2026-07-06,,2026-07-06 16:58:56,OUT_OF_WINDOW
6761,100069.2,2026-07-06,,2026-07-06 17:02:06,OUT_OF_WINDOW
6768,100046.3,2026-07-06,,2026-07-06 17:48:49,OUT_OF_WINDOW
6770,100023.3,2026-07-06,,2026-07-06 14:04:19,OUT_OF_WINDOW
6772,100023.3,2026-07-06,,2026-07-06 18:05:00,OUT_OF_WINDOW
6775,100024.3,2026-07-06,,2026-07-06 16:13:25,OUT_OF_WINDOW
6778,100024.3,2026-07-06,,2026-07-06 18:13:48,OUT_OF_WINDOW
6779,100096.3,2026-07-06,,2026-07-06 18:30:07,OUT_OF_WINDOW
6780,100032.2,2026-07-06,,2026-07-06 18:43:37,OUT_OF_WINDOW
6782,100064.3,2026-07-07,,2026-07-06 19:02:26,OUT_OF_WINDOW
6783,100011.3,2026-07-07,,2026-07-06 19:07:07,OUT_OF_WINDOW
6784,100058.2,2026-07-07,,2026-07-06 19:11:24,OUT_OF_WINDOW
6785,100054.3,2026-07-07,,2026-07-06 19:35:50,OUT_OF_WINDOW
6787,100046.3,2026-07-07,,2026-07-06 19:51:18,OUT_OF_WINDOW
6788,100023.3,2026-07-07,,2026-07-06 20:05:18,OUT_OF_WINDOW
6789,100064.3,2026-07-07,,2026-07-06 21:07:50,OUT_OF_WINDOW
6790,100011.3,2026-07-07,,2026-07-06 22:05:53,OUT_OF_WINDOW
6796,100062.3,2026-07-07,,2026-07-07 03:52:06,OUT_OF_WINDOW
6830,100047.3,2026-07-07,,2026-07-07 03:16:44,OUT_OF_WINDOW
6833,100047.3,2026-07-07,,2026-07-07 05:25:32,OUT_OF_WINDOW
6838,100064.3,2026-07-07,,2026-07-06 23:07:51,OUT_OF_WINDOW
6840,100064.3,2026-07-07,,2026-07-07 01:08:30,OUT_OF_WINDOW
6843,100064.3,2026-07-07,,2026-07-07 03:17:26,OUT_OF_WINDOW
6847,100064.3,2026-07-07,,2026-07-07 05:31:55,OUT_OF_WINDOW
6850,100058.3,2026-07-07,,2026-07-07 05:36:16,OUT_OF_WINDOW
6851,100011.3,2026-07-07,,2026-07-07 00:06:15,OUT_OF_WINDOW
6853,100011.3,2026-07-07,,2026-07-07 02:08:28,OUT_OF_WINDOW
6856,100011.3,2026-07-07,,2026-07-07 04:17:13,OUT_OF_WINDOW
6863,100073.3,2026-07-07,,2026-07-07 02:01:57,OUT_OF_WINDOW
6865,100073.3,2026-07-07,,2026-07-07 02:03:20,OUT_OF_WINDOW
6866,100073.3,2026-07-07,,2026-07-07 05:48:44,OUT_OF_WINDOW
6879,100046.3,2026-07-07,,2026-07-06 22:20:20,OUT_OF_WINDOW
6881,100046.3,2026-07-07,,2026-07-07 00:21:50,OUT_OF_WINDOW
6884,100046.3,2026-07-07,,2026-07-07 02:42:14,OUT_OF_WINDOW
6888,100046.3,2026-07-07,,2026-07-07 04:46:23,OUT_OF_WINDOW
6893,100046.3,2026-07-07,,2026-07-07 06:46:47,OUT_OF_WINDOW
6902,100002.1,2026-07-07,,2026-07-07 07:11:04,OUT_OF_WINDOW
6910,100064.3,2026-07-07,,2026-07-07 07:33:22,OUT_OF_WINDOW
6920,100046.3,2026-07-07,,2026-07-07 08:58:38,OUT_OF_WINDOW
6963,100064.3,2026-07-07,,2026-07-07 09:33:30,OUT_OF_WINDOW
6965,100064.3,2026-07-07,,2026-07-07 11:44:00,OUT_OF_WINDOW
6968,100064.3,2026-07-07,,2026-07-07 13:52:21,OUT_OF_WINDOW
6971,100072.3,2026-07-08,,2026-07-08 02:11:33,OUT_OF_WINDOW
6978,100071.3,2026-07-07,,2026-07-07 02:00:11,OUT_OF_WINDOW
6979,100071.3,2026-07-07,,2026-07-07 14:00:42,OUT_OF_WINDOW
6980,100071.3,2026-07-07,,2026-07-07 14:01:36,OUT_OF_WINDOW
6981,100072.3,2026-07-07,,2026-07-07 14:01:55,OUT_OF_WINDOW
6982,100040.2,2026-07-07,,2026-07-07 14:02:10,OUT_OF_WINDOW
6984,100089.3,2026-07-07,,2026-07-07 14:01:26,OUT_OF_WINDOW
6987,100089.3,2026-07-07,,2026-07-07 14:04:47,OUT_OF_WINDOW
6988,100094.3,2026-07-07,,2026-07-07 14:05:12,OUT_OF_WINDOW
6989,100061.3,2026-07-07,,2026-07-07 14:05:47,OUT_OF_WINDOW
6990,100038.2,2026-07-07,,2026-07-07 14:19:28,OUT_OF_WINDOW
6994,100066.2,2026-07-07,,2026-07-07 14:25:20,OUT_OF_WINDOW
6996,100029.2,2026-07-07,,2026-07-07 14:30:05,OUT_OF_WINDOW
7002,100001.3,2026-07-07,,2026-07-07 03:11:48,OUT_OF_WINDOW
7003,100001.3,2026-07-07,,2026-07-07 14:43:56,OUT_OF_WINDOW
7004,100001.3,2026-07-07,,2026-07-07 14:47:16,OUT_OF_WINDOW
7008,100069.3,2026-07-07,,2026-07-07 02:56:29,OUT_OF_WINDOW
7011,100069.3,2026-07-07,,2026-07-07 02:56:29,OUT_OF_WINDOW
7014,100069.3,2026-07-07,,2026-07-07 15:03:44,OUT_OF_WINDOW
7015,100046.3,2026-07-07,,2026-07-07 08:58:38,OUT_OF_WINDOW
7017,100046.3,2026-07-07,,2026-07-07 10:59:21,OUT_OF_WINDOW
7020,100046.3,2026-07-07,,2026-07-07 15:13:24,OUT_OF_WINDOW
7021,100080.3,2026-07-07,,2026-07-07 03:35:04,OUT_OF_WINDOW
7022,100080.3,2026-07-07,,2026-07-07 15:14:31,OUT_OF_WINDOW
7023,100650.1,2026-07-07,,2026-07-07 15:14:52,OUT_OF_WINDOW
7024,100091.3,2026-07-07,,2026-07-07 15:27:27,OUT_OF_WINDOW
7025,100081.3,2026-07-07,,2026-07-07 15:28:00,OUT_OF_WINDOW
7026,100091.3,2026-07-07,,2026-07-07 03:22:35,OUT_OF_WINDOW
7028,100091.3,2026-07-07,,2026-07-07 15:33:05,OUT_OF_WINDOW
7031,100079.3,2026-07-07,,2026-07-07 15:49:03,OUT_OF_WINDOW
7032,100064.3,2026-07-07,,2026-07-07 15:52:59,OUT_OF_WINDOW
7034,100011.3,2026-07-07,,2026-07-07 16:01:13,OUT_OF_WINDOW
7035,100651.1,2026-07-07,,2026-07-07 16:03:26,OUT_OF_WINDOW
7037,100023.2,2026-07-07,,2026-07-07 16:14:29,OUT_OF_WINDOW
7038,100005.2,2026-07-07,,2026-07-07 16:15:44,OUT_OF_WINDOW
7041,100071.2,2026-07-07,,2026-07-07 17:00:19,OUT_OF_WINDOW
7042,100075.2,2026-07-07,,2026-07-07 17:03:27,OUT_OF_WINDOW
7043,100046.3,2026-07-07,,2026-07-07 17:19:39,OUT_OF_WINDOW
7044,100080.3,2026-07-06,,2026-07-06 18:40:21,OUT_OF_WINDOW
7046,100080.3,2026-07-07,,2026-07-07 09:24:30,OUT_OF_WINDOW
7049,100080.3,2026-07-07,,2026-07-07 11:37:10,OUT_OF_WINDOW
7053,100080.3,2026-07-07,,2026-07-07 14:00:38,OUT_OF_WINDOW
7058,100080.3,2026-07-07,,2026-07-07 16:08:27,OUT_OF_WINDOW
7060,100091.3,2026-07-07,,2026-07-07 17:33:35,OUT_OF_WINDOW
7061,100078.3,2026-07-07,,2026-07-07 17:36:20,OUT_OF_WINDOW
7062,100088.3,2026-07-07,,2026-07-07 17:40:02,OUT_OF_WINDOW
7064,100064.3,2026-07-07,,2026-07-07 17:54:50,OUT_OF_WINDOW
7065,100067.2,2026-07-07,,2026-07-07 17:56:05,OUT_OF_WINDOW
7066,100025.2,2026-07-07,,2026-07-07 17:56:39,OUT_OF_WINDOW
7067,100020.3,2026-07-07,,2026-07-07 14:00:40,OUT_OF_WINDOW
7069,100020.3,2026-07-07,,2026-07-07 16:00:44,OUT_OF_WINDOW
7072,100020.3,2026-07-07,,2026-07-07 18:00:57,OUT_OF_WINDOW
7073,100011.3,2026-07-07,,2026-07-07 18:04:27,OUT_OF_WINDOW
7074,100080.3,2026-07-07,,2026-07-07 18:09:05,OUT_OF_WINDOW
7075,100004.2,2026-07-07,,2026-07-07 18:10:35,OUT_OF_WINDOW
7076,100024.3,2026-07-07,,2026-07-07 18:27:55,OUT_OF_WINDOW
7078,100032.2,2026-07-07,,2026-07-07 18:30:16,OUT_OF_WINDOW
7079,100058.2,2026-07-07,,2026-07-07 04:09:23,OUT_OF_WINDOW
7080,100058.2,2026-07-07,,2026-07-07 18:35:26,OUT_OF_WINDOW
7081,100003.2,2026-07-07,,2026-07-07 18:46:01,OUT_OF_WINDOW
7082,100080.3,2026-07-07,,2026-07-07 18:55:23,OUT_OF_WINDOW
7083,100046.3,2026-07-08,,2026-07-07 19:19:52,OUT_OF_WINDOW
7085,100091.3,2026-07-07,,2026-07-07 17:33:35,OUT_OF_WINDOW
7087,100091.3,2026-07-08,,2026-07-07 19:34:07,OUT_OF_WINDOW
7090,100020.3,2026-07-08,,2026-07-07 20:01:08,OUT_OF_WINDOW
7092,100024.3,2026-07-08,,2026-07-07 20:47:42,OUT_OF_WINDOW
7093,100015.3,2026-07-08,,2026-07-07 21:02:54,OUT_OF_WINDOW
7094,100091.3,2026-07-08,,2026-07-07 21:34:13,OUT_OF_WINDOW
7095,100011.3,2026-07-08,,2026-07-07 22:41:41,OUT_OF_WINDOW
7096,100015.3,2026-07-08,,2026-07-07 23:05:04,OUT_OF_WINDOW
7097,100064.3,2026-07-08,,2026-07-08 00:12:05,OUT_OF_WINDOW
7098,100011.3,2026-07-08,,2026-07-08 00:47:40,OUT_OF_WINDOW
7101,100015.3,2026-07-08,,2026-07-08 01:05:22,OUT_OF_WINDOW
7104,100091.3,2026-07-08,,2026-07-07 23:49:03,OUT_OF_WINDOW
7106,100091.3,2026-07-08,,2026-07-08 01:49:33,OUT_OF_WINDOW
7107,100094.3,2026-07-07,,2026-07-07 01:53:01,OUT_OF_WINDOW
7109,100094.3,2026-07-07,,2026-07-07 03:56:58,OUT_OF_WINDOW
7115,100071.3,2026-07-08,,2026-07-08 02:21:58,OUT_OF_WINDOW
7121,100048.3,2026-07-07,,2026-07-07 03:12:57,OUT_OF_WINDOW
7122,100048.3,2026-07-08,,2026-07-08 02:50:28,OUT_OF_WINDOW
7124,100057.3,2026-07-07,,2026-07-07 01:21:21,OUT_OF_WINDOW
7126,100057.3,2026-07-07,,2026-07-07 01:21:25,OUT_OF_WINDOW
7129,100057.3,2026-07-07,,2026-07-07 01:21:31,OUT_OF_WINDOW
7133,100057.3,2026-07-07,,2026-07-07 01:21:37,OUT_OF_WINDOW
7135,100069.3,2026-07-08,,2026-07-08 02:56:29,OUT_OF_WINDOW
7144,100011.3,2026-07-08,,2026-07-08 03:15:31,OUT_OF_WINDOW
7145,100080.3,2026-07-08,,2026-07-08 03:19:05,OUT_OF_WINDOW
7173,100046.3,2026-07-08,,2026-07-07 22:09:12,OUT_OF_WINDOW
7175,100046.3,2026-07-08,,2026-07-08 00:09:46,OUT_OF_WINDOW
7178,100046.3,2026-07-08,,2026-07-08 02:10:15,OUT_OF_WINDOW
7182,100046.3,2026-07-08,,2026-07-08 04:13:14,OUT_OF_WINDOW
7186,100140.3,2026-07-07,,2026-07-07 04:26:16,OUT_OF_WINDOW
7194,100660.1,2026-07-08,,2026-07-08 04:50:46,OUT_OF_WINDOW
7222,100011.3,2026-07-08,,2026-07-08 05:18:33,OUT_OF_WINDOW
7238,100046.3,2026-07-08,,2026-07-08 06:15:23,OUT_OF_WINDOW
7267,100028.3,2026-07-08,,2026-07-08 08:09:53,OUT_OF_WINDOW
7269,100046.3,2026-07-08,,2026-07-08 08:20:24,OUT_OF_WINDOW
7273,100011.3,2026-07-08,,2026-07-08 07:25:47,OUT_OF_WINDOW
7275,100011.3,2026-07-08,,2026-07-08 09:26:31,OUT_OF_WINDOW
7284,100010.3,2026-07-07,,2026-07-07 02:53:57,OUT_OF_WINDOW
7286,100010.3,2026-07-07,,2026-07-07 12:22:35,OUT_OF_WINDOW
7290,100046.3,2026-07-08,,2026-07-08 08:20:24,OUT_OF_WINDOW
7292,100046.3,2026-07-08,,2026-07-08 10:25:45,OUT_OF_WINDOW
7295,100046.3,2026-07-08,,2026-07-08 12:26:17,OUT_OF_WINDOW
7299,100073.3,2026-07-08,,2026-07-08 13:14:23,OUT_OF_WINDOW
7307,100011.3,2026-07-08,,2026-07-08 11:28:13,OUT_OF_WINDOW
7309,100011.3,2026-07-08,,2026-07-08 13:38:45,OUT_OF_WINDOW
7318,100084.3,2026-07-08,,2026-07-08 14:05:57,OUT_OF_WINDOW
7319,100062.3,2026-07-07,,2026-07-07 14:39:21,OUT_OF_WINDOW
7320,100062.3,2026-07-08,,2026-07-08 14:45:09,OUT_OF_WINDOW
7336,100068.3,2026-07-08,,2026-07-08 14:56:42,OUT_OF_WINDOW
7337,100080.3,2026-07-08,,2026-07-08 15:04:35,OUT_OF_WINDOW
7339,100040.2,2026-07-08,,2026-07-08 15:17:32,OUT_OF_WINDOW
7341,100004.2,2026-07-08,,2026-07-08 15:18:14,OUT_OF_WINDOW
7345,100011.3,2026-07-08,,2026-07-08 15:41:02,OUT_OF_WINDOW
7347,100071.3,2026-07-08,,2026-07-08 15:51:57,OUT_OF_WINDOW
7358,100080.3,2026-07-08,,2026-07-08 14:11:08,OUT_OF_WINDOW
7363,100080.3,2026-07-08,,2026-07-08 16:11:42,OUT_OF_WINDOW
7365,100064.3,2026-07-08,,2026-07-08 16:32:25,OUT_OF_WINDOW
7394,100091.3,2026-07-08,,2026-07-08 15:23:33,OUT_OF_WINDOW
7400,100091.3,2026-07-08,,2026-07-08 17:23:37,OUT_OF_WINDOW
7401,100076.2,2026-07-08,,2026-07-08 17:29:03,OUT_OF_WINDOW
7402,100011.3,2026-07-08,,2026-07-08 17:42:55,OUT_OF_WINDOW
7404,100080.3,2026-07-08,,2026-07-08 18:10:56,OUT_OF_WINDOW
7411,100046.3,2026-07-08,,2026-07-08 14:26:20,OUT_OF_WINDOW
7413,100046.3,2026-07-08,,2026-07-08 18:35:26,OUT_OF_WINDOW
7414,100064.3,2026-07-08,,2026-07-08 18:40:49,OUT_OF_WINDOW
7415,100032.2,2026-07-08,,2026-07-08 18:55:09,OUT_OF_WINDOW
7416,100011.3,2026-07-09,,2026-07-08 19:46:40,OUT_OF_WINDOW
7417,100091.3,2026-07-09,,2026-07-08 19:23:54,OUT_OF_WINDOW
7419,100091.3,2026-07-09,,2026-07-08 21:25:19,OUT_OF_WINDOW
7420,100091.3,2026-07-09,,2026-07-08 19:23:54,OUT_OF_WINDOW
7422,100091.3,2026-07-09,,2026-07-08 21:25:19,OUT_OF_WINDOW
7425,100091.3,2026-07-09,,2026-07-08 21:25:51,OUT_OF_WINDOW
7426,100011.3,2026-07-09,,2026-07-08 22:01:53,OUT_OF_WINDOW
7431,100011.3,2026-07-09,,2026-07-09 01:44:32,OUT_OF_WINDOW
7433,100094.3,2026-07-09,,2026-07-09 01:58:44,OUT_OF_WINDOW
7434,100089.3,2026-07-09,,2026-07-09 02:03:21,OUT_OF_WINDOW
7440,100091.3,2026-07-09,,2026-07-09 00:42:28,OUT_OF_WINDOW
7442,100091.3,2026-07-09,,2026-07-09 02:43:08,OUT_OF_WINDOW
7443,100048.3,2026-07-09,,2026-07-09 02:49:09,OUT_OF_WINDOW
7458,100048.3,2026-07-09,,2026-07-09 03:12:02,OUT_OF_WINDOW
7475,100080.3,2026-07-09,,2026-07-09 03:41:11,OUT_OF_WINDOW
7488,100011.3,2026-07-09,,2026-07-09 01:48:32,OUT_OF_WINDOW
7490,100011.3,2026-07-09,,2026-07-09 04:08:34,OUT_OF_WINDOW
7492,100078.3,2026-07-09,,2026-07-09 04:09:07,OUT_OF_WINDOW
7493,100078.3,2026-07-09,,2026-07-09 04:09:07,OUT_OF_WINDOW
7499,100080.3,2026-07-09,,2026-07-09 04:26:38,OUT_OF_WINDOW
7511,100046.3,2026-07-09,,2026-07-08 22:04:36,OUT_OF_WINDOW
7513,100046.3,2026-07-09,,2026-07-09 00:54:17,OUT_OF_WINDOW
7516,100046.3,2026-07-09,,2026-07-09 02:55:10,OUT_OF_WINDOW
7520,100046.3,2026-07-09,,2026-07-09 04:55:39,OUT_OF_WINDOW
7521,100140.3,2026-07-09,,2026-07-09 04:55:42,OUT_OF_WINDOW
7571,100024.3,2026-07-09,,2026-07-09 06:43:24,OUT_OF_WINDOW
7574,100046.3,2026-07-09,,2026-07-09 06:57:34,OUT_OF_WINDOW
7581,100024.3,2026-07-09,,2026-07-09 06:43:24,OUT_OF_WINDOW
7596,100011.3,2026-07-09,,2026-07-09 06:09:14,OUT_OF_WINDOW
7598,100011.3,2026-07-09,,2026-07-09 08:16:15,OUT_OF_WINDOW
7606,100028.3,2026-07-05,,2026-07-05 09:54:33,OUT_OF_WINDOW
7609,100046.3,2026-07-09,,2026-07-09 06:57:34,OUT_OF_WINDOW
7611,100046.3,2026-07-09,,2026-07-09 08:58:41,OUT_OF_WINDOW
7621,100080.3,2026-07-09,,2026-07-09 06:00:13,OUT_OF_WINDOW
7623,100080.3,2026-07-09,,2026-07-09 10:09:15,OUT_OF_WINDOW
7630,100046.3,2026-07-09,,2026-07-09 11:06:04,OUT_OF_WINDOW
7637,100126.3,2026-07-09,,2026-07-09 11:40:14,OUT_OF_WINDOW
7639,100660.1,2026-07-09,,2026-07-09 12:08:19,OUT_OF_WINDOW
7642,100080.3,2026-07-09,,2026-07-09 12:25:55,OUT_OF_WINDOW
7647,100046.3,2026-07-09,,2026-07-09 13:07:11,OUT_OF_WINDOW
7650,100058.2,2026-07-09,,2026-07-09 13:12:12,OUT_OF_WINDOW
7655,100084.3,2026-07-09,,2026-07-09 14:02:20,OUT_OF_WINDOW
7661,100009.2,2026-07-09,,2026-07-09 14:33:28,OUT_OF_WINDOW
7666,100046.2,2026-07-09,,2026-07-09 14:40:08,OUT_OF_WINDOW
7667,100015.3,2026-07-09,,2026-07-09 05:24:22,OUT_OF_WINDOW
7668,100015.3,2026-07-09,,2026-07-09 14:43:34,OUT_OF_WINDOW
7706,100091.3,2026-07-09,,2026-07-09 15:09:39,OUT_OF_WINDOW
7707,100064.3,2026-07-09,,2026-07-09 15:10:58,OUT_OF_WINDOW
7709,100011.3,2026-07-09,,2026-07-09 15:34:28,OUT_OF_WINDOW
7711,100046.3,2026-07-09,,2026-07-09 15:41:14,OUT_OF_WINDOW
7712,100655.1,2026-07-09,,2026-07-09 16:07:13,OUT_OF_WINDOW
7713,100070.2,2026-07-09,,2026-07-09 16:33:53,OUT_OF_WINDOW
7714,100028.3,2026-07-09,,2026-07-09 16:48:34,OUT_OF_WINDOW
7715,100071.2,2026-07-09,,2026-07-09 17:01:06,OUT_OF_WINDOW
7718,100023.2,2026-07-09,,2026-07-09 17:06:33,OUT_OF_WINDOW
7719,100075.2,2026-07-09,,2026-07-09 17:11:25,OUT_OF_WINDOW
7720,100064.3,2026-07-09,,2026-07-09 17:11:31,OUT_OF_WINDOW
7721,100091.3,2026-07-09,,2026-07-09 17:17:01,OUT_OF_WINDOW
7722,100011.3,2026-07-09,,2026-07-09 17:38:56,OUT_OF_WINDOW
7723,100080.3,2026-07-09,,2026-07-09 14:32:34,OUT_OF_WINDOW
7725,100080.3,2026-07-09,,2026-07-09 16:32:39,OUT_OF_WINDOW
7726,100126.3,2026-07-09,,2026-07-09 15:41:58,OUT_OF_WINDOW
7728,100126.3,2026-07-09,,2026-07-09 17:46:46,OUT_OF_WINDOW
7729,100046.3,2026-07-09,,2026-07-09 17:49:06,OUT_OF_WINDOW
7730,100058.3,2026-07-09,,2026-07-09 18:15:04,OUT_OF_WINDOW
7731,100080.3,2026-07-09,,2026-07-09 18:15:46,OUT_OF_WINDOW
7733,100080.3,2026-07-09,,2026-07-09 18:22:24,OUT_OF_WINDOW
7735,100080.3,2026-07-09,,2026-07-09 18:32:44,OUT_OF_WINDOW
7736,100058.2,2026-07-09,,2026-07-09 18:35:28,OUT_OF_WINDOW
7738,100064.3,2026-07-10,,2026-07-09 19:12:06,OUT_OF_WINDOW
7741,100011.3,2026-07-10,,2026-07-09 19:39:50,OUT_OF_WINDOW
7742,100070.2,2026-07-09,,2026-07-09 17:37:08,OUT_OF_WINDOW
7744,100070.2,2026-07-09,,2026-07-09 18:39:14,OUT_OF_WINDOW
7747,100070.2,2026-07-10,,2026-07-09 19:42:40,OUT_OF_WINDOW
7748,100126.3,2026-07-10,,2026-07-09 19:46:59,OUT_OF_WINDOW
7749,100046.3,2026-07-10,,2026-07-09 19:53:53,OUT_OF_WINDOW
7752,100080.3,2026-07-10,,2026-07-09 20:24:18,OUT_OF_WINDOW
7753,100070.2,2026-07-10,,2026-07-09 20:43:19,OUT_OF_WINDOW
7754,100064.3,2026-07-10,,2026-07-09 21:13:25,OUT_OF_WINDOW
7755,100011.3,2026-07-10,,2026-07-09 21:40:06,OUT_OF_WINDOW
7756,100080.3,2026-07-10,,2026-07-09 22:24:24,OUT_OF_WINDOW
7757,100070.2,2026-07-10,,2026-07-09 21:46:25,OUT_OF_WINDOW
7759,100070.2,2026-07-10,,2026-07-09 22:46:38,OUT_OF_WINDOW
7760,100064.3,2026-07-10,,2026-07-09 23:14:04,OUT_OF_WINDOW
7761,100080.3,2026-07-10,,2026-07-10 00:25:25,OUT_OF_WINDOW
7762,100070.2,2026-07-10,,2026-07-10 00:50:23,OUT_OF_WINDOW
7767,100011.3,2026-07-10,,2026-07-09 23:41:53,OUT_OF_WINDOW
7769,100011.3,2026-07-10,,2026-07-10 01:43:01,OUT_OF_WINDOW
7770,100096.3,2026-07-10,,2026-07-10 01:53:39,OUT_OF_WINDOW
7776,100071.3,2026-07-09,,2026-07-09 14:08:05,OUT_OF_WINDOW
7780,100080.3,2026-07-10,,2026-07-10 02:25:30,OUT_OF_WINDOW
7781,100126.3,2026-07-10,,2026-07-10 02:26:05,OUT_OF_WINDOW
7784,100010.3,2026-07-10,,2026-07-10 02:39:29,OUT_OF_WINDOW
7788,100048.3,2026-07-10,,2026-07-10 02:54:21,OUT_OF_WINDOW
7790,100068.3,2026-07-10,,2026-07-10 02:55:49,OUT_OF_WINDOW
7793,100068.3,2026-07-10,,2026-07-10 03:02:36,OUT_OF_WINDOW
7801,100046.3,2026-07-10,,2026-07-09 23:19:09,OUT_OF_WINDOW
7803,100046.3,2026-07-10,,2026-07-10 01:33:05,OUT_OF_WINDOW
7806,100046.3,2026-07-10,,2026-07-10 03:44:00,OUT_OF_WINDOW
7815,100070.2,2026-07-10,,2026-07-10 02:50:48,OUT_OF_WINDOW
7817,100070.2,2026-07-10,,2026-07-10 03:52:43,OUT_OF_WINDOW
7822,100011.3,2026-07-10,,2026-07-10 04:02:57,OUT_OF_WINDOW
7843,100070.2,2026-07-10,,2026-07-10 04:52:58,OUT_OF_WINDOW
7850,100068.3,2026-07-10,,2026-07-10 05:12:09,OUT_OF_WINDOW
7867,100046.3,2026-07-10,,2026-07-10 05:44:22,OUT_OF_WINDOW
7870,100070.2,2026-07-10,,2026-07-10 05:53:16,OUT_OF_WINDOW
7875,100011.3,2026-07-10,,2026-07-10 06:10:55,OUT_OF_WINDOW
7883,100068.3,2026-07-10,,2026-07-10 07:12:14,OUT_OF_WINDOW
7891,100023.3,2026-07-10,,2026-07-10 08:21:57,OUT_OF_WINDOW
7895,100070.2,2026-07-10,,2026-07-10 06:55:04,OUT_OF_WINDOW
7897,100070.2,2026-07-10,,2026-07-10 08:05:05,OUT_OF_WINDOW
7900,100070.2,2026-07-10,,2026-07-10 09:05:13,OUT_OF_WINDOW
7904,100068.3,2026-07-10,,2026-07-10 09:29:14,OUT_OF_WINDOW
7906,100009.3,2026-07-10,,2026-07-10 09:38:13,OUT_OF_WINDOW
7908,100076.2,2026-07-10,,2026-07-10 09:52:40,OUT_OF_WINDOW
7917,100011.3,2026-07-10,,2026-07-10 08:39:57,OUT_OF_WINDOW
7919,100011.3,2026-07-10,,2026-07-10 10:48:43,OUT_OF_WINDOW
7928,100068.3,2026-07-10,,2026-07-10 11:30:10,OUT_OF_WINDOW
7932,100046.3,2026-07-10,,2026-07-10 07:44:26,OUT_OF_WINDOW
7934,100046.3,2026-07-10,,2026-07-10 09:53:56,OUT_OF_WINDOW
7937,100046.3,2026-07-10,,2026-07-10 12:14:30,OUT_OF_WINDOW
7942,100011.3,2026-07-10,,2026-07-10 12:56:54,OUT_OF_WINDOW
7945,100064.3,2026-07-10,,2026-07-10 13:25:24,OUT_OF_WINDOW
7948,100077.2,2026-07-09,,2026-07-09 16:20:08,OUT_OF_WINDOW
7950,100068.3,2026-07-10,,2026-07-10 13:43:54,OUT_OF_WINDOW
7960,100046.3,2026-07-10,,2026-07-10 14:14:40,OUT_OF_WINDOW
7961,100040.2,2026-07-10,,2026-07-10 14:21:04,OUT_OF_WINDOW
7962,100036.2,2026-07-10,,2026-07-10 14:29:32,OUT_OF_WINDOW
7964,100009.2,2026-07-10,,2026-07-10 14:50:30,OUT_OF_WINDOW
7977,100080.3,2026-07-10,,2026-07-10 15:10:34,OUT_OF_WINDOW
7978,100004.2,2026-07-10,,2026-07-10 15:14:12,OUT_OF_WINDOW
7996,100091.3,2026-07-10,,2026-07-10 15:29:53,OUT_OF_WINDOW
7999,100050.2,2026-07-10,,2026-07-10 15:42:27,OUT_OF_WINDOW
8001,100068.3,2026-07-10,,2026-07-10 15:44:56,OUT_OF_WINDOW
8002,100655.1,2026-07-10,,2026-07-10 16:00:19,OUT_OF_WINDOW
8003,100084.3,2026-07-10,,2026-07-10 16:12:23,OUT_OF_WINDOW
8005,100046.3,2026-07-10,,2026-07-10 16:17:23,OUT_OF_WINDOW
8008,100080.3,2026-07-10,,2026-07-10 14:28:14,OUT_OF_WINDOW
8011,100080.3,2026-07-10,,2026-07-10 16:28:45,OUT_OF_WINDOW
8013,100023.2,2026-07-10,,2026-07-10 16:38:38,OUT_OF_WINDOW
8015,100075.2,2026-07-10,,2026-07-10 17:00:17,OUT_OF_WINDOW
8017,100067.2,2026-07-10,,2026-07-10 17:08:21,OUT_OF_WINDOW
8018,100011.3,2026-07-10,,2026-07-10 15:05:56,OUT_OF_WINDOW
8020,100011.3,2026-07-10,,2026-07-10 17:12:04,OUT_OF_WINDOW
8022,100091.3,2026-07-10,,2026-07-10 17:30:48,OUT_OF_WINDOW
8023,100068.3,2026-07-10,,2026-07-10 17:55:49,OUT_OF_WINDOW
8038,100012.3,2026-07-10,,2026-07-10 16:55:45,OUT_OF_WINDOW
8039,100032.2,2026-07-10,,2026-07-10 18:47:15,OUT_OF_WINDOW
8040,100080.3,2026-07-10,,2026-07-10 18:40:52,OUT_OF_WINDOW
8041,100012.3,2026-07-10,,2026-07-10 18:57:17,OUT_OF_WINDOW
8042,100068.3,2026-07-11,,2026-07-10 19:56:20,OUT_OF_WINDOW
8043,100012.3,2026-07-11,,2026-07-10 21:00:38,OUT_OF_WINDOW
8044,100068.3,2026-07-11,,2026-07-10 21:56:21,OUT_OF_WINDOW
8045,100068.3,2026-07-11,,2026-07-10 23:56:59,OUT_OF_WINDOW
8046,100011.3,2026-07-11,,2026-07-10 20:52:17,OUT_OF_WINDOW
8048,100011.3,2026-07-11,,2026-07-11 00:53:15,OUT_OF_WINDOW
8050,100091.3,2026-07-11,,2026-07-10 19:31:11,OUT_OF_WINDOW
8052,100091.3,2026-07-11,,2026-07-10 21:31:51,OUT_OF_WINDOW
8055,100091.3,2026-07-11,,2026-07-10 23:43:00,OUT_OF_WINDOW
8059,100091.3,2026-07-11,,2026-07-11 01:43:22,OUT_OF_WINDOW
8064,100068.3,2026-07-11,,2026-07-11 02:02:34,OUT_OF_WINDOW
8069,100072.3,2026-07-12,,2026-07-12 02:13:51,OUT_OF_WINDOW
8073,100023.3,2026-07-11,,2026-07-11 02:26:54,OUT_OF_WINDOW
8077,100069.3,2026-07-11,,2026-07-11 02:44:42,OUT_OF_WINDOW
8082,100048.3,2026-07-11,,2026-07-11 03:00:43,OUT_OF_WINDOW
8088,100046.3,2026-07-10,,2026-07-10 18:31:24,OUT_OF_WINDOW
8090,100046.3,2026-07-11,,2026-07-10 21:44:35,OUT_OF_WINDOW
8093,100046.3,2026-07-11,,2026-07-11 01:00:40,OUT_OF_WINDOW
8097,100046.3,2026-07-11,,2026-07-11 03:07:10,OUT_OF_WINDOW
8102,100067.3,2026-07-11,,2026-07-11 03:36:05,OUT_OF_WINDOW
8126,100080.3,2026-07-11,,2026-07-11 03:45:49,OUT_OF_WINDOW
8149,100057.3,2026-07-11,,2026-07-11 02:11:20,OUT_OF_WINDOW
8156,100057.3,2026-07-11,,2026-07-11 04:18:52,OUT_OF_WINDOW
8160,100080.3,2026-07-11,,2026-07-11 04:26:21,OUT_OF_WINDOW
8161,100011.3,2026-07-11,,2026-07-11 04:26:34,OUT_OF_WINDOW
8196,100012.3,2026-07-11,,2026-07-11 05:56:37,OUT_OF_WINDOW
8202,100055.3,2026-07-11,,2026-07-10 20:34:33,OUT_OF_WINDOW
8205,100055.3,2026-07-11,,2026-07-11 00:09:01,OUT_OF_WINDOW
8209,100055.3,2026-07-11,,2026-07-11 04:06:06,OUT_OF_WINDOW
8214,100055.3,2026-07-11,,2026-07-11 06:06:54,OUT_OF_WINDOW
8216,100046.2,2026-07-11,,2026-07-11 06:08:37,OUT_OF_WINDOW
8227,100011.3,2026-07-11,,2026-07-11 06:27:05,OUT_OF_WINDOW
8248,100012.3,2026-07-11,,2026-07-11 07:57:08,OUT_OF_WINDOW
8249,100055.3,2026-07-11,,2026-07-11 08:07:14,OUT_OF_WINDOW
8252,100009.3,2026-07-11,,2026-07-11 08:47:28,OUT_OF_WINDOW
8269,100011.3,2026-07-11,,2026-07-11 08:35:38,OUT_OF_WINDOW
8271,100011.3,2026-07-11,,2026-07-11 10:40:25,OUT_OF_WINDOW
8279,100015.3,2026-07-11,,2026-07-11 11:45:05,OUT_OF_WINDOW
8284,100046.3,2026-07-11,,2026-07-11 07:13:39,OUT_OF_WINDOW
8286,100046.3,2026-07-11,,2026-07-11 07:13:48,OUT_OF_WINDOW
8289,100046.3,2026-07-11,,2026-07-11 09:33:52,OUT_OF_WINDOW
8293,100046.3,2026-07-11,,2026-07-11 11:34:02,OUT_OF_WINDOW
8298,100046.3,2026-07-11,,2026-07-11 13:34:24,OUT_OF_WINDOW
8307,100094.3,2026-07-11,,2026-07-11 14:02:11,OUT_OF_WINDOW
8309,100064.2,2026-07-11,,2026-07-11 14:03:20,OUT_OF_WINDOW
8316,100071.3,2026-07-11,,2026-07-11 14:36:37,OUT_OF_WINDOW
8318,100068.3,2026-07-11,,2026-07-11 14:48:42,OUT_OF_WINDOW
8320,100005.2,2026-07-11,,2026-07-11 14:58:33,OUT_OF_WINDOW
8322,100036.2,2026-07-11,,2026-07-11 15:00:31,OUT_OF_WINDOW
8324,100077.2,2026-07-11,,2026-07-11 15:38:27,OUT_OF_WINDOW
8353,100091.3,2026-07-11,,2026-07-11 15:54:28,OUT_OF_WINDOW
8355,100084.3,2026-07-11,,2026-07-11 16:02:46,OUT_OF_WINDOW
8357,100068.3,2026-07-11,,2026-07-11 16:36:07,OUT_OF_WINDOW
8361,100071.2,2026-07-11,,2026-07-11 17:00:18,OUT_OF_WINDOW
8363,100075.2,2026-07-11,,2026-07-11 17:13:38,OUT_OF_WINDOW
8366,100091.3,2026-07-11,,2026-07-11 17:54:46,OUT_OF_WINDOW
8367,100080.3,2026-07-11,,2026-07-11 09:35:19,OUT_OF_WINDOW
8369,100080.3,2026-07-11,,2026-07-11 11:47:42,OUT_OF_WINDOW
8372,100080.3,2026-07-11,,2026-07-11 13:59:00,OUT_OF_WINDOW
8376,100080.3,2026-07-11,,2026-07-11 16:01:38,OUT_OF_WINDOW
8377,100004.2,2026-07-11,,2026-07-11 18:04:17,OUT_OF_WINDOW
8378,100046.3,2026-07-11,,2026-07-11 16:06:10,OUT_OF_WINDOW
8380,100046.3,2026-07-11,,2026-07-11 18:06:16,OUT_OF_WINDOW
8381,100080.3,2026-07-11,,2026-07-11 18:02:06,OUT_OF_WINDOW
8382,100012.3,2026-07-11,,2026-07-11 18:29:28,OUT_OF_WINDOW
8384,100032.2,2026-07-11,,2026-07-11 18:47:18,OUT_OF_WINDOW
8385,100091.3,2026-07-12,,2026-07-11 19:55:19,OUT_OF_WINDOW
8386,100046.3,2026-07-12,,2026-07-11 20:06:18,OUT_OF_WINDOW
8387,100011.3,2026-07-11,,2026-07-11 12:50:04,OUT_OF_WINDOW
8389,100011.3,2026-07-11,,2026-07-11 14:57:53,OUT_OF_WINDOW
8392,100011.3,2026-07-11,,2026-07-11 17:25:50,OUT_OF_WINDOW
8396,100011.3,2026-07-12,,2026-07-11 20:12:47,OUT_OF_WINDOW
8397,100068.3,2026-07-12,,2026-07-11 20:54:53,OUT_OF_WINDOW
8398,100091.3,2026-07-12,,2026-07-11 21:56:38,OUT_OF_WINDOW
8399,100068.3,2026-07-12,,2026-07-11 22:54:57,OUT_OF_WINDOW
8400,100046.3,2026-07-12,,2026-07-11 23:02:26,OUT_OF_WINDOW
8401,100011.3,2026-07-12,,2026-07-11 23:09:52,OUT_OF_WINDOW
8402,100091.3,2026-07-12,,2026-07-11 23:57:03,OUT_OF_WINDOW
8403,100068.3,2026-07-12,,2026-07-12 00:54:59,OUT_OF_WINDOW
8404,100046.3,2026-07-12,,2026-07-12 01:04:47,OUT_OF_WINDOW
8405,100011.3,2026-07-12,,2026-07-12 01:10:26,OUT_OF_WINDOW
8407,100067.3,2026-07-12,,2026-07-12 01:18:46,OUT_OF_WINDOW
8409,100091.3,2026-07-12,,2026-07-12 01:57:20,OUT_OF_WINDOW
8411,100064.3,2026-07-12,,2026-07-12 02:08:40,OUT_OF_WINDOW
8413,100094.3,2026-07-12,,2026-07-12 02:15:35,OUT_OF_WINDOW
8415,100068.3,2026-07-12,,2026-07-12 03:04:28,OUT_OF_WINDOW
8417,100046.3,2026-07-12,,2026-07-12 03:05:38,OUT_OF_WINDOW
8418,100080.3,2026-07-11,,2026-07-11 18:47:07,OUT_OF_WINDOW
8427,100091.3,2026-07-12,,2026-07-12 04:00:36,OUT_OF_WINDOW
8431,100068.3,2026-07-12,,2026-07-12 05:04:36,OUT_OF_WINDOW
8432,100011.3,2026-07-12,,2026-07-12 05:11:40,OUT_OF_WINDOW
8433,100046.3,2026-07-12,,2026-07-12 05:20:28,OUT_OF_WINDOW
8436,100015.3,2026-07-12,,2026-07-12 06:20:25,OUT_OF_WINDOW
8438,100068.3,2026-07-12,,2026-07-12 07:05:05,OUT_OF_WINDOW
8442,100028.3,2026-07-12,,2026-07-12 08:11:12,OUT_OF_WINDOW
8443,100011.3,2026-07-12,,2026-07-12 08:39:22,OUT_OF_WINDOW
8444,100068.3,2026-07-12,,2026-07-12 09:11:25,OUT_OF_WINDOW
8445,100046.3,2026-07-12,,2026-07-12 09:29:47,OUT_OF_WINDOW
8451,100068.3,2026-07-12,,2026-07-12 11:58:21,OUT_OF_WINDOW
8454,100055.3,2026-07-11,,2026-07-11 10:12:39,OUT_OF_WINDOW
8456,100055.3,2026-07-12,,2026-07-12 07:14:26,OUT_OF_WINDOW
8459,100055.3,2026-07-12,,2026-07-12 09:16:46,OUT_OF_WINDOW
8463,100055.3,2026-07-12,,2026-07-12 11:19:24,OUT_OF_WINDOW
8468,100055.3,2026-07-12,,2026-07-12 13:22:25,OUT_OF_WINDOW
8469,100046.3,2026-07-12,,2026-07-12 11:34:58,OUT_OF_WINDOW
8471,100046.3,2026-07-12,,2026-07-12 13:49:22,OUT_OF_WINDOW
8472,100068.3,2026-07-12,,2026-07-12 14:02:16,OUT_OF_WINDOW
8476,100004.2,2026-07-12,,2026-07-12 14:04:32,OUT_OF_WINDOW
8477,100011.3,2026-07-12,,2026-07-12 10:51:35,OUT_OF_WINDOW
8479,100011.3,2026-07-12,,2026-07-12 12:53:34,OUT_OF_WINDOW
8482,100011.3,2026-07-12,,2026-07-12 15:00:19,OUT_OF_WINDOW
8483,100067.3,2026-07-12,,2026-07-12 15:11:07,OUT_OF_WINDOW
8486,100001.1,2026-07-12,,2026-07-12 15:17:01,OUT_OF_WINDOW
8487,100046.3,2026-07-12,,2026-07-12 15:51:40,OUT_OF_WINDOW
8488,100068.3,2026-07-12,,2026-07-12 16:02:33,OUT_OF_WINDOW
8489,100071.2,2026-07-12,,2026-07-12 16:14:13,OUT_OF_WINDOW
8490,100080.3,2026-07-12,,2026-07-12 08:15:43,OUT_OF_WINDOW
8492,100080.3,2026-07-12,,2026-07-12 10:19:59,OUT_OF_WINDOW
8495,100080.3,2026-07-12,,2026-07-12 12:34:26,OUT_OF_WINDOW
8499,100080.3,2026-07-12,,2026-07-12 14:35:45,OUT_OF_WINDOW
8504,100046.3,2026-07-12,,2026-07-12 18:08:04,OUT_OF_WINDOW
8505,100068.3,2026-07-12,,2026-07-12 18:20:53,OUT_OF_WINDOW
8506,100091.3,2026-07-12,,2026-07-12 06:09:46,OUT_OF_WINDOW
8508,100091.3,2026-07-12,,2026-07-12 18:50:35,OUT_OF_WINDOW
8509,100011.3,2026-07-12,,2026-07-12 17:02:46,OUT_OF_WINDOW
8511,100011.3,2026-07-13,,2026-07-12 19:03:09,OUT_OF_WINDOW
8512,100068.3,2026-07-13,,2026-07-12 20:20:58,OUT_OF_WINDOW
8513,100091.3,2026-07-13,,2026-07-12 20:51:35,OUT_OF_WINDOW
8514,100011.3,2026-07-13,,2026-07-12 21:10:46,OUT_OF_WINDOW
8515,100055.3,2026-07-12,,2026-07-12 15:28:59,OUT_OF_WINDOW
8517,100055.3,2026-07-12,,2026-07-12 17:47:08,OUT_OF_WINDOW
8520,100055.3,2026-07-13,,2026-07-12 21:26:01,OUT_OF_WINDOW
8521,100068.3,2026-07-13,,2026-07-12 22:21:00,OUT_OF_WINDOW
8522,100091.3,2026-07-13,,2026-07-12 22:51:42,OUT_OF_WINDOW
8523,100046.3,2026-07-13,,2026-07-12 21:10:49,OUT_OF_WINDOW
8525,100046.3,2026-07-13,,2026-07-12 23:12:51,OUT_OF_WINDOW
8526,100011.3,2026-07-13,,2026-07-12 23:54:09,OUT_OF_WINDOW
8527,100068.3,2026-07-13,,2026-07-13 00:24:42,OUT_OF_WINDOW
8528,100046.3,2026-07-13,,2026-07-13 01:15:58,OUT_OF_WINDOW
8530,100011.3,2026-07-13,,2026-07-13 02:00:09,OUT_OF_WINDOW
8532,100071.3,2026-07-13,,2026-07-13 02:13:51,OUT_OF_WINDOW
8533,100068.3,2026-07-13,,2026-07-13 02:27:27,OUT_OF_WINDOW
8535,100089.3,2026-07-13,,2026-07-13 02:37:41,OUT_OF_WINDOW
8548,100008.3,2026-07-13,,2026-07-13 02:55:28,OUT_OF_WINDOW
8551,100091.3,2026-07-13,,2026-07-13 00:52:49,OUT_OF_WINDOW
8553,100091.3,2026-07-13,,2026-07-13 02:57:10,OUT_OF_WINDOW
8556,100048.3,2026-07-13,,2026-07-13 02:59:13,OUT_OF_WINDOW
8557,100084.3,2026-07-12,,2026-07-12 16:37:13,OUT_OF_WINDOW
8563,100078.3,2026-07-13,,2026-07-13 03:17:59,OUT_OF_WINDOW
8568,100001.3,2026-07-13,,2026-07-13 03:31:59,OUT_OF_WINDOW
8576,100058.2,2026-07-13,,2026-07-13 03:57:50,OUT_OF_WINDOW
8577,100096.3,2026-07-13,,2026-07-13 03:57:48,OUT_OF_WINDOW
8579,100096.3,2026-07-13,,2026-07-13 03:57:49,OUT_OF_WINDOW
8583,100058.2,2026-07-13,,2026-07-13 04:03:39,OUT_OF_WINDOW
8585,100015.3,2026-07-13,,2026-07-13 04:04:14,OUT_OF_WINDOW
8591,100046.3,2026-07-13,,2026-07-13 03:43:55,OUT_OF_WINDOW
8596,100058.3,2026-07-13,,2026-07-13 04:11:52,OUT_OF_WINDOW
8603,100055.3,2026-07-13,,2026-07-13 02:24:41,OUT_OF_WINDOW
8605,100011.3,2026-07-13,,2026-07-13 04:32:21,OUT_OF_WINDOW
8610,100041.3,2026-07-13,,2026-07-13 04:35:53,OUT_OF_WINDOW
8622,100014.2,2026-07-13,,2026-07-13 04:54:33,OUT_OF_WINDOW
8625,100044.2,2026-07-13,,2026-07-13 05:01:54,OUT_OF_WINDOW
8663,100011.3,2026-07-13,,2026-07-13 06:40:30,OUT_OF_WINDOW
8686,100028.3,2026-07-12,,2026-07-12 08:11:12,OUT_OF_WINDOW
8687,100028.3,2026-07-13,,2026-07-13 08:10:53,OUT_OF_WINDOW
8702,100015.3,2026-07-13,,2026-07-13 08:17:37,OUT_OF_WINDOW
8704,100015.3,2026-07-13,,2026-07-13 10:18:46,OUT_OF_WINDOW
8712,100015.3,2026-07-13,,2026-07-13 12:19:40,OUT_OF_WINDOW
8738,100064.2,2026-07-13,,2026-07-13 14:05:11,OUT_OF_WINDOW
8741,100089.3,2026-07-13,,2026-07-13 14:19:22,OUT_OF_WINDOW
8743,100015.3,2026-07-13,,2026-07-13 14:20:27,OUT_OF_WINDOW
8745,100126.3,2026-07-13,,2026-07-13 12:28:11,OUT_OF_WINDOW
8747,100126.3,2026-07-13,,2026-07-13 14:28:36,OUT_OF_WINDOW
8752,100071.3,2026-07-13,,2026-07-13 15:17:47,OUT_OF_WINDOW
8775,100091.3,2026-07-13,,2026-07-13 15:35:17,OUT_OF_WINDOW
8776,100036.2,2026-07-13,,2026-07-13 15:43:29,OUT_OF_WINDOW
8781,100096.3,2026-07-13,,2026-07-13 16:14:52,OUT_OF_WINDOW
8782,100015.3,2026-07-13,,2026-07-13 16:24:42,OUT_OF_WINDOW
8783,100084.3,2026-07-13,,2026-07-13 03:50:21,OUT_OF_WINDOW
8785,100084.3,2026-07-13,,2026-07-13 06:08:36,OUT_OF_WINDOW
8788,100084.3,2026-07-13,,2026-07-13 08:09:39,OUT_OF_WINDOW
8792,100084.3,2026-07-13,,2026-07-13 10:10:51,OUT_OF_WINDOW
8797,100084.3,2026-07-13,,2026-07-13 12:10:57,OUT_OF_WINDOW
8803,100084.3,2026-07-13,,2026-07-13 14:20:19,OUT_OF_WINDOW
8810,100084.3,2026-07-13,,2026-07-13 16:25:11,OUT_OF_WINDOW
8824,100071.2,2026-07-13,,2026-07-13 17:00:34,OUT_OF_WINDOW
8825,100075.2,2026-07-13,,2026-07-13 17:01:18,OUT_OF_WINDOW
8830,100064.3,2026-07-13,,2026-07-13 15:24:39,OUT_OF_WINDOW
8833,100064.3,2026-07-13,,2026-07-13 17:25:12,OUT_OF_WINDOW
8835,100091.3,2026-07-13,,2026-07-13 15:35:17,OUT_OF_WINDOW
8837,100091.3,2026-07-13,,2026-07-13 17:35:32,OUT_OF_WINDOW
8838,100013.2,2026-07-13,,2026-07-13 17:50:32,OUT_OF_WINDOW
8839,100028.3,2026-07-13,,2026-07-13 18:00:38,OUT_OF_WINDOW
8840,100011.3,2026-07-13,,2026-07-13 16:00:34,OUT_OF_WINDOW
8842,100011.3,2026-07-13,,2026-07-13 18:04:32,OUT_OF_WINDOW
8854,100032.2,2026-07-13,,2026-07-13 18:50:33,OUT_OF_WINDOW
8855,100086.3,2026-07-13,,2026-07-13 18:54:28,OUT_OF_WINDOW
8856,100047.3,2026-07-14,,2026-07-13 19:01:43,OUT_OF_WINDOW
8857,100004.2,2026-07-14,,2026-07-13 19:10:16,OUT_OF_WINDOW
8858,100004.2,2026-07-14,,2026-07-13 19:10:16,OUT_OF_WINDOW
8859,100064.3,2026-07-14,,2026-07-13 19:25:35,OUT_OF_WINDOW
8860,100084.3,2026-07-14,,2026-07-13 19:27:48,OUT_OF_WINDOW
8861,100091.3,2026-07-14,,2026-07-13 19:35:40,OUT_OF_WINDOW
8862,100011.3,2026-07-14,,2026-07-13 20:04:55,OUT_OF_WINDOW
8865,100046.3,2026-07-13,,2026-07-13 18:23:54,OUT_OF_WINDOW
8868,100046.3,2026-07-14,,2026-07-13 20:25:24,OUT_OF_WINDOW
8869,100064.3,2026-07-14,,2026-07-13 21:35:56,OUT_OF_WINDOW
8870,100091.3,2026-07-14,,2026-07-13 21:36:15,OUT_OF_WINDOW
8871,100011.3,2026-07-14,,2026-07-13 22:05:48,OUT_OF_WINDOW
8872,100091.3,2026-07-14,,2026-07-13 23:36:47,OUT_OF_WINDOW
8873,100064.3,2026-07-14,,2026-07-13 23:49:19,OUT_OF_WINDOW
8874,100046.3,2026-07-14,,2026-07-13 23:58:10,OUT_OF_WINDOW
8877,100011.3,2026-07-14,,2026-07-14 01:06:30,OUT_OF_WINDOW
8878,100091.3,2026-07-14,,2026-07-13 23:36:47,OUT_OF_WINDOW
8880,100091.3,2026-07-14,,2026-07-14 01:41:52,OUT_OF_WINDOW
8881,100046.3,2026-07-14,,2026-07-14 01:59:59,OUT_OF_WINDOW
8883,100089.3,2026-07-14,,2026-07-14 02:01:59,OUT_OF_WINDOW
8897,100057.3,2026-07-14,,2026-07-14 03:26:26,OUT_OF_WINDOW
8905,100091.3,2026-07-14,,2026-07-14 03:42:14,OUT_OF_WINDOW
8915,100058.2,2026-07-14,,2026-07-14 04:02:24,OUT_OF_WINDOW
8916,100058.2,2026-07-14,,2026-07-14 04:02:24,OUT_OF_WINDOW
8917,100046.3,2026-07-14,,2026-07-14 04:03:20,OUT_OF_WINDOW
8920,100004.2,2026-07-14,,2026-07-14 04:06:34,OUT_OF_WINDOW
8928,100011.3,2026-07-14,,2026-07-14 04:24:42,OUT_OF_WINDOW
8945,100125.3,2026-07-14,,2026-07-14 05:02:11,OUT_OF_WINDOW
9005,100028.3,2026-07-14,,2026-07-14 08:10:48,OUT_OF_WINDOW
9013,100011.3,2026-07-14,,2026-07-14 06:25:13,OUT_OF_WINDOW
9015,100011.3,2026-07-14,,2026-07-14 08:26:34,OUT_OF_WINDOW
9016,100055.3,2026-07-14,,2026-07-14 03:07:35,OUT_OF_WINDOW
9018,100055.3,2026-07-14,,2026-07-14 08:53:26,OUT_OF_WINDOW
9027,100011.3,2026-07-14,,2026-07-14 10:26:55,OUT_OF_WINDOW
9040,100024.3,2026-07-14,,2026-07-14 12:05:59,OUT_OF_WINDOW
9055,100011.3,2026-07-14,,2026-07-14 12:28:43,OUT_OF_WINDOW
9061,100073.3,2026-07-14,,2026-07-14 13:21:45,OUT_OF_WINDOW
9068,100064.2,2026-07-14,,2026-07-14 14:00:36,OUT_OF_WINDOW
9073,100089.3,2026-07-14,,2026-07-14 14:06:09,OUT_OF_WINDOW
9079,100083.3,2026-07-14,,2026-07-14 14:22:09,OUT_OF_WINDOW
9080,100011.3,2026-07-14,,2026-07-14 14:29:41,OUT_OF_WINDOW
9081,100001.3,2026-07-14,,2026-07-14 14:38:18,OUT_OF_WINDOW
9082,100091.3,2026-07-14,,2026-07-14 07:01:22,OUT_OF_WINDOW
9084,100091.3,2026-07-14,,2026-07-14 09:10:26,OUT_OF_WINDOW
9087,100091.3,2026-07-14,,2026-07-14 11:10:31,OUT_OF_WINDOW
9091,100091.3,2026-07-14,,2026-07-14 13:30:25,OUT_OF_WINDOW
9092,100091.3,2026-07-14,,2026-07-14 14:43:37,OUT_OF_WINDOW
9093,100091.3,2026-07-14,,2026-07-14 14:49:22,OUT_OF_WINDOW
9094,100069.3,2026-07-14,,2026-07-14 14:51:01,OUT_OF_WINDOW
9095,100055.3,2026-07-14,,2026-07-14 12:56:41,OUT_OF_WINDOW
9097,100055.3,2026-07-14,,2026-07-14 15:02:07,OUT_OF_WINDOW
9100,100055.3,2026-07-14,,2026-07-14 15:02:38,OUT_OF_WINDOW
9105,100011.3,2026-07-14,,2026-07-14 16:32:52,OUT_OF_WINDOW
9107,100091.3,2026-07-14,,2026-07-14 16:54:31,OUT_OF_WINDOW
9108,100058.2,2026-07-14,,2026-07-14 16:59:45,OUT_OF_WINDOW
9112,100084.3,2026-07-14,,2026-07-14 14:59:52,OUT_OF_WINDOW
9115,100084.3,2026-07-14,,2026-07-14 17:00:17,OUT_OF_WINDOW
9117,100075.2,2026-07-14,,2026-07-14 17:08:07,OUT_OF_WINDOW
9123,100078.3,2026-07-14,,2026-07-14 17:36:13,OUT_OF_WINDOW
9124,100086.3,2026-07-14,,2026-07-14 17:39:07,OUT_OF_WINDOW
9126,100004.2,2026-07-14,,2026-07-14 18:20:30,OUT_OF_WINDOW
9127,100046.3,2026-07-14,,2026-07-14 18:32:38,OUT_OF_WINDOW
9128,100011.3,2026-07-14,,2026-07-14 18:39:19,OUT_OF_WINDOW
9129,100032.2,2026-07-14,,2026-07-14 18:47:03,OUT_OF_WINDOW
9130,100091.3,2026-07-14,,2026-07-14 18:55:54,OUT_OF_WINDOW
9131,100046.3,2026-07-15,,2026-07-14 20:34:16,OUT_OF_WINDOW
9132,100011.3,2026-07-15,,2026-07-14 20:42:28,OUT_OF_WINDOW
9133,100091.3,2026-07-14,,2026-07-14 18:55:54,OUT_OF_WINDOW
9135,100091.3,2026-07-15,,2026-07-14 20:56:16,OUT_OF_WINDOW
9136,100013.2,2026-07-15,,2026-07-14 21:57:14,OUT_OF_WINDOW
9137,100011.3,2026-07-15,,2026-07-14 22:45:17,OUT_OF_WINDOW
9138,100091.3,2026-07-15,,2026-07-14 22:56:52,OUT_OF_WINDOW
9139,100046.3,2026-07-15,,2026-07-14 23:13:38,OUT_OF_WINDOW
9140,100064.3,2026-07-14,,2026-07-14 13:07:02,OUT_OF_WINDOW
9142,100064.3,2026-07-15,,2026-07-15 00:16:48,OUT_OF_WINDOW
9144,100091.3,2026-07-15,,2026-07-15 00:57:04,OUT_OF_WINDOW
9147,100046.3,2026-07-15,,2026-07-15 01:13:52,OUT_OF_WINDOW
9155,100071.3,2026-07-15,,2026-07-15 02:27:19,OUT_OF_WINDOW
9157,100011.3,2026-07-15,,2026-07-15 02:28:47,OUT_OF_WINDOW
9158,100057.3,2026-07-14,,2026-07-14 15:29:26,OUT_OF_WINDOW
9160,100057.3,2026-07-15,,2026-07-15 02:34:33,OUT_OF_WINDOW
9166,100091.3,2026-07-15,,2026-07-15 02:57:16,OUT_OF_WINDOW
9177,100046.3,2026-07-15,,2026-07-15 03:19:08,OUT_OF_WINDOW
9195,100015.3,2026-07-15,,2026-07-15 04:14:30,OUT_OF_WINDOW
9206,100055.3,2026-07-14,,2026-07-14 12:56:41,OUT_OF_WINDOW
9208,100055.3,2026-07-14,,2026-07-14 15:02:07,OUT_OF_WINDOW
9211,100055.3,2026-07-14,,2026-07-14 15:02:38,OUT_OF_WINDOW
9215,100055.3,2026-07-15,,2026-07-14 19:24:55,OUT_OF_WINDOW
9220,100055.3,2026-07-15,,2026-07-14 23:49:59,OUT_OF_WINDOW
9226,100055.3,2026-07-15,,2026-07-15 04:29:29,OUT_OF_WINDOW
9228,100011.3,2026-07-15,,2026-07-15 04:31:14,OUT_OF_WINDOW
9281,100011.3,2026-07-15,,2026-07-15 06:48:26,OUT_OF_WINDOW
9303,100011.3,2026-07-15,,2026-07-15 08:50:58,OUT_OF_WINDOW
9305,100009.3,2026-07-15,,2026-07-15 08:56:22,OUT_OF_WINDOW
9319,100011.3,2026-07-15,,2026-07-15 10:51:29,OUT_OF_WINDOW
9326,100126.3,2026-07-15,,2026-07-15 12:14:00,OUT_OF_WINDOW
9340,100012.3,2026-07-15,,2026-07-15 13:38:07,OUT_OF_WINDOW
9344,100040.2,2026-07-15,,2026-07-15 14:00:04,OUT_OF_WINDOW
9348,100029.2,2026-07-15,,2026-07-15 14:02:12,OUT_OF_WINDOW
9349,100064.2,2026-07-15,,2026-07-15 14:03:01,OUT_OF_WINDOW
9351,100039.2,2026-07-15,,2026-07-15 14:05:10,OUT_OF_WINDOW
9352,100036.2,2026-07-15,,2026-07-15 14:11:17,OUT_OF_WINDOW
9357,100084.3,2026-07-15,,2026-07-15 14:34:55,OUT_OF_WINDOW
9358,100046.2,2026-07-15,,2026-07-15 14:41:41,OUT_OF_WINDOW
9360,100011.3,2026-07-15,,2026-07-15 14:57:26,OUT_OF_WINDOW
9362,100064.3,2026-07-15,,2026-07-15 12:50:17,OUT_OF_WINDOW
9364,100064.3,2026-07-15,,2026-07-15 15:01:14,OUT_OF_WINDOW
9367,100091.3,2026-07-15,,2026-07-15 05:00:10,OUT_OF_WINDOW
9369,100091.3,2026-07-15,,2026-07-15 07:00:26,OUT_OF_WINDOW
9372,100091.3,2026-07-15,,2026-07-15 09:00:30,OUT_OF_WINDOW
9376,100091.3,2026-07-15,,2026-07-15 11:00:42,OUT_OF_WINDOW
9381,100091.3,2026-07-15,,2026-07-15 13:31:02,OUT_OF_WINDOW
9387,100091.3,2026-07-15,,2026-07-15 15:31:06,OUT_OF_WINDOW
9388,100055.3,2026-07-15,,2026-07-15 10:59:39,OUT_OF_WINDOW
9390,100055.3,2026-07-15,,2026-07-15 13:40:06,OUT_OF_WINDOW
9393,100055.3,2026-07-15,,2026-07-15 15:41:22,OUT_OF_WINDOW
9394,100091.3,2026-07-15,,2026-07-15 05:00:10,OUT_OF_WINDOW
9396,100091.3,2026-07-15,,2026-07-15 07:00:26,OUT_OF_WINDOW
9399,100091.3,2026-07-15,,2026-07-15 09:00:30,OUT_OF_WINDOW
9403,100091.3,2026-07-15,,2026-07-15 11:00:42,OUT_OF_WINDOW
9408,100091.3,2026-07-15,,2026-07-15 13:31:02,OUT_OF_WINDOW
9414,100091.3,2026-07-15,,2026-07-15 15:31:06,OUT_OF_WINDOW
9421,100064.3,2026-07-15,,2026-07-15 17:01:45,OUT_OF_WINDOW
9422,100084.3,2026-07-15,,2026-07-14 19:11:13,OUT_OF_WINDOW
9424,100084.3,2026-07-15,,2026-07-15 17:02:31,OUT_OF_WINDOW
9426,100011.3,2026-07-15,,2026-07-15 17:06:22,OUT_OF_WINDOW
9428,100086.3,2026-07-15,,2026-07-15 17:35:06,OUT_OF_WINDOW
9429,100055.3,2026-07-15,,2026-07-15 17:42:50,OUT_OF_WINDOW
9432,100032.2,2026-07-15,,2026-07-15 18:43:28,OUT_OF_WINDOW
9433,100047.3,2026-07-15,,2026-07-15 18:46:33,OUT_OF_WINDOW
9434,100046.3,2026-07-16,,2026-07-15 19:02:59,OUT_OF_WINDOW
9435,100084.3,2026-07-16,,2026-07-15 19:03:34,OUT_OF_WINDOW
9436,100011.3,2026-07-16,,2026-07-15 19:17:57,OUT_OF_WINDOW
9437,100055.3,2026-07-16,,2026-07-15 19:51:38,OUT_OF_WINDOW
9438,100064.3,2026-07-16,,2026-07-15 21:08:20,OUT_OF_WINDOW
9439,100011.3,2026-07-16,,2026-07-15 21:28:05,OUT_OF_WINDOW
9440,100047.3,2026-07-16,,2026-07-15 21:42:48,OUT_OF_WINDOW
9441,100091.3,2026-07-15,,2026-07-15 17:42:04,OUT_OF_WINDOW
9443,100091.3,2026-07-16,,2026-07-15 19:42:18,OUT_OF_WINDOW
9446,100091.3,2026-07-16,,2026-07-15 21:43:52,OUT_OF_WINDOW
9447,100064.3,2026-07-16,,2026-07-15 23:08:21,OUT_OF_WINDOW
9448,100011.3,2026-07-16,,2026-07-15 23:58:01,OUT_OF_WINDOW
9449,100046.3,2026-07-16,,2026-07-15 21:38:29,OUT_OF_WINDOW
9451,100046.3,2026-07-16,,2026-07-16 00:40:58,OUT_OF_WINDOW
9452,100064.3,2026-07-16,,2026-07-16 01:13:00,OUT_OF_WINDOW
9453,100091.3,2026-07-16,,2026-07-15 23:45:13,OUT_OF_WINDOW
9455,100091.3,2026-07-16,,2026-07-16 01:46:40,OUT_OF_WINDOW
9456,100011.3,2026-07-16,,2026-07-16 02:01:03,OUT_OF_WINDOW
9457,100073.3,2026-07-16,,2026-07-16 02:03:57,OUT_OF_WINDOW
9458,100089.3,2026-07-16,,2026-07-16 02:22:39,OUT_OF_WINDOW
9462,100071.3,2026-07-16,,2026-07-16 02:27:40,OUT_OF_WINDOW
9470,100050.3,2026-07-16,,2026-07-16 03:01:27,OUT_OF_WINDOW
9475,100046.3,2026-07-16,,2026-07-16 03:13:41,OUT_OF_WINDOW
9476,100064.3,2026-07-16,,2026-07-16 03:13:51,OUT_OF_WINDOW
9495,100011.3,2026-07-16,,2026-07-16 04:20:28,OUT_OF_WINDOW
9497,100124.3,2026-07-15,,2026-07-15 04:17:27,OUT_OF_WINDOW
9498,100124.3,2026-07-16,,2026-07-16 04:26:28,OUT_OF_WINDOW
9525,100013.3,2026-07-16,,2026-07-16 05:13:12,OUT_OF_WINDOW
9536,100064.3,2026-07-16,,2026-07-16 05:22:24,OUT_OF_WINDOW
9538,100046.3,2026-07-16,,2026-07-16 05:23:02,OUT_OF_WINDOW
9548,100011.3,2026-07-16,,2026-07-16 06:21:54,OUT_OF_WINDOW
9565,100064.3,2026-07-16,,2026-07-16 07:27:43,OUT_OF_WINDOW
9568,100046.3,2026-07-16,,2026-07-16 07:41:18,OUT_OF_WINDOW
9575,100011.3,2026-07-16,,2026-07-16 08:22:07,OUT_OF_WINDOW
9577,100055.3,2026-07-16,,2026-07-15 22:08:15,OUT_OF_WINDOW
9579,100055.3,2026-07-16,,2026-07-16 00:08:57,OUT_OF_WINDOW
9582,100055.3,2026-07-16,,2026-07-16 02:19:08,OUT_OF_WINDOW
9586,100055.3,2026-07-16,,2026-07-16 04:20:22,OUT_OF_WINDOW
9591,100055.3,2026-07-16,,2026-07-16 06:46:34,OUT_OF_WINDOW
9597,100055.3,2026-07-16,,2026-07-16 09:05:42,OUT_OF_WINDOW
9598,100009.3,2026-07-16,,2026-07-16 09:06:10,OUT_OF_WINDOW
9639,100064.3,2026-07-16,,2026-07-16 09:39:58,OUT_OF_WINDOW
9641,100064.3,2026-07-16,,2026-07-16 11:40:31,OUT_OF_WINDOW
9644,100126.3,2026-07-16,,2026-07-16 12:17:25,OUT_OF_WINDOW
9650,100064.3,2026-07-16,,2026-07-16 13:40:32,OUT_OF_WINDOW
9654,100001.2,2026-07-16,,2026-07-16 05:09:56,OUT_OF_WINDOW
9656,100029.2,2026-07-16,,2026-07-16 14:03:17,OUT_OF_WINDOW
9657,100040.2,2026-07-16,,2026-07-16 14:10:24,OUT_OF_WINDOW
9658,100077.2,2026-07-16,,2026-07-16 14:11:34,OUT_OF_WINDOW
9660,100126.3,2026-07-16,,2026-07-16 14:17:47,OUT_OF_WINDOW
9661,100009.2,2026-07-16,,2026-07-16 14:21:04,OUT_OF_WINDOW
9663,100011.3,2026-07-16,,2026-07-16 14:29:35,OUT_OF_WINDOW
9666,100096.3,2026-07-16,,2026-07-16 14:33:57,OUT_OF_WINDOW
9670,100068.3,2026-07-16,,2026-07-16 14:51:16,OUT_OF_WINDOW
9672,100091.3,2026-07-16,,2026-07-16 03:46:44,OUT_OF_WINDOW
9674,100091.3,2026-07-16,,2026-07-16 15:06:49,OUT_OF_WINDOW
9678,100064.3,2026-07-16,,2026-07-16 15:40:34,OUT_OF_WINDOW
9682,100023.2,2026-07-16,,2026-07-16 16:05:03,OUT_OF_WINDOW
9683,100084.3,2026-07-16,,2026-07-16 14:23:19,OUT_OF_WINDOW
9685,100084.3,2026-07-16,,2026-07-16 16:23:39,OUT_OF_WINDOW
9687,100064.3,2026-07-16,,2026-07-16 16:44:11,OUT_OF_WINDOW
9689,100013.2,2026-07-16,,2026-07-16 16:59:36,OUT_OF_WINDOW
9690,100075.2,2026-07-16,,2026-07-16 17:00:29,OUT_OF_WINDOW
9691,100091.3,2026-07-16,,2026-07-16 17:09:09,OUT_OF_WINDOW
9695,100076.2,2026-07-16,,2026-07-16 17:32:28,OUT_OF_WINDOW
9699,100070.2,2026-07-16,,2026-07-16 16:49:37,OUT_OF_WINDOW
9701,100070.2,2026-07-16,,2026-07-16 17:50:04,OUT_OF_WINDOW
9702,100064.3,2026-07-16,,2026-07-16 17:54:52,OUT_OF_WINDOW
9704,100047.2,2026-07-16,,2026-07-16 17:04:04,OUT_OF_WINDOW
9706,100047.2,2026-07-16,,2026-07-16 18:05:03,OUT_OF_WINDOW
9707,100126.3,2026-07-16,,2026-07-16 16:18:49,OUT_OF_WINDOW
9709,100126.3,2026-07-16,,2026-07-16 18:19:20,OUT_OF_WINDOW
9710,100084.3,2026-07-16,,2026-07-16 18:23:48,OUT_OF_WINDOW
9711,100032.2,2026-07-16,,2026-07-16 18:48:34,OUT_OF_WINDOW
9712,100047.2,2026-07-17,,2026-07-16 19:08:09,OUT_OF_WINDOW
9713,100086.3,2026-07-17,,2026-07-16 19:11:33,OUT_OF_WINDOW
9714,100091.3,2026-07-17,,2026-07-16 19:19:49,OUT_OF_WINDOW
9715,100046.3,2026-07-17,,2026-07-16 19:36:36,OUT_OF_WINDOW
9716,100064.3,2026-07-17,,2026-07-16 19:55:29,OUT_OF_WINDOW
9717,100126.3,2026-07-17,,2026-07-16 20:19:23,OUT_OF_WINDOW
9718,100047.2,2026-07-17,,2026-07-16 20:29:04,OUT_OF_WINDOW
9719,100011.3,2026-07-16,,2026-07-16 18:48:34,OUT_OF_WINDOW
9721,100011.3,2026-07-17,,2026-07-16 21:07:01,OUT_OF_WINDOW
9722,100055.3,2026-07-16,,2026-07-16 11:08:29,OUT_OF_WINDOW
9724,100055.3,2026-07-16,,2026-07-16 13:11:45,OUT_OF_WINDOW
9727,100055.3,2026-07-16,,2026-07-16 16:40:06,OUT_OF_WINDOW
9731,100055.3,2026-07-16,,2026-07-16 18:40:13,OUT_OF_WINDOW
9736,100055.3,2026-07-17,,2026-07-16 21:12:37,OUT_OF_WINDOW
9737,100091.3,2026-07-17,,2026-07-16 21:20:02,OUT_OF_WINDOW
9738,100047.2,2026-07-17,,2026-07-16 21:34:10,OUT_OF_WINDOW
9739,100064.3,2026-07-17,,2026-07-16 21:55:30,OUT_OF_WINDOW
9740,100070.2,2026-07-17,,2026-07-16 22:13:28,OUT_OF_WINDOW
9741,100126.3,2026-07-17,,2026-07-16 22:21:57,OUT_OF_WINDOW
9742,100047.2,2026-07-17,,2026-07-16 22:35:02,OUT_OF_WINDOW
9743,100046.3,2026-07-17,,2026-07-16 23:00:02,OUT_OF_WINDOW
9744,100011.3,2026-07-17,,2026-07-16 23:08:10,OUT_OF_WINDOW
9745,100070.2,2026-07-17,,2026-07-16 23:13:42,OUT_OF_WINDOW
9746,100091.3,2026-07-17,,2026-07-16 23:21:31,OUT_OF_WINDOW
9747,100047.2,2026-07-17,,2026-07-16 23:36:40,OUT_OF_WINDOW
9748,100064.3,2026-07-17,,2026-07-16 23:55:33,OUT_OF_WINDOW
9749,100070.2,2026-07-17,,2026-07-17 00:15:01,OUT_OF_WINDOW
9752,100046.3,2026-07-17,,2026-07-17 01:11:35,OUT_OF_WINDOW
9753,100011.3,2026-07-17,,2026-07-17 01:22:05,OUT_OF_WINDOW
9754,100091.3,2026-07-17,,2026-07-17 01:22:36,OUT_OF_WINDOW
9755,100047.2,2026-07-17,,2026-07-17 00:37:32,OUT_OF_WINDOW
9757,100047.2,2026-07-17,,2026-07-17 01:50:02,OUT_OF_WINDOW
9760,100050.3,2026-07-17,,2026-07-17 02:12:08,OUT_OF_WINDOW
9761,100094.3,2026-07-17,,2026-07-17 02:18:39,OUT_OF_WINDOW
9762,100089.3,2026-07-17,,2026-07-17 02:18:50,OUT_OF_WINDOW
9766,100057.3,2026-07-17,,2026-07-17 02:29:36,OUT_OF_WINDOW
9775,100046.3,2026-07-17,,2026-07-17 03:13:56,OUT_OF_WINDOW
9776,100068.3,2026-07-17,,2026-07-17 03:17:49,OUT_OF_WINDOW
9778,100091.3,2026-07-17,,2026-07-17 03:22:43,OUT_OF_WINDOW
9779,100011.3,2026-07-17,,2026-07-17 03:23:40,OUT_OF_WINDOW
9788,100047.2,2026-07-17,,2026-07-17 03:54:57,OUT_OF_WINDOW
9800,100140.3,2026-07-17,,2026-07-17 04:35:11,OUT_OF_WINDOW
9802,100070.2,2026-07-17,,2026-07-17 01:20:04,OUT_OF_WINDOW
9804,100070.2,2026-07-17,,2026-07-17 02:35:17,OUT_OF_WINDOW
9807,100070.2,2026-07-17,,2026-07-17 03:42:25,OUT_OF_WINDOW
9811,100070.2,2026-07-17,,2026-07-17 04:42:46,OUT_OF_WINDOW
9814,100047.2,2026-07-17,,2026-07-17 04:56:52,OUT_OF_WINDOW
9822,100046.3,2026-07-17,,2026-07-17 05:14:07,OUT_OF_WINDOW
9839,100011.3,2026-07-17,,2026-07-17 05:40:59,OUT_OF_WINDOW
9841,100070.2,2026-07-17,,2026-07-17 05:43:08,OUT_OF_WINDOW
9845,100047.2,2026-07-17,,2026-07-17 06:03:22,OUT_OF_WINDOW
9846,100055.3,2026-07-17,,2026-07-16 23:59:57,OUT_OF_WINDOW
9848,100055.3,2026-07-17,,2026-07-17 02:00:21,OUT_OF_WINDOW
9851,100055.3,2026-07-17,,2026-07-17 04:04:36,OUT_OF_WINDOW
9855,100055.3,2026-07-17,,2026-07-17 06:05:12,OUT_OF_WINDOW
9862,100070.2,2026-07-17,,2026-07-17 06:45:29,OUT_OF_WINDOW
9867,100047.2,2026-07-17,,2026-07-17 07:18:30,OUT_OF_WINDOW
9868,100046.3,2026-07-17,,2026-07-17 07:18:27,OUT_OF_WINDOW
9874,100011.3,2026-07-17,,2026-07-17 07:42:03,OUT_OF_WINDOW
9878,100070.2,2026-07-17,,2026-07-17 07:50:21,OUT_OF_WINDOW
9879,100055.3,2026-07-17,,2026-07-17 08:21:07,OUT_OF_WINDOW
9883,100070.2,2026-07-17,,2026-07-17 08:55:04,OUT_OF_WINDOW
9888,100046.3,2026-07-17,,2026-07-17 09:19:03,OUT_OF_WINDOW
9898,100011.3,2026-07-17,,2026-07-17 09:55:58,OUT_OF_WINDOW
9899,100055.3,2026-07-17,,2026-07-17 10:28:28,OUT_OF_WINDOW
9912,100040.2,2026-07-17,,2026-07-17 11:36:32,OUT_OF_WINDOW
9916,100055.3,2026-07-17,,2026-07-17 12:40:55,OUT_OF_WINDOW
9920,100068.3,2026-07-17,,2026-07-17 05:17:51,OUT_OF_WINDOW
9922,100068.3,2026-07-17,,2026-07-17 07:17:53,OUT_OF_WINDOW
9925,100068.3,2026-07-17,,2026-07-17 09:17:55,OUT_OF_WINDOW
9929,100068.3,2026-07-17,,2026-07-17 11:18:07,OUT_OF_WINDOW
9934,100068.3,2026-07-17,,2026-07-17 13:28:43,OUT_OF_WINDOW
9939,100030.2,2026-07-17,,2026-07-17 14:01:42,OUT_OF_WINDOW
9942,100041.2,2026-07-17,,2026-07-17 14:08:03,OUT_OF_WINDOW
9946,100068.3,2026-07-17,,2026-07-17 14:45:29,OUT_OF_WINDOW
9962,100126.3,2026-07-17,,2026-07-17 13:16:20,OUT_OF_WINDOW
9968,100126.3,2026-07-17,,2026-07-17 15:16:34,OUT_OF_WINDOW
9969,100068.3,2026-07-17,,2026-07-17 15:29:13,OUT_OF_WINDOW
9970,100046.3,2026-07-17,,2026-07-17 13:34:19,OUT_OF_WINDOW
9972,100046.3,2026-07-17,,2026-07-17 15:34:47,OUT_OF_WINDOW
9976,100055.3,2026-07-17,,2026-07-17 14:40:57,OUT_OF_WINDOW
9978,100055.3,2026-07-17,,2026-07-17 16:42:02,OUT_OF_WINDOW
9980,100075.2,2026-07-17,,2026-07-17 16:59:22,OUT_OF_WINDOW
9981,100015.2,2026-07-17,,2026-07-17 17:07:58,OUT_OF_WINDOW
9982,100071.2,2026-07-17,,2026-07-17 17:10:11,OUT_OF_WINDOW
9985,100046.3,2026-07-17,,2026-07-17 17:35:35,OUT_OF_WINDOW
9987,100058.2,2026-07-17,,2026-07-17 18:09:38,OUT_OF_WINDOW
9988,100058.2,2026-07-17,,2026-07-17 18:10:08,OUT_OF_WINDOW
9989,100091.3,2026-07-17,,2026-07-17 05:36:34,OUT_OF_WINDOW
9991,100091.3,2026-07-17,,2026-07-17 07:44:12,OUT_OF_WINDOW
9994,100091.3,2026-07-17,,2026-07-17 09:45:32,OUT_OF_WINDOW
9998,100091.3,2026-07-17,,2026-07-17 11:56:53,OUT_OF_WINDOW
10003,100091.3,2026-07-17,,2026-07-17 14:04:09,OUT_OF_WINDOW
10009,100091.3,2026-07-17,,2026-07-17 16:11:14,OUT_OF_WINDOW
10016,100091.3,2026-07-17,,2026-07-17 18:13:27,OUT_OF_WINDOW
10018,100011.3,2026-07-17,,2026-07-17 12:33:22,OUT_OF_WINDOW
10020,100011.3,2026-07-17,,2026-07-17 14:34:29,OUT_OF_WINDOW
10023,100011.3,2026-07-17,,2026-07-17 16:37:44,OUT_OF_WINDOW
10027,100011.3,2026-07-17,,2026-07-17 18:42:14,OUT_OF_WINDOW
10028,100055.3,2026-07-17,,2026-07-17 18:46:56,OUT_OF_WINDOW
10030,100046.3,2026-07-18,,2026-07-17 19:41:58,OUT_OF_WINDOW
10031,100091.3,2026-07-18,,2026-07-17 20:53:43,OUT_OF_WINDOW
10033,100013.3,2026-07-18,,2026-07-17 21:00:33,OUT_OF_WINDOW
10035,100013.3,2026-07-18,,2026-07-17 21:19:46,OUT_OF_WINDOW
10036,100011.3,2026-07-18,,2026-07-17 22:17:32,OUT_OF_WINDOW
10037,100046.3,2026-07-18,,2026-07-17 22:43:29,OUT_OF_WINDOW
10038,100091.3,2026-07-18,,2026-07-17 22:54:45,OUT_OF_WINDOW
10039,100013.3,2026-07-18,,2026-07-17 23:20:42,OUT_OF_WINDOW
10040,100068.3,2026-07-18,,2026-07-18 00:21:24,OUT_OF_WINDOW
10041,100046.3,2026-07-18,,2026-07-18 00:44:47,OUT_OF_WINDOW
10042,100091.3,2026-07-18,,2026-07-18 01:08:35,OUT_OF_WINDOW
10047,100013.3,2026-07-18,,2026-07-18 02:11:03,OUT_OF_WINDOW
10050,100068.3,2026-07-18,,2026-07-18 02:21:54,OUT_OF_WINDOW
10051,100015.3,2026-07-18,,2026-07-18 02:45:21,OUT_OF_WINDOW
10052,100046.3,2026-07-18,,2026-07-18 02:52:07,OUT_OF_WINDOW
10059,100091.3,2026-07-18,,2026-07-18 03:08:57,OUT_OF_WINDOW
10094,100012.3,2026-07-18,,2026-07-18 04:26:36,OUT_OF_WINDOW
10110,100055.3,2026-07-18,,2026-07-17 22:41:04,OUT_OF_WINDOW
10112,100055.3,2026-07-18,,2026-07-18 00:41:40,OUT_OF_WINDOW
10115,100055.3,2026-07-18,,2026-07-18 05:05:57,OUT_OF_WINDOW
10140,100084.3,2026-07-17,,2026-07-17 06:02:36,OUT_OF_WINDOW
10142,100084.3,2026-07-17,,2026-07-17 08:22:37,OUT_OF_WINDOW
10145,100084.3,2026-07-17,,2026-07-17 10:43:49,OUT_OF_WINDOW
10149,100084.3,2026-07-17,,2026-07-17 12:59:52,OUT_OF_WINDOW
10154,100084.3,2026-07-17,,2026-07-17 15:07:27,OUT_OF_WINDOW
10160,100084.3,2026-07-17,,2026-07-17 17:09:09,OUT_OF_WINDOW
10190,100055.3,2026-07-18,,2026-07-18 07:18:15,OUT_OF_WINDOW
10205,100013.3,2026-07-18,,2026-07-18 09:25:07,OUT_OF_WINDOW
10207,100050.2,2026-07-17,,2026-07-17 14:03:02,OUT_OF_WINDOW
10227,100126.3,2026-07-18,,2026-07-18 10:57:10,OUT_OF_WINDOW
10231,100055.3,2026-07-18,,2026-07-18 09:30:02,OUT_OF_WINDOW
10233,100055.3,2026-07-18,,2026-07-18 11:30:21,OUT_OF_WINDOW
10241,100064.3,2026-07-18,,2026-07-18 13:01:10,OUT_OF_WINDOW
10246,100073.3,2026-07-18,,2026-07-18 13:48:28,OUT_OF_WINDOW
10247,100073.3,2026-07-18,,2026-07-18 13:48:28,OUT_OF_WINDOW
10249,100073.3,2026-07-18,,2026-07-18 13:48:33,OUT_OF_WINDOW
10256,100046.2,2026-07-18,,2026-07-18 13:58:19,OUT_OF_WINDOW
10261,100036.2,2026-07-18,,2026-07-18 14:15:15,OUT_OF_WINDOW
10262,100084.3,2026-07-18,,2026-07-18 14:18:59,OUT_OF_WINDOW
10273,100084.3,2026-07-18,,2026-07-18 15:07:30,OUT_OF_WINDOW
10274,100091.3,2026-07-18,,2026-07-18 15:09:58,OUT_OF_WINDOW
10277,100015.2,2026-07-18,,2026-07-18 16:12:36,OUT_OF_WINDOW
10280,100068.3,2026-07-18,,2026-07-18 16:25:59,OUT_OF_WINDOW
10281,100077.2,2026-07-18,,2026-07-18 16:27:04,OUT_OF_WINDOW
10285,100023.2,2026-07-18,,2026-07-18 16:56:20,OUT_OF_WINDOW
10286,100075.2,2026-07-18,,2026-07-18 17:02:17,OUT_OF_WINDOW
10287,100086.3,2026-07-18,,2026-07-18 17:06:03,OUT_OF_WINDOW
10291,100055.3,2026-07-18,,2026-07-18 15:47:07,OUT_OF_WINDOW
10293,100055.3,2026-07-18,,2026-07-18 17:47:16,OUT_OF_WINDOW
10294,100068.3,2026-07-18,,2026-07-18 18:30:19,OUT_OF_WINDOW
10295,100032.2,2026-07-18,,2026-07-18 18:35:37,OUT_OF_WINDOW
10296,100046.3,2026-07-18,,2026-07-18 18:44:38,OUT_OF_WINDOW
10297,100004.2,2026-07-18,,2026-07-18 18:51:20,OUT_OF_WINDOW
10298,100068.3,2026-07-19,,2026-07-18 20:30:24,OUT_OF_WINDOW
10299,100091.3,2026-07-18,,2026-07-18 17:13:32,OUT_OF_WINDOW
10301,100091.3,2026-07-19,,2026-07-18 19:13:54,OUT_OF_WINDOW
10304,100091.3,2026-07-19,,2026-07-18 21:14:15,OUT_OF_WINDOW
10305,100068.3,2026-07-19,,2026-07-18 22:30:26,OUT_OF_WINDOW
10306,100055.3,2026-07-19,,2026-07-18 20:30:45,OUT_OF_WINDOW
10308,100055.3,2026-07-19,,2026-07-18 22:32:53,OUT_OF_WINDOW
10309,100091.3,2026-07-19,,2026-07-18 23:15:16,OUT_OF_WINDOW
10310,100013.3,2026-07-19,,2026-07-18 23:26:09,OUT_OF_WINDOW
10311,100046.3,2026-07-19,,2026-07-18 20:51:11,OUT_OF_WINDOW
10313,100046.3,2026-07-19,,2026-07-18 23:59:40,OUT_OF_WINDOW
10314,100068.3,2026-07-19,,2026-07-19 00:31:06,OUT_OF_WINDOW
10317,100046.3,2026-07-19,,2026-07-19 02:04:46,OUT_OF_WINDOW
10319,100071.3,2026-07-19,,2026-07-19 02:23:59,OUT_OF_WINDOW
10321,100068.3,2026-07-19,,2026-07-19 02:33:55,OUT_OF_WINDOW
10322,100094.3,2026-07-19,,2026-07-19 02:37:52,OUT_OF_WINDOW
10323,100091.3,2026-07-19,,2026-07-19 03:20:38,OUT_OF_WINDOW
10328,100058.2,2026-07-19,,2026-07-19 04:00:49,OUT_OF_WINDOW
10332,100046.3,2026-07-19,,2026-07-19 04:05:16,OUT_OF_WINDOW
10337,100089.3,2026-07-19,,2026-07-19 04:22:52,OUT_OF_WINDOW
10339,100068.3,2026-07-19,,2026-07-19 04:34:25,OUT_OF_WINDOW
10341,100091.3,2026-07-19,,2026-07-19 05:20:41,OUT_OF_WINDOW
10342,100055.3,2026-07-19,,2026-07-19 01:02:31,OUT_OF_WINDOW
10344,100055.3,2026-07-19,,2026-07-19 04:06:35,OUT_OF_WINDOW
10347,100055.3,2026-07-19,,2026-07-19 06:06:38,OUT_OF_WINDOW
10348,100068.3,2026-07-19,,2026-07-19 06:34:56,OUT_OF_WINDOW
10349,100046.3,2026-07-19,,2026-07-19 06:16:40,OUT_OF_WINDOW
10351,100046.3,2026-07-19,,2026-07-19 08:17:22,OUT_OF_WINDOW
10352,100068.3,2026-07-19,,2026-07-19 08:40:37,OUT_OF_WINDOW
10354,100055.3,2026-07-19,,2026-07-19 10:07:16,OUT_OF_WINDOW
10361,100046.3,2026-07-19,,2026-07-19 10:22:51,OUT_OF_WINDOW
10362,100068.3,2026-07-19,,2026-07-19 11:34:00,OUT_OF_WINDOW
10363,100046.3,2026-07-19,,2026-07-19 12:27:58,OUT_OF_WINDOW
10366,100046.3,2026-07-19,,2026-07-19 14:28:18,OUT_OF_WINDOW
10367,100068.3,2026-07-19,,2026-07-19 15:34:51,OUT_OF_WINDOW
10369,100089.3,2026-07-19,,2026-07-19 15:45:34,OUT_OF_WINDOW
10370,100091.3,2026-07-19,,2026-07-19 11:37:04,OUT_OF_WINDOW
10372,100091.3,2026-07-19,,2026-07-19 13:52:03,OUT_OF_WINDOW
10376,100023.2,2026-07-19,,2026-07-19 16:29:34,OUT_OF_WINDOW
10377,100046.3,2026-07-19,,2026-07-19 16:37:12,OUT_OF_WINDOW
10378,100013.3,2026-07-19,,2026-07-19 17:44:13,OUT_OF_WINDOW
10379,100013.3,2026-07-19,,2026-07-19 17:44:13,OUT_OF_WINDOW
10381,100013.3,2026-07-19,,2026-07-19 17:45:04,OUT_OF_WINDOW
10382,100067.2,2026-07-19,,2026-07-19 18:02:03,OUT_OF_WINDOW
10383,100055.3,2026-07-19,,2026-07-19 12:12:26,OUT_OF_WINDOW
10385,100055.3,2026-07-19,,2026-07-19 14:22:36,OUT_OF_WINDOW
10388,100055.3,2026-07-19,,2026-07-19 16:22:56,OUT_OF_WINDOW
10392,100055.3,2026-07-19,,2026-07-19 18:25:08,OUT_OF_WINDOW
10393,100032.2,2026-07-19,,2026-07-19 18:38:21,OUT_OF_WINDOW
10394,100046.3,2026-07-19,,2026-07-19 18:40:43,OUT_OF_WINDOW
10396,100068.3,2026-07-20,,2026-07-19 19:35:48,OUT_OF_WINDOW
10397,100096.3,2026-07-19,,2026-07-19 16:00:02,OUT_OF_WINDOW
10399,100096.3,2026-07-19,,2026-07-19 18:01:07,OUT_OF_WINDOW
10402,100096.3,2026-07-20,,2026-07-19 20:01:50,OUT_OF_WINDOW
10403,100055.3,2026-07-20,,2026-07-19 20:26:47,OUT_OF_WINDOW
10404,100068.3,2026-07-20,,2026-07-19 21:37:03,OUT_OF_WINDOW
10405,100046.3,2026-07-20,,2026-07-19 22:29:03,OUT_OF_WINDOW
10406,100096.3,2026-07-20,,2026-07-19 23:22:06,OUT_OF_WINDOW
10407,100068.3,2026-07-20,,2026-07-19 23:37:45,OUT_OF_WINDOW
10408,100046.3,2026-07-20,,2026-07-20 00:29:16,OUT_OF_WINDOW
10417,100046.3,2026-07-20,,2026-07-20 02:29:46,OUT_OF_WINDOW
10418,100073.3,2026-07-20,,2026-07-20 02:10:57,OUT_OF_WINDOW
10421,100069.3,2026-07-18,,2026-07-18 05:42:36,OUT_OF_WINDOW
10422,100069.3,2026-07-20,,2026-07-20 02:54:24,OUT_OF_WINDOW
10441,100015.3,2026-07-20,,2026-07-20 03:21:12,OUT_OF_WINDOW
10442,100096.3,2026-07-20,,2026-07-20 01:22:18,OUT_OF_WINDOW
10444,100096.3,2026-07-20,,2026-07-20 03:22:22,OUT_OF_WINDOW
10479,100046.3,2026-07-20,,2026-07-20 04:32:00,OUT_OF_WINDOW
10482,100048.2,2026-07-20,,2026-07-20 04:37:27,OUT_OF_WINDOW
10492,100017.3,2026-07-15,,2026-07-15 04:44:03,OUT_OF_WINDOW
10499,100015.3,2026-07-20,,2026-07-20 05:07:18,OUT_OF_WINDOW
10504,100038.2,2026-07-20,,2026-07-20 05:13:59,OUT_OF_WINDOW
10527,100037.2,2026-07-20,,2026-07-20 06:10:45,OUT_OF_WINDOW
10535,100046.3,2026-07-20,,2026-07-20 06:32:11,OUT_OF_WINDOW
10548,100055.3,2026-07-20,,2026-07-20 04:01:53,OUT_OF_WINDOW
10550,100055.3,2026-07-20,,2026-07-20 06:01:56,OUT_OF_WINDOW
10553,100055.3,2026-07-20,,2026-07-20 08:03:27,OUT_OF_WINDOW
10561,100046.3,2026-07-20,,2026-07-20 06:32:11,OUT_OF_WINDOW
10563,100046.3,2026-07-20,,2026-07-20 08:32:48,OUT_OF_WINDOW
10580,100055.3,2026-07-20,,2026-07-20 10:06:41,OUT_OF_WINDOW
10582,100046.3,2026-07-20,,2026-07-20 10:35:16,OUT_OF_WINDOW
10588,100001.3,2026-07-20,,2026-07-20 11:47:02,OUT_OF_WINDOW
10590,100055.3,2026-07-20,,2026-07-20 12:07:20,OUT_OF_WINDOW
10592,100046.3,2026-07-20,,2026-07-20 12:35:40,OUT_OF_WINDOW
10601,100033.2,2026-07-20,,2026-07-20 14:02:19,OUT_OF_WINDOW
10603,100064.2,2026-07-20,,2026-07-20 14:03:27,OUT_OF_WINDOW
10605,100071.3,2026-07-20,,2026-07-20 14:16:11,OUT_OF_WINDOW
10608,100046.3,2026-07-20,,2026-07-20 14:36:47,OUT_OF_WINDOW
10674,100072.3,2026-07-20,,2026-07-20 14:26:08,OUT_OF_WINDOW
10675,100064.3,2026-07-20,,2026-07-20 12:49:15,OUT_OF_WINDOW
10677,100064.3,2026-07-20,,2026-07-20 14:49:32,OUT_OF_WINDOW
10678,100096.3,2026-07-20,,2026-07-20 14:50:47,OUT_OF_WINDOW
10679,100081.3,2026-07-20,,2026-07-20 14:54:22,OUT_OF_WINDOW
10680,100063.3,2026-07-20,,2026-07-20 15:03:08,OUT_OF_WINDOW
10681,100084.3,2026-07-18,,2026-07-18 17:17:30,OUT_OF_WINDOW
10683,100084.3,2026-07-19,,2026-07-18 19:24:54,OUT_OF_WINDOW
10686,100084.3,2026-07-19,,2026-07-19 06:14:26,OUT_OF_WINDOW
10690,100084.3,2026-07-19,,2026-07-19 08:14:30,OUT_OF_WINDOW
10695,100084.3,2026-07-19,,2026-07-19 10:14:45,OUT_OF_WINDOW
10701,100084.3,2026-07-19,,2026-07-19 12:22:26,OUT_OF_WINDOW
10708,100084.3,2026-07-19,,2026-07-19 14:35:01,OUT_OF_WINDOW
10746,100084.3,2026-07-20,,2026-07-20 15:20:44,OUT_OF_WINDOW
10747,100013.2,2026-07-20,,2026-07-20 15:55:32,OUT_OF_WINDOW
10749,100055.3,2026-07-20,,2026-07-20 14:09:05,OUT_OF_WINDOW
10751,100055.3,2026-07-20,,2026-07-20 16:14:53,OUT_OF_WINDOW
10758,100096.3,2026-07-20,,2026-07-20 16:16:58,OUT_OF_WINDOW
10759,100077.2,2026-07-20,,2026-07-20 16:22:37,OUT_OF_WINDOW
10760,100036.2,2026-07-20,,2026-07-20 16:27:10,OUT_OF_WINDOW
10761,100046.3,2026-07-20,,2026-07-20 16:46:48,OUT_OF_WINDOW
10765,100064.3,2026-07-20,,2026-07-20 16:49:41,OUT_OF_WINDOW
10768,100071.2,2026-07-20,,2026-07-20 17:04:14,OUT_OF_WINDOW
10772,100084.3,2026-07-20,,2026-07-20 17:21:10,OUT_OF_WINDOW
10776,100032.2,2026-07-20,,2026-07-20 18:26:20,OUT_OF_WINDOW
10777,100046.3,2026-07-20,,2026-07-20 18:46:53,OUT_OF_WINDOW
10779,100067.2,2026-07-20,,2026-07-20 18:51:04,OUT_OF_WINDOW
10780,100064.3,2026-07-21,,2026-07-20 19:02:38,OUT_OF_WINDOW
10785,100047.3,2026-07-21,,2026-07-20 20:02:49,OUT_OF_WINDOW
10787,100047.3,2026-07-21,,2026-07-20 22:04:21,OUT_OF_WINDOW
10790,100047.3,2026-07-21,,2026-07-21 02:39:04,OUT_OF_WINDOW
10794,100047.3,2026-07-21,,2026-07-21 04:48:13,OUT_OF_WINDOW
10801,100126.3,2026-07-21,,2026-07-21 05:01:45,OUT_OF_WINDOW
10804,100046.3,2026-07-21,,2026-07-20 21:44:52,OUT_OF_WINDOW
10806,100046.3,2026-07-21,,2026-07-20 23:45:22,OUT_OF_WINDOW
10809,100046.3,2026-07-21,,2026-07-21 02:14:48,OUT_OF_WINDOW
10814,100015.3,2026-07-21,,2026-07-20 22:52:30,OUT_OF_WINDOW
10816,100015.3,2026-07-21,,2026-07-21 04:06:38,OUT_OF_WINDOW
10818,100040.2,2026-07-21,,2026-07-21 05:18:35,OUT_OF_WINDOW
10842,100015.3,2026-07-21,,2026-07-21 05:55:03,OUT_OF_WINDOW
10883,100009.3,2026-07-21,,2026-07-21 09:16:22,OUT_OF_WINDOW
10885,100069.3,2026-07-21,,2026-07-21 09:18:14,OUT_OF_WINDOW
10892,100064.3,2026-07-21,,2026-07-20 21:02:42,OUT_OF_WINDOW
10894,100064.3,2026-07-21,,2026-07-20 23:17:41,OUT_OF_WINDOW
10897,100064.3,2026-07-21,,2026-07-21 01:19:58,OUT_OF_WINDOW
10901,100064.3,2026-07-21,,2026-07-21 03:29:05,OUT_OF_WINDOW
10912,100057.3,2026-07-21,,2026-07-21 10:04:05,OUT_OF_WINDOW
10915,100076.3,2026-07-20,,2026-07-20 16:00:01,OUT_OF_WINDOW
10917,100076.3,2026-07-21,,2026-07-21 04:24:20,OUT_OF_WINDOW
10920,100076.3,2026-07-21,,2026-07-21 10:41:55,OUT_OF_WINDOW
10927,100072.3,2026-07-21,,2026-07-21 02:27:49,OUT_OF_WINDOW
10928,100072.3,2026-07-21,,2026-07-21 02:27:49,OUT_OF_WINDOW
10930,100072.3,2026-07-21,,2026-07-21 11:03:47,OUT_OF_WINDOW
10955,100124.3,2026-07-21,,2026-07-21 04:12:38,OUT_OF_WINDOW
10959,100089.3,2026-07-21,,2026-07-21 03:58:45,OUT_OF_WINDOW
10966,100015.3,2026-07-21,,2026-07-21 12:32:39,OUT_OF_WINDOW
10969,100073.3,2026-07-21,,2026-07-21 02:39:49,OUT_OF_WINDOW
10970,100073.3,2026-07-21,,2026-07-21 12:49:03,OUT_OF_WINDOW
10981,100064.3,2026-07-21,,2026-07-21 13:11:32,OUT_OF_WINDOW
10986,100064.3,2026-07-21,,2026-07-21 13:40:15,OUT_OF_WINDOW
10991,100064.2,2026-07-21,,2026-07-21 14:02:11,OUT_OF_WINDOW
10993,100059.2,2026-07-21,,2026-07-21 14:03:15,OUT_OF_WINDOW
10994,100057.3,2026-07-21,,2026-07-21 12:04:30,OUT_OF_WINDOW
10996,100057.3,2026-07-21,,2026-07-21 14:04:32,OUT_OF_WINDOW
10999,100057.3,2026-07-21,,2026-07-21 14:04:38,OUT_OF_WINDOW
11003,100057.3,2026-07-21,,2026-07-21 14:04:44,OUT_OF_WINDOW
11007,100036.2,2026-07-21,,2026-07-21 14:18:34,OUT_OF_WINDOW
11009,100046.2,2026-07-21,,2026-07-21 14:44:05,OUT_OF_WINDOW
11011,100072.3,2026-07-21,,2026-07-21 14:45:09,OUT_OF_WINDOW
11025,100084.3,2026-07-21,,2026-07-21 03:56:48,OUT_OF_WINDOW
11027,100084.3,2026-07-21,,2026-07-21 06:21:37,OUT_OF_WINDOW
11030,100084.3,2026-07-21,,2026-07-21 08:27:48,OUT_OF_WINDOW
11034,100084.3,2026-07-21,,2026-07-21 13:06:51,OUT_OF_WINDOW
11039,100084.3,2026-07-21,,2026-07-21 15:20:14,OUT_OF_WINDOW
11040,100126.3,2026-07-21,,2026-07-21 11:21:39,OUT_OF_WINDOW
11042,100126.3,2026-07-21,,2026-07-21 13:22:24,OUT_OF_WINDOW
11045,100126.3,2026-07-21,,2026-07-21 15:22:59,OUT_OF_WINDOW
11046,100096.3,2026-07-20,,2026-07-20 18:17:15,OUT_OF_WINDOW
11048,100096.3,2026-07-21,,2026-07-20 20:17:32,OUT_OF_WINDOW
11051,100096.3,2026-07-21,,2026-07-20 22:17:52,OUT_OF_WINDOW
11055,100096.3,2026-07-21,,2026-07-21 00:24:18,OUT_OF_WINDOW
11060,100096.3,2026-07-21,,2026-07-21 02:30:10,OUT_OF_WINDOW
11066,100096.3,2026-07-21,,2026-07-21 04:31:12,OUT_OF_WINDOW
11073,100096.3,2026-07-21,,2026-07-21 11:25:26,OUT_OF_WINDOW
11081,100096.3,2026-07-21,,2026-07-21 13:25:56,OUT_OF_WINDOW
11090,100096.3,2026-07-21,,2026-07-21 15:26:12,OUT_OF_WINDOW
11093,100064.3,2026-07-21,,2026-07-21 16:25:53,OUT_OF_WINDOW
11094,100088.3,2026-07-21,,2026-07-21 16:52:51,OUT_OF_WINDOW
11099,100078.3,2026-07-21,,2026-07-21 17:32:27,OUT_OF_WINDOW
11100,100004.2,2026-07-21,,2026-07-21 17:34:58,OUT_OF_WINDOW
11101,100006.2,2026-07-21,,2026-07-21 17:38:17,OUT_OF_WINDOW
11102,100023.2,2026-07-21,,2026-07-21 17:39:35,OUT_OF_WINDOW
11105,100067.2,2026-07-21,,2026-07-21 18:53:40,OUT_OF_WINDOW
11109,100047.3,2026-07-22,,2026-07-21 19:08:42,OUT_OF_WINDOW
11110,100126.3,2026-07-21,,2026-07-21 17:30:38,OUT_OF_WINDOW
11112,100126.3,2026-07-22,,2026-07-21 19:30:56,OUT_OF_WINDOW
11113,100096.3,2026-07-21,,2026-07-21 17:40:32,OUT_OF_WINDOW
11115,100096.3,2026-07-22,,2026-07-21 19:42:21,OUT_OF_WINDOW
11118,100046.3,2026-07-22,,2026-07-21 19:49:24,OUT_OF_WINDOW
11119,100064.3,2026-07-21,,2026-07-21 18:34:48,OUT_OF_WINDOW
11121,100064.3,2026-07-22,,2026-07-21 20:42:56,OUT_OF_WINDOW
11122,100047.3,2026-07-22,,2026-07-21 21:13:59,OUT_OF_WINDOW
11123,100096.3,2026-07-22,,2026-07-21 21:42:44,OUT_OF_WINDOW
11124,100126.3,2026-07-22,,2026-07-21 21:56:11,OUT_OF_WINDOW
11125,100064.3,2026-07-22,,2026-07-21 22:58:35,OUT_OF_WINDOW
11126,100046.3,2026-07-22,,2026-07-21 23:12:16,OUT_OF_WINDOW
11128,100047.3,2026-07-22,,2026-07-22 01:15:58,OUT_OF_WINDOW
11129,100058.3,2026-07-22,,2026-07-22 01:19:15,OUT_OF_WINDOW
11131,100046.3,2026-07-22,,2026-07-22 01:24:44,OUT_OF_WINDOW
11133,100096.3,2026-07-22,,2026-07-21 23:42:53,OUT_OF_WINDOW
11135,100096.3,2026-07-22,,2026-07-22 01:44:39,OUT_OF_WINDOW
11141,100126.3,2026-07-22,,2026-07-22 02:10:02,OUT_OF_WINDOW
11142,100094.3,2026-07-21,,2026-07-21 02:08:23,OUT_OF_WINDOW
11146,100024.3,2026-07-19,,2026-07-19 03:50:41,OUT_OF_WINDOW
11148,100024.3,2026-07-22,,2026-07-22 02:48:12,OUT_OF_WINDOW
11165,100046.3,2026-07-22,,2026-07-22 03:26:07,OUT_OF_WINDOW
11168,100096.3,2026-07-22,,2026-07-22 03:44:59,OUT_OF_WINDOW
11169,100055.3,2026-07-20,,2026-07-20 18:22:36,OUT_OF_WINDOW
11184,100015.3,2026-07-22,,2026-07-22 04:02:27,OUT_OF_WINDOW
11194,100140.3,2026-07-21,,2026-07-21 04:16:06,OUT_OF_WINDOW
11195,100140.3,2026-07-22,,2026-07-22 04:18:34,OUT_OF_WINDOW
11243,100660.1,2026-07-22,,2026-07-22 05:53:10,OUT_OF_WINDOW
11245,100055.3,2026-07-22,,2026-07-22 05:54:04,OUT_OF_WINDOW
11288,100009.3,2026-07-22,,2026-07-22 09:22:32,OUT_OF_WINDOW
11304,100055.3,2026-07-22,,2026-07-22 07:54:37,OUT_OF_WINDOW
11306,100055.3,2026-07-22,,2026-07-22 09:55:32,OUT_OF_WINDOW
11307,100055.3,2026-07-22,,2026-07-22 07:54:37,OUT_OF_WINDOW
11309,100055.3,2026-07-22,,2026-07-22 09:55:32,OUT_OF_WINDOW
11312,100055.3,2026-07-22,,2026-07-22 09:56:07,OUT_OF_WINDOW
11322,100052.2,2026-07-22,,2026-07-22 10:48:59,OUT_OF_WINDOW
11346,100064.3,2026-07-22,,2026-07-22 12:58:54,OUT_OF_WINDOW
11353,100064.3,2026-07-22,,2026-07-22 13:54:31,OUT_OF_WINDOW
11355,100055.3,2026-07-22,,2026-07-22 11:57:45,OUT_OF_WINDOW
11357,100055.3,2026-07-22,,2026-07-22 13:58:11,OUT_OF_WINDOW
11362,100029.2,2026-07-20,,2026-07-20 05:20:24,OUT_OF_WINDOW
11373,100094.3,2026-07-22,,2026-07-22 14:17:06,OUT_OF_WINDOW
11375,100036.2,2026-07-22,,2026-07-22 14:30:18,OUT_OF_WINDOW
11388,100066.3,2026-07-22,,2026-07-22 14:48:48,OUT_OF_WINDOW
11397,100064.3,2026-07-22,,2026-07-22 15:55:01,OUT_OF_WINDOW
11398,100055.3,2026-07-22,,2026-07-22 16:01:22,OUT_OF_WINDOW
11400,100055.3,2026-07-22,,2026-07-22 16:02:14,OUT_OF_WINDOW
11403,100001.3,2026-07-22,,2026-07-22 16:36:23,OUT_OF_WINDOW
11404,100011.3,2026-07-22,,2026-07-22 16:43:46,OUT_OF_WINDOW
11406,100096.3,2026-07-22,,2026-07-22 05:47:21,OUT_OF_WINDOW
11408,100096.3,2026-07-22,,2026-07-22 07:47:27,OUT_OF_WINDOW
11411,100096.3,2026-07-22,,2026-07-22 09:47:31,OUT_OF_WINDOW
11415,100096.3,2026-07-22,,2026-07-22 11:55:31,OUT_OF_WINDOW
11420,100096.3,2026-07-22,,2026-07-22 15:01:08,OUT_OF_WINDOW
11426,100096.3,2026-07-22,,2026-07-22 17:02:09,OUT_OF_WINDOW
11434,100015.2,2026-07-22,,2026-07-22 17:29:38,OUT_OF_WINDOW
11436,100058.3,2026-07-22,,2026-07-22 17:42:30,OUT_OF_WINDOW
11437,100055.3,2026-07-22,,2026-07-22 18:03:29,OUT_OF_WINDOW
11441,100032.2,2026-07-22,,2026-07-22 18:39:29,OUT_OF_WINDOW
11442,100084.3,2026-07-22,,2026-07-22 05:47:58,OUT_OF_WINDOW
11444,100084.3,2026-07-22,,2026-07-22 07:52:31,OUT_OF_WINDOW
11447,100084.3,2026-07-22,,2026-07-22 10:10:43,OUT_OF_WINDOW
11451,100084.3,2026-07-22,,2026-07-22 12:22:51,OUT_OF_WINDOW
11456,100084.3,2026-07-22,,2026-07-22 14:24:19,OUT_OF_WINDOW
11462,100084.3,2026-07-22,,2026-07-22 16:41:16,OUT_OF_WINDOW
11469,100084.3,2026-07-22,,2026-07-22 18:41:25,OUT_OF_WINDOW
11470,100011.3,2026-07-22,,2026-07-22 18:46:04,OUT_OF_WINDOW
11472,100047.3,2026-07-23,,2026-07-22 19:04:35,OUT_OF_WINDOW
11473,100064.3,2026-07-22,,2026-07-22 17:55:28,OUT_OF_WINDOW
11475,100064.3,2026-07-23,,2026-07-22 20:08:52,OUT_OF_WINDOW
11476,100096.3,2026-07-23,,2026-07-22 19:02:16,OUT_OF_WINDOW
11478,100096.3,2026-07-23,,2026-07-22 21:02:22,OUT_OF_WINDOW
11479,100047.3,2026-07-23,,2026-07-22 21:09:09,OUT_OF_WINDOW
11480,100064.3,2026-07-23,,2026-07-22 22:09:23,OUT_OF_WINDOW
11481,100064.3,2026-07-23,,2026-07-23 00:09:25,OUT_OF_WINDOW
11482,100011.3,2026-07-23,,2026-07-23 00:37:39,OUT_OF_WINDOW
11483,100047.3,2026-07-23,,2026-07-23 00:44:41,OUT_OF_WINDOW
11486,100096.3,2026-07-23,,2026-07-22 23:05:16,OUT_OF_WINDOW
11488,100096.3,2026-07-23,,2026-07-22 23:05:24,OUT_OF_WINDOW
11491,100096.3,2026-07-23,,2026-07-23 01:07:12,OUT_OF_WINDOW
11495,100073.3,2026-07-23,,2026-07-23 02:03:53,OUT_OF_WINDOW
11499,100097.3,2026-07-23,,2026-07-23 02:26:10,OUT_OF_WINDOW
11503,100011.3,2026-07-23,,2026-07-23 02:43:40,OUT_OF_WINDOW
11508,100014.3,2026-07-23,,2026-07-23 02:58:12,OUT_OF_WINDOW
11512,100096.3,2026-07-23,,2026-07-23 03:07:33,OUT_OF_WINDOW
11524,100071.3,2026-07-23,,2026-07-23 03:49:48,OUT_OF_WINDOW
11526,100096.3,2026-07-22,,2026-07-22 16:00:15,OUT_OF_WINDOW
11528,100096.3,2026-07-23,,2026-07-23 03:53:16,OUT_OF_WINDOW
11537,100055.3,2026-07-23,,2026-07-22 20:08:35,OUT_OF_WINDOW
11538,100055.3,2026-07-23,,2026-07-23 04:03:06,OUT_OF_WINDOW
11549,100058.2,2026-07-23,,2026-07-23 04:18:53,OUT_OF_WINDOW
11555,100124.3,2026-07-23,,2026-07-23 04:28:35,OUT_OF_WINDOW
11574,100011.3,2026-07-23,,2026-07-23 05:00:04,OUT_OF_WINDOW
11608,100126.3,2026-07-23,,2026-07-23 04:16:43,OUT_OF_WINDOW
11615,100017.3,2026-07-23,,2026-07-23 06:33:16,OUT_OF_WINDOW
11616,100023.3,2026-07-23,,2026-07-23 06:33:47,OUT_OF_WINDOW
11618,100016.3,2026-07-23,,2026-07-23 06:33:59,OUT_OF_WINDOW
11695,100012.3,2026-07-23,,2026-07-23 13:31:31,OUT_OF_WINDOW
11702,100064.2,2026-07-23,,2026-07-23 14:03:07,OUT_OF_WINDOW
11704,100067.3,2026-07-21,,2026-07-21 04:02:45,OUT_OF_WINDOW
11708,100094.3,2026-07-23,,2026-07-23 14:22:27,OUT_OF_WINDOW
11711,100068.3,2026-07-23,,2026-07-23 14:42:33,OUT_OF_WINDOW
11714,100036.2,2026-07-23,,2026-07-23 15:19:14,OUT_OF_WINDOW
11718,100064.3,2026-07-23,,2026-07-23 15:44:37,OUT_OF_WINDOW
11719,100071.2,2026-07-23,,2026-07-23 15:49:12,OUT_OF_WINDOW
11720,100014.3,2026-07-23,,2026-07-23 15:53:23,OUT_OF_WINDOW
11721,100084.3,2026-07-23,,2026-07-23 15:53:29,OUT_OF_WINDOW
11722,100096.3,2026-07-23,,2026-07-23 15:54:39,OUT_OF_WINDOW
11723,100071.3,2026-07-23,,2026-07-23 16:00:28,OUT_OF_WINDOW
11729,100039.2,2026-07-23,,2026-07-23 16:40:37,OUT_OF_WINDOW
11730,100011.3,2026-07-23,,2026-07-23 16:50:42,OUT_OF_WINDOW
11736,100054.3,2026-07-23,,2026-07-23 17:43:02,OUT_OF_WINDOW
11737,100058.3,2026-07-23,,2026-07-23 01:07:54,OUT_OF_WINDOW
11741,100058.2,2026-07-23,,2026-07-23 18:16:08,OUT_OF_WINDOW
11743,100032.2,2026-07-23,,2026-07-23 18:51:15,OUT_OF_WINDOW
11744,100011.3,2026-07-23,,2026-07-23 18:55:08,OUT_OF_WINDOW
11751,100046.3,2026-07-24,,2026-07-23 19:36:26,OUT_OF_WINDOW
11752,100011.3,2026-07-24,,2026-07-23 21:09:38,OUT_OF_WINDOW
11753,100046.3,2026-07-24,,2026-07-23 22:27:52,OUT_OF_WINDOW
11754,100011.3,2026-07-24,,2026-07-24 00:01:23,OUT_OF_WINDOW
11755,100064.3,2026-07-24,,2026-07-24 00:34:34,OUT_OF_WINDOW
11756,100046.3,2026-07-24,,2026-07-24 01:09:26,OUT_OF_WINDOW
11757,100058.3,2026-07-24,,2026-07-24 01:17:59,OUT_OF_WINDOW
11758,100058.3,2026-07-24,,2026-07-24 01:17:59,OUT_OF_WINDOW
11762,100011.3,2026-07-24,,2026-07-24 02:02:16,OUT_OF_WINDOW
11763,100067.3,2026-07-24,,2026-07-24 02:12:23,OUT_OF_WINDOW
11767,100057.3,2026-07-24,,2026-07-24 02:30:12,OUT_OF_WINDOW
11788,100069.3,2026-07-24,,2026-07-24 03:01:31,OUT_OF_WINDOW
11793,100050.3,2026-07-24,,2026-07-24 03:13:08,OUT_OF_WINDOW
11803,100001.3,2026-07-24,,2026-07-24 03:45:33,OUT_OF_WINDOW
11805,100076.3,2026-07-24,,2026-07-24 03:50:43,OUT_OF_WINDOW
11814,100011.3,2026-07-24,,2026-07-24 04:05:12,OUT_OF_WINDOW
11831,100023.3,2026-07-24,,2026-07-24 04:28:45,OUT_OF_WINDOW
11855,100046.3,2026-07-24,,2026-07-24 03:16:01,OUT_OF_WINDOW
11857,100046.3,2026-07-24,,2026-07-24 05:17:53,OUT_OF_WINDOW
11861,100050.3,2026-07-24,,2026-07-24 05:24:04,OUT_OF_WINDOW
11883,100046.3,2026-07-24,,2026-07-24 07:17:57,OUT_OF_WINDOW
11898,100046.3,2026-07-24,,2026-07-24 09:18:25,OUT_OF_WINDOW
11908,100075.2,2026-07-23,,2026-07-23 18:02:28,OUT_OF_WINDOW
11909,100075.2,2026-07-24,,2026-07-24 09:39:43,OUT_OF_WINDOW
11922,100011.3,2026-07-24,,2026-07-24 06:10:00,OUT_OF_WINDOW
11924,100011.3,2026-07-24,,2026-07-24 08:20:15,OUT_OF_WINDOW
11927,100011.3,2026-07-24,,2026-07-24 10:25:02,OUT_OF_WINDOW
11932,100126.3,2026-07-24,,2026-07-24 11:16:03,OUT_OF_WINDOW
11933,100046.3,2026-07-24,,2026-07-24 11:18:48,OUT_OF_WINDOW
11944,100013.2,2026-07-24,,2026-07-24 12:24:11,OUT_OF_WINDOW
11945,100011.3,2026-07-24,,2026-07-24 12:25:08,OUT_OF_WINDOW
11957,100024.2,2026-07-24,,2026-07-24 14:00:08,OUT_OF_WINDOW
11970,100040.2,2026-07-24,,2026-07-24 14:04:06,OUT_OF_WINDOW
11985,100011.3,2026-07-24,,2026-07-24 14:27:38,OUT_OF_WINDOW
11987,100029.2,2026-07-24,,2026-07-24 14:33:08,OUT_OF_WINDOW
11990,100068.3,2026-07-24,,2026-07-24 14:41:12,OUT_OF_WINDOW
11991,100036.2,2026-07-24,,2026-07-24 14:54:28,OUT_OF_WINDOW
11993,100064.3,2026-07-24,,2026-07-24 13:13:04,OUT_OF_WINDOW
11995,100064.3,2026-07-24,,2026-07-24 15:31:06,OUT_OF_WINDOW
11998,100071.3,2026-07-24,,2026-07-24 16:00:13,OUT_OF_WINDOW
12000,100011.3,2026-07-24,,2026-07-24 16:32:32,OUT_OF_WINDOW
12002,100084.3,2026-07-23,,2026-07-23 05:55:22,OUT_OF_WINDOW
12004,100084.3,2026-07-23,,2026-07-23 08:10:50,OUT_OF_WINDOW
12007,100084.3,2026-07-23,,2026-07-23 12:17:28,OUT_OF_WINDOW
12011,100084.3,2026-07-23,,2026-07-23 14:20:51,OUT_OF_WINDOW
12016,100084.3,2026-07-23,,2026-07-23 16:56:53,OUT_OF_WINDOW
12022,100084.3,2026-07-24,,2026-07-23 19:00:01,OUT_OF_WINDOW
12029,100084.3,2026-07-24,,2026-07-24 01:36:29,OUT_OF_WINDOW
12079,100084.3,2026-07-24,,2026-07-24 17:04:27,OUT_OF_WINDOW
12082,100046.3,2026-07-24,,2026-07-24 15:20:08,OUT_OF_WINDOW
12084,100046.3,2026-07-24,,2026-07-24 17:20:34,OUT_OF_WINDOW
12085,100064.3,2026-07-24,,2026-07-24 17:31:11,OUT_OF_WINDOW
12089,100058.3,2026-07-24,,2026-07-24 18:13:13,OUT_OF_WINDOW
12090,100032.2,2026-07-24,,2026-07-24 18:51:24,OUT_OF_WINDOW
12092,100046.3,2026-07-25,,2026-07-24 19:21:02,OUT_OF_WINDOW
12093,100064.3,2026-07-25,,2026-07-24 19:31:25,OUT_OF_WINDOW
12094,100047.3,2026-07-25,,2026-07-24 19:58:38,OUT_OF_WINDOW
12095,100011.3,2026-07-25,,2026-07-24 20:09:18,OUT_OF_WINDOW
12096,100064.3,2026-07-25,,2026-07-24 21:31:56,OUT_OF_WINDOW
12097,100015.3,2026-07-25,,2026-07-24 21:33:56,OUT_OF_WINDOW
12098,100015.3,2026-07-25,,2026-07-24 21:35:09,OUT_OF_WINDOW
12099,100047.3,2026-07-25,,2026-07-24 21:58:52,OUT_OF_WINDOW
12100,100011.3,2026-07-25,,2026-07-24 22:09:31,OUT_OF_WINDOW
12101,100046.3,2026-07-25,,2026-07-24 22:22:02,OUT_OF_WINDOW
12102,100064.3,2026-07-25,,2026-07-24 23:45:50,OUT_OF_WINDOW
12103,100046.3,2026-07-25,,2026-07-25 00:36:45,OUT_OF_WINDOW
12106,100011.3,2026-07-25,,2026-07-25 01:30:20,OUT_OF_WINDOW
12110,100073.3,2026-07-24,,2026-07-24 13:22:48,OUT_OF_WINDOW
12113,100073.3,2026-07-24,,2026-07-24 13:22:48,OUT_OF_WINDOW
12116,100073.3,2026-07-25,,2026-07-25 01:58:52,OUT_OF_WINDOW
12120,100058.3,2026-07-25,,2026-07-25 02:06:56,OUT_OF_WINDOW
12129,100054.3,2026-07-25,,2026-07-25 03:09:50,OUT_OF_WINDOW
12137,100046.3,2026-07-25,,2026-07-25 03:37:20,OUT_OF_WINDOW
12138,100083.3,2026-07-21,,2026-07-20 23:38:19,OUT_OF_WINDOW
12140,100083.3,2026-07-21,,2026-07-21 01:49:28,OUT_OF_WINDOW
12150,100007.3,2026-07-25,,2026-07-25 03:30:39,OUT_OF_WINDOW
12155,100057.3,2026-07-25,,2026-07-25 04:10:12,OUT_OF_WINDOW
12163,100015.3,2026-07-25,,2026-07-25 04:17:05,OUT_OF_WINDOW
12186,100011.3,2026-07-25,,2026-07-25 05:02:11,OUT_OF_WINDOW
12193,100023.3,2026-07-25,,2026-07-25 05:14:50,OUT_OF_WINDOW
12225,100005.3,2026-07-25,,2026-07-25 06:33:10,OUT_OF_WINDOW
12233,100011.3,2026-07-25,,2026-07-25 07:02:13,OUT_OF_WINDOW
12250,100023.3,2026-07-25,,2026-07-25 07:41:40,OUT_OF_WINDOW
12255,100023.3,2026-07-25,,2026-07-25 08:27:20,OUT_OF_WINDOW
12258,100009.3,2026-07-25,,2026-07-25 08:56:28,OUT_OF_WINDOW
12293,100064.2,2026-07-25,,2026-07-25 14:02:05,OUT_OF_WINDOW
12297,100040.2,2026-07-25,,2026-07-25 14:07:18,OUT_OF_WINDOW
12303,100070.2,2026-07-25,,2026-07-25 16:36:35,OUT_OF_WINDOW
12307,100070.2,2026-07-25,,2026-07-25 16:37:35,OUT_OF_WINDOW
12312,100070.2,2026-07-25,,2026-07-25 17:37:45,OUT_OF_WINDOW
12318,100070.2,2026-07-25,,2026-07-25 18:37:46,OUT_OF_WINDOW
12325,100070.2,2026-07-26,,2026-07-25 19:37:46,OUT_OF_WINDOW
12333,100070.2,2026-07-26,,2026-07-25 20:37:55,OUT_OF_WINDOW
12342,100070.2,2026-07-26,,2026-07-25 21:39:11,OUT_OF_WINDOW
12352,100070.2,2026-07-26,,2026-07-25 22:44:47,OUT_OF_WINDOW
12353,100064.3,2026-07-25,,2026-07-25 12:58:24,OUT_OF_WINDOW
12355,100064.3,2026-07-25,,2026-07-25 15:01:12,OUT_OF_WINDOW
12358,100064.3,2026-07-25,,2026-07-25 17:03:30,OUT_OF_WINDOW
12362,100064.3,2026-07-26,,2026-07-25 19:03:46,OUT_OF_WINDOW
12367,100064.3,2026-07-26,,2026-07-25 21:04:39,OUT_OF_WINDOW
12373,100064.3,2026-07-26,,2026-07-25 23:09:57,OUT_OF_WINDOW
12374,100011.3,2026-07-25,,2026-07-25 09:02:58,OUT_OF_WINDOW
12376,100011.3,2026-07-25,,2026-07-25 11:06:08,OUT_OF_WINDOW
12379,100011.3,2026-07-25,,2026-07-25 13:06:30,OUT_OF_WINDOW
12383,100011.3,2026-07-25,,2026-07-25 15:14:08,OUT_OF_WINDOW
12388,100011.3,2026-07-25,,2026-07-25 17:15:16,OUT_OF_WINDOW
12394,100011.3,2026-07-26,,2026-07-25 19:19:09,OUT_OF_WINDOW
12401,100011.3,2026-07-26,,2026-07-25 23:34:48,OUT_OF_WINDOW
12402,100070.2,2026-07-26,,2026-07-26 00:25:17,OUT_OF_WINDOW
12404,100064.3,2026-07-26,,2026-07-26 01:14:59,OUT_OF_WINDOW
12405,100011.3,2026-07-26,,2026-07-26 01:35:19,OUT_OF_WINDOW
12406,100070.2,2026-07-26,,2026-07-26 01:51:46,OUT_OF_WINDOW
12407,100067.3,2026-07-25,,2026-07-25 15:38:11,OUT_OF_WINDOW
12409,100057.3,2026-07-26,,2026-07-26 02:16:17,OUT_OF_WINDOW
12412,100064.3,2026-07-26,,2026-07-26 03:15:58,OUT_OF_WINDOW
12413,100083.3,2026-07-26,,2026-07-26 03:24:19,OUT_OF_WINDOW
12419,100084.3,2026-07-25,,2026-07-25 01:29:58,OUT_OF_WINDOW
12421,100084.3,2026-07-25,,2026-07-25 03:46:35,OUT_OF_WINDOW
12439,100084.3,2026-07-25,,2026-07-25 15:22:19,OUT_OF_WINDOW
12446,100084.3,2026-07-25,,2026-07-25 17:22:51,OUT_OF_WINDOW
12454,100084.3,2026-07-26,,2026-07-25 19:23:01,OUT_OF_WINDOW
12463,100084.3,2026-07-26,,2026-07-26 03:58:32,OUT_OF_WINDOW
12469,100070.2,2026-07-26,,2026-07-26 04:02:19,OUT_OF_WINDOW
12470,100058.2,2026-07-25,,2026-07-25 16:17:49,OUT_OF_WINDOW
12472,100058.2,2026-07-25,,2026-07-25 17:18:28,OUT_OF_WINDOW
12475,100058.2,2026-07-25,,2026-07-25 18:18:40,OUT_OF_WINDOW
12482,100011.3,2026-07-26,,2026-07-26 05:02:24,OUT_OF_WINDOW
12483,100070.2,2026-07-26,,2026-07-26 05:10:21,OUT_OF_WINDOW
12484,100064.3,2026-07-26,,2026-07-26 05:16:37,OUT_OF_WINDOW
12499,100055.3,2026-07-26,,2026-07-25 20:52:39,OUT_OF_WINDOW
12505,100055.3,2026-07-26,,2026-07-25 20:57:47,OUT_OF_WINDOW
12512,100055.3,2026-07-26,,2026-07-25 20:58:24,OUT_OF_WINDOW
12520,100055.3,2026-07-26,,2026-07-25 23:03:00,OUT_OF_WINDOW
12529,100055.3,2026-07-26,,2026-07-26 01:03:24,OUT_OF_WINDOW
12539,100055.3,2026-07-26,,2026-07-26 05:22:56,OUT_OF_WINDOW
12543,100064.3,2026-07-26,,2026-07-26 07:16:39,OUT_OF_WINDOW
12544,100011.3,2026-07-26,,2026-07-26 07:19:06,OUT_OF_WINDOW
12552,100015.3,2026-07-25,,2026-07-25 15:21:27,OUT_OF_WINDOW
12555,100015.3,2026-07-26,,2026-07-26 07:58:27,OUT_OF_WINDOW
12557,100028.3,2026-07-24,,2026-07-24 08:17:54,OUT_OF_WINDOW
12558,100028.3,2026-07-24,,2026-07-24 08:17:54,OUT_OF_WINDOW
12560,100028.3,2026-07-26,,2026-07-26 08:22:30,OUT_OF_WINDOW
12562,100064.3,2026-07-26,,2026-07-26 09:16:44,OUT_OF_WINDOW
12563,100011.3,2026-07-26,,2026-07-26 09:34:06,OUT_OF_WINDOW
12564,100069.2,2026-07-25,,2026-07-25 16:16:38,OUT_OF_WINDOW
12566,100071.2,2026-07-25,,2026-07-25 17:01:25,OUT_OF_WINDOW
12569,100064.3,2026-07-26,,2026-07-26 11:29:00,OUT_OF_WINDOW
12575,100011.3,2026-07-26,,2026-07-26 11:35:47,OUT_OF_WINDOW
12577,100011.3,2026-07-26,,2026-07-26 13:38:47,OUT_OF_WINDOW
12578,100064.3,2026-07-26,,2026-07-26 13:39:13,OUT_OF_WINDOW
12580,100064.3,2026-07-26,,2026-07-26 15:39:43,OUT_OF_WINDOW
12581,100067.3,2026-07-26,,2026-07-26 15:39:44,OUT_OF_WINDOW
12582,100011.3,2026-07-26,,2026-07-26 15:40:36,OUT_OF_WINDOW
12586,100005.2,2026-07-26,,2026-07-26 16:10:57,OUT_OF_WINDOW
12587,100025.2,2026-07-25,,2026-07-25 18:36:36,OUT_OF_WINDOW
12589,100070.2,2026-07-26,,2026-07-26 06:30:03,OUT_OF_WINDOW
12591,100070.2,2026-07-26,,2026-07-26 09:07:18,OUT_OF_WINDOW
12594,100070.2,2026-07-26,,2026-07-26 16:42:41,OUT_OF_WINDOW
12596,100064.3,2026-07-26,,2026-07-26 17:40:14,OUT_OF_WINDOW
12597,100011.3,2026-07-26,,2026-07-26 17:50:28,OUT_OF_WINDOW
12599,100070.2,2026-07-26,,2026-07-26 18:04:26,OUT_OF_WINDOW
12615,100084.3,2026-07-26,,2026-07-26 16:58:31,OUT_OF_WINDOW
12621,100084.3,2026-07-26,,2026-07-26 18:59:34,OUT_OF_WINDOW
12622,100070.2,2026-07-27,,2026-07-26 19:05:01,OUT_OF_WINDOW
12623,100064.3,2026-07-27,,2026-07-26 19:40:44,OUT_OF_WINDOW
12624,100070.2,2026-07-27,,2026-07-26 20:06:13,OUT_OF_WINDOW
12625,100011.3,2026-07-27,,2026-07-26 20:31:28,OUT_OF_WINDOW
12627,100070.2,2026-07-27,,2026-07-26 21:10:04,OUT_OF_WINDOW
12628,100064.3,2026-07-27,,2026-07-26 21:40:47,OUT_OF_WINDOW
12629,100070.2,2026-07-27,,2026-07-26 22:12:02,OUT_OF_WINDOW
12630,100011.3,2026-07-27,,2026-07-26 22:49:04,OUT_OF_WINDOW
12631,100070.2,2026-07-27,,2026-07-26 23:13:00,OUT_OF_WINDOW
12632,100064.3,2026-07-27,,2026-07-26 23:41:18,OUT_OF_WINDOW
12633,100070.2,2026-07-27,,2026-07-27 00:13:08,OUT_OF_WINDOW
12634,100015.3,2026-07-27,,2026-07-27 00:34:39,OUT_OF_WINDOW
12635,100011.3,2026-07-27,,2026-07-27 00:51:13,OUT_OF_WINDOW
12636,100070.2,2026-07-27,,2026-07-27 01:14:54,OUT_OF_WINDOW
12638,100064.3,2026-07-27,,2026-07-27 01:44:15,OUT_OF_WINDOW
12639,100073.3,2026-07-27,,2026-07-27 02:05:24,OUT_OF_WINDOW
12642,100071.3,2026-07-27,,2026-07-27 02:20:18,OUT_OF_WINDOW
12643,100057.3,2026-07-26,,2026-07-26 09:28:12,OUT_OF_WINDOW
12645,100057.3,2026-07-26,,2026-07-26 12:50:25,OUT_OF_WINDOW
12648,100057.3,2026-07-26,,2026-07-26 17:44:12,OUT_OF_WINDOW
12650,100126.3,2026-07-25,,2026-07-25 11:34:34,OUT_OF_WINDOW
12652,100010.3,2026-07-27,,2026-07-27 02:54:20,OUT_OF_WINDOW
12655,100008.3,2026-07-27,,2026-07-27 02:58:57,OUT_OF_WINDOW
12661,100069.3,2026-07-25,,2026-07-25 14:48:50,OUT_OF_WINDOW
12664,100063.3,2026-07-27,,2026-07-27 03:21:54,OUT_OF_WINDOW
12665,100078.3,2026-07-27,,2026-07-27 03:22:49,OUT_OF_WINDOW
12687,100047.3,2026-07-25,,2026-07-25 18:54:44,OUT_OF_WINDOW
12692,100047.3,2026-07-26,,2026-07-25 20:55:47,OUT_OF_WINDOW
12698,100047.3,2026-07-26,,2026-07-26 12:04:38,OUT_OF_WINDOW
12705,100012.3,2026-07-25,,2026-07-25 16:27:31,OUT_OF_WINDOW
12706,100012.3,2026-07-27,,2026-07-27 03:55:36,OUT_OF_WINDOW
12720,100015.3,2026-07-27,,2026-07-27 04:10:35,OUT_OF_WINDOW
12727,100055.3,2026-07-27,2026-07-26,2026-07-26 20:03:51,
12736,100070.2,2026-07-27,,2026-07-27 03:19:35,OUT_OF_WINDOW
12738,100070.2,2026-07-27,,2026-07-27 04:24:09,OUT_OF_WINDOW
12746,100011.3,2026-07-27,,2026-07-27 04:37:23,OUT_OF_WINDOW
12756,100057.2,2026-07-27,,2026-07-27 04:58:35,OUT_OF_WINDOW
12772,100063.3,2026-07-27,,2026-07-27 05:24:56,OUT_OF_WINDOW
12776,100059.2,2026-07-27,,2026-07-27 05:36:58,OUT_OF_WINDOW
12786,100070.2,2026-07-27,,2026-07-27 06:00:17,OUT_OF_WINDOW
12791,100005.3,2026-07-27,,2026-07-27 06:21:43,OUT_OF_WINDOW
12800,100068.2,2026-07-25,,2026-07-25 17:00:14,OUT_OF_WINDOW
12801,100068.2,2026-07-27,,2026-07-27 06:58:17,OUT_OF_WINDOW
12803,100070.2,2026-07-27,,2026-07-27 07:03:57,OUT_OF_WINDOW
12811,100075.2,2026-07-25,,2026-07-25 17:16:34,OUT_OF_WINDOW
12814,100063.3,2026-07-27,,2026-07-27 07:33:51,OUT_OF_WINDOW
12830,100028.3,2026-07-27,,2026-07-27 08:21:55,OUT_OF_WINDOW
12849,100063.3,2026-07-27,,2026-07-27 09:35:16,OUT_OF_WINDOW
12869,100063.3,2026-07-27,,2026-07-27 11:36:43,OUT_OF_WINDOW
12878,100064.3,2026-07-27,,2026-07-27 12:56:38,OUT_OF_WINDOW
12883,100063.3,2026-07-27,,2026-07-27 13:37:42,OUT_OF_WINDOW
12893,100046.2,2026-07-27,,2026-07-27 14:06:49,OUT_OF_WINDOW
12896,100052.2,2026-07-27,,2026-07-27 14:10:05,OUT_OF_WINDOW
12903,100036.2,2026-07-27,,2026-07-27 14:38:40,OUT_OF_WINDOW
12904,100068.3,2026-07-27,,2026-07-27 14:40:51,OUT_OF_WINDOW
12905,100072.3,2026-07-27,,2026-07-27 14:45:33,OUT_OF_WINDOW
12906,100063.3,2026-07-27,,2026-07-27 14:45:49,OUT_OF_WINDOW
12908,100063.3,2026-07-27,,2026-07-27 15:00:21,OUT_OF_WINDOW
12909,100144.3,2026-07-27,,2026-07-27 15:00:44,OUT_OF_WINDOW
12911,100030.2,2026-07-27,,2026-07-27 15:15:03,OUT_OF_WINDOW
12919,100009.2,2026-07-27,,2026-07-27 15:28:27,OUT_OF_WINDOW
12920,100063.3,2026-07-27,,2026-07-27 15:38:50,OUT_OF_WINDOW
12921,100076.3,2026-07-27,,2026-07-27 15:52:19,OUT_OF_WINDOW
12923,100097.3,2026-07-27,,2026-07-27 16:01:33,OUT_OF_WINDOW
12924,100058.2,2026-07-27,,2026-07-27 16:05:56,OUT_OF_WINDOW
12926,100065.3,2026-07-27,,2026-07-27 16:36:53,OUT_OF_WINDOW
12927,100075.3,2026-07-27,,2026-07-27 16:37:31,OUT_OF_WINDOW
12929,100011.3,2026-07-27,,2026-07-27 16:41:20,OUT_OF_WINDOW
12930,100007.2,2026-07-27,,2026-07-27 16:43:55,OUT_OF_WINDOW
12932,100012.3,2026-07-27,,2026-07-27 16:47:08,OUT_OF_WINDOW
12943,100071.2,2026-07-27,,2026-07-27 17:03:34,OUT_OF_WINDOW
12944,100063.3,2026-07-27,,2026-07-27 17:48:21,OUT_OF_WINDOW
12946,100076.3,2026-07-27,,2026-07-27 17:56:37,OUT_OF_WINDOW
12948,100047.3,2026-07-27,,2026-07-27 18:52:37,OUT_OF_WINDOW
12949,100011.3,2026-07-28,,2026-07-27 19:00:06,OUT_OF_WINDOW
12951,100046.3,2026-07-28,,2026-07-27 19:03:20,OUT_OF_WINDOW
12954,100055.3,2026-07-28,2026-07-27,2026-07-27 19:16:24,
12955,100063.3,2026-07-28,,2026-07-27 19:59:36,OUT_OF_WINDOW
12958,100047.3,2026-07-28,,2026-07-27 20:53:50,OUT_OF_WINDOW
12959,100046.3,2026-07-28,,2026-07-27 21:12:19,OUT_OF_WINDOW
12960,100015.3,2026-07-28,,2026-07-27 21:21:33,OUT_OF_WINDOW
12961,100011.3,2026-07-28,,2026-07-27 21:33:11,OUT_OF_WINDOW
12962,100063.3,2026-07-28,,2026-07-27 22:00:17,OUT_OF_WINDOW
12963,100015.3,2026-07-28,,2026-07-27 23:21:41,OUT_OF_WINDOW
12964,100011.3,2026-07-28,,2026-07-27 23:39:19,OUT_OF_WINDOW
12965,100063.3,2026-07-28,,2026-07-28 00:00:19,OUT_OF_WINDOW
12966,100046.3,2026-07-28,,2026-07-28 00:24:21,OUT_OF_WINDOW
12968,100015.3,2026-07-28,,2026-07-28 01:22:06,OUT_OF_WINDOW
12969,100011.3,2026-07-28,,2026-07-28 01:40:05,OUT_OF_WINDOW
12970,100063.3,2026-07-28,,2026-07-28 02:00:47,OUT_OF_WINDOW
12972,100066.3,2026-07-28,,2026-07-28 02:05:45,OUT_OF_WINDOW
12974,100094.3,2026-07-25,,2026-07-25 14:51:55,OUT_OF_WINDOW
12978,100046.3,2026-07-28,,2026-07-28 02:24:32,OUT_OF_WINDOW
12983,100126.3,2026-07-27,,2026-07-27 11:16:08,OUT_OF_WINDOW
12988,100013.2,2026-07-28,,2026-07-28 03:06:06,OUT_OF_WINDOW
12989,100069.3,2026-07-28,,2026-07-28 03:13:50,OUT_OF_WINDOW
13017,100015.3,2026-07-28,,2026-07-28 04:15:05,OUT_OF_WINDOW
13021,100124.3,2026-07-28,,2026-07-28 04:27:53,OUT_OF_WINDOW
13032,100055.3,2026-07-28,,2026-07-27 21:16:54,OUT_OF_WINDOW
13034,100055.3,2026-07-28,,2026-07-28 03:52:23,OUT_OF_WINDOW
13041,100046.3,2026-07-28,,2026-07-28 04:26:40,OUT_OF_WINDOW
13059,100011.3,2026-07-28,,2026-07-28 05:25:13,OUT_OF_WINDOW
13060,100023.3,2026-07-28,,2026-07-28 05:28:15,OUT_OF_WINDOW
13077,100023.3,2026-07-25,,2026-07-25 14:39:31,OUT_OF_WINDOW
13079,100023.3,2026-07-25,,2026-07-25 14:50:26,OUT_OF_WINDOW
13082,100023.3,2026-07-26,,2026-07-26 09:32:57,OUT_OF_WINDOW
13083,100023.3,2026-07-28,,2026-07-28 06:06:47,OUT_OF_WINDOW
13092,100057.3,2026-07-28,,2026-07-28 06:29:42,OUT_OF_WINDOW
13097,100015.3,2026-07-28,,2026-07-28 06:34:17,OUT_OF_WINDOW
13105,100124.3,2026-07-28,,2026-07-28 06:57:48,OUT_OF_WINDOW
13163,100660.1,2026-07-27,,2026-07-27 04:15:45,OUT_OF_WINDOW
13164,100660.1,2026-07-28,,2026-07-28 11:47:07,OUT_OF_WINDOW
13168,100084.3,2026-07-27,,2026-07-27 01:36:30,OUT_OF_WINDOW
13195,100084.3,2026-07-27,,2026-07-27 16:44:06,OUT_OF_WINDOW
13203,100084.3,2026-07-27,,2026-07-27 18:47:38,OUT_OF_WINDOW
13212,100084.3,2026-07-28,,2026-07-27 20:53:24,OUT_OF_WINDOW
13222,100084.3,2026-07-28,,2026-07-28 01:36:31,OUT_OF_WINDOW
13233,100084.3,2026-07-28,,2026-07-28 04:05:07,OUT_OF_WINDOW
13278,100064.3,2026-07-28,,2026-07-28 12:57:57,OUT_OF_WINDOW
13294,100067.3,2026-07-28,,2026-07-28 02:02:38,OUT_OF_WINDOW
13295,100067.3,2026-07-28,,2026-07-28 13:42:02,OUT_OF_WINDOW
13296,100024.2,2026-07-28,,2026-07-28 13:54:03,OUT_OF_WINDOW
13297,100067.3,2026-07-28,,2026-07-28 13:55:09,OUT_OF_WINDOW
13300,100040.2,2026-07-28,,2026-07-28 14:02:05,OUT_OF_WINDOW
13303,100050.2,2026-07-28,,2026-07-28 14:11:12,OUT_OF_WINDOW
13307,100064.3,2026-07-28,,2026-07-28 14:46:46,OUT_OF_WINDOW
13310,100072.3,2026-07-28,,2026-07-28 14:57:26,OUT_OF_WINDOW
13319,100029.2,2026-07-28,,2026-07-28 15:25:19,OUT_OF_WINDOW
13322,100077.2,2026-07-27,,2026-07-27 15:49:01,OUT_OF_WINDOW
13326,100097.3,2026-07-28,,2026-07-28 15:51:58,OUT_OF_WINDOW
13327,100067.2,2026-07-28,,2026-07-28 16:00:17,OUT_OF_WINDOW
13330,100084.3,2026-07-28,,2026-07-28 16:22:48,OUT_OF_WINDOW
13335,100064.3,2026-07-28,,2026-07-28 16:46:49,OUT_OF_WINDOW
13339,100068.2,2026-07-28,,2026-07-28 17:05:29,OUT_OF_WINDOW
13345,100064.3,2026-07-28,,2026-07-28 18:59:32,OUT_OF_WINDOW
13349,100046.3,2026-07-29,,2026-07-28 19:57:53,OUT_OF_WINDOW
13351,100064.3,2026-07-29,,2026-07-28 21:00:02,OUT_OF_WINDOW
13352,100046.3,2026-07-29,,2026-07-28 22:03:52,OUT_OF_WINDOW
13353,100064.3,2026-07-29,,2026-07-28 23:10:49,OUT_OF_WINDOW
13354,100046.3,2026-07-29,,2026-07-29 00:40:18,OUT_OF_WINDOW
13357,100058.3,2026-07-28,,2026-07-28 18:35:04,OUT_OF_WINDOW
13358,100058.3,2026-07-29,,2026-07-29 01:21:37,OUT_OF_WINDOW
13361,100067.3,2026-07-29,,2026-07-29 02:00:52,OUT_OF_WINDOW
13363,100073.3,2026-07-29,,2026-07-29 02:06:47,OUT_OF_WINDOW
13364,100094.3,2026-07-29,,2026-07-29 02:20:54,OUT_OF_WINDOW
13367,100046.3,2026-07-29,,2026-07-29 02:40:33,OUT_OF_WINDOW
13370,100057.3,2026-07-29,,2026-07-29 02:46:51,OUT_OF_WINDOW
13376,100126.3,2026-07-28,,2026-07-28 11:08:38,OUT_OF_WINDOW
13384,100076.3,2026-07-29,,2026-07-29 03:41:13,OUT_OF_WINDOW
13388,100055.3,2026-07-29,2026-07-28,2026-07-28 19:14:56,
13391,100055.3,2026-07-29,,2026-07-28 21:21:12,OUT_OF_WINDOW
13395,100055.3,2026-07-29,,2026-07-28 23:21:50,OUT_OF_WINDOW
13400,100055.3,2026-07-29,,2026-07-29 02:49:40,OUT_OF_WINDOW
13408,100089.3,2026-07-29,,2026-07-29 03:58:34,OUT_OF_WINDOW
13435,100066.3,2026-07-28,,2026-07-28 13:16:26,OUT_OF_WINDOW
13514,100024.3,2026-07-29,,2026-07-29 07:45:58,OUT_OF_WINDOW
13533,100028.3,2026-07-29,,2026-07-29 09:03:52,OUT_OF_WINDOW
13536,100009.3,2026-07-29,,2026-07-29 09:13:02,OUT_OF_WINDOW
13553,100006.3,2026-07-29,,2026-07-29 11:03:25,OUT_OF_WINDOW
13568,100126.3,2026-07-30,,2026-07-30 03:09:48,OUT_OF_WINDOW
13570,100126.3,2026-07-30,,2026-07-30 05:09:59,OUT_OF_WINDOW
13573,100126.3,2026-07-30,,2026-07-30 07:13:24,OUT_OF_WINDOW
13577,100126.3,2026-07-30,,2026-07-30 09:13:57,OUT_OF_WINDOW
13599,100047.2,2026-07-29,,2026-07-29 16:38:58,OUT_OF_WINDOW
13605,100047.2,2026-07-29,,2026-07-29 17:42:28,OUT_OF_WINDOW
13612,100047.2,2026-07-29,,2026-07-29 18:43:14,OUT_OF_WINDOW
13620,100047.2,2026-07-30,,2026-07-29 19:43:44,OUT_OF_WINDOW
13629,100047.2,2026-07-30,,2026-07-29 20:44:07,OUT_OF_WINDOW
13639,100047.2,2026-07-30,,2026-07-29 21:59:52,OUT_OF_WINDOW
13650,100047.2,2026-07-30,,2026-07-30 00:00:19,OUT_OF_WINDOW
13662,100047.2,2026-07-30,,2026-07-30 01:01:39,OUT_OF_WINDOW
13675,100047.2,2026-07-30,,2026-07-30 02:09:38,OUT_OF_WINDOW
13689,100047.2,2026-07-30,,2026-07-30 04:10:14,OUT_OF_WINDOW
13704,100047.2,2026-07-30,,2026-07-30 05:31:33,OUT_OF_WINDOW
13720,100047.2,2026-07-30,,2026-07-30 06:31:57,OUT_OF_WINDOW
13737,100047.2,2026-07-30,,2026-07-30 07:32:30,OUT_OF_WINDOW
13755,100047.2,2026-07-30,,2026-07-30 08:39:55,OUT_OF_WINDOW
13774,100047.2,2026-07-30,,2026-07-30 09:41:51,OUT_OF_WINDOW
13794,100047.2,2026-07-30,,2026-07-30 10:42:50,OUT_OF_WINDOW
13798,100050.2,2026-07-30,,2026-07-30 07:06:33,OUT_OF_WINDOW
13801,100050.2,2026-07-30,,2026-07-30 09:36:44,OUT_OF_WINDOW
13805,100050.2,2026-07-30,,2026-07-30 10:57:42,OUT_OF_WINDOW
13820,100070.2,2026-07-29,,2026-07-29 16:09:39,OUT_OF_WINDOW
13826,100070.2,2026-07-29,,2026-07-29 17:10:04,OUT_OF_WINDOW
13833,100070.2,2026-07-29,,2026-07-29 18:15:04,OUT_OF_WINDOW
13841,100070.2,2026-07-30,,2026-07-29 19:20:04,OUT_OF_WINDOW
13850,100070.2,2026-07-30,,2026-07-29 20:27:09,OUT_OF_WINDOW
13860,100070.2,2026-07-30,,2026-07-29 21:27:59,OUT_OF_WINDOW
13871,100070.2,2026-07-30,,2026-07-29 22:28:15,OUT_OF_WINDOW
13883,100070.2,2026-07-30,,2026-07-29 23:32:02,OUT_OF_WINDOW
13896,100070.2,2026-07-30,,2026-07-30 00:35:42,OUT_OF_WINDOW
13910,100070.2,2026-07-30,,2026-07-30 01:36:21,OUT_OF_WINDOW
13925,100070.2,2026-07-30,,2026-07-30 03:00:01,OUT_OF_WINDOW
13941,100070.2,2026-07-30,,2026-07-30 04:00:03,OUT_OF_WINDOW
13958,100070.2,2026-07-30,,2026-07-30 05:04:35,OUT_OF_WINDOW
13976,100070.2,2026-07-30,,2026-07-30 06:06:42,OUT_OF_WINDOW
13995,100070.2,2026-07-30,,2026-07-30 07:06:53,OUT_OF_WINDOW
14015,100070.2,2026-07-30,,2026-07-30 08:10:04,OUT_OF_WINDOW
14036,100070.2,2026-07-30,,2026-07-30 09:10:53,OUT_OF_WINDOW
14058,100070.2,2026-07-30,,2026-07-30 10:14:39,OUT_OF_WINDOW
14081,100070.2,2026-07-30,,2026-07-30 11:17:59,OUT_OF_WINDOW
14082,100047.2,2026-07-30,,2026-07-30 11:43:07,OUT_OF_WINDOW
14083,100048.2,2026-07-30,,2026-07-30 04:33:54,OUT_OF_WINDOW
14085,100048.2,2026-07-30,,2026-07-30 07:43:28,OUT_OF_WINDOW
14088,100011.3,2026-07-29,,2026-07-29 16:47:17,OUT_OF_WINDOW
14091,100011.3,2026-07-29,,2026-07-29 18:54:02,OUT_OF_WINDOW
14095,100011.3,2026-07-30,,2026-07-29 21:05:21,OUT_OF_WINDOW
14100,100011.3,2026-07-30,,2026-07-29 23:51:07,OUT_OF_WINDOW
14106,100011.3,2026-07-30,,2026-07-30 01:57:09,OUT_OF_WINDOW
14113,100011.3,2026-07-30,,2026-07-30 03:59:03,OUT_OF_WINDOW
14121,100011.3,2026-07-30,,2026-07-30 10:05:29,OUT_OF_WINDOW
14130,100011.3,2026-07-30,,2026-07-30 12:14:17,OUT_OF_WINDOW
14140,100046.3,2026-07-29,,2026-07-29 18:57:37,OUT_OF_WINDOW
14145,100046.3,2026-07-30,,2026-07-29 21:00:40,OUT_OF_WINDOW
14151,100046.3,2026-07-30,,2026-07-29 23:07:11,OUT_OF_WINDOW
14158,100046.3,2026-07-30,,2026-07-30 01:29:07,OUT_OF_WINDOW
14166,100046.3,2026-07-30,,2026-07-30 03:29:58,OUT_OF_WINDOW
14175,100046.3,2026-07-30,,2026-07-30 05:30:54,OUT_OF_WINDOW
14185,100046.3,2026-07-30,,2026-07-30 07:52:26,OUT_OF_WINDOW
14196,100046.3,2026-07-30,,2026-07-30 10:14:28,OUT_OF_WINDOW
14208,100046.3,2026-07-30,,2026-07-30 12:14:44,OUT_OF_WINDOW
14210,100047.2,2026-07-30,,2026-07-30 12:45:38,OUT_OF_WINDOW
14222,100066.3,2026-07-30,,2026-07-30 05:41:22,OUT_OF_WINDOW
14231,100058.2,2026-07-30,,2026-07-30 13:10:15,OUT_OF_WINDOW
14247,100055.3,2026-07-30,,2026-07-29 20:57:15,OUT_OF_WINDOW
14253,100055.3,2026-07-30,,2026-07-29 20:57:48,OUT_OF_WINDOW
14260,100055.3,2026-07-30,,2026-07-29 20:58:19,OUT_OF_WINDOW
14268,100055.3,2026-07-30,,2026-07-30 01:19:42,OUT_OF_WINDOW
14277,100055.3,2026-07-30,,2026-07-30 03:20:15,OUT_OF_WINDOW
14287,100055.3,2026-07-30,,2026-07-30 05:23:20,OUT_OF_WINDOW
14298,100055.3,2026-07-30,,2026-07-30 05:24:52,OUT_OF_WINDOW
14310,100055.3,2026-07-30,,2026-07-30 07:27:34,OUT_OF_WINDOW
14323,100055.3,2026-07-30,,2026-07-30 07:54:38,OUT_OF_WINDOW
14337,100055.3,2026-07-30,,2026-07-30 09:08:16,OUT_OF_WINDOW
14352,100055.3,2026-07-30,,2026-07-30 13:23:30,OUT_OF_WINDOW
14353,100070.2,2026-07-30,,2026-07-30 13:25:36,OUT_OF_WINDOW
14359,100003.2,2026-07-29,,2026-07-29 17:13:53,OUT_OF_WINDOW
14365,100036.2,2026-07-30,,2026-07-30 06:28:00,OUT_OF_WINDOW
14371,100036.2,2026-07-30,,2026-07-30 06:28:00,OUT_OF_WINDOW
14375,100036.2,2026-07-30,,2026-07-30 14:16:15,OUT_OF_WINDOW
14378,100046.3,2026-07-30,,2026-07-30 14:19:56,OUT_OF_WINDOW
14386,100064.3,2026-07-29,,2026-07-29 15:47:41,OUT_OF_WINDOW
14390,100064.3,2026-07-29,,2026-07-29 17:47:54,OUT_OF_WINDOW
14395,100064.3,2026-07-30,,2026-07-29 19:49:35,OUT_OF_WINDOW
14401,100064.3,2026-07-30,,2026-07-29 21:49:48,OUT_OF_WINDOW
14408,100064.3,2026-07-30,,2026-07-29 23:59:34,OUT_OF_WINDOW
14416,100064.3,2026-07-30,,2026-07-30 02:04:39,OUT_OF_WINDOW
14425,100064.3,2026-07-30,,2026-07-30 04:10:04,OUT_OF_WINDOW
14435,100064.3,2026-07-30,,2026-07-30 06:12:13,OUT_OF_WINDOW
14446,100064.3,2026-07-30,,2026-07-30 08:20:16,OUT_OF_WINDOW
14458,100064.3,2026-07-30,,2026-07-30 10:22:23,OUT_OF_WINDOW
14471,100064.3,2026-07-30,,2026-07-30 12:23:03,OUT_OF_WINDOW
14485,100064.3,2026-07-30,,2026-07-30 14:23:36,OUT_OF_WINDOW
14486,100011.2,2026-07-29,,2026-07-29 18:32:24,OUT_OF_WINDOW
14488,100011.2,2026-07-30,,2026-07-30 07:34:32,OUT_OF_WINDOW
14494,100069.3,2026-07-29,,2026-07-29 14:13:43,OUT_OF_WINDOW
14496,100069.3,2026-07-30,,2026-07-30 03:07:46,OUT_OF_WINDOW
14501,100144.3,2026-07-30,,2026-07-30 15:00:16,OUT_OF_WINDOW
14503,100006.2,2026-07-29,,2026-07-29 16:55:30,OUT_OF_WINDOW
14504,100046.2,2026-07-30,,2026-07-30 15:32:07,OUT_OF_WINDOW
14505,100070.2,2026-07-30,,2026-07-30 14:29:06,OUT_OF_WINDOW
14507,100070.2,2026-07-30,,2026-07-30 15:33:59,OUT_OF_WINDOW
14508,100097.3,2026-07-30,,2026-07-30 15:49:49,OUT_OF_WINDOW
14509,100075.3,2026-07-30,,2026-07-30 15:54:31,OUT_OF_WINDOW
14515,100023.2,2026-07-29,,2026-07-29 16:54:40,OUT_OF_WINDOW
14519,100023.2,2026-07-30,,2026-07-29 21:19:29,OUT_OF_WINDOW
14524,100023.2,2026-07-30,,2026-07-30 04:06:54,OUT_OF_WINDOW
14528,100096.3,2026-07-30,,2026-07-30 15:57:55,OUT_OF_WINDOW
14529,100655.1,2026-07-30,,2026-07-30 15:58:52,OUT_OF_WINDOW
14530,100084.3,2026-07-30,,2026-07-30 15:59:55,OUT_OF_WINDOW
14531,100036.2,2026-07-30,,2026-07-30 16:01:30,OUT_OF_WINDOW
14532,100036.2,2026-07-30,,2026-07-30 16:01:57,OUT_OF_WINDOW
14534,100064.3,2026-07-30,,2026-07-30 16:24:11,OUT_OF_WINDOW
14535,100046.2,2026-07-30,,2026-07-30 16:32:08,OUT_OF_WINDOW
14536,100070.2,2026-07-30,,2026-07-30 16:35:03,OUT_OF_WINDOW
14537,100006.2,2026-07-30,,2026-07-30 16:37:09,OUT_OF_WINDOW
14538,100070.2,2026-07-30,,2026-07-30 17:07:21,OUT_OF_WINDOW
14539,100072.2,2026-07-30,,2026-07-30 17:19:11,OUT_OF_WINDOW
14540,100076.2,2026-07-29,,2026-07-29 17:34:45,OUT_OF_WINDOW
14542,100076.2,2026-07-29,,2026-07-29 17:35:07,OUT_OF_WINDOW
14543,100065.2,2026-07-30,,2026-07-30 17:33:03,OUT_OF_WINDOW
14544,100076.2,2026-07-30,,2026-07-30 17:33:16,OUT_OF_WINDOW
14545,100073.2,2026-07-30,,2026-07-30 17:34:23,OUT_OF_WINDOW
14546,100046.3,2026-07-30,,2026-07-30 16:22:27,OUT_OF_WINDOW
14547,100088.3,2026-07-30,,2026-07-30 17:46:13,OUT_OF_WINDOW
14548,100023.2,2026-07-30,,2026-07-30 17:52:25,OUT_OF_WINDOW
14549,100004.2,2026-07-29,,2026-07-29 18:49:46,OUT_OF_WINDOW
14550,100004.2,2026-07-29,,2026-07-29 18:49:46,OUT_OF_WINDOW
14552,100004.2,2026-07-30,,2026-07-30 17:56:36,OUT_OF_WINDOW
14553,100046.3,2026-07-30,,2026-07-30 18:23:02,OUT_OF_WINDOW
14554,100064.3,2026-07-30,,2026-07-30 18:25:23,OUT_OF_WINDOW
14555,100011.3,2026-07-30,,2026-07-30 14:25:20,OUT_OF_WINDOW
14557,100011.3,2026-07-30,,2026-07-30 16:32:27,OUT_OF_WINDOW
14560,100011.3,2026-07-30,,2026-07-30 18:37:52,OUT_OF_WINDOW
14561,100032.2,2026-07-29,,2026-07-29 18:48:17,OUT_OF_WINDOW
14563,100032.2,2026-07-30,,2026-07-29 20:01:57,OUT_OF_WINDOW
14566,100032.2,2026-07-30,,2026-07-30 03:43:27,OUT_OF_WINDOW
14570,100032.2,2026-07-30,,2026-07-30 06:50:02,OUT_OF_WINDOW
14571,100032.2,2026-07-30,,2026-07-30 18:46:47,OUT_OF_WINDOW
14572,100032.2,2026-07-30,,2026-07-30 18:47:40,OUT_OF_WINDOW
14575,100067.2,2026-07-30,,2026-07-29 19:30:50,OUT_OF_WINDOW
14578,100067.2,2026-07-30,,2026-07-30 07:32:59,OUT_OF_WINDOW
14579,100067.2,2026-07-31,,2026-07-30 19:04:51,OUT_OF_WINDOW
14581,100064.3,2026-07-31,,2026-07-30 20:26:02,OUT_OF_WINDOW
14582,100046.3,2026-07-31,,2026-07-30 20:37:57,OUT_OF_WINDOW
14583,100011.3,2026-07-31,,2026-07-30 20:45:56,OUT_OF_WINDOW
14586,100064.3,2026-07-31,,2026-07-30 22:33:43,OUT_OF_WINDOW
14587,100011.3,2026-07-31,,2026-07-30 22:56:15,OUT_OF_WINDOW
14588,100046.3,2026-07-31,,2026-07-30 23:41:43,OUT_OF_WINDOW
14589,100064.3,2026-07-31,,2026-07-31 00:39:19,OUT_OF_WINDOW
14591,100011.3,2026-07-31,,2026-07-31 00:58:50,OUT_OF_WINDOW
14593,100046.3,2026-07-31,,2026-07-31 01:43:16,OUT_OF_WINDOW
14597,100063.3,2026-07-30,,2026-07-30 02:09:27,OUT_OF_WINDOW
14598,100063.3,2026-07-31,,2026-07-31 02:11:58,OUT_OF_WINDOW
14605,100011.3,2026-07-31,,2026-07-31 02:59:37,OUT_OF_WINDOW
14607,100084.3,2026-07-28,,2026-07-28 18:40:08,OUT_OF_WINDOW
14609,100084.3,2026-07-29,,2026-07-29 03:55:11,OUT_OF_WINDOW
14621,100084.3,2026-07-29,,2026-07-29 14:35:04,OUT_OF_WINDOW
14627,100084.3,2026-07-29,,2026-07-29 16:35:45,OUT_OF_WINDOW
14634,100084.3,2026-07-30,,2026-07-30 01:32:41,OUT_OF_WINDOW
14642,100084.3,2026-07-30,,2026-07-30 03:48:49,OUT_OF_WINDOW
14651,100084.3,2026-07-30,,2026-07-30 06:13:34,OUT_OF_WINDOW
14661,100084.3,2026-07-30,,2026-07-30 08:14:42,OUT_OF_WINDOW
14672,100084.3,2026-07-30,,2026-07-30 10:54:34,OUT_OF_WINDOW
14684,100084.3,2026-07-30,,2026-07-30 13:09:40,OUT_OF_WINDOW
14697,100084.3,2026-07-30,,2026-07-30 15:32:31,OUT_OF_WINDOW
14711,100084.3,2026-07-30,,2026-07-30 17:32:36,OUT_OF_WINDOW
14726,100084.3,2026-07-31,,2026-07-31 01:05:28,OUT_OF_WINDOW
14727,100084.3,2026-07-31,,2026-07-31 03:05:44,OUT_OF_WINDOW
14729,100144.3,2026-07-31,,2026-07-31 03:13:02,OUT_OF_WINDOW
14734,100076.3,2026-07-30,,2026-07-30 03:45:49,OUT_OF_WINDOW
14736,100076.3,2026-07-30,,2026-07-30 07:50:47,OUT_OF_WINDOW
14739,100076.3,2026-07-30,,2026-07-30 09:51:28,OUT_OF_WINDOW
14740,100076.3,2026-07-31,,2026-07-31 03:44:50,OUT_OF_WINDOW
14742,100089.3,2026-07-29,,2026-07-29 16:11:07,OUT_OF_WINDOW
14743,100089.3,2026-07-31,,2026-07-31 03:47:54,OUT_OF_WINDOW
14746,100012.3,2026-07-29,,2026-07-29 17:56:04,OUT_OF_WINDOW
14749,100012.3,2026-07-30,,2026-07-30 05:00:33,OUT_OF_WINDOW
14753,100012.3,2026-07-30,,2026-07-30 05:07:29,OUT_OF_WINDOW
14758,100012.3,2026-07-30,,2026-07-30 05:13:09,OUT_OF_WINDOW
14764,100012.3,2026-07-30,,2026-07-30 05:13:12,OUT_OF_WINDOW
14771,100012.3,2026-07-30,,2026-07-30 07:46:44,OUT_OF_WINDOW
14779,100012.3,2026-07-30,,2026-07-30 07:47:27,OUT_OF_WINDOW
14788,100012.3,2026-07-30,,2026-07-30 07:47:31,OUT_OF_WINDOW
14798,100012.3,2026-07-30,,2026-07-30 09:55:31,OUT_OF_WINDOW
14809,100012.3,2026-07-30,,2026-07-30 10:00:51,OUT_OF_WINDOW
14810,100012.3,2026-07-31,,2026-07-31 03:47:59,OUT_OF_WINDOW
14813,100046.3,2026-07-31,,2026-07-31 03:44:48,OUT_OF_WINDOW
14828,100001.3,2026-07-30,,2026-07-30 03:48:41,OUT_OF_WINDOW
14839,100052.2,2026-07-30,,2026-07-30 06:55:01,OUT_OF_WINDOW
14840,100052.2,2026-07-31,,2026-07-31 04:57:02,OUT_OF_WINDOW
14845,100058.2,2026-07-31,,2026-07-31 05:02:33,OUT_OF_WINDOW
14849,100011.3,2026-07-31,,2026-07-31 05:06:03,OUT_OF_WINDOW
14856,100059.2,2026-07-30,,2026-07-30 09:25:50,OUT_OF_WINDOW
14866,100040.2,2026-07-30,,2026-07-30 05:55:28,OUT_OF_WINDOW
14869,100057.2,2026-07-31,,2026-07-31 05:23:35,OUT_OF_WINDOW
14875,100030.2,2026-07-30,,2026-07-30 05:08:37,OUT_OF_WINDOW
14878,100030.2,2026-07-30,,2026-07-30 06:35:16,OUT_OF_WINDOW
14882,100030.2,2026-07-30,,2026-07-30 10:10:26,OUT_OF_WINDOW
14885,100013.2,2026-07-29,,2026-07-28 22:39:27,OUT_OF_WINDOW
14886,100013.2,2026-07-31,,2026-07-31 05:39:56,OUT_OF_WINDOW
14890,100050.2,2026-07-31,,2026-07-31 00:19:05,OUT_OF_WINDOW
14892,100050.2,2026-07-31,,2026-07-31 01:19:10,OUT_OF_WINDOW
14895,100050.2,2026-07-31,,2026-07-31 02:19:45,OUT_OF_WINDOW
14899,100050.2,2026-07-31,,2026-07-31 03:20:29,OUT_OF_WINDOW
14906,100041.2,2026-07-29,,2026-07-29 18:52:47,OUT_OF_WINDOW
14910,100041.2,2026-07-29,,2026-07-29 18:52:49,OUT_OF_WINDOW
14915,100041.2,2026-07-30,,2026-07-30 04:54:56,OUT_OF_WINDOW
14916,100041.2,2026-07-31,,2026-07-31 05:48:27,OUT_OF_WINDOW
14931,100010.2,2026-07-29,,2026-07-29 16:23:56,OUT_OF_WINDOW
14933,100010.2,2026-07-29,,2026-07-29 18:11:39,OUT_OF_WINDOW
14936,100010.2,2026-07-30,,2026-07-30 05:24:46,OUT_OF_WINDOW
14937,100002.1,2026-07-31,,2026-07-31 06:32:23,OUT_OF_WINDOW
14947,100047.2,2026-07-30,,2026-07-30 13:46:57,OUT_OF_WINDOW
14956,100071.3,2026-07-29,,2026-07-29 15:28:16,OUT_OF_WINDOW
14958,100071.3,2026-07-30,,2026-07-30 04:20:20,OUT_OF_WINDOW
14961,100071.3,2026-07-31,,2026-07-31 04:09:14,OUT_OF_WINDOW
14967,100071.3,2026-07-29,,2026-07-29 15:28:16,OUT_OF_WINDOW
14969,100071.3,2026-07-30,,2026-07-30 04:20:20,OUT_OF_WINDOW
14972,100071.3,2026-07-31,,2026-07-31 04:09:14,OUT_OF_WINDOW
14973,100071.3,2026-07-29,,2026-07-29 15:28:16,OUT_OF_WINDOW
14975,100071.3,2026-07-30,,2026-07-30 04:20:20,OUT_OF_WINDOW
14978,100071.3,2026-07-31,,2026-07-31 04:09:14,OUT_OF_WINDOW
14979,100071.3,2026-07-29,,2026-07-29 15:28:16,OUT_OF_WINDOW
14981,100071.3,2026-07-30,,2026-07-30 04:20:20,OUT_OF_WINDOW
14984,100071.3,2026-07-31,,2026-07-31 04:09:14,OUT_OF_WINDOW
14985,100071.3,2026-07-29,,2026-07-29 15:28:16,OUT_OF_WINDOW
14987,100071.3,2026-07-30,,2026-07-30 04:20:20,OUT_OF_WINDOW
14990,100071.3,2026-07-31,,2026-07-31 04:09:14,OUT_OF_WINDOW
14991,100071.3,2026-07-29,,2026-07-29 15:28:16,OUT_OF_WINDOW
14993,100071.3,2026-07-30,,2026-07-30 04:20:20,OUT_OF_WINDOW
14996,100071.3,2026-07-31,,2026-07-31 04:09:14,OUT_OF_WINDOW
14997,100071.3,2026-07-29,,2026-07-29 15:28:16,OUT_OF_WINDOW
14999,100071.3,2026-07-30,,2026-07-30 04:20:20,OUT_OF_WINDOW
15002,100071.3,2026-07-31,,2026-07-31 04:09:14,OUT_OF_WINDOW
15003,100071.3,2026-07-29,,2026-07-29 15:28:16,OUT_OF_WINDOW
15005,100071.3,2026-07-30,,2026-07-30 04:20:20,OUT_OF_WINDOW
15008,100071.3,2026-07-31,,2026-07-31 04:09:14,OUT_OF_WINDOW
15009,100071.3,2026-07-29,,2026-07-29 15:28:16,OUT_OF_WINDOW
15011,100071.3,2026-07-30,,2026-07-30 04:20:20,OUT_OF_WINDOW
15014,100071.3,2026-07-31,,2026-07-31 04:09:14,OUT_OF_WINDOW
15015,100071.3,2026-07-29,,2026-07-29 15:28:16,OUT_OF_WINDOW
15017,100071.3,2026-07-30,,2026-07-30 04:20:20,OUT_OF_WINDOW
15020,100071.3,2026-07-31,,2026-07-31 04:09:14,OUT_OF_WINDOW
15025,100071.3,2026-07-29,,2026-07-29 15:28:16,OUT_OF_WINDOW
15027,100071.3,2026-07-30,,2026-07-30 04:20:20,OUT_OF_WINDOW
15030,100071.3,2026-07-31,,2026-07-31 04:09:14,OUT_OF_WINDOW
15031,100071.3,2026-07-29,,2026-07-29 15:28:16,OUT_OF_WINDOW
15033,100071.3,2026-07-30,,2026-07-30 04:20:20,OUT_OF_WINDOW
15036,100071.3,2026-07-31,,2026-07-31 04:09:14,OUT_OF_WINDOW
15045,100075.2,2026-07-29,,2026-07-29 16:55:51,OUT_OF_WINDOW
15046,100075.2,2026-07-31,,2026-07-31 09:00:36,OUT_OF_WINDOW
15058,100075.2,2026-07-31,,2026-07-31 10:12:57,OUT_OF_WINDOW
15063,100075.2,2026-07-31,,2026-07-31 11:13:54,OUT_OF_WINDOW
15072,100073.3,2026-07-30,,2026-07-30 15:32:25,OUT_OF_WINDOW
15078,100002.3,2026-07-31,,2026-07-31 12:16:07,OUT_OF_WINDOW
15085,100066.3,2026-07-31,,2026-07-31 13:15:14,OUT_OF_WINDOW
15088,100029.2,2026-07-31,,2026-07-31 14:00:25,OUT_OF_WINDOW
15092,100064.2,2026-07-31,,2026-07-31 14:04:23,OUT_OF_WINDOW
15097,100040.2,2026-07-31,,2026-07-31 14:10:13,OUT_OF_WINDOW
15100,100076.3,2026-07-31,,2026-07-31 14:22:12,OUT_OF_WINDOW
15101,100057.2,2026-07-31,,2026-07-31 14:28:25,OUT_OF_WINDOW
15102,100064.3,2026-07-31,,2026-07-31 13:11:42,OUT_OF_WINDOW
15105,100072.3,2026-07-31,,2026-07-31 14:55:46,OUT_OF_WINDOW
15107,100012.2,2026-07-31,,2026-07-31 15:05:07,OUT_OF_WINDOW
15110,100064.3,2026-07-31,,2026-07-31 15:17:05,OUT_OF_WINDOW
15113,100096.3,2026-07-31,,2026-07-31 16:23:41,OUT_OF_WINDOW
15114,100655.1,2026-07-31,,2026-07-31 16:25:47,OUT_OF_WINDOW
15115,100075.3,2026-07-31,,2026-07-31 16:26:28,OUT_OF_WINDOW
15123,100079.2,2026-07-31,,2026-07-31 17:10:18,OUT_OF_WINDOW
15124,100068.2,2026-07-29,,2026-07-29 16:59:48,OUT_OF_WINDOW
15125,100071.2,2026-07-29,,2026-07-29 17:02:54,OUT_OF_WINDOW
15129,100064.3,2026-07-31,,2026-07-31 17:20:55,OUT_OF_WINDOW
15130,100075.2,2026-07-31,,2026-07-31 17:24:10,OUT_OF_WINDOW
15132,100075.2,2026-07-31,,2026-07-31 17:24:41,OUT_OF_WINDOW
15134,100073.2,2026-07-31,,2026-07-31 17:37:46,OUT_OF_WINDOW
15138,100046.3,2026-07-31,,2026-07-31 18:29:40,OUT_OF_WINDOW
15139,100032.2,2026-07-31,,2026-07-31 18:39:07,OUT_OF_WINDOW
15140,100047.3,2026-07-31,,2026-07-31 18:59:21,OUT_OF_WINDOW
15141,100064.3,2026-08-01,,2026-07-31 19:25:03,OUT_OF_WINDOW
15142,100047.3,2026-08-01,,2026-07-31 19:48:06,OUT_OF_WINDOW
15143,100046.3,2026-08-01,,2026-07-31 20:30:14,OUT_OF_WINDOW
15144,100064.3,2026-08-01,,2026-07-31 21:25:38,OUT_OF_WINDOW
15145,100047.3,2026-08-01,,2026-07-31 21:42:14,OUT_OF_WINDOW
15146,100046.3,2026-08-01,,2026-07-31 23:15:35,OUT_OF_WINDOW
15147,100064.3,2026-08-01,,2026-07-31 23:35:05,OUT_OF_WINDOW
15148,100047.3,2026-08-01,,2026-08-01 00:15:48,OUT_OF_WINDOW
15151,100046.3,2026-08-01,,2026-08-01 01:21:48,OUT_OF_WINDOW
15153,100067.3,2026-08-01,,2026-08-01 01:57:57,OUT_OF_WINDOW
15158,100047.3,2026-08-01,,2026-08-01 02:19:05,OUT_OF_WINDOW
15159,100076.3,2026-07-31,,2026-07-31 16:25:16,OUT_OF_WINDOW
15161,100076.3,2026-07-31,,2026-07-31 18:34:46,OUT_OF_WINDOW
15164,100076.3,2026-08-01,,2026-07-31 21:05:47,OUT_OF_WINDOW
15168,100076.3,2026-08-01,,2026-07-31 23:50:39,OUT_OF_WINDOW
15173,100076.3,2026-08-01,,2026-08-01 02:00:30,OUT_OF_WINDOW
15183,100046.3,2026-08-01,,2026-08-01 03:25:17,OUT_OF_WINDOW
15194,100071.3,2026-08-01,,2026-08-01 04:04:35,OUT_OF_WINDOW
15202,100013.3,2026-08-01,,2026-08-01 04:13:02,OUT_OF_WINDOW
15217,100047.3,2026-08-01,,2026-08-01 04:34:09,OUT_OF_WINDOW
15238,100057.3,2026-07-30,,2026-07-30 01:39:30,OUT_OF_WINDOW
15240,100057.3,2026-07-30,,2026-07-30 03:39:42,OUT_OF_WINDOW
15241,100057.3,2026-07-30,,2026-07-30 01:39:30,OUT_OF_WINDOW
15243,100057.3,2026-07-30,,2026-07-30 03:39:42,OUT_OF_WINDOW
15272,100068.2,2026-08-01,,2026-08-01 07:26:34,OUT_OF_WINDOW
15286,100047.3,2026-08-01,,2026-08-01 06:35:06,OUT_OF_WINDOW
15288,100047.3,2026-08-01,,2026-08-01 08:38:23,OUT_OF_WINDOW
15298,100047.3,2026-08-01,,2026-08-01 10:42:03,OUT_OF_WINDOW
15307,100004.2,2026-08-01,,2026-08-01 12:13:40,OUT_OF_WINDOW
15311,100047.3,2026-08-01,,2026-08-01 12:44:32,OUT_OF_WINDOW
15317,100030.2,2026-08-01,,2026-08-01 14:00:14,OUT_OF_WINDOW
15321,100039.2,2026-08-01,,2026-08-01 14:07:03,OUT_OF_WINDOW
15325,100001.3,2026-08-01,,2026-08-01 14:29:08,OUT_OF_WINDOW
15326,100072.3,2026-08-01,,2026-08-01 14:31:50,OUT_OF_WINDOW
15327,100072.3,2026-08-01,,2026-08-01 14:46:48,OUT_OF_WINDOW
15328,100144.3,2026-08-01,,2026-08-01 14:48:19,OUT_OF_WINDOW
15332,100064.3,2026-08-01,,2026-08-01 12:51:01,OUT_OF_WINDOW
15334,100064.3,2026-08-01,,2026-08-01 15:05:30,OUT_OF_WINDOW
15336,100077.2,2026-08-01,,2026-08-01 15:40:30,OUT_OF_WINDOW
15337,100071.3,2026-08-01,,2026-08-01 15:41:06,OUT_OF_WINDOW
15339,100047.3,2026-08-01,,2026-08-01 14:44:36,OUT_OF_WINDOW
15341,100047.3,2026-08-01,,2026-08-01 16:50:50,OUT_OF_WINDOW
15343,100023.2,2026-08-01,,2026-08-01 16:58:31,OUT_OF_WINDOW
15347,100064.3,2026-08-01,,2026-08-01 17:05:36,OUT_OF_WINDOW
15350,100015.2,2026-08-01,,2026-08-01 17:25:08,OUT_OF_WINDOW
15351,100076.2,2026-08-01,,2026-08-01 17:32:48,OUT_OF_WINDOW
15361,100064.3,2026-08-02,,2026-08-01 19:08:44,OUT_OF_WINDOW
15362,100046.3,2026-08-02,,2026-08-01 19:14:51,OUT_OF_WINDOW
15364,100047.3,2026-08-02,,2026-08-01 20:49:10,OUT_OF_WINDOW
15365,100064.3,2026-08-02,,2026-08-01 21:09:22,OUT_OF_WINDOW
15366,100046.3,2026-08-02,,2026-08-01 22:40:39,OUT_OF_WINDOW
15367,100064.3,2026-08-02,,2026-08-01 23:09:24,OUT_OF_WINDOW
15368,100046.3,2026-08-02,,2026-08-02 00:46:38,OUT_OF_WINDOW
15369,100047.3,2026-08-02,,2026-08-02 00:55:36,OUT_OF_WINDOW
15370,100064.3,2026-08-02,,2026-08-02 01:10:24,OUT_OF_WINDOW
15371,100046.3,2026-08-02,,2026-08-02 02:46:50,OUT_OF_WINDOW
15372,100057.3,2026-08-02,,2026-08-02 03:04:35,OUT_OF_WINDOW
15373,100057.3,2026-08-02,,2026-08-02 03:04:35,OUT_OF_WINDOW
15375,100057.3,2026-08-02,,2026-08-02 03:04:36,OUT_OF_WINDOW
15376,100064.3,2026-08-02,,2026-08-02 03:11:31,OUT_OF_WINDOW
15377,100073.3,2026-08-02,,2026-08-02 03:44:09,OUT_OF_WINDOW
15381,100144.3,2026-08-02,,2026-08-02 03:57:42,OUT_OF_WINDOW
15382,100069.3,2026-08-02,,2026-08-02 03:59:03,OUT_OF_WINDOW
15384,100067.2,2026-08-02,,2026-08-02 04:02:57,OUT_OF_WINDOW
15398,100046.3,2026-08-02,,2026-08-02 04:49:47,OUT_OF_WINDOW
15399,100047.3,2026-08-02,,2026-08-02 05:06:31,OUT_OF_WINDOW
15400,100064.3,2026-08-02,,2026-08-02 05:12:01,OUT_OF_WINDOW
15410,100084.3,2026-07-31,,2026-07-31 17:00:47,OUT_OF_WINDOW
15415,100084.3,2026-08-01,,2026-07-31 19:08:35,OUT_OF_WINDOW
15421,100084.3,2026-08-01,,2026-08-01 01:36:31,OUT_OF_WINDOW
15428,100084.3,2026-08-01,,2026-08-01 03:54:01,OUT_OF_WINDOW
15436,100084.3,2026-08-01,,2026-08-01 08:15:17,OUT_OF_WINDOW
15445,100084.3,2026-08-01,,2026-08-01 10:33:29,OUT_OF_WINDOW
15455,100084.3,2026-08-01,,2026-08-01 12:38:44,OUT_OF_WINDOW
15466,100084.3,2026-08-01,,2026-08-01 14:53:17,OUT_OF_WINDOW
15478,100084.3,2026-08-01,,2026-08-01 16:53:59,OUT_OF_WINDOW
15491,100084.3,2026-08-02,,2026-08-01 19:06:47,OUT_OF_WINDOW
15505,100084.3,2026-08-02,,2026-08-01 21:59:13,OUT_OF_WINDOW
15520,100084.3,2026-08-02,,2026-08-02 01:36:31,OUT_OF_WINDOW
15536,100084.3,2026-08-02,,2026-08-02 03:39:12,OUT_OF_WINDOW
15553,100084.3,2026-08-02,,2026-08-02 05:43:27,OUT_OF_WINDOW
15554,100046.3,2026-08-02,,2026-08-02 07:01:25,OUT_OF_WINDOW
15555,100047.3,2026-08-02,,2026-08-02 07:07:12,OUT_OF_WINDOW
15556,100064.3,2026-08-02,,2026-08-02 07:12:31,OUT_OF_WINDOW
15557,100046.3,2026-08-02,,2026-08-02 09:01:40,OUT_OF_WINDOW
15558,100028.3,2026-07-30,,2026-07-30 08:30:39,OUT_OF_WINDOW
15560,100028.3,2026-07-31,,2026-07-31 08:22:19,OUT_OF_WINDOW
15562,100064.3,2026-08-02,,2026-08-02 09:29:35,OUT_OF_WINDOW
15568,100046.3,2026-08-02,,2026-08-02 11:16:07,OUT_OF_WINDOW
15569,100047.3,2026-08-02,,2026-08-02 11:28:36,OUT_OF_WINDOW
15570,100064.3,2026-08-02,,2026-08-02 11:33:13,OUT_OF_WINDOW
15573,100046.3,2026-08-02,,2026-08-02 13:16:16,OUT_OF_WINDOW
15574,100064.3,2026-08-02,,2026-08-02 13:44:12,OUT_OF_WINDOW
15575,100144.3,2026-08-02,,2026-08-02 15:05:05,OUT_OF_WINDOW
15576,100046.3,2026-08-02,,2026-08-02 15:16:54,OUT_OF_WINDOW
15577,100064.3,2026-08-02,,2026-08-02 15:44:45,OUT_OF_WINDOW
15578,100068.3,2026-08-02,,2026-08-02 16:06:07,OUT_OF_WINDOW
15581,100047.3,2026-08-02,,2026-08-02 13:58:44,OUT_OF_WINDOW
15583,100047.3,2026-08-02,,2026-08-02 16:20:44,OUT_OF_WINDOW
15584,100046.3,2026-08-02,,2026-08-02 17:18:28,OUT_OF_WINDOW
15586,100089.3,2026-08-02,,2026-08-02 18:03:02,OUT_OF_WINDOW
15587,100047.3,2026-08-02,,2026-08-02 18:22:15,OUT_OF_WINDOW
15590,100046.3,2026-08-03,,2026-08-02 19:29:34,OUT_OF_WINDOW
15591,100064.3,2026-08-02,,2026-08-02 17:44:47,OUT_OF_WINDOW
15593,100064.3,2026-08-03,,2026-08-02 19:45:17,OUT_OF_WINDOW
15594,100047.3,2026-08-03,,2026-08-02 20:52:26,OUT_OF_WINDOW
15595,100064.3,2026-08-03,,2026-08-02 21:45:21,OUT_OF_WINDOW
15596,100047.3,2026-08-03,,2026-08-02 22:56:17,OUT_OF_WINDOW
15597,100046.3,2026-08-03,,2026-08-02 23:13:09,OUT_OF_WINDOW
15598,100064.3,2026-08-03,,2026-08-02 23:45:52,OUT_OF_WINDOW
15599,100047.3,2026-08-03,,2026-08-03 00:56:55,OUT_OF_WINDOW
15602,100046.3,2026-08-03,,2026-08-03 01:13:15,OUT_OF_WINDOW
15608,100067.3,2026-08-03,,2026-08-03 02:19:21,OUT_OF_WINDOW
15610,100071.3,2026-08-01,,2026-08-01 15:53:35,OUT_OF_WINDOW
15620,100050.3,2026-08-03,,2026-08-03 03:15:01,OUT_OF_WINDOW
15628,100046.3,2026-08-03,,2026-08-03 03:29:29,OUT_OF_WINDOW
15654,100124.3,2026-07-30,,2026-07-30 04:24:22,OUT_OF_WINDOW
15657,100050.2,2026-08-02,,2026-08-01 19:19:45,OUT_OF_WINDOW
15659,100050.2,2026-08-02,,2026-08-02 02:14:43,OUT_OF_WINDOW
15662,100050.2,2026-08-02,,2026-08-02 07:13:59,OUT_OF_WINDOW
15691,100052.2,2026-08-03,,2026-08-03 05:22:55,OUT_OF_WINDOW
15701,100013.2,2026-08-03,,2026-08-02 21:36:01,OUT_OF_WINDOW
15714,100660.1,2026-08-03,,2026-08-03 06:29:18,OUT_OF_WINDOW
15728,100067.2,2026-08-03,,2026-08-03 07:21:29,OUT_OF_WINDOW
15742,100028.3,2026-08-03,,2026-08-03 08:17:18,OUT_OF_WINDOW
15750,100009.3,2026-08-03,,2026-08-03 09:20:26,OUT_OF_WINDOW
15775,100058.2,2026-08-03,,2026-08-03 13:31:08,OUT_OF_WINDOW
15779,100030.2,2026-08-03,,2026-08-03 13:59:16,OUT_OF_WINDOW
15782,100015.3,2026-08-03,,2026-08-03 14:03:30,OUT_OF_WINDOW
15783,100059.2,2026-08-03,,2026-08-03 14:05:40,OUT_OF_WINDOW
15785,100050.2,2026-08-03,,2026-08-03 14:07:48,OUT_OF_WINDOW
15799,100072.3,2026-08-03,,2026-08-03 14:44:48,OUT_OF_WINDOW
15800,100068.3,2026-08-03,,2026-08-03 14:50:50,OUT_OF_WINDOW
15802,100064.3,2026-08-03,,2026-08-03 12:54:05,OUT_OF_WINDOW
15804,100064.3,2026-08-03,,2026-08-03 14:54:35,OUT_OF_WINDOW
15809,100096.3,2026-08-03,,2026-08-03 15:58:33,OUT_OF_WINDOW
15810,100655.1,2026-08-03,,2026-08-03 15:59:14,OUT_OF_WINDOW
15811,100075.3,2026-08-03,,2026-08-03 16:10:12,OUT_OF_WINDOW
15816,100064.3,2026-08-03,,2026-08-03 16:54:41,OUT_OF_WINDOW
15818,100075.2,2026-08-03,,2026-08-03 17:09:29,OUT_OF_WINDOW
15819,100071.2,2026-08-03,,2026-08-03 17:18:01,OUT_OF_WINDOW
15820,100126.3,2026-08-03,,2026-08-03 17:38:15,OUT_OF_WINDOW
15824,100046.3,2026-08-03,,2026-08-03 18:53:55,OUT_OF_WINDOW
15825,100064.3,2026-08-04,,2026-08-03 19:07:36,OUT_OF_WINDOW
15826,100126.3,2026-08-04,,2026-08-03 19:38:36,OUT_OF_WINDOW
15827,100064.3,2026-08-04,,2026-08-03 21:09:01,OUT_OF_WINDOW
15828,100015.3,2026-08-04,,2026-08-03 21:25:45,OUT_OF_WINDOW
15829,100047.3,2026-08-04,,2026-08-03 19:11:00,OUT_OF_WINDOW
15831,100047.3,2026-08-04,,2026-08-03 21:27:20,OUT_OF_WINDOW
15832,100015.3,2026-08-04,,2026-08-03 21:25:45,OUT_OF_WINDOW
15834,100015.3,2026-08-04,,2026-08-03 21:27:55,OUT_OF_WINDOW
15835,100064.3,2026-08-04,,2026-08-03 23:10:36,OUT_OF_WINDOW
15836,100015.3,2026-08-04,,2026-08-03 23:29:30,OUT_OF_WINDOW
15837,100047.3,2026-08-04,,2026-08-04 00:28:01,OUT_OF_WINDOW
15840,100015.3,2026-08-04,,2026-08-04 01:30:10,OUT_OF_WINDOW
15841,100089.3,2026-08-04,,2026-08-04 01:53:46,OUT_OF_WINDOW
15844,100072.3,2026-08-04,,2026-08-04 01:59:10,OUT_OF_WINDOW
15846,100067.3,2026-08-04,,2026-08-04 02:05:32,OUT_OF_WINDOW
15854,100069.3,2026-08-04,,2026-08-04 03:02:51,OUT_OF_WINDOW
15856,100126.3,2026-08-04,,2026-08-03 21:52:33,OUT_OF_WINDOW
15878,100015.3,2026-08-04,,2026-08-04 04:04:20,OUT_OF_WINDOW
15881,100067.2,2026-08-04,,2026-08-04 04:06:59,OUT_OF_WINDOW
15884,100072.3,2026-08-04,,2026-08-04 04:07:34,OUT_OF_WINDOW
15889,100067.3,2026-08-04,,2026-08-04 02:05:32,OUT_OF_WINDOW
15891,100124.3,2026-08-04,,2026-08-04 04:33:32,OUT_OF_WINDOW
15903,100046.3,2026-08-04,,2026-08-03 22:34:05,OUT_OF_WINDOW
15905,100046.3,2026-08-04,,2026-08-04 00:49:05,OUT_OF_WINDOW
15908,100046.3,2026-08-04,,2026-08-04 03:07:57,OUT_OF_WINDOW
15912,100046.3,2026-08-04,,2026-08-04 05:08:01,OUT_OF_WINDOW
15923,100004.3,2026-08-04,,2026-08-04 05:24:28,OUT_OF_WINDOW
15944,100077.2,2026-08-04,,2026-08-04 07:23:38,OUT_OF_WINDOW
15960,100028.3,2026-08-04,,2026-08-04 08:15:39,OUT_OF_WINDOW
15973,100084.3,2026-08-02,,2026-08-02 09:52:41,OUT_OF_WINDOW
15975,100084.3,2026-08-02,,2026-08-02 16:57:45,OUT_OF_WINDOW
15993,100084.3,2026-08-03,,2026-08-03 16:43:26,OUT_OF_WINDOW
16000,100084.3,2026-08-03,,2026-08-03 18:43:33,OUT_OF_WINDOW
16008,100084.3,2026-08-04,,2026-08-03 21:09:38,OUT_OF_WINDOW
16017,100084.3,2026-08-04,,2026-08-04 01:30:37,OUT_OF_WINDOW
16027,100084.3,2026-08-04,,2026-08-04 03:43:09,OUT_OF_WINDOW
16055,100046.3,2026-08-04,,2026-08-04 07:08:35,OUT_OF_WINDOW
16057,100046.3,2026-08-04,,2026-08-04 09:08:53,OUT_OF_WINDOW
16060,100046.3,2026-08-04,,2026-08-04 11:08:56,OUT_OF_WINDOW
16065,100126.3,2026-08-04,,2026-08-04 11:38:23,OUT_OF_WINDOW
16066,100126.3,2026-08-04,,2026-08-04 11:44:09,OUT_OF_WINDOW
16080,100072.3,2026-08-04,,2026-08-04 13:14:31,OUT_OF_WINDOW
16084,100126.3,2026-08-04,,2026-08-04 13:44:39,OUT_OF_WINDOW
16092,100039.2,2026-08-04,,2026-08-04 14:06:24,OUT_OF_WINDOW
16095,100072.3,2026-08-04,,2026-08-04 14:08:05,OUT_OF_WINDOW
16100,100076.3,2026-08-04,,2026-08-04 14:48:41,OUT_OF_WINDOW
16105,100069.3,2026-08-04,,2026-08-04 15:16:06,OUT_OF_WINDOW
16107,100072.3,2026-08-04,,2026-08-04 15:22:58,OUT_OF_WINDOW
16108,100064.3,2026-08-04,,2026-08-04 15:42:34,OUT_OF_WINDOW
16109,100126.3,2026-08-04,,2026-08-04 15:45:02,OUT_OF_WINDOW
16110,100655.1,2026-08-04,,2026-08-04 15:55:32,OUT_OF_WINDOW
16112,100071.3,2026-08-04,,2026-08-04 16:13:37,OUT_OF_WINDOW
16115,100084.3,2026-08-04,,2026-08-04 16:23:56,OUT_OF_WINDOW
16117,100011.3,2026-08-04,,2026-08-04 14:17:49,OUT_OF_WINDOW
16119,100011.3,2026-08-04,,2026-08-04 16:33:48,OUT_OF_WINDOW
16120,100076.3,2026-08-04,,2026-08-04 16:54:51,OUT_OF_WINDOW
16123,100064.3,2026-08-04,,2026-08-04 17:42:46,OUT_OF_WINDOW
16124,100126.3,2026-08-04,,2026-08-04 17:45:13,OUT_OF_WINDOW
16125,100011.3,2026-08-04,,2026-08-04 18:42:22,OUT_OF_WINDOW
16127,100067.2,2026-08-04,,2026-08-04 18:50:12,OUT_OF_WINDOW
16128,100064.3,2026-08-05,,2026-08-04 19:42:52,OUT_OF_WINDOW
16129,100046.3,2026-08-04,,2026-08-04 18:25:36,OUT_OF_WINDOW
16131,100046.3,2026-08-05,,2026-08-04 20:44:38,OUT_OF_WINDOW
16132,100011.3,2026-08-05,,2026-08-04 20:44:57,OUT_OF_WINDOW
16133,100013.3,2026-08-05,,2026-08-04 21:01:15,OUT_OF_WINDOW
16134,100064.3,2026-08-05,,2026-08-04 21:50:17,OUT_OF_WINDOW
16135,100046.3,2026-08-05,,2026-08-04 22:46:05,OUT_OF_WINDOW
16136,100013.3,2026-08-05,,2026-08-04 23:01:46,OUT_OF_WINDOW
16137,100011.3,2026-08-05,,2026-08-04 23:34:05,OUT_OF_WINDOW
16138,100064.3,2026-08-05,,2026-08-05 00:00:08,OUT_OF_WINDOW
16141,100046.3,2026-08-05,,2026-08-05 01:13:58,OUT_OF_WINDOW
16142,100011.3,2026-08-05,,2026-08-05 01:34:48,OUT_OF_WINDOW
16144,100072.3,2026-08-05,,2026-08-05 01:56:40,OUT_OF_WINDOW
16145,100089.3,2026-08-05,,2026-08-05 02:04:55,OUT_OF_WINDOW
16153,100069.3,2026-08-05,,2026-08-05 03:11:47,OUT_OF_WINDOW
16156,100046.3,2026-08-05,,2026-08-05 03:18:01,OUT_OF_WINDOW
16166,100144.3,2026-08-05,,2026-08-05 03:54:21,OUT_OF_WINDOW
16167,100004.2,2026-08-05,,2026-08-05 03:54:24,OUT_OF_WINDOW
16178,100058.2,2026-08-05,,2026-08-05 04:12:18,OUT_OF_WINDOW
16182,100013.3,2026-08-05,,2026-08-05 04:14:56,OUT_OF_WINDOW
16186,100140.3,2026-08-05,,2026-08-05 04:20:57,OUT_OF_WINDOW
16192,100076.3,2026-08-05,,2026-08-04 19:16:22,OUT_OF_WINDOW
16213,100011.3,2026-08-05,,2026-08-05 04:57:04,OUT_OF_WINDOW
16214,100055.3,2026-07-30,,2026-07-30 15:25:46,OUT_OF_WINDOW
16216,100055.3,2026-07-30,,2026-07-30 17:28:39,OUT_OF_WINDOW
16224,100005.3,2026-08-04,,2026-08-04 05:26:49,OUT_OF_WINDOW
16255,100011.3,2026-08-05,,2026-08-05 06:58:30,OUT_OF_WINDOW
16278,100028.3,2026-08-05,,2026-08-05 08:47:58,OUT_OF_WINDOW
16283,100012.2,2026-08-05,,2026-08-05 09:01:34,OUT_OF_WINDOW
16285,100011.3,2026-08-05,,2026-08-05 09:04:37,OUT_OF_WINDOW
16296,100084.3,2026-08-04,,2026-08-04 18:27:28,OUT_OF_WINDOW
16298,100084.3,2026-08-05,,2026-08-05 01:30:37,OUT_OF_WINDOW
16301,100084.3,2026-08-05,,2026-08-05 03:44:25,OUT_OF_WINDOW
16334,100029.2,2026-08-05,,2026-08-05 13:59:01,OUT_OF_WINDOW
16337,100072.3,2026-08-05,,2026-08-05 14:00:44,OUT_OF_WINDOW
16339,100059.2,2026-08-05,,2026-08-05 14:03:26,OUT_OF_WINDOW
16340,100064.2,2026-08-05,,2026-08-05 14:03:33,OUT_OF_WINDOW
16341,100040.2,2026-08-05,,2026-08-05 14:05:11,OUT_OF_WINDOW
16343,100046.2,2026-08-05,,2026-08-05 14:06:29,OUT_OF_WINDOW
16344,100050.2,2026-08-05,,2026-08-05 14:06:16,OUT_OF_WINDOW
16348,100067.3,2026-08-05,,2026-08-05 14:15:48,OUT_OF_WINDOW
16349,100072.3,2026-08-05,,2026-08-05 14:43:55,OUT_OF_WINDOW
16350,100063.3,2026-08-05,,2026-08-05 14:50:31,OUT_OF_WINDOW
16353,100144.3,2026-08-05,,2026-08-05 15:04:15,OUT_OF_WINDOW
16355,100144.3,2026-08-05,,2026-08-05 15:07:17,OUT_OF_WINDOW
16377,100064.3,2026-08-05,,2026-08-05 13:10:25,OUT_OF_WINDOW
16379,100064.3,2026-08-05,,2026-08-05 15:10:52,OUT_OF_WINDOW
16380,100011.3,2026-08-05,,2026-08-05 13:10:19,OUT_OF_WINDOW
16382,100011.3,2026-08-05,,2026-08-05 15:12:57,OUT_OF_WINDOW
16383,100126.3,2026-08-05,,2026-08-05 13:21:33,OUT_OF_WINDOW
16385,100126.3,2026-08-05,,2026-08-05 15:21:36,OUT_OF_WINDOW
16386,100077.2,2026-08-05,,2026-08-05 15:38:13,OUT_OF_WINDOW
16389,100655.1,2026-08-05,,2026-08-05 16:03:10,OUT_OF_WINDOW
16391,100096.3,2026-08-05,,2026-08-05 16:06:05,OUT_OF_WINDOW
16392,100070.2,2026-08-05,,2026-08-05 16:10:04,OUT_OF_WINDOW
16398,100084.3,2026-08-05,,2026-08-05 16:16:36,OUT_OF_WINDOW
16403,100075.3,2026-08-05,,2026-08-05 17:00:11,OUT_OF_WINDOW
16404,100075.2,2026-08-05,,2026-08-05 17:02:17,OUT_OF_WINDOW
16406,100075.2,2026-08-05,,2026-08-05 17:09:10,OUT_OF_WINDOW
16407,100011.3,2026-08-05,,2026-08-05 17:21:57,OUT_OF_WINDOW
16409,100084.3,2026-08-05,,2026-08-05 18:16:53,OUT_OF_WINDOW
16410,100070.2,2026-08-05,,2026-08-05 17:13:14,OUT_OF_WINDOW
16412,100070.2,2026-08-05,,2026-08-05 18:19:22,OUT_OF_WINDOW
16414,100064.3,2026-08-05,,2026-08-05 17:19:14,OUT_OF_WINDOW
16416,100064.3,2026-08-06,,2026-08-05 19:19:16,OUT_OF_WINDOW
16417,100070.2,2026-08-06,,2026-08-05 19:24:39,OUT_OF_WINDOW
16419,100070.2,2026-08-06,,2026-08-05 20:25:00,OUT_OF_WINDOW
16422,100015.3,2026-08-06,,2026-08-05 21:05:25,OUT_OF_WINDOW
16423,100070.2,2026-08-06,,2026-08-05 21:26:18,OUT_OF_WINDOW
16424,100064.3,2026-08-06,,2026-08-05 21:27:54,OUT_OF_WINDOW
16425,100046.3,2026-08-06,,2026-08-05 19:38:20,OUT_OF_WINDOW
16427,100046.3,2026-08-06,,2026-08-05 21:51:04,OUT_OF_WINDOW
16428,100011.3,2026-08-06,,2026-08-05 19:40:36,OUT_OF_WINDOW
16430,100011.3,2026-08-06,,2026-08-05 21:58:54,OUT_OF_WINDOW
16431,100070.2,2026-08-06,,2026-08-05 22:34:53,OUT_OF_WINDOW
16432,100015.3,2026-08-06,,2026-08-05 23:05:50,OUT_OF_WINDOW
16433,100064.3,2026-08-06,,2026-08-05 23:38:46,OUT_OF_WINDOW
16434,100070.2,2026-08-06,,2026-08-05 23:45:04,OUT_OF_WINDOW
16435,100046.3,2026-08-06,,2026-08-05 23:52:17,OUT_OF_WINDOW
16436,100070.2,2026-08-06,,2026-08-06 00:50:19,OUT_OF_WINDOW
16438,100015.3,2026-08-06,,2026-08-06 01:06:00,OUT_OF_WINDOW
16440,100011.3,2026-08-06,,2026-08-06 01:17:11,OUT_OF_WINDOW
16442,100046.3,2026-08-06,,2026-08-06 01:52:38,OUT_OF_WINDOW
16444,100089.3,2026-08-06,,2026-08-06 02:06:59,OUT_OF_WINDOW
16448,100126.3,2026-08-05,,2026-08-05 17:21:47,OUT_OF_WINDOW
16450,100126.3,2026-08-06,,2026-08-05 19:23:24,OUT_OF_WINDOW
16453,100126.3,2026-08-06,,2026-08-06 02:42:32,OUT_OF_WINDOW
16462,100068.3,2026-08-06,,2026-08-06 03:02:59,OUT_OF_WINDOW
16469,100079.3,2026-08-06,,2026-08-06 03:51:01,OUT_OF_WINDOW
16478,100015.3,2026-08-06,,2026-08-06 04:10:28,OUT_OF_WINDOW
16492,100046.3,2026-08-06,,2026-08-06 04:06:42,OUT_OF_WINDOW
16495,100055.3,2026-08-06,,2026-08-05 21:39:35,OUT_OF_WINDOW
16497,100055.3,2026-08-06,,2026-08-05 23:40:05,OUT_OF_WINDOW
16500,100055.3,2026-08-06,,2026-08-06 03:42:04,OUT_OF_WINDOW
16506,100070.3,2026-08-06,,2026-08-06 04:40:28,OUT_OF_WINDOW
16509,100011.3,2026-08-06,,2026-08-06 04:41:45,OUT_OF_WINDOW
16516,100070.2,2026-08-06,,2026-08-06 02:50:48,OUT_OF_WINDOW
16518,100070.2,2026-08-06,,2026-08-06 04:56:32,OUT_OF_WINDOW
16527,100068.3,2026-08-06,,2026-08-06 05:10:29,OUT_OF_WINDOW
16546,100055.3,2026-08-06,,2026-08-06 05:42:05,OUT_OF_WINDOW
16566,100011.3,2026-08-06,,2026-08-06 06:42:06,OUT_OF_WINDOW
16579,100055.3,2026-08-06,,2026-08-06 07:42:43,OUT_OF_WINDOW
16584,100068.3,2026-08-06,,2026-08-06 08:23:53,OUT_OF_WINDOW
16586,100070.2,2026-08-06,,2026-08-06 06:32:56,OUT_OF_WINDOW
16588,100070.2,2026-08-06,,2026-08-06 07:44:54,OUT_OF_WINDOW
16591,100070.2,2026-08-06,,2026-08-06 08:45:42,OUT_OF_WINDOW
16598,100055.3,2026-08-06,,2026-08-06 09:44:42,OUT_OF_WINDOW
16602,100070.2,2026-08-06,,2026-08-06 09:57:09,OUT_OF_WINDOW
16603,100068.3,2026-08-06,,2026-08-06 10:23:55,OUT_OF_WINDOW
16612,100070.2,2026-08-06,,2026-08-06 11:06:40,OUT_OF_WINDOW
16614,100070.2,2026-08-06,,2026-08-06 12:13:12,OUT_OF_WINDOW
16615,100068.3,2026-08-06,,2026-08-06 12:25:08,OUT_OF_WINDOW
16618,100029.2,2026-08-06,,2026-08-06 13:03:15,OUT_OF_WINDOW
16624,100036.2,2026-08-06,,2026-08-06 13:35:11,OUT_OF_WINDOW
16625,100064.3,2026-08-06,,2026-08-06 13:38:09,OUT_OF_WINDOW
16626,100011.3,2026-08-06,,2026-08-06 14:00:35,OUT_OF_WINDOW
16628,100067.3,2026-08-06,,2026-08-06 14:07:19,OUT_OF_WINDOW
16629,100046.2,2026-08-06,,2026-08-06 14:08:02,OUT_OF_WINDOW
16630,100070.2,2026-08-06,,2026-08-06 13:13:49,OUT_OF_WINDOW
16632,100070.2,2026-08-06,,2026-08-06 14:14:08,OUT_OF_WINDOW
16634,100089.3,2026-08-06,,2026-08-06 14:24:25,OUT_OF_WINDOW
16635,100126.3,2026-08-06,,2026-08-06 14:27:13,OUT_OF_WINDOW
16656,100012.3,2026-08-06,,2026-08-06 14:30:37,OUT_OF_WINDOW
16657,100144.3,2026-08-05,,2026-08-05 15:04:15,OUT_OF_WINDOW
16663,100064.2,2026-08-06,,2026-08-06 14:54:14,OUT_OF_WINDOW
16665,100013.2,2026-08-06,,2026-08-06 14:59:24,OUT_OF_WINDOW
16668,100023.2,2026-08-06,,2026-08-06 15:02:06,OUT_OF_WINDOW
16669,100076.3,2026-08-06,,2026-08-06 15:17:13,OUT_OF_WINDOW
16670,100064.3,2026-08-06,,2026-08-06 15:40:40,OUT_OF_WINDOW
16671,100071.3,2026-08-06,,2026-08-06 15:50:19,OUT_OF_WINDOW
16673,100077.2,2026-08-06,,2026-08-06 16:07:29,OUT_OF_WINDOW
16674,100070.2,2026-08-06,,2026-08-06 15:15:42,OUT_OF_WINDOW
16676,100070.2,2026-08-06,,2026-08-06 16:18:41,OUT_OF_WINDOW
16677,100070.3,2026-08-06,,2026-08-06 16:26:31,OUT_OF_WINDOW
16678,100126.3,2026-08-06,,2026-08-06 16:27:17,OUT_OF_WINDOW
16679,100012.3,2026-08-06,,2026-08-06 16:32:32,OUT_OF_WINDOW
16682,100655.1,2026-08-06,,2026-08-06 16:56:33,OUT_OF_WINDOW
16685,100084.3,2026-08-06,,2026-08-06 01:30:36,OUT_OF_WINDOW
16687,100084.3,2026-08-06,,2026-08-06 03:41:20,OUT_OF_WINDOW
16712,100084.3,2026-08-06,,2026-08-06 17:01:57,OUT_OF_WINDOW
16714,100079.3,2026-08-06,,2026-08-06 17:19:12,OUT_OF_WINDOW
16715,100065.2,2026-08-06,,2026-08-06 17:31:42,OUT_OF_WINDOW
16716,100078.3,2026-08-06,,2026-08-06 17:38:00,OUT_OF_WINDOW
16717,100064.3,2026-08-06,,2026-08-06 17:45:24,OUT_OF_WINDOW
16718,100011.3,2026-08-06,,2026-08-06 18:15:47,OUT_OF_WINDOW
16719,100032.2,2026-08-06,,2026-08-06 18:18:39,OUT_OF_WINDOW
16720,100126.3,2026-08-06,,2026-08-06 18:27:58,OUT_OF_WINDOW
16721,100012.3,2026-08-06,,2026-08-06 18:37:16,OUT_OF_WINDOW
16722,100070.2,2026-08-06,,2026-08-06 17:31:24,OUT_OF_WINDOW
16724,100070.2,2026-08-06,,2026-08-06 18:38:44,OUT_OF_WINDOW
16726,100046.3,2026-08-07,,2026-08-06 19:04:49,OUT_OF_WINDOW
16727,100070.2,2026-08-07,,2026-08-06 19:39:11,OUT_OF_WINDOW
16728,100064.3,2026-08-07,,2026-08-06 19:45:25,OUT_OF_WINDOW
16729,100011.3,2026-08-07,,2026-08-06 20:19:34,OUT_OF_WINDOW
16730,100070.2,2026-08-07,,2026-08-06 20:41:18,OUT_OF_WINDOW
16733,100064.3,2026-08-07,,2026-08-06 21:45:55,OUT_OF_WINDOW
16734,100046.3,2026-08-07,,2026-08-06 22:06:36,OUT_OF_WINDOW
16735,100070.2,2026-08-07,,2026-08-06 22:15:16,OUT_OF_WINDOW
16736,100011.3,2026-08-07,,2026-08-06 22:22:31,OUT_OF_WINDOW
16737,100070.2,2026-08-07,,2026-08-06 23:20:05,OUT_OF_WINDOW
16738,100064.3,2026-08-07,,2026-08-06 23:45:56,OUT_OF_WINDOW
16739,100046.3,2026-08-07,,2026-08-07 00:07:51,OUT_OF_WINDOW
16740,100070.2,2026-08-07,,2026-08-07 00:44:07,OUT_OF_WINDOW
16743,100011.3,2026-08-07,,2026-08-07 01:12:57,OUT_OF_WINDOW
16744,100070.2,2026-08-07,,2026-08-07 01:51:33,OUT_OF_WINDOW
16745,100089.3,2026-08-07,,2026-08-07 02:02:23,OUT_OF_WINDOW
16748,100046.3,2026-08-07,,2026-08-07 02:16:22,OUT_OF_WINDOW
16749,100012.3,2026-08-07,,2026-08-07 02:18:57,OUT_OF_WINDOW
16751,100073.3,2026-08-07,,2026-08-07 02:25:42,OUT_OF_WINDOW
16754,100069.3,2026-08-07,,2026-08-07 02:58:51,OUT_OF_WINDOW
16757,100084.3,2026-08-07,,2026-08-06 19:17:29,OUT_OF_WINDOW
16759,100084.3,2026-08-07,,2026-08-07 01:30:36,OUT_OF_WINDOW
16761,100068.3,2026-08-07,,2026-08-07 03:04:05,OUT_OF_WINDOW
16766,100126.3,2026-08-07,,2026-08-07 02:25:52,OUT_OF_WINDOW
16768,100011.3,2026-08-07,,2026-08-07 03:15:47,OUT_OF_WINDOW
16772,100070.2,2026-08-07,,2026-08-07 02:59:56,OUT_OF_WINDOW
16774,100070.2,2026-08-07,,2026-08-07 04:00:19,OUT_OF_WINDOW
16782,100046.3,2026-08-07,,2026-08-07 04:20:53,OUT_OF_WINDOW
16807,100068.3,2026-08-07,,2026-08-07 05:15:07,OUT_OF_WINDOW
16808,100011.3,2026-08-07,,2026-08-07 05:17:04,OUT_OF_WINDOW
16821,100076.3,2026-08-07,,2026-08-07 05:40:45,OUT_OF_WINDOW
16832,100012.3,2026-08-07,,2026-08-07 04:21:18,OUT_OF_WINDOW
16834,100012.3,2026-08-07,,2026-08-07 04:22:46,OUT_OF_WINDOW
16837,100012.3,2026-08-07,,2026-08-07 06:23:50,OUT_OF_WINDOW
16848,100011.3,2026-08-07,,2026-08-07 07:19:18,OUT_OF_WINDOW
16850,100068.3,2026-08-07,,2026-08-07 07:27:44,OUT_OF_WINDOW
16854,100070.2,2026-08-07,,2026-08-07 05:46:49,OUT_OF_WINDOW
16856,100070.2,2026-08-07,,2026-08-07 06:49:09,OUT_OF_WINDOW
16859,100070.2,2026-08-07,,2026-08-07 07:52:57,OUT_OF_WINDOW
16871,100011.3,2026-08-07,,2026-08-07 09:21:58,OUT_OF_WINDOW
16872,100068.3,2026-08-07,,2026-08-07 09:28:45,OUT_OF_WINDOW
16877,100070.2,2026-08-07,,2026-08-07 09:00:01,OUT_OF_WINDOW
16890,100011.3,2026-08-07,,2026-08-07 11:22:06,OUT_OF_WINDOW
16894,100068.3,2026-08-07,,2026-08-07 11:33:22,OUT_OF_WINDOW
16899,100064.2,2026-08-07,,2026-08-07 12:42:05,OUT_OF_WINDOW
16901,100059.2,2026-08-07,,2026-08-07 12:55:06,OUT_OF_WINDOW
16902,100041.2,2026-08-07,,2026-08-07 13:00:17,OUT_OF_WINDOW
16903,100041.2,2026-08-07,,2026-08-07 13:00:17,OUT_OF_WINDOW
16914,100011.3,2026-08-07,,2026-08-07 13:45:27,OUT_OF_WINDOW
16916,100052.2,2026-08-07,,2026-08-07 14:07:16,OUT_OF_WINDOW
16920,100068.3,2026-08-07,,2026-08-07 14:38:08,OUT_OF_WINDOW
16921,100064.3,2026-08-07,,2026-08-07 12:50:54,OUT_OF_WINDOW
16923,100064.3,2026-08-07,,2026-08-07 14:51:24,OUT_OF_WINDOW
16924,100063.3,2026-08-07,,2026-08-07 14:54:16,OUT_OF_WINDOW
16929,100084.3,2026-08-07,,2026-08-07 03:53:13,OUT_OF_WINDOW
16943,100084.3,2026-08-07,,2026-08-07 15:27:19,OUT_OF_WINDOW
16945,100011.3,2026-08-07,,2026-08-07 15:52:52,OUT_OF_WINDOW
16948,100076.3,2026-08-07,,2026-08-07 15:55:36,OUT_OF_WINDOW
16950,100089.3,2026-08-07,,2026-08-07 16:06:03,OUT_OF_WINDOW
16951,100089.3,2026-08-07,,2026-08-07 16:07:14,OUT_OF_WINDOW
16952,100021.2,2026-08-07,,2026-08-07 16:11:42,OUT_OF_WINDOW
16954,100070.3,2026-08-07,,2026-08-07 16:40:01,OUT_OF_WINDOW
16955,100064.3,2026-08-07,,2026-08-07 16:51:30,OUT_OF_WINDOW
16956,100015.3,2026-08-07,,2026-08-07 16:56:19,OUT_OF_WINDOW
16957,100015.3,2026-08-07,,2026-08-07 16:56:19,OUT_OF_WINDOW
16959,100015.3,2026-08-07,,2026-08-07 16:58:05,OUT_OF_WINDOW
16961,100011.3,2026-08-07,,2026-08-07 18:00:42,OUT_OF_WINDOW
16962,100046.2,2026-08-07,,2026-08-07 18:36:55,OUT_OF_WINDOW
16964,100046.3,2026-08-08,,2026-08-07 19:17:10,OUT_OF_WINDOW
16965,100064.3,2026-08-08,,2026-08-07 20:52:07,OUT_OF_WINDOW
16966,100195.1,2026-08-10,,2026-08-10 07:03:51,OUT_OF_WINDOW
16971,100030.2,2026-08-10,,2026-08-10 14:01:38,OUT_OF_WINDOW
16990,100088.3,2026-08-10,,2026-08-10 15:22:03,OUT_OF_WINDOW
16991,100006.2,2026-08-10,,2026-08-10 15:29:30,OUT_OF_WINDOW
16994,100097.3,2026-08-10,,2026-08-10 15:53:20,OUT_OF_WINDOW
16995,100022.2,2026-08-10,,2026-08-10 16:05:49,OUT_OF_WINDOW
16996,100055.2,2026-08-10,,2026-08-10 16:29:23,OUT_OF_WINDOW
16997,100003.2,2026-08-10,,2026-08-10 16:42:15,OUT_OF_WINDOW
16998,100003.2,2026-08-10,,2026-08-10 17:02:07,OUT_OF_WINDOW
16999,100071.2,2026-08-10,,2026-08-10 17:03:06,OUT_OF_WINDOW
17001,100070.2,2026-08-10,,2026-08-10 17:25:20,OUT_OF_WINDOW
17002,100069.2,2026-08-10,,2026-08-10 17:25:40,OUT_OF_WINDOW
17003,100076.2,2026-08-10,,2026-08-10 17:44:04,OUT_OF_WINDOW
17004,100078.3,2026-08-10,,2026-08-10 17:49:42,OUT_OF_WINDOW
17005,100004.2,2026-08-10,,2026-08-10 18:06:48,OUT_OF_WINDOW
17006,100652.1,2026-08-10,,2026-08-10 18:09:15,OUT_OF_WINDOW
17007,100067.2,2026-08-10,,2026-08-10 18:09:19,OUT_OF_WINDOW
17008,100032.2,2026-08-10,,2026-08-10 18:45:56,OUT_OF_WINDOW
17010,100084.3,2026-08-11,,2026-08-10 19:29:19,OUT_OF_WINDOW
17066,100195.1,2026-08-11,,2026-08-11 05:18:23,OUT_OF_WINDOW
17079,100084.3,2026-08-11,,2026-08-11 03:44:04,OUT_OF_WINDOW
17081,100084.3,2026-08-11,,2026-08-11 05:49:32,OUT_OF_WINDOW
17130,100084.3,2026-08-11,,2026-08-11 12:11:17,OUT_OF_WINDOW
17134,100004.2,2026-08-11,,2026-08-11 13:04:16,OUT_OF_WINDOW
17141,100044.2,2026-08-11,,2026-08-11 14:01:23,OUT_OF_WINDOW
17143,100064.2,2026-08-11,,2026-08-11 14:03:12,OUT_OF_WINDOW
17151,100023.2,2026-08-11,,2026-08-11 15:18:29,OUT_OF_WINDOW
17153,100076.3,2026-08-11,,2026-08-11 15:27:39,OUT_OF_WINDOW
17158,100077.2,2026-08-11,,2026-08-11 16:06:34,OUT_OF_WINDOW
17159,100045.2,2026-08-11,,2026-08-11 16:08:46,OUT_OF_WINDOW
17161,100022.2,2026-08-11,,2026-08-11 16:16:37,OUT_OF_WINDOW
17163,100013.3,2026-08-11,,2026-08-11 16:35:02,OUT_OF_WINDOW
17164,100021.2,2026-08-11,,2026-08-11 16:43:40,OUT_OF_WINDOW
17168,100075.2,2026-08-11,,2026-08-11 17:22:16,OUT_OF_WINDOW
17169,100076.3,2026-08-11,,2026-08-11 17:27:47,OUT_OF_WINDOW
17172,100016.2,2026-08-11,,2026-08-11 18:00:18,OUT_OF_WINDOW
17173,100032.2,2026-08-11,,2026-08-11 18:45:30,OUT_OF_WINDOW
17175,100013.3,2026-08-12,,2026-08-11 21:25:53,OUT_OF_WINDOW
17177,100013.3,2026-08-12,,2026-08-12 01:43:55,OUT_OF_WINDOW
17179,100084.3,2026-08-11,,2026-08-11 14:35:42,OUT_OF_WINDOW
17181,100084.3,2026-08-11,,2026-08-11 16:36:08,OUT_OF_WINDOW
17184,100084.3,2026-08-11,,2026-08-11 18:55:08,OUT_OF_WINDOW
17188,100084.3,2026-08-12,,2026-08-12 01:30:37,OUT_OF_WINDOW
17198,100076.3,2026-08-12,,2026-08-11 20:11:20,OUT_OF_WINDOW
17200,100076.3,2026-08-12,,2026-08-11 22:12:37,OUT_OF_WINDOW
17203,100076.3,2026-08-12,,2026-08-12 01:34:54,OUT_OF_WINDOW
17207,100076.3,2026-08-12,,2026-08-12 03:34:55,OUT_OF_WINDOW
17218,100013.3,2026-08-12,,2026-08-12 04:10:32,OUT_OF_WINDOW
17227,100071.3,2026-08-12,,2026-08-12 04:17:41,OUT_OF_WINDOW
17247,100046.3,2026-08-12,,2026-08-11 19:21:49,OUT_OF_WINDOW
17252,100046.3,2026-08-12,,2026-08-11 22:14:17,OUT_OF_WINDOW
17258,100046.3,2026-08-12,,2026-08-12 00:14:46,OUT_OF_WINDOW
17265,100046.3,2026-08-12,,2026-08-12 02:17:29,OUT_OF_WINDOW
17273,100046.3,2026-08-12,,2026-08-12 04:17:42,OUT_OF_WINDOW
17278,100052.2,2026-08-12,,2026-08-12 04:53:51,OUT_OF_WINDOW
17303,100076.3,2026-08-12,,2026-08-12 05:35:44,OUT_OF_WINDOW
17318,100012.3,2026-08-12,,2026-08-12 06:30:38,OUT_OF_WINDOW
17340,100076.3,2026-08-12,,2026-08-12 07:40:31,OUT_OF_WINDOW
17341,100195.1,2026-08-12,,2026-08-12 07:44:26,OUT_OF_WINDOW
17358,100084.3,2026-08-12,,2026-08-12 03:45:01,OUT_OF_WINDOW
17360,100084.3,2026-08-12,,2026-08-12 06:04:01,OUT_OF_WINDOW
17363,100084.3,2026-08-12,,2026-08-12 10:39:58,OUT_OF_WINDOW
17371,100076.3,2026-08-12,,2026-08-12 11:49:52,OUT_OF_WINDOW
17390,100076.3,2026-08-12,,2026-08-12 13:50:18,OUT_OF_WINDOW
17393,100023.2,2026-08-12,,2026-08-12 14:06:29,OUT_OF_WINDOW
17395,100029.2,2026-08-11,,2026-08-11 05:24:21,OUT_OF_WINDOW
17398,100050.2,2026-08-12,,2026-08-12 14:10:29,OUT_OF_WINDOW
17400,100050.2,2026-08-12,,2026-08-12 14:10:40,OUT_OF_WINDOW
17401,100050.2,2026-08-12,,2026-08-12 14:10:29,OUT_OF_WINDOW
17406,100063.3,2026-08-12,,2026-08-12 14:47:22,OUT_OF_WINDOW
17411,100018.2,2026-08-12,,2026-08-12 16:22:36,OUT_OF_WINDOW
17413,100071.3,2026-08-12,,2026-08-12 16:42:20,OUT_OF_WINDOW
17417,100045.2,2026-08-12,,2026-08-12 16:45:45,OUT_OF_WINDOW
17418,100046.2,2026-08-12,,2026-08-12 16:57:54,OUT_OF_WINDOW
17419,100022.2,2026-08-12,,2026-08-12 16:58:43,OUT_OF_WINDOW
17421,100084.3,2026-08-12,,2026-08-12 12:50:33,OUT_OF_WINDOW
17423,100084.3,2026-08-12,,2026-08-12 15:12:56,OUT_OF_WINDOW
17426,100084.3,2026-08-12,,2026-08-12 17:14:52,OUT_OF_WINDOW
17434,100046.3,2026-08-13,,2026-08-12 19:18:20,OUT_OF_WINDOW
17435,100076.3,2026-08-13,,2026-08-12 20:11:34,OUT_OF_WINDOW
17437,100015.3,2026-08-12,,2026-08-12 14:25:31,OUT_OF_WINDOW
17439,100015.3,2026-08-13,,2026-08-12 21:42:53,OUT_OF_WINDOW
17440,100076.3,2026-08-13,,2026-08-12 22:11:36,OUT_OF_WINDOW
17441,100015.3,2026-08-13,,2026-08-12 23:44:12,OUT_OF_WINDOW
17444,100015.3,2026-08-13,,2026-08-13 01:45:50,OUT_OF_WINDOW
17445,100046.3,2026-08-13,,2026-08-12 22:11:28,OUT_OF_WINDOW
17447,100046.3,2026-08-13,,2026-08-13 00:12:01,OUT_OF_WINDOW
17450,100046.3,2026-08-13,,2026-08-13 02:12:04,OUT_OF_WINDOW
17451,100084.3,2026-08-13,,2026-08-12 19:19:39,OUT_OF_WINDOW
17460,100005.2,2026-08-13,,2026-08-13 03:52:41,OUT_OF_WINDOW
17464,100001.3,2026-08-13,,2026-08-13 03:58:30,OUT_OF_WINDOW
17477,100071.3,2026-08-13,,2026-08-13 04:12:50,OUT_OF_WINDOW
17479,100015.3,2026-08-13,,2026-08-13 04:21:09,OUT_OF_WINDOW
17484,100006.3,2026-08-12,,2026-08-12 15:43:58,OUT_OF_WINDOW
17485,100006.3,2026-08-13,,2026-08-13 04:39:28,OUT_OF_WINDOW
17490,100124.3,2026-08-13,,2026-08-13 04:50:13,OUT_OF_WINDOW
17527,100195.1,2026-08-13,,2026-08-13 06:28:47,OUT_OF_WINDOW
17580,100030.2,2026-08-13,,2026-08-13 14:00:35,OUT_OF_WINDOW
17582,100057.2,2026-08-13,,2026-08-13 14:01:30,OUT_OF_WINDOW
17594,100010.2,2026-08-13,,2026-08-13 14:32:04,OUT_OF_WINDOW
17600,100071.3,2026-08-13,,2026-08-13 16:13:26,OUT_OF_WINDOW
17603,100071.2,2026-08-13,,2026-08-13 16:58:34,OUT_OF_WINDOW
17605,100013.2,2026-08-13,,2026-08-13 18:43:16,OUT_OF_WINDOW
17610,100046.3,2026-08-13,,2026-08-13 18:33:36,OUT_OF_WINDOW
17613,100046.3,2026-08-14,,2026-08-13 20:36:08,OUT_OF_WINDOW
17614,100015.3,2026-08-14,,2026-08-14 00:16:51,OUT_OF_WINDOW
17617,100126.3,2026-08-13,,2026-08-13 17:08:54,OUT_OF_WINDOW
17619,100126.3,2026-08-14,,2026-08-14 01:44:08,OUT_OF_WINDOW
17620,100015.3,2026-08-14,,2026-08-14 02:17:14,OUT_OF_WINDOW
17621,100071.3,2026-08-14,,2026-08-14 02:29:44,OUT_OF_WINDOW
17625,100015.3,2026-08-14,,2026-08-14 04:19:12,OUT_OF_WINDOW
17626,100079.3,2026-08-14,,2026-08-14 04:45:58,OUT_OF_WINDOW
17629,100046.3,2026-08-14,,2026-08-13 23:26:33,OUT_OF_WINDOW
17631,100046.3,2026-08-14,,2026-08-14 01:47:01,OUT_OF_WINDOW
17634,100046.3,2026-08-14,,2026-08-14 03:54:37,OUT_OF_WINDOW
17638,100046.3,2026-08-14,,2026-08-14 05:56:59,OUT_OF_WINDOW
17645,100071.2,2026-08-14,,2026-08-14 09:38:36,OUT_OF_WINDOW
17646,100084.3,2026-08-13,,2026-08-13 03:48:49,OUT_OF_WINDOW
17648,100084.3,2026-08-13,,2026-08-13 06:16:21,OUT_OF_WINDOW
17651,100084.3,2026-08-13,,2026-08-13 08:39:32,OUT_OF_WINDOW
17655,100084.3,2026-08-13,,2026-08-13 13:20:46,OUT_OF_WINDOW
17660,100084.3,2026-08-14,,2026-08-14 07:56:35,OUT_OF_WINDOW
17666,100084.3,2026-08-14,,2026-08-14 09:56:55,OUT_OF_WINDOW
17678,100015.3,2026-08-14,,2026-08-14 09:29:21,OUT_OF_WINDOW
17680,100015.3,2026-08-14,,2026-08-14 11:44:08,OUT_OF_WINDOW
17687,100077.2,2026-08-14,,2026-08-14 13:54:33,OUT_OF_WINDOW
17690,100071.3,2026-08-14,,2026-08-14 14:07:56,OUT_OF_WINDOW
17691,100071.3,2026-08-14,,2026-08-14 14:08:26,OUT_OF_WINDOW
17693,100046.3,2026-08-14,,2026-08-14 08:58:34,OUT_OF_WINDOW
17695,100046.3,2026-08-14,,2026-08-14 11:01:46,OUT_OF_WINDOW
17698,100046.3,2026-08-14,,2026-08-14 13:02:52,OUT_OF_WINDOW
17702,100046.3,2026-08-14,,2026-08-14 15:06:02,OUT_OF_WINDOW
17705,100055.2,2026-08-14,,2026-08-14 16:19:30,OUT_OF_WINDOW
17706,100004.2,2026-08-14,,2026-08-14 16:36:02,OUT_OF_WINDOW
17711,100075.2,2026-08-14,,2026-08-14 17:15:22,OUT_OF_WINDOW
17714,100055.2,2026-08-14,,2026-08-14 17:23:33,OUT_OF_WINDOW
17715,100055.2,2026-08-14,,2026-08-14 18:23:38,OUT_OF_WINDOW
17716,100055.2,2026-08-15,,2026-08-14 19:24:48,OUT_OF_WINDOW
17717,100055.2,2026-08-15,,2026-08-14 20:25:18,OUT_OF_WINDOW
17718,100070.2,2026-08-14,,2026-08-14 17:40:03,OUT_OF_WINDOW
17720,100070.2,2026-08-14,,2026-08-14 18:41:38,OUT_OF_WINDOW
17723,100070.2,2026-08-15,,2026-08-14 19:47:11,OUT_OF_WINDOW
17727,100070.2,2026-08-15,,2026-08-14 20:57:09,OUT_OF_WINDOW
17728,100055.2,2026-08-15,,2026-08-14 21:26:01,OUT_OF_WINDOW
17729,100046.3,2026-08-14,,2026-08-14 17:23:21,OUT_OF_WINDOW
17731,100046.3,2026-08-15,,2026-08-14 19:27:32,OUT_OF_WINDOW
17734,100046.3,2026-08-15,,2026-08-14 21:48:20,OUT_OF_WINDOW
17735,100070.2,2026-08-15,,2026-08-14 21:57:41,OUT_OF_WINDOW
17736,100055.2,2026-08-15,,2026-08-14 22:26:04,OUT_OF_WINDOW
17737,100015.3,2026-08-14,,2026-08-14 13:44:16,OUT_OF_WINDOW
17739,100015.3,2026-08-15,,2026-08-14 22:41:23,OUT_OF_WINDOW
17742,100015.3,2026-08-15,,2026-08-14 22:43:34,OUT_OF_WINDOW
17743,100015.3,2026-08-14,,2026-08-14 13:44:16,OUT_OF_WINDOW
17745,100015.3,2026-08-15,,2026-08-14 22:41:23,OUT_OF_WINDOW
17748,100015.3,2026-08-15,,2026-08-14 22:43:34,OUT_OF_WINDOW
17752,100015.3,2026-08-15,,2026-08-14 22:46:16,OUT_OF_WINDOW
17753,100070.2,2026-08-15,,2026-08-14 22:58:49,OUT_OF_WINDOW
17754,100055.2,2026-08-15,,2026-08-14 23:26:52,OUT_OF_WINDOW
17755,100046.3,2026-08-15,,2026-08-14 23:49:46,OUT_OF_WINDOW
17756,100070.2,2026-08-15,,2026-08-15 00:00:00,OUT_OF_WINDOW
17757,100015.3,2026-08-15,,2026-08-15 00:46:25,OUT_OF_WINDOW
17758,100070.2,2026-08-15,,2026-08-15 01:00:09,OUT_OF_WINDOW
17759,100055.2,2026-08-15,,2026-08-15 01:27:49,OUT_OF_WINDOW
17760,100046.3,2026-08-15,,2026-08-15 01:49:55,OUT_OF_WINDOW
17761,100070.2,2026-08-15,,2026-08-15 02:00:53,OUT_OF_WINDOW
17766,100055.2,2026-08-15,,2026-08-15 03:28:19,OUT_OF_WINDOW
17769,100046.3,2026-08-15,,2026-08-15 03:49:58,OUT_OF_WINDOW
17779,100070.2,2026-08-15,,2026-08-15 04:05:05,OUT_OF_WINDOW
17781,100071.3,2026-08-15,,2026-08-15 04:04:11,OUT_OF_WINDOW
17818,100013.2,2026-08-15,,2026-08-15 05:40:12,OUT_OF_WINDOW
17827,100055.2,2026-08-15,,2026-08-15 06:27:39,OUT_OF_WINDOW
17832,100070.2,2026-08-15,,2026-08-15 06:05:35,OUT_OF_WINDOW
17834,100070.2,2026-08-15,,2026-08-15 07:05:55,OUT_OF_WINDOW
17887,100064.2,2026-08-15,,2026-08-15 14:03:23,OUT_OF_WINDOW
17888,100040.2,2026-08-13,,2026-08-13 14:03:01,OUT_OF_WINDOW
17889,100040.2,2026-08-13,,2026-08-13 14:03:01,OUT_OF_WINDOW
17891,100040.2,2026-08-15,,2026-08-15 14:04:27,OUT_OF_WINDOW
17903,100126.3,2026-08-15,,2026-08-15 15:47:43,OUT_OF_WINDOW
17905,100070.2,2026-08-15,,2026-08-15 16:17:10,OUT_OF_WINDOW
17906,100010.2,2026-08-15,,2026-08-15 16:25:18,OUT_OF_WINDOW
17909,100066.2,2026-08-15,,2026-08-15 17:01:14,OUT_OF_WINDOW
17911,100075.2,2026-08-15,,2026-08-15 17:43:23,OUT_OF_WINDOW
17912,100067.2,2026-08-15,,2026-08-15 17:56:54,OUT_OF_WINDOW
17913,100070.2,2026-08-15,,2026-08-15 17:17:15,OUT_OF_WINDOW
17915,100070.2,2026-08-15,,2026-08-15 18:20:01,OUT_OF_WINDOW
17916,100006.2,2026-08-15,,2026-08-15 18:20:19,OUT_OF_WINDOW
17917,100032.2,2026-08-15,,2026-08-15 18:50:07,OUT_OF_WINDOW
17918,100070.2,2026-08-16,,2026-08-15 19:20:08,OUT_OF_WINDOW
17921,100046.3,2026-08-16,,2026-08-15 19:31:23,OUT_OF_WINDOW
17922,100070.2,2026-08-16,,2026-08-15 20:20:18,OUT_OF_WINDOW
17924,100046.3,2026-08-16,,2026-08-15 22:19:43,OUT_OF_WINDOW
17926,100046.3,2026-08-16,,2026-08-16 00:25:31,OUT_OF_WINDOW
17928,100084.3,2026-08-14,,2026-08-14 11:57:00,OUT_OF_WINDOW
17930,100084.3,2026-08-14,,2026-08-14 14:07:59,OUT_OF_WINDOW
17933,100084.3,2026-08-14,,2026-08-14 16:28:55,OUT_OF_WINDOW
17937,100084.3,2026-08-14,,2026-08-14 18:29:17,OUT_OF_WINDOW
17942,100084.3,2026-08-15,,2026-08-14 23:54:20,OUT_OF_WINDOW
17948,100084.3,2026-08-15,,2026-08-15 01:54:42,OUT_OF_WINDOW
17955,100084.3,2026-08-15,,2026-08-15 12:20:40,OUT_OF_WINDOW
17957,100046.3,2026-08-16,,2026-08-16 02:26:16,OUT_OF_WINDOW
17968,100046.3,2026-08-16,,2026-08-16 04:32:00,OUT_OF_WINDOW
17969,100070.2,2026-08-16,,2026-08-15 21:20:21,OUT_OF_WINDOW
17971,100070.2,2026-08-16,,2026-08-15 22:25:06,OUT_OF_WINDOW
17974,100070.2,2026-08-16,,2026-08-16 01:44:26,OUT_OF_WINDOW
17978,100070.2,2026-08-16,,2026-08-16 02:49:09,OUT_OF_WINDOW
17983,100070.2,2026-08-16,,2026-08-16 04:03:21,OUT_OF_WINDOW
17989,100070.2,2026-08-16,,2026-08-16 05:07:10,OUT_OF_WINDOW
17991,100046.3,2026-08-16,,2026-08-16 06:32:26,OUT_OF_WINDOW
17992,100126.3,2026-08-15,,2026-08-15 17:51:40,OUT_OF_WINDOW
17994,100126.3,2026-08-16,,2026-08-16 02:37:38,OUT_OF_WINDOW
17997,100126.3,2026-08-16,,2026-08-16 04:47:11,OUT_OF_WINDOW
18001,100126.3,2026-08-16,,2026-08-16 06:47:16,OUT_OF_WINDOW
18002,100069.3,2026-08-16,,2026-08-16 06:49:04,OUT_OF_WINDOW
18003,100046.3,2026-08-16,,2026-08-16 08:33:57,OUT_OF_WINDOW
18004,100126.3,2026-08-16,,2026-08-16 08:49:46,OUT_OF_WINDOW
18007,100069.2,2026-08-16,,2026-08-16 10:15:33,OUT_OF_WINDOW
18011,100046.3,2026-08-16,,2026-08-16 10:39:15,OUT_OF_WINDOW
18013,100126.3,2026-08-16,,2026-08-16 10:50:12,OUT_OF_WINDOW
18014,100046.3,2026-08-16,,2026-08-16 12:39:52,OUT_OF_WINDOW
18015,100126.3,2026-08-16,,2026-08-16 12:56:38,OUT_OF_WINDOW
18017,100084.3,2026-08-16,,2026-08-16 03:42:54,OUT_OF_WINDOW
18019,100084.3,2026-08-16,,2026-08-16 05:44:38,OUT_OF_WINDOW
18022,100084.3,2026-08-16,,2026-08-16 07:55:35,OUT_OF_WINDOW
18026,100084.3,2026-08-16,,2026-08-16 09:57:27,OUT_OF_WINDOW
18031,100084.3,2026-08-16,,2026-08-16 12:04:43,OUT_OF_WINDOW
18037,100084.3,2026-08-16,,2026-08-16 14:05:37,OUT_OF_WINDOW
18038,100046.3,2026-08-16,,2026-08-16 14:40:33,OUT_OF_WINDOW
18039,100126.3,2026-08-16,,2026-08-16 14:57:42,OUT_OF_WINDOW
18041,100071.2,2026-08-16,,2026-08-16 15:59:41,OUT_OF_WINDOW
18042,100084.3,2026-08-16,,2026-08-16 16:06:11,OUT_OF_WINDOW
18043,100070.2,2026-08-16,,2026-08-16 09:40:47,OUT_OF_WINDOW
18045,100070.2,2026-08-16,,2026-08-16 11:05:04,OUT_OF_WINDOW
18048,100070.2,2026-08-16,,2026-08-16 12:15:05,OUT_OF_WINDOW
18052,100070.2,2026-08-16,,2026-08-16 13:30:05,OUT_OF_WINDOW
18057,100070.2,2026-08-16,,2026-08-16 14:40:03,OUT_OF_WINDOW
18063,100070.2,2026-08-16,,2026-08-16 15:43:57,OUT_OF_WINDOW
18070,100070.2,2026-08-16,,2026-08-16 16:44:29,OUT_OF_WINDOW
18071,100046.3,2026-08-16,,2026-08-16 17:11:39,OUT_OF_WINDOW
18072,100070.2,2026-08-16,,2026-08-16 17:44:42,OUT_OF_WINDOW
18073,100084.3,2026-08-16,,2026-08-16 18:06:54,OUT_OF_WINDOW
18074,100070.2,2026-08-16,,2026-08-16 18:44:51,OUT_OF_WINDOW
18075,100126.3,2026-08-16,,2026-08-16 16:59:15,OUT_OF_WINDOW
18077,100126.3,2026-08-17,,2026-08-16 19:04:59,OUT_OF_WINDOW
18078,100046.3,2026-08-17,,2026-08-16 19:11:59,OUT_OF_WINDOW
18079,100070.2,2026-08-17,,2026-08-16 19:45:38,OUT_OF_WINDOW
18080,100070.2,2026-08-17,,2026-08-16 20:46:11,OUT_OF_WINDOW
18081,100070.2,2026-08-17,,2026-08-16 21:48:23,OUT_OF_WINDOW
18082,100070.2,2026-08-17,,2026-08-16 22:50:05,OUT_OF_WINDOW
18088,100024.2,2026-08-17,,2026-08-16 23:53:53,OUT_OF_WINDOW
18089,100070.2,2026-08-17,,2026-08-17 00:15:17,OUT_OF_WINDOW
18092,100073.3,2026-08-17,,2026-08-17 02:43:42,OUT_OF_WINDOW
18113,100046.3,2026-08-17,,2026-08-16 21:51:05,OUT_OF_WINDOW
18115,100046.3,2026-08-17,,2026-08-17 00:22:26,OUT_OF_WINDOW
18118,100046.3,2026-08-17,,2026-08-17 02:22:28,OUT_OF_WINDOW
18122,100015.3,2026-08-17,,2026-08-17 04:11:31,OUT_OF_WINDOW
18128,100071.3,2026-08-17,,2026-08-17 04:16:49,OUT_OF_WINDOW
18162,100070.2,2026-08-17,,2026-08-17 05:49:50,OUT_OF_WINDOW
18165,100037.2,2026-08-17,,2026-08-17 06:01:17,OUT_OF_WINDOW
18166,100037.2,2026-08-17,,2026-08-17 06:01:17,OUT_OF_WINDOW
18179,100070.2,2026-08-17,,2026-08-17 06:57:34,OUT_OF_WINDOW
18263,100012.3,2026-08-17,,2026-08-17 15:07:14,OUT_OF_WINDOW
18267,100126.3,2026-08-17,,2026-08-17 15:49:13,OUT_OF_WINDOW
18269,100097.3,2026-08-17,,2026-08-17 16:13:44,OUT_OF_WINDOW
18271,100010.2,2026-08-17,,2026-08-17 16:22:31,OUT_OF_WINDOW
18274,100070.2,2026-08-17,,2026-08-17 17:03:16,OUT_OF_WINDOW
18277,100084.3,2026-08-17,,2026-08-17 03:34:56,OUT_OF_WINDOW
18279,100084.3,2026-08-17,,2026-08-17 07:47:09,OUT_OF_WINDOW
18282,100084.3,2026-08-17,,2026-08-17 10:29:12,OUT_OF_WINDOW
18286,100084.3,2026-08-17,,2026-08-17 12:33:48,OUT_OF_WINDOW
18291,100084.3,2026-08-17,,2026-08-17 14:35:50,OUT_OF_WINDOW
18297,100084.3,2026-08-17,,2026-08-17 16:36:21,OUT_OF_WINDOW
18301,100046.3,2026-08-17,,2026-08-17 18:25:17,OUT_OF_WINDOW
18302,100023.2,2026-08-17,,2026-08-17 18:31:06,OUT_OF_WINDOW
18303,100084.3,2026-08-17,,2026-08-17 18:37:18,OUT_OF_WINDOW
18305,100084.3,2026-08-17,,2026-08-17 18:38:03,OUT_OF_WINDOW
18306,100032.2,2026-08-17,,2026-08-17 18:49:10,OUT_OF_WINDOW
18307,100004.2,2026-08-17,,2026-08-17 18:59:01,OUT_OF_WINDOW
18310,100084.3,2026-08-18,,2026-08-18 01:04:33,OUT_OF_WINDOW
18314,100067.3,2026-08-17,,2026-08-17 14:52:43,OUT_OF_WINDOW
18316,100126.3,2026-08-17,,2026-08-17 17:53:21,OUT_OF_WINDOW
18318,100126.3,2026-08-18,,2026-08-17 19:56:20,OUT_OF_WINDOW
18337,100046.3,2026-08-18,,2026-08-17 20:29:30,OUT_OF_WINDOW
18339,100046.3,2026-08-18,,2026-08-17 22:30:01,OUT_OF_WINDOW
18342,100046.3,2026-08-18,,2026-08-18 00:30:32,OUT_OF_WINDOW
18346,100046.3,2026-08-18,,2026-08-18 03:05:04,OUT_OF_WINDOW
18348,100015.3,2026-08-18,,2026-08-18 04:25:54,OUT_OF_WINDOW
18356,100124.3,2026-08-18,,2026-08-18 04:38:33,OUT_OF_WINDOW
18359,100076.3,2026-08-13,,2026-08-13 00:12:24,OUT_OF_WINDOW
18361,100076.3,2026-08-13,,2026-08-13 02:13:55,OUT_OF_WINDOW
18362,100076.3,2026-08-18,,2026-08-18 04:44:30,OUT_OF_WINDOW
18385,100017.3,2026-08-18,,2026-08-18 05:28:35,OUT_OF_WINDOW
18398,100012.3,2026-08-18,,2026-08-18 04:28:41,OUT_OF_WINDOW
18400,100012.3,2026-08-18,,2026-08-18 06:31:59,OUT_OF_WINDOW
18465,100046.2,2026-08-18,,2026-08-18 11:24:25,OUT_OF_WINDOW
18476,100073.3,2026-08-18,,2026-08-18 13:07:04,OUT_OF_WINDOW
18507,100126.3,2026-08-18,,2026-08-18 15:35:10,OUT_OF_WINDOW
18509,100015.3,2026-08-18,,2026-08-18 16:00:31,OUT_OF_WINDOW
18510,100084.3,2026-08-18,,2026-08-18 03:21:26,OUT_OF_WINDOW
18512,100084.3,2026-08-18,,2026-08-18 05:30:21,OUT_OF_WINDOW
18515,100084.3,2026-08-18,,2026-08-18 09:32:15,OUT_OF_WINDOW
18519,100084.3,2026-08-18,,2026-08-18 11:38:17,OUT_OF_WINDOW
18524,100084.3,2026-08-18,,2026-08-18 14:00:22,OUT_OF_WINDOW
18530,100084.3,2026-08-18,,2026-08-18 16:03:31,OUT_OF_WINDOW
18531,100071.3,2026-08-18,,2026-08-18 04:15:20,OUT_OF_WINDOW
18532,100071.3,2026-08-18,,2026-08-18 04:15:20,OUT_OF_WINDOW
18534,100071.3,2026-08-18,,2026-08-18 16:10:37,OUT_OF_WINDOW
18537,100068.2,2026-08-18,,2026-08-18 16:42:35,OUT_OF_WINDOW
18539,100047.2,2026-08-18,,2026-08-18 16:58:25,OUT_OF_WINDOW
18540,100004.2,2026-08-18,,2026-08-18 17:15:30,OUT_OF_WINDOW
18541,100078.3,2026-08-18,,2026-08-18 17:40:00,OUT_OF_WINDOW
18542,100014.2,2026-08-18,,2026-08-18 17:47:51,OUT_OF_WINDOW
18543,100023.2,2026-08-18,,2026-08-18 18:02:09,OUT_OF_WINDOW
18544,100067.2,2026-08-18,,2026-08-18 18:10:05,OUT_OF_WINDOW
18545,100047.2,2026-08-18,,2026-08-18 18:03:41,OUT_OF_WINDOW
18547,100047.2,2026-08-19,,2026-08-18 19:04:29,OUT_OF_WINDOW
18548,100068.2,2026-08-19,,2026-08-18 19:46:06,OUT_OF_WINDOW
18549,100047.2,2026-08-19,,2026-08-18 20:13:46,OUT_OF_WINDOW
18550,100047.2,2026-08-19,,2026-08-18 21:20:06,OUT_OF_WINDOW
18560,100046.3,2026-08-19,,2026-08-18 19:00:44,OUT_OF_WINDOW
18565,100046.3,2026-08-19,,2026-08-18 21:58:29,OUT_OF_WINDOW
18566,100047.2,2026-08-19,,2026-08-18 23:29:25,OUT_OF_WINDOW
18567,100046.3,2026-08-19,,2026-08-19 00:19:28,OUT_OF_WINDOW
18569,100047.2,2026-08-19,,2026-08-19 01:27:08,OUT_OF_WINDOW
18571,100084.3,2026-08-18,,2026-08-18 18:32:10,OUT_OF_WINDOW
18573,100084.3,2026-08-19,,2026-08-19 00:56:24,OUT_OF_WINDOW
18576,100076.3,2026-08-19,,2026-08-19 02:28:41,OUT_OF_WINDOW
18578,100047.2,2026-08-19,,2026-08-19 02:33:09,OUT_OF_WINDOW
18583,100046.3,2026-08-19,,2026-08-19 03:09:17,OUT_OF_WINDOW
18584,100047.2,2026-08-19,,2026-08-19 03:35:03,OUT_OF_WINDOW
18585,100126.3,2026-08-18,,2026-08-18 18:04:51,OUT_OF_WINDOW
18587,100126.3,2026-08-19,,2026-08-19 03:45:19,OUT_OF_WINDOW
18589,100067.2,2026-08-19,,2026-08-19 03:51:58,OUT_OF_WINDOW
18595,100024.2,2026-08-17,,2026-08-17 01:19:50,OUT_OF_WINDOW
18597,100024.2,2026-08-17,,2026-08-17 03:10:01,OUT_OF_WINDOW
18600,100024.2,2026-08-19,,2026-08-19 03:56:31,OUT_OF_WINDOW
18616,100124.3,2026-08-19,,2026-08-19 04:43:26,OUT_OF_WINDOW
18630,100008.3,2026-08-19,,2026-08-19 05:31:03,OUT_OF_WINDOW
18637,100126.3,2026-08-19,,2026-08-19 05:45:48,OUT_OF_WINDOW
18638,100017.3,2026-08-19,,2026-08-19 05:49:46,OUT_OF_WINDOW
18643,100047.2,2026-08-19,,2026-08-19 04:46:01,OUT_OF_WINDOW
18645,100047.2,2026-08-19,,2026-08-19 06:08:16,OUT_OF_WINDOW
18646,100050.2,2026-08-19,,2026-08-19 06:09:27,OUT_OF_WINDOW
18654,100078.3,2026-08-18,,2026-08-18 17:56:11,OUT_OF_WINDOW
18656,100078.3,2026-08-19,,2026-08-19 06:55:20,OUT_OF_WINDOW
18657,100068.2,2026-08-19,,2026-08-19 06:55:30,OUT_OF_WINDOW
18664,100047.2,2026-08-19,,2026-08-19 07:14:54,OUT_OF_WINDOW
18668,100072.2,2026-08-19,,2026-08-19 07:36:33,OUT_OF_WINDOW
18669,100072.2,2026-08-19,,2026-08-19 07:36:33,OUT_OF_WINDOW
18670,100126.3,2026-08-19,,2026-08-19 07:46:00,OUT_OF_WINDOW
18672,100076.2,2026-08-19,,2026-08-19 08:03:59,OUT_OF_WINDOW
18674,100047.2,2026-08-19,,2026-08-19 08:17:01,OUT_OF_WINDOW
18677,100078.3,2026-08-19,,2026-08-19 09:05:24,OUT_OF_WINDOW
18678,100047.2,2026-08-19,,2026-08-19 09:25:33,OUT_OF_WINDOW
18681,100126.3,2026-08-19,,2026-08-19 09:46:10,OUT_OF_WINDOW
18684,100047.2,2026-08-19,,2026-08-19 10:26:52,OUT_OF_WINDOW
18691,100047.2,2026-08-19,,2026-08-19 11:45:01,OUT_OF_WINDOW
18693,100126.3,2026-08-19,,2026-08-19 11:55:07,OUT_OF_WINDOW
18694,100001.3,2026-08-19,,2026-08-19 11:56:18,OUT_OF_WINDOW
18700,100047.2,2026-08-19,,2026-08-19 12:46:41,OUT_OF_WINDOW
18701,100078.3,2026-08-19,,2026-08-19 11:07:01,OUT_OF_WINDOW
18703,100078.3,2026-08-19,,2026-08-19 13:07:14,OUT_OF_WINDOW
18705,100073.3,2026-08-19,,2026-08-19 13:22:17,OUT_OF_WINDOW
18708,100012.3,2026-08-19,,2026-08-19 14:11:13,OUT_OF_WINDOW
18709,100046.2,2026-08-19,,2026-08-19 14:13:05,OUT_OF_WINDOW
18718,100072.3,2026-08-19,,2026-08-19 14:44:03,OUT_OF_WINDOW
18719,100047.2,2026-08-19,,2026-08-19 13:47:18,OUT_OF_WINDOW
18721,100047.2,2026-08-19,,2026-08-19 14:51:15,OUT_OF_WINDOW
18722,100071.3,2026-08-19,,2026-08-19 03:34:58,OUT_OF_WINDOW
18723,100071.3,2026-08-19,,2026-08-19 03:34:58,OUT_OF_WINDOW
18725,100071.3,2026-08-19,,2026-08-19 14:52:39,OUT_OF_WINDOW
18726,100078.3,2026-08-19,,2026-08-19 15:07:45,OUT_OF_WINDOW
18730,100047.2,2026-08-19,,2026-08-19 15:52:22,OUT_OF_WINDOW
18732,100084.3,2026-08-19,,2026-08-19 03:07:43,OUT_OF_WINDOW
18734,100084.3,2026-08-19,,2026-08-19 05:25:01,OUT_OF_WINDOW
18737,100084.3,2026-08-19,,2026-08-19 07:36:54,OUT_OF_WINDOW
18741,100084.3,2026-08-19,,2026-08-19 09:37:09,OUT_OF_WINDOW
18746,100084.3,2026-08-19,,2026-08-19 12:04:42,OUT_OF_WINDOW
18752,100084.3,2026-08-19,,2026-08-19 14:07:40,OUT_OF_WINDOW
18759,100084.3,2026-08-19,,2026-08-19 16:07:57,OUT_OF_WINDOW
18760,100023.2,2026-08-19,,2026-08-19 16:12:35,OUT_OF_WINDOW
18796,100024.2,2026-08-19,,2026-08-19 16:26:11,OUT_OF_WINDOW
18799,100047.2,2026-08-19,,2026-08-19 16:56:00,OUT_OF_WINDOW
18800,100068.2,2026-08-19,,2026-08-19 17:01:32,OUT_OF_WINDOW
18801,100078.3,2026-08-19,,2026-08-19 17:07:51,OUT_OF_WINDOW
18802,100070.2,2026-08-19,,2026-08-19 17:10:31,OUT_OF_WINDOW
18803,100069.2,2026-08-19,,2026-08-19 17:11:18,OUT_OF_WINDOW
18804,100058.2,2026-08-19,,2026-08-19 17:16:52,OUT_OF_WINDOW
18805,100047.2,2026-08-19,,2026-08-19 17:56:22,OUT_OF_WINDOW
18806,100024.2,2026-08-19,,2026-08-19 18:10:25,OUT_OF_WINDOW
18808,100024.2,2026-08-19,,2026-08-19 18:11:10,OUT_OF_WINDOW
18811,100024.2,2026-08-19,,2026-08-19 18:11:58,OUT_OF_WINDOW
18812,100070.2,2026-08-19,,2026-08-19 18:13:09,OUT_OF_WINDOW
18813,100084.3,2026-08-19,,2026-08-19 18:22:36,OUT_OF_WINDOW
18814,100078.3,2026-08-20,,2026-08-19 19:11:01,OUT_OF_WINDOW
18815,100046.3,2026-08-20,,2026-08-19 19:12:08,OUT_OF_WINDOW
18816,100070.2,2026-08-20,,2026-08-19 19:15:42,OUT_OF_WINDOW
18817,100047.2,2026-08-20,,2026-08-19 19:16:58,OUT_OF_WINDOW
18818,100070.2,2026-08-20,,2026-08-19 20:16:52,OUT_OF_WINDOW
18819,100070.2,2026-08-20,,2026-08-19 21:21:45,OUT_OF_WINDOW
18820,100046.3,2026-08-20,,2026-08-19 22:14:26,OUT_OF_WINDOW
18821,100047.2,2026-08-20,,2026-08-19 20:17:03,OUT_OF_WINDOW
18823,100047.2,2026-08-20,,2026-08-19 22:17:34,OUT_OF_WINDOW
18824,100070.2,2026-08-20,,2026-08-19 22:21:57,OUT_OF_WINDOW
18825,100070.2,2026-08-20,,2026-08-19 23:23:06,OUT_OF_WINDOW
18826,100047.2,2026-08-20,,2026-08-20 00:23:39,OUT_OF_WINDOW
18827,100078.3,2026-08-20,,2026-08-20 00:39:56,OUT_OF_WINDOW
18830,100046.3,2026-08-20,,2026-08-20 01:16:10,OUT_OF_WINDOW
18832,100076.2,2026-08-20,,2026-08-20 02:02:04,OUT_OF_WINDOW
18834,100084.3,2026-08-20,,2026-08-20 01:30:35,OUT_OF_WINDOW
18838,100078.3,2026-08-20,,2026-08-20 02:58:31,OUT_OF_WINDOW
18839,100046.3,2026-08-20,,2026-08-20 03:22:37,OUT_OF_WINDOW
18853,100070.2,2026-08-20,,2026-08-20 00:30:03,OUT_OF_WINDOW
18855,100070.2,2026-08-20,,2026-08-20 01:41:56,OUT_OF_WINDOW
18858,100070.2,2026-08-20,,2026-08-20 02:53:59,OUT_OF_WINDOW
18862,100070.2,2026-08-20,,2026-08-20 03:54:28,OUT_OF_WINDOW
18863,100047.2,2026-08-20,,2026-08-20 01:43:19,OUT_OF_WINDOW
18865,100047.2,2026-08-20,,2026-08-20 03:57:49,OUT_OF_WINDOW
18868,100023.2,2026-08-20,,2026-08-20 04:03:13,OUT_OF_WINDOW
18879,100013.3,2026-08-20,,2026-08-19 21:23:56,OUT_OF_WINDOW
18881,100013.3,2026-08-20,,2026-08-20 04:13:24,OUT_OF_WINDOW
18884,100024.2,2026-08-20,,2026-08-19 19:16:02,OUT_OF_WINDOW
18886,100024.2,2026-08-20,,2026-08-19 20:33:24,OUT_OF_WINDOW
18889,100024.2,2026-08-20,,2026-08-20 04:05:01,OUT_OF_WINDOW
18893,100024.2,2026-08-20,,2026-08-20 04:27:25,OUT_OF_WINDOW
18895,100050.2,2026-08-20,,2026-08-20 04:37:43,OUT_OF_WINDOW
18903,100078.3,2026-08-20,,2026-08-20 04:58:35,OUT_OF_WINDOW
18904,100124.3,2026-08-20,,2026-08-20 04:58:38,OUT_OF_WINDOW
18905,100047.2,2026-08-20,,2026-08-20 04:59:43,OUT_OF_WINDOW
18906,100070.2,2026-08-20,,2026-08-20 05:00:17,OUT_OF_WINDOW
18910,100040.2,2026-08-20,,2026-08-20 05:04:14,OUT_OF_WINDOW
18933,100070.2,2026-08-20,,2026-08-20 06:11:47,OUT_OF_WINDOW
18942,100078.3,2026-08-20,,2026-08-20 07:01:32,OUT_OF_WINDOW
18943,100069.2,2026-08-20,,2026-08-20 07:08:14,OUT_OF_WINDOW
18949,100047.2,2026-08-20,,2026-08-20 06:10:18,OUT_OF_WINDOW
18951,100047.2,2026-08-20,,2026-08-20 07:21:21,OUT_OF_WINDOW
18953,100047.2,2026-08-20,,2026-08-20 08:23:00,OUT_OF_WINDOW
18955,100078.3,2026-08-20,,2026-08-20 09:02:10,OUT_OF_WINDOW
18959,100047.2,2026-08-20,,2026-08-20 09:23:25,OUT_OF_WINDOW
18965,100050.2,2026-08-20,,2026-08-20 09:55:58,OUT_OF_WINDOW
18967,100047.2,2026-08-20,,2026-08-20 10:24:19,OUT_OF_WINDOW
18974,100047.2,2026-08-20,,2026-08-20 11:24:40,OUT_OF_WINDOW
18980,100047.2,2026-08-20,,2026-08-20 12:25:17,OUT_OF_WINDOW
18981,100024.2,2026-08-20,,2026-08-20 05:30:04,OUT_OF_WINDOW
18983,100024.2,2026-08-20,,2026-08-20 06:49:56,OUT_OF_WINDOW
18986,100024.2,2026-08-20,,2026-08-20 11:11:56,OUT_OF_WINDOW
18990,100024.2,2026-08-20,,2026-08-20 12:40:08,OUT_OF_WINDOW
18996,100073.3,2026-08-20,,2026-08-20 13:06:38,OUT_OF_WINDOW
18997,100050.2,2026-08-20,,2026-08-20 13:11:47,OUT_OF_WINDOW
18999,100047.2,2026-08-20,,2026-08-20 13:31:19,OUT_OF_WINDOW
19000,100001.3,2026-08-20,,2026-08-20 13:32:01,OUT_OF_WINDOW
19002,100035.2,2026-08-20,,2026-08-20 14:04:15,OUT_OF_WINDOW
19003,100035.2,2026-08-20,,2026-08-20 14:04:15,OUT_OF_WINDOW
19005,100046.2,2026-08-20,,2026-08-20 14:05:33,OUT_OF_WINDOW
19013,100069.3,2026-08-20,,2026-08-20 14:21:18,OUT_OF_WINDOW
19014,100037.2,2026-08-20,,2026-08-20 14:21:41,OUT_OF_WINDOW
19015,100037.2,2026-08-20,,2026-08-20 14:21:41,OUT_OF_WINDOW
19017,100050.2,2026-08-20,,2026-08-20 14:27:14,OUT_OF_WINDOW
19018,100024.2,2026-08-20,,2026-08-20 14:31:26,OUT_OF_WINDOW
19019,100047.2,2026-08-20,,2026-08-20 14:33:39,OUT_OF_WINDOW
19020,100024.2,2026-08-20,,2026-08-20 14:31:26,OUT_OF_WINDOW
19022,100024.2,2026-08-20,,2026-08-20 14:33:41,OUT_OF_WINDOW
19023,100024.2,2026-08-20,,2026-08-20 14:31:26,OUT_OF_WINDOW
19025,100024.2,2026-08-20,,2026-08-20 14:33:41,OUT_OF_WINDOW
19028,100024.2,2026-08-20,,2026-08-20 14:34:13,OUT_OF_WINDOW
19032,100078.3,2026-08-20,,2026-08-20 11:09:26,OUT_OF_WINDOW
19034,100078.3,2026-08-20,,2026-08-20 13:14:30,OUT_OF_WINDOW
19037,100078.3,2026-08-20,,2026-08-20 15:19:22,OUT_OF_WINDOW
19040,100024.2,2026-08-20,,2026-08-20 15:36:09,OUT_OF_WINDOW
19043,100126.3,2026-08-20,,2026-08-20 15:50:17,OUT_OF_WINDOW
19046,100084.3,2026-08-20,,2026-08-20 03:57:41,OUT_OF_WINDOW
19048,100084.3,2026-08-20,,2026-08-20 04:04:57,OUT_OF_WINDOW
19051,100084.3,2026-08-20,,2026-08-20 06:11:48,OUT_OF_WINDOW
19055,100084.3,2026-08-20,,2026-08-20 10:22:13,OUT_OF_WINDOW
19060,100084.3,2026-08-20,,2026-08-20 12:27:41,OUT_OF_WINDOW
19066,100084.3,2026-08-20,,2026-08-20 14:39:59,OUT_OF_WINDOW
19067,100015.3,2026-08-20,,2026-08-20 16:39:34,OUT_OF_WINDOW
19068,100047.2,2026-08-20,,2026-08-20 15:33:44,OUT_OF_WINDOW
19070,100047.2,2026-08-20,,2026-08-20 16:41:19,OUT_OF_WINDOW
19071,100084.3,2026-08-20,,2026-08-20 16:44:12,OUT_OF_WINDOW
19072,100024.2,2026-08-20,,2026-08-20 16:44:34,OUT_OF_WINDOW
19073,100064.3,2026-08-20,,2026-08-20 14:56:15,OUT_OF_WINDOW
19075,100064.3,2026-08-20,,2026-08-20 16:56:16,OUT_OF_WINDOW
19076,100071.2,2026-08-20,,2026-08-20 17:00:08,OUT_OF_WINDOW
19078,100078.3,2026-08-20,,2026-08-20 17:31:23,OUT_OF_WINDOW
19079,100065.2,2026-08-20,,2026-08-20 17:32:01,OUT_OF_WINDOW
19080,100047.2,2026-08-20,,2026-08-20 17:41:23,OUT_OF_WINDOW
19081,100004.2,2026-08-20,,2026-08-20 18:19:13,OUT_OF_WINDOW
19082,100006.2,2026-08-20,,2026-08-20 18:41:51,OUT_OF_WINDOW
19085,100011.2,2026-08-20,,2026-08-20 18:44:22,OUT_OF_WINDOW
19086,100047.2,2026-08-20,,2026-08-20 18:44:40,OUT_OF_WINDOW
19087,100046.3,2026-08-21,,2026-08-20 19:09:54,OUT_OF_WINDOW
19089,100046.3,2026-08-21,,2026-08-20 21:41:27,OUT_OF_WINDOW
19090,100013.2,2026-08-21,,2026-08-20 21:47:06,OUT_OF_WINDOW
19091,100047.2,2026-08-21,,2026-08-20 20:45:35,OUT_OF_WINDOW
19093,100047.2,2026-08-21,,2026-08-20 21:48:06,OUT_OF_WINDOW
19096,100047.2,2026-08-21,,2026-08-20 22:52:00,OUT_OF_WINDOW
19097,100064.3,2026-08-21,,2026-08-20 21:07:31,OUT_OF_WINDOW
19099,100064.3,2026-08-21,,2026-08-20 23:22:38,OUT_OF_WINDOW
19100,100046.3,2026-08-21,,2026-08-20 23:47:28,OUT_OF_WINDOW
19101,100047.2,2026-08-21,,2026-08-21 00:01:04,OUT_OF_WINDOW
19104,100047.2,2026-08-21,,2026-08-21 01:01:45,OUT_OF_WINDOW
19105,100046.3,2026-08-21,,2026-08-21 01:54:19,OUT_OF_WINDOW
19106,100073.3,2026-08-20,,2026-08-20 13:15:53,OUT_OF_WINDOW
19117,100084.3,2026-08-20,,2026-08-20 18:52:19,OUT_OF_WINDOW
19123,100046.3,2026-08-21,,2026-08-21 03:54:23,OUT_OF_WINDOW
19130,100050.2,2026-08-21,,2026-08-21 04:32:28,OUT_OF_WINDOW
19131,100041.3,2026-08-21,,2026-08-21 04:32:31,OUT_OF_WINDOW
19145,100001.2,2026-08-21,,2026-08-21 05:08:59,OUT_OF_WINDOW
19149,100076.3,2026-08-20,,2026-08-20 15:40:48,OUT_OF_WINDOW
19151,100076.3,2026-08-20,,2026-08-20 17:47:10,OUT_OF_WINDOW
19154,100076.3,2026-08-21,,2026-08-20 19:55:47,OUT_OF_WINDOW
19158,100076.3,2026-08-21,,2026-08-21 01:03:21,OUT_OF_WINDOW
19163,100076.3,2026-08-21,,2026-08-21 03:05:39,OUT_OF_WINDOW
19169,100076.3,2026-08-21,,2026-08-21 05:14:19,OUT_OF_WINDOW
19173,100047.2,2026-08-21,,2026-08-21 02:01:50,OUT_OF_WINDOW
19175,100047.2,2026-08-21,,2026-08-21 03:01:50,OUT_OF_WINDOW
19178,100047.2,2026-08-21,,2026-08-21 04:05:16,OUT_OF_WINDOW
19182,100047.2,2026-08-21,,2026-08-21 05:56:32,OUT_OF_WINDOW
19189,100078.3,2026-08-21,,2026-08-21 07:12:21,OUT_OF_WINDOW
19190,100076.3,2026-08-21,,2026-08-21 07:18:01,OUT_OF_WINDOW
19196,100011.2,2026-08-21,,2026-08-21 07:44:25,OUT_OF_WINDOW
19197,100047.2,2026-08-21,,2026-08-21 06:57:40,OUT_OF_WINDOW
19199,100047.2,2026-08-21,,2026-08-21 07:57:46,OUT_OF_WINDOW
19203,100069.2,2026-08-21,,2026-08-21 08:38:18,OUT_OF_WINDOW
19207,100047.2,2026-08-21,,2026-08-21 08:58:10,OUT_OF_WINDOW
19211,100009.3,2026-08-21,,2026-08-21 09:13:10,OUT_OF_WINDOW
19213,100076.2,2026-08-21,,2026-08-21 09:22:03,OUT_OF_WINDOW
19214,100078.3,2026-08-21,,2026-08-21 09:27:15,OUT_OF_WINDOW
19218,100069.2,2026-08-21,,2026-08-21 09:53:30,OUT_OF_WINDOW
19219,100069.2,2026-08-21,,2026-08-21 09:53:30,OUT_OF_WINDOW
19220,100047.2,2026-08-21,,2026-08-21 09:58:47,OUT_OF_WINDOW
19225,100047.2,2026-08-21,,2026-08-21 11:00:21,OUT_OF_WINDOW
19230,100047.2,2026-08-21,,2026-08-21 12:00:42,OUT_OF_WINDOW
19231,100001.3,2026-08-21,,2026-08-21 12:16:05,OUT_OF_WINDOW
19233,100047.2,2026-08-21,,2026-08-21 13:00:50,OUT_OF_WINDOW
19235,100047.2,2026-08-21,,2026-08-21 13:00:53,OUT_OF_WINDOW
19236,100076.3,2026-08-21,,2026-08-21 11:19:22,OUT_OF_WINDOW
19238,100076.3,2026-08-21,,2026-08-21 11:19:32,OUT_OF_WINDOW
19241,100076.3,2026-08-21,,2026-08-21 13:21:00,OUT_OF_WINDOW
19244,100047.2,2026-08-21,,2026-08-21 14:01:39,OUT_OF_WINDOW
19247,100024.2,2026-08-21,,2026-08-20 20:31:32,OUT_OF_WINDOW
19249,100024.2,2026-08-21,,2026-08-21 03:22:41,OUT_OF_WINDOW
19252,100024.2,2026-08-21,,2026-08-21 05:34:34,OUT_OF_WINDOW
19256,100024.2,2026-08-21,,2026-08-21 08:18:15,OUT_OF_WINDOW
19261,100024.2,2026-08-21,,2026-08-21 09:25:34,OUT_OF_WINDOW
19267,100024.2,2026-08-21,,2026-08-21 11:27:02,OUT_OF_WINDOW
19274,100024.2,2026-08-21,,2026-08-21 11:34:15,OUT_OF_WINDOW
19282,100024.2,2026-08-21,,2026-08-21 13:19:55,OUT_OF_WINDOW
19291,100024.2,2026-08-21,,2026-08-21 14:22:10,OUT_OF_WINDOW
19300,100064.3,2026-08-21,,2026-08-21 14:45:30,OUT_OF_WINDOW
19301,100063.3,2026-08-21,,2026-08-21 15:02:31,OUT_OF_WINDOW
19302,100047.2,2026-08-21,,2026-08-21 15:04:27,OUT_OF_WINDOW
19303,100076.3,2026-08-21,,2026-08-21 15:21:50,OUT_OF_WINDOW
19309,100047.2,2026-08-21,,2026-08-21 16:04:36,OUT_OF_WINDOW
19310,100077.2,2026-08-21,,2026-08-21 16:12:32,OUT_OF_WINDOW
19312,100084.3,2026-08-21,,2026-08-21 03:44:18,OUT_OF_WINDOW
19314,100084.3,2026-08-21,,2026-08-21 06:27:13,OUT_OF_WINDOW
19317,100084.3,2026-08-21,,2026-08-21 10:32:16,OUT_OF_WINDOW
19321,100084.3,2026-08-21,,2026-08-21 12:38:07,OUT_OF_WINDOW
19326,100084.3,2026-08-21,,2026-08-21 14:50:08,OUT_OF_WINDOW
19332,100084.3,2026-08-21,,2026-08-21 16:50:13,OUT_OF_WINDOW
19333,100055.2,2026-08-21,,2026-08-21 17:00:57,OUT_OF_WINDOW
19334,100064.3,2026-08-21,,2026-08-21 17:03:16,OUT_OF_WINDOW
19335,100055.2,2026-08-21,,2026-08-21 18:03:24,OUT_OF_WINDOW
19336,100047.2,2026-08-21,,2026-08-21 17:05:11,OUT_OF_WINDOW
19338,100047.2,2026-08-21,,2026-08-21 18:05:32,OUT_OF_WINDOW
19341,100126.3,2026-08-21,,2026-08-21 16:35:53,OUT_OF_WINDOW
19344,100126.3,2026-08-21,,2026-08-21 18:37:14,OUT_OF_WINDOW
19345,100024.2,2026-08-21,,2026-08-21 15:34:38,OUT_OF_WINDOW
19347,100024.2,2026-08-21,,2026-08-21 17:41:17,OUT_OF_WINDOW
19350,100024.2,2026-08-22,,2026-08-21 19:01:49,OUT_OF_WINDOW
19351,100047.2,2026-08-22,,2026-08-21 19:07:21,OUT_OF_WINDOW
19352,100055.2,2026-08-22,,2026-08-21 19:11:34,OUT_OF_WINDOW
19353,100055.2,2026-08-22,,2026-08-21 20:20:46,OUT_OF_WINDOW
19354,100011.2,2026-08-22,,2026-08-21 20:44:38,OUT_OF_WINDOW
19355,100046.3,2026-08-21,,2026-08-21 18:42:34,OUT_OF_WINDOW
19357,100046.3,2026-08-22,,2026-08-21 20:52:52,OUT_OF_WINDOW
19358,100064.3,2026-08-22,,2026-08-21 21:10:02,OUT_OF_WINDOW
19359,100047.2,2026-08-22,,2026-08-21 20:07:50,OUT_OF_WINDOW
19361,100047.2,2026-08-22,,2026-08-21 21:19:38,OUT_OF_WINDOW
19362,100024.2,2026-08-22,,2026-08-21 21:19:58,OUT_OF_WINDOW
19363,100055.2,2026-08-22,,2026-08-21 21:22:14,OUT_OF_WINDOW
19364,100013.2,2026-08-22,,2026-08-21 21:24:52,OUT_OF_WINDOW
19365,100047.2,2026-08-22,,2026-08-21 22:20:00,OUT_OF_WINDOW
19366,100055.2,2026-08-22,,2026-08-21 22:24:14,OUT_OF_WINDOW
19367,100064.3,2026-08-22,,2026-08-21 23:10:03,OUT_OF_WINDOW
19368,100024.2,2026-08-22,,2026-08-21 23:10:12,OUT_OF_WINDOW
19369,100047.2,2026-08-22,,2026-08-21 23:23:51,OUT_OF_WINDOW
19370,100055.2,2026-08-22,,2026-08-21 23:31:14,OUT_OF_WINDOW
19371,100046.3,2026-08-22,,2026-08-22 00:31:14,OUT_OF_WINDOW
19372,100047.2,2026-08-22,,2026-08-22 00:32:34,OUT_OF_WINDOW
19373,100055.2,2026-08-22,,2026-08-22 00:34:02,OUT_OF_WINDOW
19375,100024.2,2026-08-22,,2026-08-22 01:00:12,OUT_OF_WINDOW
19377,100055.2,2026-08-22,,2026-08-22 01:37:11,OUT_OF_WINDOW
19378,100024.2,2026-08-22,,2026-08-22 02:04:31,OUT_OF_WINDOW
19380,100047.2,2026-08-22,,2026-08-22 02:13:45,OUT_OF_WINDOW
19381,100046.3,2026-08-22,,2026-08-22 02:34:47,OUT_OF_WINDOW
19382,100055.2,2026-08-22,,2026-08-22 02:37:16,OUT_OF_WINDOW
19383,100073.3,2026-08-22,,2026-08-22 02:42:52,OUT_OF_WINDOW
19384,100126.3,2026-08-22,,2026-08-22 02:43:10,OUT_OF_WINDOW
19391,100024.2,2026-08-22,,2026-08-22 03:30:55,OUT_OF_WINDOW
19393,100055.2,2026-08-22,,2026-08-22 03:38:58,OUT_OF_WINDOW
19395,100084.3,2026-08-22,,2026-08-22 03:41:17,OUT_OF_WINDOW
19409,100048.3,2026-08-22,,2026-08-22 04:12:21,OUT_OF_WINDOW
19413,100047.2,2026-08-22,,2026-08-22 04:16:53,OUT_OF_WINDOW
19428,100055.2,2026-08-22,,2026-08-22 05:13:17,OUT_OF_WINDOW
19435,100078.3,2026-08-21,,2026-08-21 11:36:38,OUT_OF_WINDOW
19437,100078.3,2026-08-21,,2026-08-21 13:42:57,OUT_OF_WINDOW
19440,100078.3,2026-08-21,,2026-08-21 15:46:11,OUT_OF_WINDOW
19444,100078.3,2026-08-21,,2026-08-21 17:48:18,OUT_OF_WINDOW
19449,100078.3,2026-08-22,,2026-08-22 06:09:57,OUT_OF_WINDOW
19451,100055.2,2026-08-22,,2026-08-22 06:14:53,OUT_OF_WINDOW
19454,100047.2,2026-08-22,,2026-08-22 06:39:34,OUT_OF_WINDOW
19458,100055.2,2026-08-22,,2026-08-22 07:20:41,OUT_OF_WINDOW
19461,100047.2,2026-08-22,,2026-08-22 08:02:16,OUT_OF_WINDOW
19462,100078.3,2026-08-22,,2026-08-22 08:09:59,OUT_OF_WINDOW
19464,100055.2,2026-08-22,,2026-08-22 08:28:01,OUT_OF_WINDOW
19466,100047.2,2026-08-22,,2026-08-22 09:02:35,OUT_OF_WINDOW
19469,100055.2,2026-08-22,,2026-08-22 09:28:23,OUT_OF_WINDOW
19470,100011.2,2026-08-22,,2026-08-22 09:44:57,OUT_OF_WINDOW
19471,100047.2,2026-08-22,,2026-08-22 10:02:44,OUT_OF_WINDOW
19472,100055.2,2026-08-22,,2026-08-22 10:31:56,OUT_OF_WINDOW
19475,100047.2,2026-08-22,,2026-08-22 11:05:01,OUT_OF_WINDOW
19479,100047.2,2026-08-22,,2026-08-22 12:10:34,OUT_OF_WINDOW
19481,100013.2,2026-08-22,,2026-08-22 12:34:45,OUT_OF_WINDOW
19483,100013.2,2026-08-22,,2026-08-22 12:35:07,OUT_OF_WINDOW
19487,100047.2,2026-08-22,,2026-08-22 13:10:41,OUT_OF_WINDOW
19489,100055.2,2026-08-22,,2026-08-22 13:45:32,OUT_OF_WINDOW
19492,100063.3,2026-08-22,,2026-08-22 14:26:26,OUT_OF_WINDOW
19493,100047.2,2026-08-22,,2026-08-22 14:31:05,OUT_OF_WINDOW
19497,100055.2,2026-08-22,,2026-08-22 14:47:05,OUT_OF_WINDOW
19498,100064.3,2026-08-22,,2026-08-22 12:38:00,OUT_OF_WINDOW
19500,100064.3,2026-08-22,,2026-08-22 14:49:59,OUT_OF_WINDOW
19501,100063.3,2026-08-22,,2026-08-22 14:52:48,OUT_OF_WINDOW
19502,100012.3,2026-08-22,,2026-08-22 15:07:05,OUT_OF_WINDOW
19510,100077.2,2026-08-22,,2026-08-22 15:35:13,OUT_OF_WINDOW
19511,100047.2,2026-08-22,,2026-08-22 15:37:58,OUT_OF_WINDOW
19512,100024.2,2026-08-22,,2026-08-22 05:05:44,OUT_OF_WINDOW
19514,100024.2,2026-08-22,,2026-08-22 06:31:14,OUT_OF_WINDOW
19517,100024.2,2026-08-22,,2026-08-22 07:52:23,OUT_OF_WINDOW
19521,100024.2,2026-08-22,,2026-08-22 11:14:50,OUT_OF_WINDOW
19526,100024.2,2026-08-22,,2026-08-22 13:06:26,OUT_OF_WINDOW
19532,100024.2,2026-08-22,,2026-08-22 15:46:00,OUT_OF_WINDOW
19533,100055.2,2026-08-22,,2026-08-22 15:48:44,OUT_OF_WINDOW
19536,100126.3,2026-08-22,,2026-08-22 15:54:14,OUT_OF_WINDOW
19538,100004.2,2026-08-22,,2026-08-22 16:05:19,OUT_OF_WINDOW
19539,100084.3,2026-08-22,,2026-08-22 05:55:08,OUT_OF_WINDOW
19541,100084.3,2026-08-22,,2026-08-22 09:56:00,OUT_OF_WINDOW
19544,100084.3,2026-08-22,,2026-08-22 11:58:41,OUT_OF_WINDOW
19548,100084.3,2026-08-22,,2026-08-22 16:25:01,OUT_OF_WINDOW
19549,100047.2,2026-08-22,,2026-08-22 16:42:41,OUT_OF_WINDOW
19550,100055.2,2026-08-22,,2026-08-22 16:48:54,OUT_OF_WINDOW
19551,100064.3,2026-08-22,,2026-08-22 16:50:19,OUT_OF_WINDOW
19552,100047.2,2026-08-22,,2026-08-22 17:45:26,OUT_OF_WINDOW
19553,100055.2,2026-08-22,,2026-08-22 17:49:42,OUT_OF_WINDOW
19554,100023.2,2026-08-22,,2026-08-22 17:55:05,OUT_OF_WINDOW
19555,100078.3,2026-08-22,,2026-08-22 16:41:45,OUT_OF_WINDOW
19557,100078.3,2026-08-22,,2026-08-22 18:49:32,OUT_OF_WINDOW
19560,100046.3,2026-08-22,,2026-08-22 18:49:50,OUT_OF_WINDOW
19561,100047.2,2026-08-22,,2026-08-22 18:54:56,OUT_OF_WINDOW
19562,100024.2,2026-08-22,,2026-08-22 17:13:39,OUT_OF_WINDOW
19564,100024.2,2026-08-22,,2026-08-22 17:40:08,OUT_OF_WINDOW
19567,100024.2,2026-08-22,,2026-08-22 18:48:47,OUT_OF_WINDOW
19571,100024.2,2026-08-22,,2026-08-22 18:57:53,OUT_OF_WINDOW
19572,100064.3,2026-08-22,,2026-08-22 18:58:14,OUT_OF_WINDOW
19573,100055.2,2026-08-23,,2026-08-22 19:02:13,OUT_OF_WINDOW
19575,100047.2,2026-08-23,,2026-08-22 19:57:14,OUT_OF_WINDOW
19576,100024.2,2026-08-23,,2026-08-22 19:59:32,OUT_OF_WINDOW
19577,100055.2,2026-08-23,,2026-08-22 20:02:28,OUT_OF_WINDOW
19578,100047.2,2026-08-23,,2026-08-22 20:57:45,OUT_OF_WINDOW
19579,100064.3,2026-08-23,,2026-08-22 20:58:46,OUT_OF_WINDOW
19580,100055.2,2026-08-23,,2026-08-22 21:26:26,OUT_OF_WINDOW
19581,100046.3,2026-08-23,,2026-08-22 21:42:36,OUT_OF_WINDOW
19582,100047.2,2026-08-23,,2026-08-22 21:58:01,OUT_OF_WINDOW
19583,100055.2,2026-08-23,,2026-08-22 22:36:58,OUT_OF_WINDOW
19584,100024.2,2026-08-23,,2026-08-22 21:02:54,OUT_OF_WINDOW
19586,100024.2,2026-08-23,,2026-08-22 22:38:03,OUT_OF_WINDOW
19587,100078.3,2026-08-23,,2026-08-22 20:50:53,OUT_OF_WINDOW
19589,100078.3,2026-08-23,,2026-08-22 22:51:35,OUT_OF_WINDOW
19590,100011.2,2026-08-23,,2026-08-22 22:51:45,OUT_OF_WINDOW
19591,100064.3,2026-08-23,,2026-08-22 22:59:01,OUT_OF_WINDOW
19592,100047.2,2026-08-23,,2026-08-22 23:00:01,OUT_OF_WINDOW
19593,100055.2,2026-08-23,,2026-08-22 23:42:38,OUT_OF_WINDOW
19594,100046.3,2026-08-23,,2026-08-22 23:42:39,OUT_OF_WINDOW
19595,100047.2,2026-08-23,,2026-08-23 00:06:57,OUT_OF_WINDOW
19596,100055.2,2026-08-23,,2026-08-23 00:42:40,OUT_OF_WINDOW
19597,100078.3,2026-08-23,,2026-08-23 00:55:32,OUT_OF_WINDOW
19598,100064.3,2026-08-23,,2026-08-23 00:59:02,OUT_OF_WINDOW
19599,100047.2,2026-08-23,,2026-08-23 01:07:21,OUT_OF_WINDOW
19600,100046.3,2026-08-23,,2026-08-23 01:42:46,OUT_OF_WINDOW
19601,100055.2,2026-08-23,,2026-08-23 01:52:48,OUT_OF_WINDOW
19602,100047.2,2026-08-23,,2026-08-23 02:08:56,OUT_OF_WINDOW
19604,100055.2,2026-08-23,,2026-08-23 02:53:28,OUT_OF_WINDOW
19605,100064.3,2026-08-23,,2026-08-23 02:59:32,OUT_OF_WINDOW
19606,100084.3,2026-08-22,,2026-08-22 18:25:26,OUT_OF_WINDOW
19608,100084.3,2026-08-23,,2026-08-23 01:14:30,OUT_OF_WINDOW
19610,100084.3,2026-08-23,,2026-08-23 03:14:34,OUT_OF_WINDOW
19611,100047.2,2026-08-23,,2026-08-23 03:15:55,OUT_OF_WINDOW
19612,100067.2,2026-08-23,,2026-08-23 03:47:09,OUT_OF_WINDOW
19616,100046.3,2026-08-23,,2026-08-23 03:51:54,OUT_OF_WINDOW
19623,100126.3,2026-08-22,,2026-08-22 17:55:12,OUT_OF_WINDOW
19625,100126.3,2026-08-23,,2026-08-23 04:14:48,OUT_OF_WINDOW
19628,100047.2,2026-08-23,,2026-08-23 04:21:25,OUT_OF_WINDOW
19630,100055.2,2026-08-23,,2026-08-23 04:54:00,OUT_OF_WINDOW
19632,100010.3,2026-08-23,,2026-08-23 05:59:22,OUT_OF_WINDOW
19633,100047.2,2026-08-23,,2026-08-23 06:22:19,OUT_OF_WINDOW
19634,100126.3,2026-08-23,,2026-08-23 06:33:48,OUT_OF_WINDOW
19635,100078.3,2026-08-23,,2026-08-23 02:57:03,OUT_OF_WINDOW
19637,100078.3,2026-08-23,,2026-08-23 04:57:31,OUT_OF_WINDOW
19640,100078.3,2026-08-23,,2026-08-23 06:57:35,OUT_OF_WINDOW
19641,100064.3,2026-08-23,,2026-08-23 07:23:23,OUT_OF_WINDOW
19642,100046.3,2026-08-23,,2026-08-23 05:53:19,OUT_OF_WINDOW
19644,100046.3,2026-08-23,,2026-08-23 07:56:47,OUT_OF_WINDOW
19645,100055.2,2026-08-23,,2026-08-23 06:20:54,OUT_OF_WINDOW
19647,100055.2,2026-08-23,,2026-08-23 07:21:25,OUT_OF_WINDOW
19650,100055.2,2026-08-23,,2026-08-23 08:21:40,OUT_OF_WINDOW
19651,100126.3,2026-08-23,,2026-08-23 08:33:59,OUT_OF_WINDOW
19652,100006.2,2026-08-23,,2026-08-23 08:59:23,OUT_OF_WINDOW
19653,100064.3,2026-08-23,,2026-08-23 09:29:28,OUT_OF_WINDOW
19654,100055.2,2026-08-23,,2026-08-23 09:32:37,OUT_OF_WINDOW
19655,100046.3,2026-08-23,,2026-08-23 10:03:13,OUT_OF_WINDOW
19656,100047.2,2026-08-23,,2026-08-23 10:05:37,OUT_OF_WINDOW
19657,100055.2,2026-08-23,,2026-08-23 10:35:00,OUT_OF_WINDOW
19658,100078.3,2026-08-23,,2026-08-23 08:57:49,OUT_OF_WINDOW
19660,100078.3,2026-08-23,,2026-08-23 10:57:55,OUT_OF_WINDOW
19661,100047.2,2026-08-23,,2026-08-23 11:07:58,OUT_OF_WINDOW
19662,100084.3,2026-08-23,,2026-08-23 05:15:07,OUT_OF_WINDOW
19664,100084.3,2026-08-23,,2026-08-23 07:16:24,OUT_OF_WINDOW
19667,100084.3,2026-08-23,,2026-08-23 09:16:47,OUT_OF_WINDOW
19671,100084.3,2026-08-23,,2026-08-23 11:16:56,OUT_OF_WINDOW
19672,100064.3,2026-08-23,,2026-08-23 11:34:37,OUT_OF_WINDOW
19673,100055.2,2026-08-23,,2026-08-23 11:49:57,OUT_OF_WINDOW
19674,100011.2,2026-08-23,,2026-08-23 11:55:42,OUT_OF_WINDOW
19675,100046.3,2026-08-23,,2026-08-23 12:03:18,OUT_OF_WINDOW
19676,100047.2,2026-08-23,,2026-08-23 12:09:48,OUT_OF_WINDOW
19677,100126.3,2026-08-23,,2026-08-23 10:34:16,OUT_OF_WINDOW
19679,100126.3,2026-08-23,,2026-08-23 12:41:16,OUT_OF_WINDOW
19680,100084.3,2026-08-23,,2026-08-23 13:17:31,OUT_OF_WINDOW
19681,100047.2,2026-08-23,,2026-08-23 13:27:40,OUT_OF_WINDOW
19682,100064.3,2026-08-23,,2026-08-23 13:35:11,OUT_OF_WINDOW
19684,100055.2,2026-08-23,,2026-08-23 12:50:05,OUT_OF_WINDOW
19686,100055.2,2026-08-23,,2026-08-23 13:51:03,OUT_OF_WINDOW
19688,100055.2,2026-08-23,,2026-08-23 15:04:08,OUT_OF_WINDOW
19690,100078.3,2026-08-23,,2026-08-23 13:14:18,OUT_OF_WINDOW
19692,100078.3,2026-08-23,,2026-08-23 15:14:25,OUT_OF_WINDOW
19693,100084.3,2026-08-23,,2026-08-23 15:18:06,OUT_OF_WINDOW
19694,100047.2,2026-08-23,,2026-08-23 14:28:21,OUT_OF_WINDOW
19696,100047.2,2026-08-23,,2026-08-23 15:34:12,OUT_OF_WINDOW
19697,100064.3,2026-08-23,,2026-08-23 15:46:08,OUT_OF_WINDOW
19698,100046.3,2026-08-23,,2026-08-23 14:03:48,OUT_OF_WINDOW
19700,100046.3,2026-08-23,,2026-08-23 16:04:55,OUT_OF_WINDOW
19701,100055.2,2026-08-23,,2026-08-23 16:12:47,OUT_OF_WINDOW
19702,100047.2,2026-08-23,,2026-08-23 16:35:02,OUT_OF_WINDOW
19703,100078.3,2026-08-23,,2026-08-23 17:14:53,OUT_OF_WINDOW
19704,100013.3,2026-08-23,,2026-08-23 17:18:00,OUT_OF_WINDOW
19705,100084.3,2026-08-23,,2026-08-23 17:18:27,OUT_OF_WINDOW
19706,100055.2,2026-08-23,,2026-08-23 17:29:06,OUT_OF_WINDOW
19707,100023.2,2026-08-23,,2026-08-23 18:02:05,OUT_OF_WINDOW
19708,100046.3,2026-08-23,,2026-08-23 18:10:02,OUT_OF_WINDOW
19709,100055.2,2026-08-23,,2026-08-23 18:37:28,OUT_OF_WINDOW
19710,100047.2,2026-08-23,,2026-08-23 18:58:08,OUT_OF_WINDOW
19711,100126.3,2026-08-23,,2026-08-23 14:45:42,OUT_OF_WINDOW
19713,100126.3,2026-08-23,,2026-08-23 17:03:18,OUT_OF_WINDOW
19716,100126.3,2026-08-24,,2026-08-23 19:03:58,OUT_OF_WINDOW
19717,100055.2,2026-08-24,,2026-08-23 19:37:31,OUT_OF_WINDOW
19718,100064.3,2026-08-24,,2026-08-23 19:44:11,OUT_OF_WINDOW
19719,100047.2,2026-08-24,,2026-08-23 20:08:40,OUT_OF_WINDOW
19720,100046.3,2026-08-24,,2026-08-23 20:27:42,OUT_OF_WINDOW
19721,100055.2,2026-08-24,,2026-08-23 20:37:34,OUT_OF_WINDOW
19722,100055.2,2026-08-24,,2026-08-23 21:38:58,OUT_OF_WINDOW
19723,100047.2,2026-08-24,,2026-08-23 21:42:10,OUT_OF_WINDOW
19724,100064.3,2026-08-24,,2026-08-23 21:44:12,OUT_OF_WINDOW
19725,100055.2,2026-08-24,,2026-08-23 22:41:38,OUT_OF_WINDOW
19726,100047.2,2026-08-24,,2026-08-23 22:43:53,OUT_OF_WINDOW
19727,100078.3,2026-08-24,,2026-08-23 23:08:54,OUT_OF_WINDOW
19728,100055.2,2026-08-24,,2026-08-23 23:41:40,OUT_OF_WINDOW
19729,100064.3,2026-08-24,,2026-08-23 23:44:15,OUT_OF_WINDOW
19730,100046.3,2026-08-24,,2026-08-24 00:09:35,OUT_OF_WINDOW
19731,100055.2,2026-08-24,,2026-08-24 00:44:47,OUT_OF_WINDOW
19732,100011.2,2026-08-24,,2026-08-24 00:59:18,OUT_OF_WINDOW
19735,100055.2,2026-08-24,,2026-08-24 01:46:20,OUT_OF_WINDOW
19736,100072.3,2026-08-24,,2026-08-24 01:47:35,OUT_OF_WINDOW
19738,100046.3,2026-08-24,,2026-08-24 02:13:46,OUT_OF_WINDOW
19740,100047.2,2026-08-24,,2026-08-24 00:37:41,OUT_OF_WINDOW
19742,100047.2,2026-08-24,,2026-08-24 02:39:44,OUT_OF_WINDOW
19743,100126.3,2026-08-24,,2026-08-24 02:41:56,OUT_OF_WINDOW
19746,100055.2,2026-08-24,,2026-08-24 02:54:41,OUT_OF_WINDOW
19752,100079.3,2026-08-24,,2026-08-24 03:50:15,OUT_OF_WINDOW
19753,100001.3,2026-08-24,,2026-08-24 03:50:54,OUT_OF_WINDOW
19757,100067.2,2026-08-24,,2026-08-24 03:54:05,OUT_OF_WINDOW
19765,100013.3,2026-08-24,,2026-08-24 04:10:13,OUT_OF_WINDOW
19769,100055.2,2026-08-24,,2026-08-24 04:17:49,OUT_OF_WINDOW
19774,100124.3,2026-08-24,,2026-08-24 04:47:25,OUT_OF_WINDOW
19775,100005.3,2026-08-24,,2026-08-24 04:48:15,OUT_OF_WINDOW
19780,100076.3,2026-08-24,,2026-08-24 04:58:44,OUT_OF_WINDOW
19796,100055.2,2026-08-24,,2026-08-24 06:02:00,OUT_OF_WINDOW
19802,100064.3,2026-08-24,,2026-08-24 07:16:07,OUT_OF_WINDOW
19809,100047.2,2026-08-24,,2026-08-24 04:45:17,OUT_OF_WINDOW
19811,100047.2,2026-08-24,,2026-08-24 05:46:16,OUT_OF_WINDOW
19814,100047.2,2026-08-24,,2026-08-24 06:47:43,OUT_OF_WINDOW
19818,100047.2,2026-08-24,,2026-08-24 08:18:45,OUT_OF_WINDOW
19825,100084.3,2026-08-24,,2026-08-24 01:30:38,OUT_OF_WINDOW
19827,100084.3,2026-08-24,,2026-08-24 03:51:04,OUT_OF_WINDOW
19830,100084.3,2026-08-24,,2026-08-24 10:15:27,OUT_OF_WINDOW
19832,100047.2,2026-08-24,,2026-08-24 09:26:38,OUT_OF_WINDOW
19834,100047.2,2026-08-24,,2026-08-24 10:33:54,OUT_OF_WINDOW
19836,100047.2,2026-08-24,,2026-08-24 11:34:37,OUT_OF_WINDOW
19837,100064.3,2026-08-24,,2026-08-24 12:04:02,OUT_OF_WINDOW
19839,100195.1,2026-08-24,,2026-08-24 12:18:41,OUT_OF_WINDOW
19840,100055.2,2026-08-24,,2026-08-24 12:21:37,OUT_OF_WINDOW
19841,100047.2,2026-08-24,,2026-08-24 12:44:10,OUT_OF_WINDOW
19848,100047.2,2026-08-24,,2026-08-24 13:46:59,OUT_OF_WINDOW
19859,100011.2,2026-08-24,,2026-08-24 13:59:42,OUT_OF_WINDOW
19861,100055.2,2026-08-24,,2026-08-24 14:06:19,OUT_OF_WINDOW
19866,100064.3,2026-08-24,,2026-08-24 14:13:16,OUT_OF_WINDOW
19873,100078.3,2026-08-24,,2026-08-24 14:14:53,OUT_OF_WINDOW
19875,100037.2,2026-08-24,,2026-08-24 14:17:57,OUT_OF_WINDOW
19877,100063.3,2026-08-24,,2026-08-24 14:36:53,OUT_OF_WINDOW
19878,100047.2,2026-08-24,,2026-08-24 14:52:39,OUT_OF_WINDOW
19879,100076.3,2026-08-24,,2026-08-24 15:06:41,OUT_OF_WINDOW
19880,100055.2,2026-08-24,,2026-08-24 15:08:16,OUT_OF_WINDOW
19881,100047.2,2026-08-24,,2026-08-24 15:53:21,OUT_OF_WINDOW
19882,100076.2,2026-08-24,,2026-08-24 16:04:59,OUT_OF_WINDOW
19883,100064.3,2026-08-24,,2026-08-24 16:13:36,OUT_OF_WINDOW
19884,100078.3,2026-08-24,,2026-08-24 16:15:15,OUT_OF_WINDOW
19886,100055.2,2026-08-24,,2026-08-24 16:21:36,OUT_OF_WINDOW
19888,100084.3,2026-08-24,,2026-08-24 12:25:58,OUT_OF_WINDOW
19890,100084.3,2026-08-24,,2026-08-24 14:32:16,OUT_OF_WINDOW
19893,100084.3,2026-08-24,,2026-08-24 16:32:41,OUT_OF_WINDOW
19894,100047.2,2026-08-24,,2026-08-24 16:54:11,OUT_OF_WINDOW
19895,100076.3,2026-08-24,,2026-08-24 17:11:13,OUT_OF_WINDOW
19896,100055.2,2026-08-24,,2026-08-24 17:24:38,OUT_OF_WINDOW
19897,100047.2,2026-08-24,,2026-08-24 17:57:18,OUT_OF_WINDOW
19898,100046.3,2026-08-24,,2026-08-24 18:18:14,OUT_OF_WINDOW
19899,100055.2,2026-08-24,,2026-08-24 18:24:52,OUT_OF_WINDOW
19900,100064.3,2026-08-24,,2026-08-24 18:25:48,OUT_OF_WINDOW
19901,100047.2,2026-08-24,,2026-08-24 18:57:39,OUT_OF_WINDOW
19902,100006.2,2026-08-24,,2026-08-24 18:57:49,OUT_OF_WINDOW
19904,100055.2,2026-08-25,,2026-08-24 19:31:44,OUT_OF_WINDOW
19905,100064.3,2026-08-25,,2026-08-24 20:26:20,OUT_OF_WINDOW
19906,100046.3,2026-08-25,,2026-08-24 20:27:16,OUT_OF_WINDOW
19907,100055.2,2026-08-25,,2026-08-24 20:41:31,OUT_OF_WINDOW
19908,100006.2,2026-08-25,,2026-08-24 20:49:12,OUT_OF_WINDOW
19909,100047.2,2026-08-25,,2026-08-24 19:58:29,OUT_OF_WINDOW
19911,100047.2,2026-08-25,,2026-08-24 20:58:58,OUT_OF_WINDOW
19912,100004.2,2026-08-25,,2026-08-24 21:28:25,OUT_OF_WINDOW
19918,100013.3,2026-08-25,,2026-08-24 21:46:03,OUT_OF_WINDOW
19919,100055.2,2026-08-25,,2026-08-24 21:46:42,OUT_OF_WINDOW
19920,100047.2,2026-08-25,,2026-08-24 22:12:46,OUT_OF_WINDOW
19921,100064.3,2026-08-25,,2026-08-24 22:26:52,OUT_OF_WINDOW
19922,100055.2,2026-08-25,,2026-08-24 22:47:46,OUT_OF_WINDOW
19923,100047.2,2026-08-25,,2026-08-24 23:39:14,OUT_OF_WINDOW
19924,100055.2,2026-08-25,,2026-08-24 23:49:00,OUT_OF_WINDOW
19925,100055.2,2026-08-25,,2026-08-25 00:50:19,OUT_OF_WINDOW
19927,100055.2,2026-08-25,,2026-08-25 01:50:52,OUT_OF_WINDOW
19928,100073.3,2026-08-25,,2026-08-25 02:18:43,OUT_OF_WINDOW
19934,100055.2,2026-08-25,,2026-08-25 02:56:33,OUT_OF_WINDOW
19936,100001.3,2026-08-25,,2026-08-25 03:05:57,OUT_OF_WINDOW
19941,100006.2,2026-08-25,,2026-08-25 03:52:44,OUT_OF_WINDOW
19945,100076.3,2026-08-25,,2026-08-24 19:19:45,OUT_OF_WINDOW
19947,100076.3,2026-08-25,,2026-08-24 22:27:37,OUT_OF_WINDOW
19950,100076.3,2026-08-25,,2026-08-25 00:27:38,OUT_OF_WINDOW
19962,100013.3,2026-08-25,,2026-08-25 04:18:34,OUT_OF_WINDOW
19964,100013.3,2026-08-25,,2026-08-25 04:20:37,OUT_OF_WINDOW
19965,100046.3,2026-08-25,,2026-08-24 23:40:41,OUT_OF_WINDOW
19967,100046.3,2026-08-25,,2026-08-25 01:42:08,OUT_OF_WINDOW
19970,100046.3,2026-08-25,,2026-08-25 03:44:59,OUT_OF_WINDOW
19972,100124.3,2026-08-25,,2026-08-25 04:29:32,OUT_OF_WINDOW
19976,100084.3,2026-08-24,,2026-08-24 18:33:41,OUT_OF_WINDOW
19978,100084.3,2026-08-25,,2026-08-25 01:30:38,OUT_OF_WINDOW
19981,100084.3,2026-08-25,,2026-08-25 03:38:31,OUT_OF_WINDOW
19986,100125.3,2026-08-24,,2026-08-24 04:43:17,OUT_OF_WINDOW
19994,100001.2,2026-08-25,,2026-08-25 05:10:53,OUT_OF_WINDOW
20000,100047.2,2026-08-25,,2026-08-25 01:33:34,OUT_OF_WINDOW
20002,100047.2,2026-08-25,,2026-08-25 05:41:53,OUT_OF_WINDOW
20010,100055.2,2026-08-25,,2026-08-25 04:31:07,OUT_OF_WINDOW
20012,100055.2,2026-08-25,,2026-08-25 05:57:59,OUT_OF_WINDOW
20013,100078.3,2026-08-24,,2026-08-24 18:16:06,OUT_OF_WINDOW
20015,100078.3,2026-08-25,,2026-08-25 06:01:08,OUT_OF_WINDOW
20016,100001.2,2026-08-25,,2026-08-25 06:12:26,OUT_OF_WINDOW
20022,100047.2,2026-08-25,,2026-08-25 06:48:47,OUT_OF_WINDOW
20024,100055.2,2026-08-25,,2026-08-25 07:03:44,OUT_OF_WINDOW
20026,100001.2,2026-08-25,,2026-08-25 07:28:23,OUT_OF_WINDOW
20028,100047.2,2026-08-25,,2026-08-25 07:51:01,OUT_OF_WINDOW
20029,100055.2,2026-08-25,,2026-08-25 08:06:04,OUT_OF_WINDOW
20030,100078.3,2026-08-25,,2026-08-25 08:06:27,OUT_OF_WINDOW
20032,100001.2,2026-08-25,,2026-08-25 08:29:18,OUT_OF_WINDOW
20039,100055.2,2026-08-25,,2026-08-25 09:06:30,OUT_OF_WINDOW
20043,100047.2,2026-08-25,,2026-08-25 08:53:47,OUT_OF_WINDOW
20045,100047.2,2026-08-25,,2026-08-25 09:54:01,OUT_OF_WINDOW
20046,100055.2,2026-08-25,,2026-08-25 10:09:20,OUT_OF_WINDOW
20048,100001.2,2026-08-25,,2026-08-25 10:35:19,OUT_OF_WINDOW
20049,100001.2,2026-08-25,,2026-08-25 10:39:44,OUT_OF_WINDOW
20051,100055.2,2026-08-25,,2026-08-25 11:26:07,OUT_OF_WINDOW
20054,100001.2,2026-08-25,,2026-08-25 11:55:29,OUT_OF_WINDOW
20056,100001.3,2026-08-25,,2026-08-25 11:59:14,OUT_OF_WINDOW
20057,100047.2,2026-08-25,,2026-08-25 10:54:33,OUT_OF_WINDOW
20059,100047.2,2026-08-25,,2026-08-25 12:04:13,OUT_OF_WINDOW
20060,100055.2,2026-08-25,,2026-08-25 12:29:55,OUT_OF_WINDOW
20063,100001.2,2026-08-25,,2026-08-25 12:56:10,OUT_OF_WINDOW
20064,100047.2,2026-08-25,,2026-08-25 13:13:18,OUT_OF_WINDOW
20065,100064.3,2026-08-25,,2026-08-25 00:45:55,OUT_OF_WINDOW
20067,100064.3,2026-08-25,,2026-08-25 02:59:46,OUT_OF_WINDOW
20070,100064.3,2026-08-25,,2026-08-25 05:16:53,OUT_OF_WINDOW
20074,100064.3,2026-08-25,,2026-08-25 07:22:37,OUT_OF_WINDOW
20079,100064.3,2026-08-25,,2026-08-25 09:35:44,OUT_OF_WINDOW
20085,100064.3,2026-08-25,,2026-08-25 11:49:58,OUT_OF_WINDOW
20087,100055.2,2026-08-25,,2026-08-25 13:33:02,OUT_OF_WINDOW
20088,100012.3,2026-08-25,,2026-08-25 14:07:30,OUT_OF_WINDOW
20090,100047.2,2026-08-25,,2026-08-25 14:18:39,OUT_OF_WINDOW
20091,100078.3,2026-08-25,,2026-08-25 14:37:44,OUT_OF_WINDOW
20092,100069.3,2026-08-25,,2026-08-25 14:42:41,OUT_OF_WINDOW
20093,100076.3,2026-08-25,,2026-08-25 14:43:22,OUT_OF_WINDOW
20094,100055.2,2026-08-25,,2026-08-25 14:47:20,OUT_OF_WINDOW
20096,100047.2,2026-08-25,,2026-08-25 15:19:13,OUT_OF_WINDOW
20097,100004.2,2026-08-25,,2026-08-25 15:45:11,OUT_OF_WINDOW
20098,100055.2,2026-08-25,,2026-08-25 15:57:29,OUT_OF_WINDOW
20099,100015.3,2026-08-25,,2026-08-25 16:01:47,OUT_OF_WINDOW
20100,100011.2,2026-08-25,,2026-08-25 03:00:04,OUT_OF_WINDOW
20102,100011.2,2026-08-25,,2026-08-25 16:01:52,OUT_OF_WINDOW
20103,100021.2,2026-08-25,,2026-08-25 16:10:12,OUT_OF_WINDOW
20104,100084.3,2026-08-25,,2026-08-25 05:54:19,OUT_OF_WINDOW
20106,100084.3,2026-08-25,,2026-08-25 10:01:02,OUT_OF_WINDOW
20109,100084.3,2026-08-25,,2026-08-25 12:02:34,OUT_OF_WINDOW
20113,100084.3,2026-08-25,,2026-08-25 14:13:47,OUT_OF_WINDOW
20118,100084.3,2026-08-25,,2026-08-25 16:13:55,OUT_OF_WINDOW
20119,100047.2,2026-08-25,,2026-08-25 16:27:47,OUT_OF_WINDOW
20120,100012.3,2026-08-25,,2026-08-25 16:31:03,OUT_OF_WINDOW
20121,100078.3,2026-08-25,,2026-08-25 16:42:23,OUT_OF_WINDOW
20122,100076.3,2026-08-25,,2026-08-25 16:44:31,OUT_OF_WINDOW
20123,100055.2,2026-08-25,,2026-08-25 17:06:02,OUT_OF_WINDOW
20124,100047.2,2026-08-25,,2026-08-25 17:30:41,OUT_OF_WINDOW
20125,100064.3,2026-08-25,,2026-08-25 13:50:42,OUT_OF_WINDOW
20127,100064.3,2026-08-25,,2026-08-25 15:51:02,OUT_OF_WINDOW
20130,100064.3,2026-08-25,,2026-08-25 17:51:09,OUT_OF_WINDOW
20131,100055.2,2026-08-25,,2026-08-25 18:07:02,OUT_OF_WINDOW
20132,100001.5,2026-08-25,,2026-08-25 18:22:56,OUT_OF_WINDOW
20133,100047.2,2026-08-25,,2026-08-25 18:30:53,OUT_OF_WINDOW
20134,100001.5,2026-08-25,,2026-08-25 18:35:43,OUT_OF_WINDOW
20135,100002.5,2026-08-25,,2026-08-25 18:36:57,OUT_OF_WINDOW
20136,100076.3,2026-08-25,,2026-08-25 18:44:51,OUT_OF_WINDOW
20137,100002.5,2026-08-25,,2026-08-25 18:53:14,OUT_OF_WINDOW
20139,100078.3,2026-08-25,,2026-08-25 18:55:28,OUT_OF_WINDOW
20140,100002.5,2026-08-25,,2026-08-25 18:58:18,OUT_OF_WINDOW
20141,100055.2,2026-08-26,,2026-08-25 19:07:45,OUT_OF_WINDOW
20144,100046.3,2026-08-26,,2026-08-25 19:23:40,OUT_OF_WINDOW
20145,100047.2,2026-08-26,,2026-08-25 19:37:20,OUT_OF_WINDOW
20146,100064.3,2026-08-26,,2026-08-25 19:54:53,OUT_OF_WINDOW
20147,100047.2,2026-08-26,,2026-08-25 20:39:37,OUT_OF_WINDOW
20148,100055.2,2026-08-26,,2026-08-25 20:50:12,OUT_OF_WINDOW
20149,100002.5,2026-08-26,,2026-08-25 20:58:57,OUT_OF_WINDOW
20150,100078.3,2026-08-26,,2026-08-25 21:02:57,OUT_OF_WINDOW
20151,100013.2,2026-08-26,,2026-08-25 21:06:20,OUT_OF_WINDOW
20152,100046.3,2026-08-26,,2026-08-25 21:31:41,OUT_OF_WINDOW
20153,100047.2,2026-08-26,,2026-08-25 21:53:20,OUT_OF_WINDOW
20154,100064.3,2026-08-26,,2026-08-25 21:54:57,OUT_OF_WINDOW
20155,100055.2,2026-08-26,,2026-08-25 22:13:31,OUT_OF_WINDOW
20156,100047.2,2026-08-26,,2026-08-25 22:54:39,OUT_OF_WINDOW
20157,100078.3,2026-08-26,,2026-08-25 23:03:39,OUT_OF_WINDOW
20158,100002.5,2026-08-26,,2026-08-25 23:06:05,OUT_OF_WINDOW
20159,100055.2,2026-08-26,,2026-08-25 23:14:10,OUT_OF_WINDOW
20160,100064.3,2026-08-26,,2026-08-25 23:56:02,OUT_OF_WINDOW
20161,100055.2,2026-08-26,,2026-08-26 00:15:09,OUT_OF_WINDOW
20162,100047.2,2026-08-26,,2026-08-26 00:25:54,OUT_OF_WINDOW
20163,100046.3,2026-08-26,,2026-08-26 00:33:49,OUT_OF_WINDOW
20164,100078.3,2026-08-26,,2026-08-26 01:05:34,OUT_OF_WINDOW
20165,100002.5,2026-08-26,,2026-08-26 01:06:21,OUT_OF_WINDOW
20166,100076.3,2026-08-26,,2026-08-25 21:15:03,OUT_OF_WINDOW
20168,100076.3,2026-08-26,,2026-08-25 23:19:03,OUT_OF_WINDOW
20171,100076.3,2026-08-26,,2026-08-26 01:19:14,OUT_OF_WINDOW
20173,100055.2,2026-08-26,,2026-08-26 01:22:06,OUT_OF_WINDOW
20174,100064.3,2026-08-26,,2026-08-26 02:07:15,OUT_OF_WINDOW
20175,100015.3,2026-08-26,,2026-08-26 00:11:06,OUT_OF_WINDOW
20177,100015.3,2026-08-26,,2026-08-26 02:12:32,OUT_OF_WINDOW
20178,100055.2,2026-08-26,,2026-08-26 02:26:56,OUT_OF_WINDOW
20179,100047.2,2026-08-26,,2026-08-26 02:27:38,OUT_OF_WINDOW
20180,100046.3,2026-08-26,,2026-08-26 02:39:50,OUT_OF_WINDOW
20181,100084.3,2026-08-25,,2026-08-25 18:29:03,OUT_OF_WINDOW
20183,100078.3,2026-08-26,,2026-08-26 03:05:41,OUT_OF_WINDOW
20184,100076.3,2026-08-26,,2026-08-26 03:20:08,OUT_OF_WINDOW
20185,100002.5,2026-08-26,,2026-08-26 03:21:20,OUT_OF_WINDOW
20186,100055.2,2026-08-26,,2026-08-26 03:27:08,OUT_OF_WINDOW
20190,100064.3,2026-08-26,,2026-08-26 04:07:24,OUT_OF_WINDOW
20192,100015.3,2026-08-26,,2026-08-26 04:13:06,OUT_OF_WINDOW
20193,100023.2,2026-08-26,,2026-08-26 04:17:23,OUT_OF_WINDOW
20198,100055.2,2026-08-26,,2026-08-26 04:27:30,OUT_OF_WINDOW
20199,100046.3,2026-08-26,,2026-08-26 04:47:10,OUT_OF_WINDOW
20200,100011.2,2026-08-26,,2026-08-26 05:02:30,OUT_OF_WINDOW
20201,100078.3,2026-08-26,,2026-08-26 05:07:21,OUT_OF_WINDOW
20202,100002.5,2026-08-26,,2026-08-26 05:22:24,OUT_OF_WINDOW
20204,100055.2,2026-08-26,,2026-08-26 05:27:45,OUT_OF_WINDOW
20206,100064.3,2026-08-26,,2026-08-26 06:07:35,OUT_OF_WINDOW
20207,100055.2,2026-08-26,,2026-08-26 06:28:48,OUT_OF_WINDOW
20208,100047.2,2026-08-26,,2026-08-26 06:30:03,OUT_OF_WINDOW
20209,100078.3,2026-08-26,,2026-08-26 07:11:53,OUT_OF_WINDOW
20210,100002.5,2026-08-26,,2026-08-26 07:22:37,OUT_OF_WINDOW
20211,100055.2,2026-08-26,,2026-08-26 07:29:17,OUT_OF_WINDOW
20212,100047.2,2026-08-26,,2026-08-26 07:33:20,OUT_OF_WINDOW
20214,100024.2,2026-08-26,,2026-08-26 06:52:57,OUT_OF_WINDOW
20216,100024.2,2026-08-26,,2026-08-26 08:01:17,OUT_OF_WINDOW
20217,100064.3,2026-08-26,,2026-08-26 08:07:39,OUT_OF_WINDOW
20218,100055.2,2026-08-26,,2026-08-26 08:34:43,OUT_OF_WINDOW
20219,100047.2,2026-08-26,,2026-08-26 08:39:34,OUT_OF_WINDOW
20220,100024.2,2026-08-26,,2026-08-26 09:02:01,OUT_OF_WINDOW
20221,100078.3,2026-08-26,,2026-08-26 09:16:47,OUT_OF_WINDOW
20222,100002.5,2026-08-26,,2026-08-26 09:22:43,OUT_OF_WINDOW
20223,100055.2,2026-08-26,,2026-08-26 09:34:52,OUT_OF_WINDOW
20224,100047.2,2026-08-26,,2026-08-26 09:40:55,OUT_OF_WINDOW
20226,100064.3,2026-08-26,,2026-08-26 10:08:11,OUT_OF_WINDOW
20228,100047.2,2026-08-26,,2026-08-26 10:43:34,OUT_OF_WINDOW
20229,100002.5,2026-08-26,,2026-08-26 11:28:54,OUT_OF_WINDOW
20230,100006.2,2026-08-26,,2026-08-26 11:33:41,OUT_OF_WINDOW
20231,100047.2,2026-08-26,,2026-08-26 11:46:39,OUT_OF_WINDOW
20233,100055.2,2026-08-26,,2026-08-26 10:49:21,OUT_OF_WINDOW
20235,100055.2,2026-08-26,,2026-08-26 11:58:06,OUT_OF_WINDOW
20236,100084.3,2026-08-26,,2026-08-26 03:42:15,OUT_OF_WINDOW
20238,100084.3,2026-08-26,,2026-08-26 09:59:39,OUT_OF_WINDOW
20241,100084.3,2026-08-26,,2026-08-26 11:59:57,OUT_OF_WINDOW
20242,100064.3,2026-08-26,,2026-08-26 12:08:43,OUT_OF_WINDOW
20245,100055.2,2026-08-26,,2026-08-26 13:15:42,OUT_OF_WINDOW
20246,100002.5,2026-08-26,,2026-08-26 13:33:31,OUT_OF_WINDOW
20247,100078.3,2026-08-26,,2026-08-26 11:23:20,OUT_OF_WINDOW
20249,100078.3,2026-08-26,,2026-08-26 13:47:26,OUT_OF_WINDOW
20251,100023.2,2026-08-26,,2026-08-26 13:55:10,OUT_OF_WINDOW
20252,100084.3,2026-08-26,,2026-08-26 14:00:05,OUT_OF_WINDOW
20253,100047.2,2026-08-26,,2026-08-26 14:00:31,OUT_OF_WINDOW
20254,100064.3,2026-08-26,,2026-08-26 14:08:46,OUT_OF_WINDOW
20255,100047.2,2026-08-26,,2026-08-26 15:04:40,OUT_OF_WINDOW
20256,100055.2,2026-08-26,,2026-08-26 14:15:59,OUT_OF_WINDOW
20258,100055.2,2026-08-26,,2026-08-26 15:20:11,OUT_OF_WINDOW
20259,100002.5,2026-08-26,,2026-08-26 15:35:35,OUT_OF_WINDOW
20260,100078.3,2026-08-26,,2026-08-26 15:48:04,OUT_OF_WINDOW
20261,100064.3,2026-08-26,,2026-08-26 16:09:28,OUT_OF_WINDOW
20262,100055.2,2026-08-26,,2026-08-26 16:20:34,OUT_OF_WINDOW
20263,100047.2,2026-08-26,,2026-08-26 16:53:26,OUT_OF_WINDOW
20264,100046.3,2026-08-26,,2026-08-26 06:47:12,OUT_OF_WINDOW
20266,100046.3,2026-08-26,,2026-08-26 08:47:18,OUT_OF_WINDOW
20269,100046.3,2026-08-26,,2026-08-26 10:54:00,OUT_OF_WINDOW
20273,100046.3,2026-08-26,,2026-08-26 13:00:50,OUT_OF_WINDOW
20278,100046.3,2026-08-26,,2026-08-26 15:03:00,OUT_OF_WINDOW
20284,100046.3,2026-08-26,,2026-08-26 17:23:41,OUT_OF_WINDOW
20285,100055.2,2026-08-26,,2026-08-26 17:28:55,OUT_OF_WINDOW
20286,100002.5,2026-08-26,,2026-08-26 17:38:47,OUT_OF_WINDOW
20287,100078.3,2026-08-26,,2026-08-26 17:49:55,OUT_OF_WINDOW
20288,100064.3,2026-08-26,,2026-08-26 18:09:31,OUT_OF_WINDOW
20289,100055.2,2026-08-26,,2026-08-26 18:31:10,OUT_OF_WINDOW
20290,100047.2,2026-08-26,,2026-08-26 17:53:58,OUT_OF_WINDOW
20292,100047.2,2026-08-27,,2026-08-26 19:02:49,OUT_OF_WINDOW
20293,100055.2,2026-08-27,,2026-08-26 19:31:51,OUT_OF_WINDOW
20294,100002.5,2026-08-27,,2026-08-26 19:50:47,OUT_OF_WINDOW
20295,100046.3,2026-08-27,,2026-08-26 19:54:00,OUT_OF_WINDOW
20296,100064.3,2026-08-27,,2026-08-26 20:15:13,OUT_OF_WINDOW
20297,100055.2,2026-08-27,,2026-08-26 20:33:09,OUT_OF_WINDOW
20298,100047.2,2026-08-27,,2026-08-26 20:03:28,OUT_OF_WINDOW
20300,100047.2,2026-08-27,,2026-08-26 21:13:34,OUT_OF_WINDOW
20301,100055.2,2026-08-27,,2026-08-26 21:33:10,OUT_OF_WINDOW
20302,100064.3,2026-08-27,,2026-08-26 22:30:59,OUT_OF_WINDOW
20303,100055.2,2026-08-27,,2026-08-26 22:34:16,OUT_OF_WINDOW
20304,100002.5,2026-08-27,,2026-08-26 22:43:31,OUT_OF_WINDOW
20305,100047.2,2026-08-27,,2026-08-26 23:19:33,OUT_OF_WINDOW
20306,100055.2,2026-08-27,,2026-08-26 23:35:01,OUT_OF_WINDOW
20307,100078.3,2026-08-27,,2026-08-27 00:00:56,OUT_OF_WINDOW
20308,100055.2,2026-08-27,,2026-08-27 00:35:23,OUT_OF_WINDOW
20309,100002.5,2026-08-27,,2026-08-27 00:48:05,OUT_OF_WINDOW
20310,100046.3,2026-08-27,,2026-08-26 23:29:32,OUT_OF_WINDOW
20312,100046.3,2026-08-27,,2026-08-27 01:29:36,OUT_OF_WINDOW
20314,100055.2,2026-08-27,,2026-08-27 01:39:53,OUT_OF_WINDOW
20315,100084.3,2026-08-26,,2026-08-26 16:22:01,OUT_OF_WINDOW
20317,100084.3,2026-08-26,,2026-08-26 18:22:16,OUT_OF_WINDOW
20320,100084.3,2026-08-27,,2026-08-27 01:30:36,OUT_OF_WINDOW
20323,100002.5,2026-08-27,,2026-08-27 02:50:30,OUT_OF_WINDOW
20324,100055.2,2026-08-27,,2026-08-27 02:50:46,OUT_OF_WINDOW
20325,100088.3,2026-08-27,,2026-08-27 02:56:54,OUT_OF_WINDOW
20330,100069.3,2026-08-27,,2026-08-27 03:02:20,OUT_OF_WINDOW
20333,100024.2,2026-08-27,,2026-08-27 03:12:34,OUT_OF_WINDOW
20335,100024.2,2026-08-27,,2026-08-27 03:13:32,OUT_OF_WINDOW
20339,100067.2,2026-08-27,,2026-08-27 03:29:36,OUT_OF_WINDOW
20340,100047.2,2026-08-27,,2026-08-27 03:29:46,OUT_OF_WINDOW
20343,100046.3,2026-08-27,,2026-08-27 03:31:53,OUT_OF_WINDOW
20349,100015.3,2026-08-27,,2026-08-27 04:11:28,OUT_OF_WINDOW
20353,100024.2,2026-08-27,,2026-08-27 04:14:18,OUT_OF_WINDOW
20355,100055.2,2026-08-27,,2026-08-27 04:33:18,OUT_OF_WINDOW
20360,100124.3,2026-08-27,,2026-08-27 04:55:44,OUT_OF_WINDOW
20367,100002.5,2026-08-27,,2026-08-27 05:21:57,OUT_OF_WINDOW
20370,100047.2,2026-08-27,,2026-08-27 05:34:16,OUT_OF_WINDOW
20371,100046.3,2026-08-27,,2026-08-27 05:36:52,OUT_OF_WINDOW
20372,100055.2,2026-08-27,,2026-08-27 05:37:54,OUT_OF_WINDOW
20373,100047.2,2026-08-27,,2026-08-27 06:34:42,OUT_OF_WINDOW
20374,100001.2,2026-08-27,,2026-08-27 06:42:03,OUT_OF_WINDOW
20375,100055.2,2026-08-27,,2026-08-27 06:46:56,OUT_OF_WINDOW
20376,100011.2,2026-08-26,,2026-08-26 18:04:38,OUT_OF_WINDOW
20378,100011.2,2026-08-27,,2026-08-27 07:04:43,OUT_OF_WINDOW
20380,100047.2,2026-08-27,,2026-08-27 07:35:13,OUT_OF_WINDOW
20381,100046.3,2026-08-27,,2026-08-27 07:37:42,OUT_OF_WINDOW
20382,100055.2,2026-08-27,,2026-08-27 07:55:42,OUT_OF_WINDOW
20386,100001.2,2026-08-27,,2026-08-27 08:33:47,OUT_OF_WINDOW
20388,100001.2,2026-08-27,,2026-08-27 08:34:54,OUT_OF_WINDOW
20389,100047.2,2026-08-27,,2026-08-27 08:35:25,OUT_OF_WINDOW
20390,100055.2,2026-08-27,,2026-08-27 09:00:33,OUT_OF_WINDOW
20393,100002.5,2026-08-27,,2026-08-27 07:22:26,OUT_OF_WINDOW
20395,100002.5,2026-08-27,,2026-08-27 09:30:58,OUT_OF_WINDOW
20398,100047.2,2026-08-27,,2026-08-27 09:40:07,OUT_OF_WINDOW
20399,100046.3,2026-08-27,,2026-08-27 09:40:09,OUT_OF_WINDOW
20400,100001.2,2026-08-27,,2026-08-27 09:42:17,OUT_OF_WINDOW
20407,100055.2,2026-08-27,,2026-08-27 10:01:19,OUT_OF_WINDOW
20408,100012.3,2026-08-27,,2026-08-27 09:33:44,OUT_OF_WINDOW
20412,100047.2,2026-08-27,,2026-08-27 10:40:37,OUT_OF_WINDOW
20413,100001.2,2026-08-27,,2026-08-27 10:42:56,OUT_OF_WINDOW
20414,100055.2,2026-08-27,,2026-08-27 11:09:34,OUT_OF_WINDOW
20415,100002.5,2026-08-27,,2026-08-27 11:31:01,OUT_OF_WINDOW
20416,100047.2,2026-08-27,,2026-08-27 11:40:40,OUT_OF_WINDOW
20417,100069.2,2026-08-27,,2026-08-27 11:43:37,OUT_OF_WINDOW
20418,100001.2,2026-08-27,,2026-08-27 11:45:03,OUT_OF_WINDOW
20419,100046.3,2026-08-27,,2026-08-27 11:47:50,OUT_OF_WINDOW
20420,100055.2,2026-08-27,,2026-08-27 12:09:45,OUT_OF_WINDOW
20426,100047.2,2026-08-27,,2026-08-27 12:40:47,OUT_OF_WINDOW
20427,100001.2,2026-08-27,,2026-08-27 12:46:55,OUT_OF_WINDOW
20428,100064.3,2026-08-27,,2026-08-27 00:49:23,OUT_OF_WINDOW
20430,100064.3,2026-08-27,,2026-08-27 02:52:07,OUT_OF_WINDOW
20433,100064.3,2026-08-27,,2026-08-27 05:05:59,OUT_OF_WINDOW
20437,100064.3,2026-08-27,,2026-08-27 07:12:32,OUT_OF_WINDOW
20442,100064.3,2026-08-27,,2026-08-27 09:12:58,OUT_OF_WINDOW
20448,100064.3,2026-08-27,,2026-08-27 11:13:10,OUT_OF_WINDOW
20450,100002.5,2026-08-27,,2026-08-27 13:31:38,OUT_OF_WINDOW
20452,100047.2,2026-08-27,,2026-08-27 13:42:48,OUT_OF_WINDOW
20453,100046.3,2026-08-27,,2026-08-27 13:48:00,OUT_OF_WINDOW
20456,100078.3,2026-08-27,,2026-08-27 14:11:07,OUT_OF_WINDOW
20458,100055.2,2026-08-27,,2026-08-27 14:18:58,OUT_OF_WINDOW
20460,100072.3,2026-08-27,,2026-08-27 14:38:47,OUT_OF_WINDOW
20461,100047.2,2026-08-27,,2026-08-27 14:43:01,OUT_OF_WINDOW
20462,100063.3,2026-08-27,,2026-08-27 14:44:09,OUT_OF_WINDOW
20464,100064.3,2026-08-27,,2026-08-27 15:14:57,OUT_OF_WINDOW
20465,100024.2,2026-08-27,,2026-08-27 06:13:07,OUT_OF_WINDOW
20467,100024.2,2026-08-27,,2026-08-27 11:13:03,OUT_OF_WINDOW
20470,100024.2,2026-08-27,,2026-08-27 15:27:56,OUT_OF_WINDOW
20471,100055.2,2026-08-27,,2026-08-27 15:29:09,OUT_OF_WINDOW
20472,100002.5,2026-08-27,,2026-08-27 15:32:04,OUT_OF_WINDOW
20473,100047.2,2026-08-27,,2026-08-27 15:47:00,OUT_OF_WINDOW
20474,100046.3,2026-08-27,,2026-08-27 15:48:09,OUT_OF_WINDOW
20475,100078.3,2026-08-27,,2026-08-27 16:11:40,OUT_OF_WINDOW
20478,100001.5,2026-08-27,,2026-08-27 08:41:57,OUT_OF_WINDOW
20480,100024.2,2026-08-27,,2026-08-27 16:28:06,OUT_OF_WINDOW
20481,100055.2,2026-08-27,,2026-08-27 16:38:38,OUT_OF_WINDOW
20482,100047.2,2026-08-27,,2026-08-27 16:47:07,OUT_OF_WINDOW
20483,100084.3,2026-08-27,,2026-08-27 03:43:37,OUT_OF_WINDOW
20485,100084.3,2026-08-27,,2026-08-27 05:53:30,OUT_OF_WINDOW
20488,100084.3,2026-08-27,,2026-08-27 08:03:01,OUT_OF_WINDOW
20492,100084.3,2026-08-27,,2026-08-27 12:29:40,OUT_OF_WINDOW
20497,100084.3,2026-08-27,,2026-08-27 14:47:11,OUT_OF_WINDOW
20503,100084.3,2026-08-27,,2026-08-27 16:47:43,OUT_OF_WINDOW
20504,100023.2,2026-08-27,,2026-08-27 17:01:08,OUT_OF_WINDOW
20505,100064.3,2026-08-27,,2026-08-27 17:18:38,OUT_OF_WINDOW
20506,100002.5,2026-08-27,,2026-08-27 17:32:31,OUT_OF_WINDOW
20507,100047.2,2026-08-27,,2026-08-27 17:50:44,OUT_OF_WINDOW
20508,100055.2,2026-08-27,,2026-08-27 17:51:44,OUT_OF_WINDOW
20509,100046.3,2026-08-27,,2026-08-27 17:51:48,OUT_OF_WINDOW
20510,100023.2,2026-08-27,,2026-08-27 18:20:05,OUT_OF_WINDOW
20511,100047.2,2026-08-27,,2026-08-27 18:50:48,OUT_OF_WINDOW
20512,100055.2,2026-08-27,,2026-08-27 18:52:13,OUT_OF_WINDOW
20513,100024.2,2026-08-27,,2026-08-27 18:57:53,OUT_OF_WINDOW
20514,100064.3,2026-08-28,,2026-08-27 19:19:09,OUT_OF_WINDOW
20515,100002.5,2026-08-28,,2026-08-27 19:34:38,OUT_OF_WINDOW
20516,100047.2,2026-08-28,,2026-08-27 19:52:17,OUT_OF_WINDOW
20517,100011.2,2026-08-28,,2026-08-27 20:05:17,OUT_OF_WINDOW
20518,100055.2,2026-08-28,,2026-08-27 20:07:46,OUT_OF_WINDOW
20519,100047.2,2026-08-28,,2026-08-27 20:54:13,OUT_OF_WINDOW
20520,100046.3,2026-08-28,,2026-08-27 20:55:42,OUT_OF_WINDOW
20521,100055.2,2026-08-28,,2026-08-27 21:07:54,OUT_OF_WINDOW
20522,100013.2,2026-08-27,,2026-08-26 22:06:35,OUT_OF_WINDOW
20524,100013.2,2026-08-28,,2026-08-27 21:12:06,OUT_OF_WINDOW
20525,100024.2,2026-08-28,,2026-08-27 20:10:00,OUT_OF_WINDOW
20527,100024.2,2026-08-28,,2026-08-27 21:14:08,OUT_OF_WINDOW
20528,100064.3,2026-08-28,,2026-08-27 21:19:12,OUT_OF_WINDOW
20529,100055.2,2026-08-28,,2026-08-27 22:12:59,OUT_OF_WINDOW
20530,100002.5,2026-08-28,,2026-08-27 22:31:00,OUT_OF_WINDOW
20531,100047.2,2026-08-28,,2026-08-27 22:31:54,OUT_OF_WINDOW
20532,100024.2,2026-08-28,,2026-08-27 22:34:36,OUT_OF_WINDOW
20533,100046.3,2026-08-28,,2026-08-27 22:56:13,OUT_OF_WINDOW
20534,100055.2,2026-08-28,,2026-08-27 23:15:45,OUT_OF_WINDOW
20535,100064.3,2026-08-28,,2026-08-27 23:19:13,OUT_OF_WINDOW
20536,100024.2,2026-08-28,,2026-08-27 23:50:03,OUT_OF_WINDOW
20537,100055.2,2026-08-28,,2026-08-28 00:19:21,OUT_OF_WINDOW
20538,100002.5,2026-08-28,,2026-08-28 00:33:49,OUT_OF_WINDOW
20539,100047.2,2026-08-28,,2026-08-28 00:38:01,OUT_OF_WINDOW
20540,100064.3,2026-08-28,,2026-08-28 01:26:03,OUT_OF_WINDOW
20541,100055.2,2026-08-28,,2026-08-28 01:37:41,OUT_OF_WINDOW
20542,100084.3,2026-08-28,,2026-08-27 19:09:23,OUT_OF_WINDOW
20544,100073.3,2026-08-27,,2026-08-27 13:26:06,OUT_OF_WINDOW
20546,100073.3,2026-08-28,,2026-08-28 02:31:50,OUT_OF_WINDOW
20548,100002.5,2026-08-28,,2026-08-28 02:34:03,OUT_OF_WINDOW
20549,100046.3,2026-08-28,,2026-08-28 02:38:13,OUT_OF_WINDOW
20550,100013.3,2026-08-28,,2026-08-28 02:40:12,OUT_OF_WINDOW
20551,100013.3,2026-08-28,,2026-08-28 02:46:17,OUT_OF_WINDOW
20555,100055.2,2026-08-28,,2026-08-28 03:20:16,OUT_OF_WINDOW
20559,100064.3,2026-08-28,,2026-08-28 03:33:45,OUT_OF_WINDOW
20561,100088.3,2026-08-28,,2026-08-28 03:37:58,OUT_OF_WINDOW
20567,100067.2,2026-08-28,,2026-08-28 04:13:42,OUT_OF_WINDOW
20577,100002.5,2026-08-28,,2026-08-28 04:34:12,OUT_OF_WINDOW
20581,100039.3,2026-08-28,,2026-08-28 04:45:50,OUT_OF_WINDOW
20586,100047.2,2026-08-28,,2026-08-28 03:10:15,OUT_OF_WINDOW
20588,100047.2,2026-08-28,,2026-08-28 04:48:14,OUT_OF_WINDOW
20589,100001.2,2026-08-28,,2026-08-28 04:53:48,OUT_OF_WINDOW
20596,100055.2,2026-08-28,,2026-08-28 05:20:47,OUT_OF_WINDOW
20600,100010.3,2026-08-28,,2026-08-28 05:33:59,OUT_OF_WINDOW
20605,100064.3,2026-08-28,,2026-08-28 05:46:50,OUT_OF_WINDOW
20606,100047.2,2026-08-28,,2026-08-28 05:50:26,OUT_OF_WINDOW
20607,100055.2,2026-08-28,,2026-08-28 06:25:02,OUT_OF_WINDOW
20609,100002.5,2026-08-28,,2026-08-28 06:34:27,OUT_OF_WINDOW
20610,100024.2,2026-08-28,,2026-08-28 06:35:21,OUT_OF_WINDOW
20611,100017.3,2026-08-28,,2026-08-28 06:39:40,OUT_OF_WINDOW
20613,100078.3,2026-08-27,,2026-08-27 18:11:49,OUT_OF_WINDOW
20615,100078.3,2026-08-28,,2026-08-28 06:49:33,OUT_OF_WINDOW
20616,100047.2,2026-08-28,,2026-08-28 06:51:05,OUT_OF_WINDOW
20617,100055.2,2026-08-28,,2026-08-28 07:25:05,OUT_OF_WINDOW
20621,100024.2,2026-08-28,,2026-08-28 07:38:51,OUT_OF_WINDOW
20622,100064.3,2026-08-28,,2026-08-28 07:47:12,OUT_OF_WINDOW
20623,100047.2,2026-08-28,,2026-08-28 07:53:39,OUT_OF_WINDOW
20624,100055.2,2026-08-28,,2026-08-28 08:27:28,OUT_OF_WINDOW
20626,100024.2,2026-08-28,,2026-08-28 08:48:31,OUT_OF_WINDOW
20627,100047.2,2026-08-28,,2026-08-28 08:56:29,OUT_OF_WINDOW
20628,100078.3,2026-08-28,,2026-08-28 08:59:24,OUT_OF_WINDOW
20629,100011.2,2026-08-28,,2026-08-28 09:05:33,OUT_OF_WINDOW
20632,100055.2,2026-08-28,,2026-08-28 09:31:58,OUT_OF_WINDOW
20634,100064.3,2026-08-28,,2026-08-28 09:52:06,OUT_OF_WINDOW
20635,100047.2,2026-08-28,,2026-08-28 10:08:45,OUT_OF_WINDOW
20636,100055.2,2026-08-28,,2026-08-28 10:33:19,OUT_OF_WINDOW
20637,100002.5,2026-08-28,,2026-08-28 10:42:13,OUT_OF_WINDOW
20638,100047.2,2026-08-28,,2026-08-28 11:09:27,OUT_OF_WINDOW
20640,100055.2,2026-08-28,,2026-08-28 11:33:22,OUT_OF_WINDOW
20641,100064.3,2026-08-28,,2026-08-28 12:04:37,OUT_OF_WINDOW
20642,100047.2,2026-08-28,,2026-08-28 12:16:30,OUT_OF_WINDOW
20643,100055.2,2026-08-28,,2026-08-28 12:33:25,OUT_OF_WINDOW
20646,100047.2,2026-08-28,,2026-08-28 13:16:39,OUT_OF_WINDOW
20647,100078.3,2026-08-28,,2026-08-28 11:17:04,OUT_OF_WINDOW
20649,100078.3,2026-08-28,,2026-08-28 13:22:22,OUT_OF_WINDOW
20651,100064.3,2026-08-28,,2026-08-28 14:16:25,OUT_OF_WINDOW
20652,100047.2,2026-08-28,,2026-08-28 14:20:54,OUT_OF_WINDOW
20655,100072.3,2026-08-28,,2026-08-28 14:40:40,OUT_OF_WINDOW
20662,100055.2,2026-08-28,,2026-08-28 14:56:00,OUT_OF_WINDOW
20665,100009.2,2026-08-28,,2026-08-28 15:03:20,OUT_OF_WINDOW
20667,100047.2,2026-08-28,,2026-08-28 15:21:05,OUT_OF_WINDOW
20668,100078.3,2026-08-28,,2026-08-28 15:24:44,OUT_OF_WINDOW
20669,100076.3,2026-08-28,,2026-08-28 15:44:48,OUT_OF_WINDOW
20670,100055.2,2026-08-28,,2026-08-28 16:01:40,OUT_OF_WINDOW
20671,100064.3,2026-08-28,,2026-08-28 16:25:46,OUT_OF_WINDOW
20672,100047.2,2026-08-28,,2026-08-28 16:27:53,OUT_OF_WINDOW
20673,100084.3,2026-08-28,,2026-08-28 03:39:16,OUT_OF_WINDOW
20675,100084.3,2026-08-28,,2026-08-28 06:00:07,OUT_OF_WINDOW
20678,100084.3,2026-08-28,,2026-08-28 10:08:26,OUT_OF_WINDOW
20682,100084.3,2026-08-28,,2026-08-28 12:29:17,OUT_OF_WINDOW
20687,100084.3,2026-08-28,,2026-08-28 14:29:59,OUT_OF_WINDOW
20693,100084.3,2026-08-28,,2026-08-28 16:33:56,OUT_OF_WINDOW
20694,100002.5,2026-08-28,,2026-08-28 12:42:44,OUT_OF_WINDOW
20696,100002.5,2026-08-28,,2026-08-28 16:43:42,OUT_OF_WINDOW
20698,100055.2,2026-08-28,,2026-08-28 17:08:42,OUT_OF_WINDOW
20699,100078.3,2026-08-28,,2026-08-28 17:24:53,OUT_OF_WINDOW
20700,100047.2,2026-08-28,,2026-08-28 17:38:11,OUT_OF_WINDOW
20701,100076.3,2026-08-28,,2026-08-28 17:46:12,OUT_OF_WINDOW
20702,100024.2,2026-08-28,,2026-08-28 09:48:57,OUT_OF_WINDOW
20704,100024.2,2026-08-28,,2026-08-28 15:39:22,OUT_OF_WINDOW
20707,100024.2,2026-08-28,,2026-08-28 17:49:28,OUT_OF_WINDOW
20708,100064.3,2026-08-28,,2026-08-28 18:26:41,OUT_OF_WINDOW
20709,100055.2,2026-08-28,,2026-08-28 18:32:40,OUT_OF_WINDOW
20710,100047.2,2026-08-28,,2026-08-28 18:38:43,OUT_OF_WINDOW
20711,100046.3,2026-08-28,,2026-08-28 18:45:50,OUT_OF_WINDOW
20712,100002.5,2026-08-28,,2026-08-28 18:50:29,OUT_OF_WINDOW
20713,100055.2,2026-08-29,,2026-08-28 19:32:48,OUT_OF_WINDOW
20714,100047.2,2026-08-29,,2026-08-28 19:53:43,OUT_OF_WINDOW
20715,100064.3,2026-08-29,,2026-08-28 20:27:14,OUT_OF_WINDOW
20716,100055.2,2026-08-29,,2026-08-28 20:42:42,OUT_OF_WINDOW
20717,100047.2,2026-08-29,,2026-08-28 21:07:54,OUT_OF_WINDOW
20718,100002.5,2026-08-29,,2026-08-28 21:29:59,OUT_OF_WINDOW
20719,100055.2,2026-08-29,,2026-08-28 21:43:33,OUT_OF_WINDOW
20720,100046.3,2026-08-29,,2026-08-28 21:44:43,OUT_OF_WINDOW
20721,100011.2,2026-08-29,,2026-08-28 22:13:43,OUT_OF_WINDOW
20722,100047.2,2026-08-29,,2026-08-28 22:24:11,OUT_OF_WINDOW
20723,100064.3,2026-08-29,,2026-08-28 22:27:59,OUT_OF_WINDOW
20724,100055.2,2026-08-29,,2026-08-28 22:45:17,OUT_OF_WINDOW
20725,100002.5,2026-08-29,,2026-08-28 23:31:24,OUT_OF_WINDOW
20726,100055.2,2026-08-29,,2026-08-28 23:46:42,OUT_OF_WINDOW
20727,100046.3,2026-08-29,,2026-08-28 23:50:54,OUT_OF_WINDOW
20728,100047.2,2026-08-29,,2026-08-29 00:00:15,OUT_OF_WINDOW
20729,100055.2,2026-08-29,,2026-08-29 00:48:00,OUT_OF_WINDOW
20730,100076.3,2026-08-29,,2026-08-28 19:48:46,OUT_OF_WINDOW
20732,100076.3,2026-08-29,,2026-08-28 23:24:41,OUT_OF_WINDOW
20735,100076.3,2026-08-29,,2026-08-29 01:29:30,OUT_OF_WINDOW
20736,100055.2,2026-08-29,,2026-08-29 01:49:27,OUT_OF_WINDOW
20737,100046.3,2026-08-29,,2026-08-29 01:51:24,OUT_OF_WINDOW
20738,100047.2,2026-08-29,,2026-08-29 02:01:15,OUT_OF_WINDOW
20740,100002.5,2026-08-29,,2026-08-29 02:08:52,OUT_OF_WINDOW
20742,100084.3,2026-08-28,,2026-08-28 18:53:20,OUT_OF_WINDOW
20744,100084.3,2026-08-29,,2026-08-29 01:30:39,OUT_OF_WINDOW
20746,100055.2,2026-08-29,,2026-08-29 02:52:49,OUT_OF_WINDOW
20755,100046.3,2026-08-29,,2026-08-29 03:51:39,OUT_OF_WINDOW
20757,100079.3,2026-08-29,,2026-08-29 04:05:02,OUT_OF_WINDOW
20760,100015.3,2026-08-29,,2026-08-29 04:11:27,OUT_OF_WINDOW
20769,100002.5,2026-08-29,,2026-08-29 04:30:45,OUT_OF_WINDOW
20770,100055.2,2026-08-29,,2026-08-29 04:35:13,OUT_OF_WINDOW
20779,100055.2,2026-08-29,,2026-08-29 05:35:17,OUT_OF_WINDOW
20781,100001.2,2026-08-29,,2026-08-29 06:05:04,OUT_OF_WINDOW
20782,100047.2,2026-08-29,,2026-08-29 05:09:19,OUT_OF_WINDOW
20784,100047.2,2026-08-29,,2026-08-29 06:11:44,OUT_OF_WINDOW
20785,100078.3,2026-08-29,,2026-08-28 19:39:52,OUT_OF_WINDOW
20787,100078.3,2026-08-29,,2026-08-29 06:13:01,OUT_OF_WINDOW
20790,100055.2,2026-08-29,,2026-08-29 06:35:52,OUT_OF_WINDOW
20793,100001.2,2026-08-29,,2026-08-29 07:10:01,OUT_OF_WINDOW
20794,100047.2,2026-08-29,,2026-08-29 07:20:56,OUT_OF_WINDOW
20795,100055.2,2026-08-29,,2026-08-29 07:35:54,OUT_OF_WINDOW
20798,100076.3,2026-08-29,,2026-08-29 03:52:34,OUT_OF_WINDOW
20800,100076.3,2026-08-29,,2026-08-29 05:52:49,OUT_OF_WINDOW
20803,100076.3,2026-08-29,,2026-08-29 07:52:58,OUT_OF_WINDOW
20805,100084.3,2026-08-29,,2026-08-29 04:06:09,OUT_OF_WINDOW
20807,100084.3,2026-08-29,,2026-08-29 08:15:54,OUT_OF_WINDOW
20808,100047.2,2026-08-29,,2026-08-29 08:21:22,OUT_OF_WINDOW
20809,100078.3,2026-08-29,,2026-08-29 08:26:22,OUT_OF_WINDOW
20810,100055.2,2026-08-29,,2026-08-29 08:36:09,OUT_OF_WINDOW
20813,100047.2,2026-08-29,,2026-08-29 09:21:30,OUT_OF_WINDOW
20815,100055.2,2026-08-29,,2026-08-29 09:38:00,OUT_OF_WINDOW
20817,100047.2,2026-08-29,,2026-08-29 10:22:22,OUT_OF_WINDOW
20818,100002.5,2026-08-29,,2026-08-29 06:30:51,OUT_OF_WINDOW
20820,100002.5,2026-08-29,,2026-08-29 08:40:20,OUT_OF_WINDOW
20823,100002.5,2026-08-29,,2026-08-29 10:40:28,OUT_OF_WINDOW
20824,100055.2,2026-08-29,,2026-08-29 10:40:55,OUT_OF_WINDOW
20825,100064.3,2026-08-29,,2026-08-29 02:49:08,OUT_OF_WINDOW
20827,100064.3,2026-08-29,,2026-08-29 04:49:14,OUT_OF_WINDOW
20830,100064.3,2026-08-29,,2026-08-29 06:49:25,OUT_OF_WINDOW
20836,100011.2,2026-08-29,,2026-08-29 11:16:16,OUT_OF_WINDOW
20837,100055.2,2026-08-29,,2026-08-29 11:41:49,OUT_OF_WINDOW
20838,100076.3,2026-08-29,,2026-08-29 09:53:14,OUT_OF_WINDOW
20840,100076.3,2026-08-29,,2026-08-29 11:59:43,OUT_OF_WINDOW
20841,100013.2,2026-08-29,,2026-08-29 12:09:53,OUT_OF_WINDOW
20843,100013.2,2026-08-29,,2026-08-29 12:10:13,OUT_OF_WINDOW
20845,100047.2,2026-08-29,,2026-08-29 11:42:50,OUT_OF_WINDOW
20847,100047.2,2026-08-29,,2026-08-29 12:44:33,OUT_OF_WINDOW
20848,100055.2,2026-08-29,,2026-08-29 12:48:01,OUT_OF_WINDOW
20856,100047.2,2026-08-29,,2026-08-29 13:44:41,OUT_OF_WINDOW
20857,100055.2,2026-08-29,,2026-08-29 13:48:47,OUT_OF_WINDOW
20862,100076.3,2026-08-29,,2026-08-29 14:04:26,OUT_OF_WINDOW
20866,100071.3,2026-08-29,,2026-08-29 14:31:45,OUT_OF_WINDOW
20867,100072.3,2026-08-29,,2026-08-29 14:32:17,OUT_OF_WINDOW
20868,100078.3,2026-08-29,,2026-08-29 10:27:01,OUT_OF_WINDOW
20870,100078.3,2026-08-29,,2026-08-29 14:35:37,OUT_OF_WINDOW
20871,100072.3,2026-08-29,,2026-08-29 14:40:13,OUT_OF_WINDOW
20872,100047.2,2026-08-29,,2026-08-29 14:45:27,OUT_OF_WINDOW
20873,100055.2,2026-08-29,,2026-08-29 14:49:49,OUT_OF_WINDOW
20875,100002.5,2026-08-29,,2026-08-29 12:47:10,OUT_OF_WINDOW
20877,100002.5,2026-08-29,,2026-08-29 14:55:42,OUT_OF_WINDOW
20880,100047.2,2026-08-29,,2026-08-29 15:45:56,OUT_OF_WINDOW
20881,100055.2,2026-08-29,,2026-08-29 15:57:57,OUT_OF_WINDOW
20882,100084.3,2026-08-29,,2026-08-29 10:16:56,OUT_OF_WINDOW
20884,100084.3,2026-08-29,,2026-08-29 12:17:10,OUT_OF_WINDOW
20887,100084.3,2026-08-29,,2026-08-29 14:18:56,OUT_OF_WINDOW
20891,100084.3,2026-08-29,,2026-08-29 16:19:23,OUT_OF_WINDOW
20897,100013.3,2026-08-29,,2026-08-29 16:24:25,OUT_OF_WINDOW
20901,100013.3,2026-08-29,,2026-08-29 16:25:04,OUT_OF_WINDOW
20902,100078.3,2026-08-29,,2026-08-29 16:36:26,OUT_OF_WINDOW
20903,100046.2,2026-08-29,,2026-08-29 16:38:24,OUT_OF_WINDOW
20904,100002.5,2026-08-29,,2026-08-29 16:56:11,OUT_OF_WINDOW
20906,100047.2,2026-08-29,,2026-08-29 17:11:23,OUT_OF_WINDOW
20907,100055.2,2026-08-29,,2026-08-29 17:13:06,OUT_OF_WINDOW
20908,100003.3,2026-08-29,,2026-08-29 17:13:26,OUT_OF_WINDOW
20911,100064.3,2026-08-29,,2026-08-29 13:21:05,OUT_OF_WINDOW
20913,100064.3,2026-08-29,,2026-08-29 15:26:14,OUT_OF_WINDOW
20916,100064.3,2026-08-29,,2026-08-29 17:41:45,OUT_OF_WINDOW
20917,100055.2,2026-08-29,,2026-08-29 18:20:52,OUT_OF_WINDOW
20918,100078.3,2026-08-29,,2026-08-29 18:36:31,OUT_OF_WINDOW
20919,100002.5,2026-08-29,,2026-08-29 18:56:40,OUT_OF_WINDOW
20920,100046.3,2026-08-30,,2026-08-29 19:15:01,OUT_OF_WINDOW
20921,100047.2,2026-08-29,,2026-08-29 18:15:45,OUT_OF_WINDOW
20923,100047.2,2026-08-30,,2026-08-29 19:19:54,OUT_OF_WINDOW
20924,100064.3,2026-08-30,,2026-08-29 19:42:15,OUT_OF_WINDOW
20925,100055.2,2026-08-30,,2026-08-29 19:43:24,OUT_OF_WINDOW
20926,100078.3,2026-08-30,,2026-08-29 20:36:58,OUT_OF_WINDOW
20927,100055.2,2026-08-30,,2026-08-29 20:43:35,OUT_OF_WINDOW
20928,100002.5,2026-08-30,,2026-08-29 20:57:43,OUT_OF_WINDOW
20929,100046.3,2026-08-30,,2026-08-29 21:19:46,OUT_OF_WINDOW
20930,100013.3,2026-08-30,,2026-08-29 21:24:56,OUT_OF_WINDOW
20931,100047.2,2026-08-30,,2026-08-29 20:19:59,OUT_OF_WINDOW
20933,100047.2,2026-08-30,,2026-08-29 21:25:28,OUT_OF_WINDOW
20934,100064.3,2026-08-30,,2026-08-29 21:45:25,OUT_OF_WINDOW
20935,100055.2,2026-08-30,,2026-08-29 21:48:28,OUT_OF_WINDOW
20936,100047.2,2026-08-30,,2026-08-29 22:25:59,OUT_OF_WINDOW
20937,100078.3,2026-08-30,,2026-08-29 22:39:03,OUT_OF_WINDOW
20938,100055.2,2026-08-30,,2026-08-29 22:53:58,OUT_OF_WINDOW
20939,100002.5,2026-08-30,,2026-08-29 22:58:13,OUT_OF_WINDOW
20940,100013.3,2026-08-30,,2026-08-29 23:26:44,OUT_OF_WINDOW
20941,100047.2,2026-08-30,,2026-08-29 23:26:51,OUT_OF_WINDOW
20942,100064.3,2026-08-30,,2026-08-29 23:46:54,OUT_OF_WINDOW
20943,100046.3,2026-08-30,,2026-08-29 23:53:45,OUT_OF_WINDOW
20944,100011.2,2026-08-30,,2026-08-30 00:16:54,OUT_OF_WINDOW
20945,100055.2,2026-08-30,,2026-08-30 00:22:26,OUT_OF_WINDOW
20946,100078.3,2026-08-30,,2026-08-30 00:40:16,OUT_OF_WINDOW
20947,100002.5,2026-08-30,,2026-08-30 00:59:21,OUT_OF_WINDOW
20948,100047.2,2026-08-30,,2026-08-30 00:26:52,OUT_OF_WINDOW
20950,100047.2,2026-08-30,,2026-08-30 01:31:16,OUT_OF_WINDOW
20951,100064.3,2026-08-30,,2026-08-30 01:52:53,OUT_OF_WINDOW
20952,100046.3,2026-08-30,,2026-08-30 01:56:01,OUT_OF_WINDOW
20954,100055.2,2026-08-30,,2026-08-30 02:22:59,OUT_OF_WINDOW
20955,100047.2,2026-08-30,,2026-08-30 02:31:31,OUT_OF_WINDOW
20956,100084.3,2026-08-29,,2026-08-29 18:28:17,OUT_OF_WINDOW
20958,100084.3,2026-08-30,,2026-08-30 01:30:37,OUT_OF_WINDOW
20960,100047.2,2026-08-30,,2026-08-30 03:40:57,OUT_OF_WINDOW
20961,100023.2,2026-08-30,,2026-08-30 03:49:09,OUT_OF_WINDOW
20967,100004.2,2026-08-30,,2026-08-30 03:58:54,OUT_OF_WINDOW
20968,100002.5,2026-08-30,,2026-08-30 03:59:03,OUT_OF_WINDOW
20969,100064.3,2026-08-30,,2026-08-30 04:05:35,OUT_OF_WINDOW
20970,100046.3,2026-08-30,,2026-08-30 04:14:08,OUT_OF_WINDOW
20973,100047.2,2026-08-30,,2026-08-30 04:58:23,OUT_OF_WINDOW
20976,100047.2,2026-08-30,,2026-08-30 05:58:28,OUT_OF_WINDOW
20977,100064.3,2026-08-30,,2026-08-30 06:07:23,OUT_OF_WINDOW
20978,100046.3,2026-08-30,,2026-08-30 06:19:37,OUT_OF_WINDOW
20979,100055.2,2026-08-30,,2026-08-30 06:23:32,OUT_OF_WINDOW
20980,100078.3,2026-08-30,,2026-08-30 02:40:32,OUT_OF_WINDOW
20982,100078.3,2026-08-30,,2026-08-30 04:57:31,OUT_OF_WINDOW
20985,100078.3,2026-08-30,,2026-08-30 06:58:23,OUT_OF_WINDOW
20986,100047.2,2026-08-30,,2026-08-30 07:07:53,OUT_OF_WINDOW
20987,100055.2,2026-08-30,,2026-08-30 07:25:41,OUT_OF_WINDOW
20988,100002.5,2026-08-30,,2026-08-30 05:59:42,OUT_OF_WINDOW
20990,100002.5,2026-08-30,,2026-08-30 08:03:42,OUT_OF_WINDOW
20991,100047.2,2026-08-30,,2026-08-30 08:08:54,OUT_OF_WINDOW
20992,100064.3,2026-08-30,,2026-08-30 08:11:35,OUT_OF_WINDOW
20993,100046.3,2026-08-30,,2026-08-30 08:26:16,OUT_OF_WINDOW
20994,100055.2,2026-08-30,,2026-08-30 08:28:34,OUT_OF_WINDOW
20995,100047.2,2026-08-30,,2026-08-30 09:17:21,OUT_OF_WINDOW
20996,100055.2,2026-08-30,,2026-08-30 09:43:22,OUT_OF_WINDOW
20997,100064.3,2026-08-30,,2026-08-30 10:12:12,OUT_OF_WINDOW
20998,100047.2,2026-08-30,,2026-08-30 10:18:14,OUT_OF_WINDOW
20999,100046.3,2026-08-30,,2026-08-30 10:26:20,OUT_OF_WINDOW
21000,100055.2,2026-08-30,,2026-08-30 11:06:51,OUT_OF_WINDOW
21001,100078.3,2026-08-30,,2026-08-30 09:09:08,OUT_OF_WINDOW
21003,100078.3,2026-08-30,,2026-08-30 11:09:40,OUT_OF_WINDOW
21004,100047.2,2026-08-30,,2026-08-30 11:29:42,OUT_OF_WINDOW
21005,100002.5,2026-08-30,,2026-08-30 10:04:07,OUT_OF_WINDOW
21007,100002.5,2026-08-30,,2026-08-30 12:10:29,OUT_OF_WINDOW
21008,100046.3,2026-08-30,,2026-08-30 12:26:39,OUT_OF_WINDOW
21009,100064.3,2026-08-30,,2026-08-30 12:28:08,OUT_OF_WINDOW
21010,100055.2,2026-08-30,,2026-08-30 13:07:21,OUT_OF_WINDOW
21011,100011.2,2026-08-30,,2026-08-30 13:18:18,OUT_OF_WINDOW
21012,100047.2,2026-08-30,,2026-08-30 12:43:25,OUT_OF_WINDOW
21014,100047.2,2026-08-30,,2026-08-30 13:48:21,OUT_OF_WINDOW
21015,100055.2,2026-08-30,,2026-08-30 14:11:49,OUT_OF_WINDOW
21016,100046.3,2026-08-30,,2026-08-30 14:26:41,OUT_OF_WINDOW
21017,100064.3,2026-08-30,,2026-08-30 14:28:18,OUT_OF_WINDOW
21020,100084.3,2026-08-30,,2026-08-30 03:31:30,OUT_OF_WINDOW
21022,100084.3,2026-08-30,,2026-08-30 07:53:14,OUT_OF_WINDOW
21025,100084.3,2026-08-30,,2026-08-30 10:41:21,OUT_OF_WINDOW
21029,100084.3,2026-08-30,,2026-08-30 13:02:13,OUT_OF_WINDOW
21034,100084.3,2026-08-30,,2026-08-30 15:02:26,OUT_OF_WINDOW
21035,100078.3,2026-08-30,,2026-08-30 13:18:24,OUT_OF_WINDOW
21037,100078.3,2026-08-30,,2026-08-30 15:18:58,OUT_OF_WINDOW
21038,100047.2,2026-08-30,,2026-08-30 14:49:16,OUT_OF_WINDOW
21040,100047.2,2026-08-30,,2026-08-30 15:49:53,OUT_OF_WINDOW
21041,100023.2,2026-08-30,,2026-08-30 15:54:06,OUT_OF_WINDOW
21042,100002.5,2026-08-30,,2026-08-30 14:10:43,OUT_OF_WINDOW
21044,100002.5,2026-08-30,,2026-08-30 16:14:37,OUT_OF_WINDOW
21045,100055.2,2026-08-30,,2026-08-30 15:12:03,OUT_OF_WINDOW
21047,100055.2,2026-08-30,,2026-08-30 16:19:16,OUT_OF_WINDOW
21048,100004.2,2026-08-30,,2026-08-30 16:20:31,OUT_OF_WINDOW
21049,100046.3,2026-08-30,,2026-08-30 16:32:04,OUT_OF_WINDOW
21050,100064.3,2026-08-30,,2026-08-30 16:36:33,OUT_OF_WINDOW
21051,100047.2,2026-08-30,,2026-08-30 16:49:58,OUT_OF_WINDOW
21052,100084.3,2026-08-30,,2026-08-30 17:02:41,OUT_OF_WINDOW
21053,100078.3,2026-08-30,,2026-08-30 17:25:28,OUT_OF_WINDOW
21054,100055.2,2026-08-30,,2026-08-30 17:33:41,OUT_OF_WINDOW
21055,100047.2,2026-08-30,,2026-08-30 18:04:49,OUT_OF_WINDOW
21056,100046.3,2026-08-30,,2026-08-30 18:40:52,OUT_OF_WINDOW
21057,100064.3,2026-08-30,,2026-08-30 18:46:25,OUT_OF_WINDOW
21058,100047.2,2026-08-31,,2026-08-30 19:38:46,OUT_OF_WINDOW
21059,100055.2,2026-08-31,,2026-08-30 19:52:39,OUT_OF_WINDOW
21060,100047.2,2026-08-31,,2026-08-30 20:45:31,OUT_OF_WINDOW
21061,100064.3,2026-08-31,,2026-08-30 20:47:33,OUT_OF_WINDOW
21062,100055.2,2026-08-31,,2026-08-30 20:53:34,OUT_OF_WINDOW
21063,100047.2,2026-08-31,,2026-08-30 21:46:10,OUT_OF_WINDOW
21064,100055.2,2026-08-31,,2026-08-30 21:54:23,OUT_OF_WINDOW
21065,100002.5,2026-08-30,,2026-08-30 18:14:59,OUT_OF_WINDOW
21067,100002.5,2026-08-31,,2026-08-30 20:15:27,OUT_OF_WINDOW
21070,100002.5,2026-08-31,,2026-08-30 22:42:28,OUT_OF_WINDOW
21071,100064.3,2026-08-31,,2026-08-30 22:47:56,OUT_OF_WINDOW
21072,100055.2,2026-08-31,,2026-08-30 22:54:24,OUT_OF_WINDOW
21073,100078.3,2026-08-31,,2026-08-30 23:08:41,OUT_OF_WINDOW
21074,100055.2,2026-08-31,,2026-08-30 23:55:00,OUT_OF_WINDOW
21075,100046.3,2026-08-31,,2026-08-30 20:48:07,OUT_OF_WINDOW
21077,100046.3,2026-08-31,,2026-08-30 23:55:31,OUT_OF_WINDOW
21078,100002.5,2026-08-31,,2026-08-31 00:44:02,OUT_OF_WINDOW
21079,100047.2,2026-08-31,,2026-08-30 22:46:58,OUT_OF_WINDOW
21081,100047.2,2026-08-31,,2026-08-31 00:48:00,OUT_OF_WINDOW
21082,100064.3,2026-08-31,,2026-08-31 00:48:47,OUT_OF_WINDOW
21083,100055.2,2026-08-31,,2026-08-31 00:59:50,OUT_OF_WINDOW
21088,100047.2,2026-08-31,,2026-08-31 01:49:20,OUT_OF_WINDOW
21089,100055.2,2026-08-31,,2026-08-31 02:00:00,OUT_OF_WINDOW
21090,100073.3,2026-08-31,,2026-08-31 02:03:44,OUT_OF_WINDOW
21092,100084.3,2026-08-31,,2026-08-31 01:30:36,OUT_OF_WINDOW
21094,100046.3,2026-08-31,,2026-08-31 02:21:23,OUT_OF_WINDOW
21095,100002.5,2026-08-31,,2026-08-31 02:50:50,OUT_OF_WINDOW
21096,100011.2,2026-08-31,,2026-08-31 02:54:50,OUT_OF_WINDOW
21099,100047.2,2026-08-31,,2026-08-31 03:09:10,OUT_OF_WINDOW
21101,100078.3,2026-08-31,,2026-08-31 01:13:58,OUT_OF_WINDOW
21102,100078.3,2026-08-31,,2026-08-31 03:18:56,OUT_OF_WINDOW
21103,100055.2,2026-08-31,,2026-08-31 03:20:33,OUT_OF_WINDOW
21106,100003.3,2026-08-31,,2026-08-31 03:46:27,OUT_OF_WINDOW
21112,100067.2,2026-08-31,,2026-08-31 03:59:48,OUT_OF_WINDOW
21115,100013.3,2026-08-30,,2026-08-30 01:27:34,OUT_OF_WINDOW
21118,100055.2,2026-08-31,,2026-08-31 04:25:17,OUT_OF_WINDOW
21119,100046.3,2026-08-31,,2026-08-31 04:26:11,OUT_OF_WINDOW
21121,100124.3,2026-08-31,,2026-08-31 04:31:47,OUT_OF_WINDOW
21123,100047.2,2026-08-31,,2026-08-31 04:51:20,OUT_OF_WINDOW
21137,100055.2,2026-08-31,,2026-08-31 05:27:57,OUT_OF_WINDOW
21141,100006.2,2026-08-31,,2026-08-31 06:13:45,OUT_OF_WINDOW
21142,100047.2,2026-08-31,,2026-08-31 06:22:42,OUT_OF_WINDOW
21143,100055.2,2026-08-31,,2026-08-31 06:33:14,OUT_OF_WINDOW
21144,100046.3,2026-08-31,,2026-08-31 06:37:28,OUT_OF_WINDOW
21145,100002.5,2026-08-31,,2026-08-31 04:51:06,OUT_OF_WINDOW
21147,100002.5,2026-08-31,,2026-08-31 06:51:16,OUT_OF_WINDOW
21148,100047.2,2026-08-31,,2026-08-31 07:22:49,OUT_OF_WINDOW
21149,100055.2,2026-08-31,,2026-08-31 07:33:37,OUT_OF_WINDOW
21150,100001.2,2026-08-29,,2026-08-29 08:10:46,OUT_OF_WINDOW
21152,100001.2,2026-08-29,,2026-08-29 08:10:48,OUT_OF_WINDOW
21155,100001.2,2026-08-31,,2026-08-31 08:04:56,OUT_OF_WINDOW
21160,100055.2,2026-08-31,,2026-08-31 08:34:18,OUT_OF_WINDOW
21161,100047.2,2026-08-31,,2026-08-31 08:38:54,OUT_OF_WINDOW
21162,100002.5,2026-08-31,,2026-08-31 08:51:25,OUT_OF_WINDOW
21164,100047.2,2026-08-31,,2026-08-31 09:41:24,OUT_OF_WINDOW
21165,100055.2,2026-08-31,,2026-08-31 09:42:33,OUT_OF_WINDOW
21166,100046.3,2026-08-31,,2026-08-31 08:48:17,OUT_OF_WINDOW
21167,100013.2,2026-08-31,,2026-08-31 10:37:37,OUT_OF_WINDOW
21168,100001.2,2026-08-31,,2026-08-31 10:42:22,OUT_OF_WINDOW
21169,100055.2,2026-08-31,,2026-08-31 10:42:45,OUT_OF_WINDOW
21170,100047.2,2026-08-31,,2026-08-31 10:43:26,OUT_OF_WINDOW
21172,100046.3,2026-08-31,,2026-08-31 10:52:07,OUT_OF_WINDOW
21173,100126.3,2026-08-31,,2026-08-31 08:53:41,OUT_OF_WINDOW
21175,100126.3,2026-08-31,,2026-08-31 10:54:54,OUT_OF_WINDOW
21176,100002.5,2026-08-31,,2026-08-31 10:58:42,OUT_OF_WINDOW
21178,100055.2,2026-08-31,,2026-08-31 11:44:11,OUT_OF_WINDOW
21179,100047.2,2026-08-31,,2026-08-31 11:45:32,OUT_OF_WINDOW
21180,100003.3,2026-08-31,,2026-08-31 12:02:14,OUT_OF_WINDOW
21184,100055.2,2026-08-31,,2026-08-31 12:44:16,OUT_OF_WINDOW
21185,100047.2,2026-08-31,,2026-08-31 12:52:01,OUT_OF_WINDOW
21186,100046.3,2026-08-31,,2026-08-31 12:52:17,OUT_OF_WINDOW
21189,100002.5,2026-08-31,,2026-08-31 13:00:01,OUT_OF_WINDOW
21203,100073.3,2026-08-31,,2026-08-31 13:20:24,OUT_OF_WINDOW
21204,100055.2,2026-08-31,,2026-08-31 13:46:54,OUT_OF_WINDOW
21205,100047.2,2026-08-31,,2026-08-31 13:53:35,OUT_OF_WINDOW
21206,100061.3,2026-08-31,,2026-08-31 14:16:30,OUT_OF_WINDOW
21208,100055.2,2026-08-31,,2026-08-31 14:49:49,OUT_OF_WINDOW
21209,100046.3,2026-08-31,,2026-08-31 14:52:52,OUT_OF_WINDOW
21210,100047.2,2026-08-31,,2026-08-31 14:54:18,OUT_OF_WINDOW
21213,100002.5,2026-08-31,,2026-08-31 15:00:17,OUT_OF_WINDOW
21216,100055.2,2026-08-31,,2026-08-31 15:52:58,OUT_OF_WINDOW
21217,100047.2,2026-08-31,,2026-08-31 15:55:07,OUT_OF_WINDOW
21218,100011.2,2026-08-31,,2026-08-31 15:55:23,OUT_OF_WINDOW
21219,100067.2,2026-08-31,,2026-08-31 16:02:56,OUT_OF_WINDOW
21225,100015.3,2026-08-31,,2026-08-31 16:11:24,OUT_OF_WINDOW
21226,100064.3,2026-08-31,,2026-08-31 14:11:28,OUT_OF_WINDOW
21228,100064.3,2026-08-31,,2026-08-31 16:11:42,OUT_OF_WINDOW
21229,100067.2,2026-08-31,,2026-08-31 16:26:23,OUT_OF_WINDOW
21230,100084.3,2026-08-31,,2026-08-31 03:41:16,OUT_OF_WINDOW
21232,100084.3,2026-08-31,,2026-08-31 06:01:39,OUT_OF_WINDOW
21235,100084.3,2026-08-31,,2026-08-31 08:14:09,OUT_OF_WINDOW
21239,100084.3,2026-08-31,,2026-08-31 12:26:28,OUT_OF_WINDOW
21244,100084.3,2026-08-31,,2026-08-31 14:28:03,OUT_OF_WINDOW
21250,100084.3,2026-08-31,,2026-08-31 16:28:43,OUT_OF_WINDOW
21254,100002.5,2026-08-31,,2026-08-31 17:02:27,OUT_OF_WINDOW
21255,100055.2,2026-08-31,,2026-08-31 17:06:35,OUT_OF_WINDOW
21256,100047.2,2026-08-31,,2026-08-31 16:55:56,OUT_OF_WINDOW
21258,100047.2,2026-08-31,,2026-08-31 17:56:23,OUT_OF_WINDOW
21259,100064.3,2026-08-31,,2026-08-31 18:26:11,OUT_OF_WINDOW
21260,100047.2,2026-08-31,,2026-08-31 18:56:58,OUT_OF_WINDOW
21261,100126.3,2026-08-31,,2026-08-31 17:06:30,OUT_OF_WINDOW
21263,100126.3,2026-09-01,,2026-08-31 19:07:06,OUT_OF_WINDOW
21264,100055.2,2026-09-01,,2026-08-31 19:10:28,OUT_OF_WINDOW
21265,100046.3,2026-08-31,,2026-08-31 16:58:52,OUT_OF_WINDOW
21267,100046.3,2026-09-01,,2026-08-31 19:11:51,OUT_OF_WINDOW
21268,100002.5,2026-09-01,,2026-08-31 19:19:23,OUT_OF_WINDOW
21269,100064.3,2026-09-01,,2026-08-31 20:26:44,OUT_OF_WINDOW
21270,100047.2,2026-09-01,,2026-08-31 20:36:12,OUT_OF_WINDOW
21271,100055.2,2026-09-01,,2026-08-31 21:10:59,OUT_OF_WINDOW
21272,100047.2,2026-09-01,,2026-08-31 21:59:33,OUT_OF_WINDOW
21273,100055.2,2026-09-01,,2026-08-31 22:11:25,OUT_OF_WINDOW
21274,100046.3,2026-09-01,,2026-08-31 22:23:16,OUT_OF_WINDOW
21275,100064.3,2026-09-01,,2026-08-31 22:26:46,OUT_OF_WINDOW
21276,100002.5,2026-09-01,,2026-08-31 22:54:42,OUT_OF_WINDOW
21277,100047.2,2026-09-01,,2026-08-31 23:01:07,OUT_OF_WINDOW
21278,100055.2,2026-09-01,,2026-08-31 23:13:04,OUT_OF_WINDOW
21279,100055.2,2026-09-01,,2026-09-01 00:21:55,OUT_OF_WINDOW
21281,100047.2,2026-09-01,,2026-09-01 01:01:35,OUT_OF_WINDOW
21282,100002.5,2026-09-01,,2026-09-01 01:06:23,OUT_OF_WINDOW
21283,100064.3,2026-09-01,,2026-09-01 00:50:06,OUT_OF_WINDOW
21287,100055.2,2026-09-01,,2026-09-01 01:22:33,OUT_OF_WINDOW
21288,100073.3,2026-09-01,,2026-09-01 02:03:59,OUT_OF_WINDOW
21289,100055.2,2026-09-01,,2026-09-01 02:40:59,OUT_OF_WINDOW
21290,100126.3,2026-09-01,,2026-09-01 00:38:29,OUT_OF_WINDOW
21292,100126.3,2026-09-01,,2026-09-01 02:49:34,OUT_OF_WINDOW
21294,100046.3,2026-09-01,,2026-09-01 00:56:56,OUT_OF_WINDOW
21296,100046.3,2026-09-01,,2026-09-01 02:57:16,OUT_OF_WINDOW
21299,100055.2,2026-09-01,,2026-09-01 03:41:15,OUT_OF_WINDOW
21307,100001.3,2026-09-01,,2026-09-01 04:06:43,OUT_OF_WINDOW
21312,100071.3,2026-09-01,,2026-09-01 04:14:06,OUT_OF_WINDOW
21314,100015.3,2026-09-01,,2026-09-01 04:29:20,OUT_OF_WINDOW
21316,100084.3,2026-08-31,,2026-08-31 18:54:25,OUT_OF_WINDOW
21318,100084.3,2026-09-01,,2026-09-01 01:28:48,OUT_OF_WINDOW
21321,100084.3,2026-09-01,,2026-09-01 03:34:27,OUT_OF_WINDOW
21326,100047.2,2026-09-01,,2026-09-01 04:57:24,OUT_OF_WINDOW
21328,100011.2,2026-09-01,,2026-09-01 04:58:41,OUT_OF_WINDOW
21334,100055.2,2026-09-01,,2026-09-01 05:15:11,OUT_OF_WINDOW
21340,100055.2,2026-09-01,,2026-09-01 06:18:50,OUT_OF_WINDOW
21341,100078.3,2026-08-31,,2026-08-31 17:51:26,OUT_OF_WINDOW
21343,100078.3,2026-09-01,,2026-09-01 06:23:47,OUT_OF_WINDOW
21344,100047.2,2026-09-01,,2026-09-01 06:38:31,OUT_OF_WINDOW
21345,100055.2,2026-09-01,,2026-09-01 07:25:40,OUT_OF_WINDOW
21347,100047.2,2026-09-01,,2026-09-01 07:38:37,OUT_OF_WINDOW
21348,100002.5,2026-09-01,,2026-09-01 03:07:27,OUT_OF_WINDOW
21350,100002.5,2026-09-01,,2026-09-01 05:51:06,OUT_OF_WINDOW
21353,100002.5,2026-09-01,,2026-09-01 07:51:09,OUT_OF_WINDOW
21357,100055.2,2026-09-01,,2026-09-01 08:25:43,OUT_OF_WINDOW
21358,100078.3,2026-09-01,,2026-09-01 08:36:10,OUT_OF_WINDOW
21359,100047.2,2026-09-01,,2026-09-01 08:43:53,OUT_OF_WINDOW
21360,100055.2,2026-09-01,,2026-09-01 09:26:33,OUT_OF_WINDOW
21361,100195.1,2026-09-01,,2026-09-01 09:31:49,OUT_OF_WINDOW
21367,100002.5,2026-09-01,,2026-09-01 09:52:52,OUT_OF_WINDOW
21368,100047.2,2026-09-01,,2026-09-01 09:59:56,OUT_OF_WINDOW
21371,100055.2,2026-09-01,,2026-09-01 10:26:47,OUT_OF_WINDOW
21372,100047.2,2026-09-01,,2026-09-01 11:00:06,OUT_OF_WINDOW
21373,100002.1,2026-09-01,,2026-09-01 11:02:05,OUT_OF_WINDOW
21374,100046.3,2026-09-01,,2026-09-01 04:59:50,OUT_OF_WINDOW
21376,100046.3,2026-09-01,,2026-09-01 07:02:59,OUT_OF_WINDOW
21379,100046.3,2026-09-01,,2026-09-01 09:04:52,OUT_OF_WINDOW
21383,100046.3,2026-09-01,,2026-09-01 11:05:19,OUT_OF_WINDOW
21385,100055.2,2026-09-01,,2026-09-01 11:26:56,OUT_OF_WINDOW
21387,100002.5,2026-09-01,,2026-09-01 11:59:48,OUT_OF_WINDOW
21388,100055.2,2026-09-01,,2026-09-01 12:27:20,OUT_OF_WINDOW
21389,100046.2,2026-09-01,,2026-09-01 12:30:15,OUT_OF_WINDOW
21405,100078.3,2026-09-01,,2026-09-01 10:39:54,OUT_OF_WINDOW
21407,100078.3,2026-09-01,,2026-09-01 12:40:56,OUT_OF_WINDOW
21410,100046.3,2026-09-01,,2026-09-01 13:05:53,OUT_OF_WINDOW
21412,100055.2,2026-09-01,,2026-09-01 13:28:07,OUT_OF_WINDOW
21413,100046.2,2026-09-01,,2026-09-01 13:34:01,OUT_OF_WINDOW
21415,100047.2,2026-09-01,,2026-09-01 12:00:30,OUT_OF_WINDOW
21417,100047.2,2026-09-01,,2026-09-01 13:00:36,OUT_OF_WINDOW
21420,100047.2,2026-09-01,,2026-09-01 14:00:54,OUT_OF_WINDOW
21422,100002.5,2026-09-01,,2026-09-01 14:25:30,OUT_OF_WINDOW
21423,100055.2,2026-09-01,,2026-09-01 14:37:23,OUT_OF_WINDOW
21424,100037.2,2026-09-01,,2026-09-01 06:10:57,OUT_OF_WINDOW
21425,100037.2,2026-09-01,,2026-09-01 06:10:57,OUT_OF_WINDOW
21429,100047.2,2026-09-01,,2026-09-01 15:00:57,OUT_OF_WINDOW
21432,100046.3,2026-09-01,,2026-09-01 15:10:18,OUT_OF_WINDOW
21433,100055.2,2026-09-01,,2026-09-01 15:47:24,OUT_OF_WINDOW
21434,100064.3,2026-09-01,,2026-09-01 15:56:36,OUT_OF_WINDOW
21435,100047.2,2026-09-01,,2026-09-01 16:01:20,OUT_OF_WINDOW
21437,100056.2,2026-09-01,,2026-09-01 16:22:17,OUT_OF_WINDOW
21438,100084.3,2026-09-01,,2026-09-01 05:46:12,OUT_OF_WINDOW
21440,100084.3,2026-09-01,,2026-09-01 10:00:39,OUT_OF_WINDOW
21443,100084.3,2026-09-01,,2026-09-01 12:12:27,OUT_OF_WINDOW
21447,100084.3,2026-09-01,,2026-09-01 14:25:59,OUT_OF_WINDOW
21452,100084.3,2026-09-01,,2026-09-01 16:26:51,OUT_OF_WINDOW
21453,100002.5,2026-09-01,,2026-09-01 16:56:56,OUT_OF_WINDOW
21454,100055.2,2026-09-01,,2026-09-01 17:04:10,OUT_OF_WINDOW
21455,100047.2,2026-09-01,,2026-09-01 17:04:49,OUT_OF_WINDOW
21456,100078.3,2026-09-01,,2026-09-01 15:03:15,OUT_OF_WINDOW
21458,100078.3,2026-09-01,,2026-09-01 17:08:24,OUT_OF_WINDOW
21459,100046.3,2026-09-01,,2026-09-01 17:54:42,OUT_OF_WINDOW
21465,100126.3,2026-09-01,,2026-09-01 15:56:24,OUT_OF_WINDOW
21469,100126.3,2026-09-01,,2026-09-01 17:58:25,OUT_OF_WINDOW
21470,100011.2,2026-09-01,,2026-09-01 17:58:57,OUT_OF_WINDOW
21471,100055.2,2026-09-01,,2026-09-01 18:04:53,OUT_OF_WINDOW
21472,100064.3,2026-09-01,,2026-09-01 18:06:59,OUT_OF_WINDOW
21475,100002.5,2026-09-01,,2026-09-01 18:57:41,OUT_OF_WINDOW
21476,100055.2,2026-09-02,,2026-09-01 19:20:10,OUT_OF_WINDOW
21477,100047.2,2026-09-01,,2026-09-01 18:14:37,OUT_OF_WINDOW
21479,100047.2,2026-09-02,,2026-09-01 19:21:49,OUT_OF_WINDOW
21480,100017.3,2026-09-02,,2026-09-01 19:23:24,OUT_OF_WINDOW
21481,100017.3,2026-09-02,,2026-09-01 19:29:34,OUT_OF_WINDOW
21483,100064.3,2026-09-02,,2026-09-01 20:07:37,OUT_OF_WINDOW
21484,100047.2,2026-09-02,,2026-09-01 20:30:42,OUT_OF_WINDOW
21485,100046.3,2026-09-02,,2026-09-01 21:11:44,OUT_OF_WINDOW
21488,100015.3,2026-09-02,,2026-09-01 21:14:11,OUT_OF_WINDOW
21489,100002.5,2026-09-02,,2026-09-01 21:17:23,OUT_OF_WINDOW
21490,100064.3,2026-09-02,,2026-09-01 22:07:59,OUT_OF_WINDOW
21491,100055.2,2026-09-02,,2026-09-01 22:50:22,OUT_OF_WINDOW
21492,100015.3,2026-09-02,,2026-09-01 23:15:01,OUT_OF_WINDOW
21493,100047.2,2026-09-02,,2026-09-01 23:22:25,OUT_OF_WINDOW
21494,100002.5,2026-09-02,,2026-09-01 23:32:24,OUT_OF_WINDOW
21495,100055.2,2026-09-02,,2026-09-01 23:50:24,OUT_OF_WINDOW
21496,100064.3,2026-09-02,,2026-09-02 00:09:39,OUT_OF_WINDOW
21497,100047.2,2026-09-02,,2026-09-02 00:23:02,OUT_OF_WINDOW
21498,100055.2,2026-09-02,,2026-09-02 00:50:27,OUT_OF_WINDOW
21501,100046.3,2026-09-02,,2026-09-02 01:02:21,OUT_OF_WINDOW
21503,100076.3,2026-09-02,,2026-09-02 01:12:08,OUT_OF_WINDOW
21505,100015.3,2026-09-02,,2026-09-02 01:16:26,OUT_OF_WINDOW
21507,100047.2,2026-09-02,,2026-09-02 01:23:51,OUT_OF_WINDOW
21508,100002.5,2026-09-02,,2026-09-02 01:34:06,OUT_OF_WINDOW
21510,100055.2,2026-09-02,,2026-09-02 01:52:05,OUT_OF_WINDOW
21512,100047.2,2026-09-02,,2026-09-02 02:24:01,OUT_OF_WINDOW
21513,100055.2,2026-09-02,,2026-09-02 02:52:22,OUT_OF_WINDOW
21517,100046.3,2026-09-02,,2026-09-02 03:02:26,OUT_OF_WINDOW
21518,100047.2,2026-09-02,,2026-09-02 03:24:33,OUT_OF_WINDOW
21522,100002.5,2026-09-02,,2026-09-02 03:44:55,OUT_OF_WINDOW
21524,100055.2,2026-09-02,,2026-09-02 03:54:43,OUT_OF_WINDOW
21525,100004.2,2026-09-02,,2026-09-02 03:56:44,OUT_OF_WINDOW
21526,100126.3,2026-09-02,,2026-09-02 03:57:26,OUT_OF_WINDOW
21542,100047.2,2026-09-02,,2026-09-02 04:25:24,OUT_OF_WINDOW
21546,100055.2,2026-09-02,,2026-09-02 04:55:25,OUT_OF_WINDOW
21547,100002.1,2026-09-02,,2026-09-02 04:59:41,OUT_OF_WINDOW
21551,100047.2,2026-09-02,,2026-09-02 05:30:30,OUT_OF_WINDOW
21553,100660.1,2026-09-02,,2026-09-02 05:35:31,OUT_OF_WINDOW
21554,100195.1,2026-09-02,,2026-09-02 05:36:13,OUT_OF_WINDOW
21561,100078.3,2026-09-02,,2026-09-01 19:09:09,OUT_OF_WINDOW
21563,100078.3,2026-09-02,,2026-09-02 06:05:35,OUT_OF_WINDOW
21564,100055.2,2026-09-02,,2026-09-02 06:07:20,OUT_OF_WINDOW
21565,100126.3,2026-09-02,,2026-09-02 06:11:43,OUT_OF_WINDOW
21567,100047.2,2026-09-02,,2026-09-02 06:49:07,OUT_OF_WINDOW
21569,100055.2,2026-09-02,,2026-09-02 07:09:21,OUT_OF_WINDOW
21578,100047.2,2026-09-02,,2026-09-02 07:53:48,OUT_OF_WINDOW
21579,100002.5,2026-09-02,,2026-09-02 05:55:49,OUT_OF_WINDOW
21581,100002.5,2026-09-02,,2026-09-02 08:03:14,OUT_OF_WINDOW
21582,100078.3,2026-09-02,,2026-09-02 08:08:16,OUT_OF_WINDOW
21583,100055.2,2026-09-02,,2026-09-02 08:10:00,OUT_OF_WINDOW
21585,100047.2,2026-09-02,,2026-09-02 09:02:35,OUT_OF_WINDOW
21586,100055.2,2026-09-02,,2026-09-02 09:14:50,OUT_OF_WINDOW
21598,100047.2,2026-09-02,,2026-09-02 10:04:14,OUT_OF_WINDOW
21599,100002.5,2026-09-02,,2026-09-02 10:15:06,OUT_OF_WINDOW
21602,100055.2,2026-09-02,,2026-09-02 10:53:03,OUT_OF_WINDOW
21603,100047.2,2026-09-02,,2026-09-02 11:22:27,OUT_OF_WINDOW
21606,100002.5,2026-09-02,,2026-09-02 12:20:57,OUT_OF_WINDOW
21607,100047.2,2026-09-02,,2026-09-02 12:23:14,OUT_OF_WINDOW
21610,100078.3,2026-09-02,,2026-09-02 10:38:18,OUT_OF_WINDOW
21612,100078.3,2026-09-02,,2026-09-02 12:41:21,OUT_OF_WINDOW
21616,100055.2,2026-09-02,,2026-09-02 11:56:20,OUT_OF_WINDOW
21618,100055.2,2026-09-02,,2026-09-02 13:05:57,OUT_OF_WINDOW
21625,100047.2,2026-09-02,,2026-09-02 13:24:24,OUT_OF_WINDOW
21628,100002.5,2026-09-02,,2026-09-02 14:21:58,OUT_OF_WINDOW
21629,100047.2,2026-09-02,,2026-09-02 14:24:29,OUT_OF_WINDOW
21632,100078.3,2026-09-02,,2026-09-02 14:56:47,OUT_OF_WINDOW
21634,100055.2,2026-09-02,,2026-09-02 14:11:01,OUT_OF_WINDOW
21636,100055.2,2026-09-02,,2026-09-02 15:17:14,OUT_OF_WINDOW
21637,100047.2,2026-09-02,,2026-09-02 15:31:55,OUT_OF_WINDOW
21638,100064.3,2026-09-02,,2026-09-02 15:34:41,OUT_OF_WINDOW
21641,100055.2,2026-09-02,,2026-09-02 16:18:03,OUT_OF_WINDOW
21642,100088.3,2026-09-02,,2026-09-02 16:19:37,OUT_OF_WINDOW
21643,100015.3,2026-09-02,,2026-09-02 16:23:47,OUT_OF_WINDOW
21644,100047.2,2026-09-02,,2026-09-02 16:34:45,OUT_OF_WINDOW
21646,100078.3,2026-09-02,,2026-09-02 17:01:01,OUT_OF_WINDOW
21647,100055.2,2026-09-02,,2026-09-02 17:19:28,OUT_OF_WINDOW
21648,100047.2,2026-09-02,,2026-09-02 17:37:16,OUT_OF_WINDOW
21649,100064.3,2026-09-02,,2026-09-02 17:42:49,OUT_OF_WINDOW
21650,100078.3,2026-09-02,,2026-09-02 17:47:48,OUT_OF_WINDOW
21651,100055.2,2026-09-02,,2026-09-02 18:21:14,OUT_OF_WINDOW
21652,100002.5,2026-09-02,,2026-09-02 16:22:28,OUT_OF_WINDOW
21654,100002.5,2026-09-02,,2026-09-02 18:22:37,OUT_OF_WINDOW
21655,100047.2,2026-09-02,,2026-09-02 18:38:20,OUT_OF_WINDOW
21656,100004.2,2026-09-02,,2026-09-02 18:53:14,OUT_OF_WINDOW
21657,100126.3,2026-09-02,,2026-09-02 15:13:52,OUT_OF_WINDOW
21659,100126.3,2026-09-02,,2026-09-02 17:15:32,OUT_OF_WINDOW
21662,100126.3,2026-09-03,,2026-09-02 19:20:29,OUT_OF_WINDOW
21663,100047.2,2026-09-03,,2026-09-02 19:38:28,OUT_OF_WINDOW
21664,100064.3,2026-09-03,,2026-09-02 19:45:11,OUT_OF_WINDOW
21665,100055.2,2026-09-03,,2026-09-02 19:45:20,OUT_OF_WINDOW
21666,100048.3,2026-09-03,,2026-09-02 19:46:26,OUT_OF_WINDOW
21667,100011.2,2026-09-02,,2026-09-02 06:59:19,OUT_OF_WINDOW
21669,100011.2,2026-09-03,,2026-09-02 20:06:28,OUT_OF_WINDOW
21670,100002.5,2026-09-03,,2026-09-02 20:23:07,OUT_OF_WINDOW
21671,100047.2,2026-09-03,,2026-09-02 20:39:21,OUT_OF_WINDOW
21672,100055.2,2026-09-03,,2026-09-02 20:46:05,OUT_OF_WINDOW
21673,100015.3,2026-09-03,,2026-09-02 21:17:48,OUT_OF_WINDOW
21674,100064.3,2026-09-03,,2026-09-02 21:45:47,OUT_OF_WINDOW
21675,100055.2,2026-09-03,,2026-09-02 21:46:07,OUT_OF_WINDOW
21676,100047.2,2026-09-03,,2026-09-02 22:05:31,OUT_OF_WINDOW
21677,100048.3,2026-09-03,,2026-09-02 22:26:07,OUT_OF_WINDOW
21678,100055.2,2026-09-03,,2026-09-02 22:50:05,OUT_OF_WINDOW
21679,100002.5,2026-09-03,,2026-09-02 22:55:45,OUT_OF_WINDOW
21680,100064.3,2026-09-03,,2026-09-02 23:45:49,OUT_OF_WINDOW
21681,100055.2,2026-09-03,,2026-09-02 23:53:59,OUT_OF_WINDOW
21682,100047.2,2026-09-03,,2026-09-03 00:11:40,OUT_OF_WINDOW
21683,100048.3,2026-09-03,,2026-09-03 00:26:56,OUT_OF_WINDOW
21684,100055.2,2026-09-03,,2026-09-03 00:56:59,OUT_OF_WINDOW
21687,100002.5,2026-09-03,,2026-09-03 01:06:21,OUT_OF_WINDOW
21690,100046.2,2026-09-02,,2026-09-01 23:00:46,OUT_OF_WINDOW
21692,100046.2,2026-09-03,,2026-09-02 22:50:46,OUT_OF_WINDOW
21695,100046.2,2026-09-03,,2026-09-03 02:00:20,OUT_OF_WINDOW
21696,100055.2,2026-09-03,,2026-09-03 02:00:01,OUT_OF_WINDOW
21699,100048.3,2026-09-03,,2026-09-03 02:28:52,OUT_OF_WINDOW
21700,100046.2,2026-09-03,,2026-09-03 03:00:23,OUT_OF_WINDOW
21703,100055.2,2026-09-03,,2026-09-03 03:04:55,OUT_OF_WINDOW
21704,100069.3,2026-09-03,,2026-09-03 03:05:49,OUT_OF_WINDOW
21705,100002.5,2026-09-03,,2026-09-03 03:16:28,OUT_OF_WINDOW
21706,100126.3,2026-09-03,,2026-09-02 21:21:34,OUT_OF_WINDOW
21708,100126.3,2026-09-03,,2026-09-02 23:22:36,OUT_OF_WINDOW
21711,100126.3,2026-09-03,,2026-09-03 01:51:23,OUT_OF_WINDOW
21724,100076.3,2026-09-03,,2026-09-03 03:39:53,OUT_OF_WINDOW
21728,100078.3,2026-09-02,,2026-09-02 17:53:08,OUT_OF_WINDOW
21736,100004.2,2026-09-03,,2026-09-03 04:11:28,OUT_OF_WINDOW
21737,100015.3,2026-09-03,,2026-09-03 04:11:38,OUT_OF_WINDOW
21741,100023.2,2026-09-03,,2026-09-03 04:14:15,OUT_OF_WINDOW
21746,100047.2,2026-09-03,,2026-09-03 04:22:21,OUT_OF_WINDOW
21753,100055.2,2026-09-03,,2026-09-03 04:59:21,OUT_OF_WINDOW
21759,100002.5,2026-09-03,,2026-09-03 05:18:32,OUT_OF_WINDOW
21767,100047.2,2026-09-03,,2026-09-03 05:45:30,OUT_OF_WINDOW
21772,100055.2,2026-09-03,,2026-09-03 06:14:59,OUT_OF_WINDOW
21774,100047.2,2026-09-03,,2026-09-03 07:03:59,OUT_OF_WINDOW
21775,100055.2,2026-09-03,,2026-09-03 07:15:28,OUT_OF_WINDOW
21777,100002.5,2026-09-03,,2026-09-03 07:19:16,OUT_OF_WINDOW
21783,100047.2,2026-09-03,,2026-09-03 08:04:51,OUT_OF_WINDOW
21784,100055.2,2026-09-03,,2026-09-03 08:16:51,OUT_OF_WINDOW
21786,100011.2,2026-09-03,,2026-09-03 09:06:59,OUT_OF_WINDOW
21787,100047.2,2026-09-03,,2026-09-03 09:07:18,OUT_OF_WINDOW
21789,100055.2,2026-09-03,,2026-09-03 09:20:24,OUT_OF_WINDOW
21798,100055.2,2026-09-03,,2026-09-03 10:20:32,OUT_OF_WINDOW
21800,100047.2,2026-09-03,,2026-09-03 10:26:22,OUT_OF_WINDOW
21820,100002.5,2026-09-03,,2026-09-03 09:19:40,OUT_OF_WINDOW
21822,100002.5,2026-09-03,,2026-09-03 11:20:19,OUT_OF_WINDOW
21823,100047.2,2026-09-03,,2026-09-03 11:28:34,OUT_OF_WINDOW
21834,100055.2,2026-09-03,,2026-09-03 11:21:38,OUT_OF_WINDOW
21836,100055.2,2026-09-03,,2026-09-03 12:22:24,OUT_OF_WINDOW
21838,100047.2,2026-09-03,,2026-09-03 12:36:28,OUT_OF_WINDOW
21841,100055.2,2026-09-03,,2026-09-03 13:28:01,OUT_OF_WINDOW
21842,100002.5,2026-09-03,,2026-09-03 13:28:41,OUT_OF_WINDOW
21844,100047.2,2026-09-03,,2026-09-03 13:47:33,OUT_OF_WINDOW
21846,100084.3,2026-09-01,,2026-09-01 18:40:30,OUT_OF_WINDOW
21848,100084.3,2026-09-02,,2026-09-02 01:30:42,OUT_OF_WINDOW
21851,100084.3,2026-09-02,,2026-09-02 03:42:29,OUT_OF_WINDOW
21855,100084.3,2026-09-02,,2026-09-02 05:43:27,OUT_OF_WINDOW
21860,100084.3,2026-09-02,,2026-09-02 11:54:44,OUT_OF_WINDOW
21866,100084.3,2026-09-02,,2026-09-02 13:55:37,OUT_OF_WINDOW
21873,100084.3,2026-09-02,,2026-09-02 16:01:02,OUT_OF_WINDOW
21881,100084.3,2026-09-02,,2026-09-02 18:05:38,OUT_OF_WINDOW
21890,100084.3,2026-09-03,,2026-09-03 01:30:37,OUT_OF_WINDOW
21900,100084.3,2026-09-03,,2026-09-03 03:44:33,OUT_OF_WINDOW
21911,100084.3,2026-09-03,,2026-09-03 06:11:07,OUT_OF_WINDOW
21923,100084.3,2026-09-03,,2026-09-03 08:12:35,OUT_OF_WINDOW
21936,100084.3,2026-09-03,,2026-09-03 10:20:20,OUT_OF_WINDOW
21950,100084.3,2026-09-03,,2026-09-03 12:28:50,OUT_OF_WINDOW
21965,100084.3,2026-09-03,,2026-09-03 14:28:58,OUT_OF_WINDOW
21966,100055.2,2026-09-03,,2026-09-03 14:30:43,OUT_OF_WINDOW
21967,100069.3,2026-09-03,,2026-09-03 14:31:21,OUT_OF_WINDOW
21968,100072.3,2026-09-03,,2026-09-03 14:31:38,OUT_OF_WINDOW
21969,100063.3,2026-09-03,,2026-09-03 14:40:32,OUT_OF_WINDOW
21970,100071.3,2026-09-03,,2026-09-03 03:26:03,OUT_OF_WINDOW
21972,100047.2,2026-09-03,,2026-09-03 14:53:29,OUT_OF_WINDOW
21974,100064.3,2026-09-03,,2026-09-03 13:02:37,OUT_OF_WINDOW
21976,100064.3,2026-09-03,,2026-09-03 15:03:09,OUT_OF_WINDOW
21978,100055.2,2026-09-03,,2026-09-03 15:35:05,OUT_OF_WINDOW
21979,100655.1,2026-09-03,,2026-09-03 15:58:56,OUT_OF_WINDOW
21980,100047.2,2026-09-03,,2026-09-03 16:05:38,OUT_OF_WINDOW
21982,100055.2,2026-09-03,,2026-09-03 16:38:58,OUT_OF_WINDOW
21983,100080.3,2026-09-03,,2026-09-03 16:48:17,OUT_OF_WINDOW
21984,100064.3,2026-09-03,,2026-09-03 17:03:42,OUT_OF_WINDOW
21985,100004.2,2026-09-03,,2026-09-03 17:38:17,OUT_OF_WINDOW
21986,100055.2,2026-09-03,,2026-09-03 17:45:20,OUT_OF_WINDOW
21988,100014.3,2026-09-03,,2026-09-03 17:58:01,OUT_OF_WINDOW
21989,100047.2,2026-09-03,,2026-09-03 17:06:06,OUT_OF_WINDOW
21991,100047.2,2026-09-03,,2026-09-03 18:06:18,OUT_OF_WINDOW
21997,100046.3,2026-09-03,,2026-09-03 18:38:31,OUT_OF_WINDOW
21998,100055.2,2026-09-03,,2026-09-03 18:50:36,OUT_OF_WINDOW
21999,100064.3,2026-09-04,,2026-09-03 19:03:44,OUT_OF_WINDOW
22000,100047.2,2026-09-04,,2026-09-03 19:19:56,OUT_OF_WINDOW
22001,100055.2,2026-09-04,,2026-09-03 20:02:45,OUT_OF_WINDOW
22002,100047.2,2026-09-04,,2026-09-03 20:26:45,OUT_OF_WINDOW
22003,100055.2,2026-09-04,,2026-09-03 21:03:12,OUT_OF_WINDOW
22004,100064.3,2026-09-04,,2026-09-03 21:04:16,OUT_OF_WINDOW
22005,100047.2,2026-09-04,,2026-09-03 21:26:50,OUT_OF_WINDOW
22006,100055.2,2026-09-04,,2026-09-03 22:04:29,OUT_OF_WINDOW
22007,100011.2,2026-09-04,,2026-09-03 22:07:06,OUT_OF_WINDOW
22008,100047.2,2026-09-04,,2026-09-03 22:29:00,OUT_OF_WINDOW
22009,100046.3,2026-09-04,,2026-09-03 22:41:15,OUT_OF_WINDOW
22010,100064.3,2026-09-04,,2026-09-03 23:04:19,OUT_OF_WINDOW
22011,100055.2,2026-09-04,,2026-09-03 23:05:28,OUT_OF_WINDOW
22012,100047.2,2026-09-04,,2026-09-04 00:00:11,OUT_OF_WINDOW
22013,100055.2,2026-09-04,,2026-09-04 00:06:27,OUT_OF_WINDOW
22014,100024.2,2026-08-29,,2026-08-29 04:19:48,OUT_OF_WINDOW
22016,100024.2,2026-08-29,,2026-08-29 05:21:20,OUT_OF_WINDOW
22019,100024.2,2026-08-29,,2026-08-29 06:29:57,OUT_OF_WINDOW
22023,100024.2,2026-08-29,,2026-08-29 07:32:38,OUT_OF_WINDOW
22028,100024.2,2026-09-04,,2026-09-03 23:57:22,OUT_OF_WINDOW
22034,100024.2,2026-09-04,,2026-09-04 00:06:31,OUT_OF_WINDOW
22035,100002.5,2026-09-03,,2026-09-03 15:29:24,OUT_OF_WINDOW
22037,100002.5,2026-09-03,,2026-09-03 17:43:32,OUT_OF_WINDOW
22040,100002.5,2026-09-04,,2026-09-03 19:56:35,OUT_OF_WINDOW
22044,100002.5,2026-09-04,,2026-09-03 21:58:17,OUT_OF_WINDOW
22049,100002.5,2026-09-04,,2026-09-04 00:13:24,OUT_OF_WINDOW
22051,100055.2,2026-09-04,,2026-09-04 01:07:26,OUT_OF_WINDOW
22052,100046.3,2026-09-04,,2026-09-04 01:25:38,OUT_OF_WINDOW
22055,100047.2,2026-09-04,,2026-09-04 02:00:42,OUT_OF_WINDOW
22056,100055.2,2026-09-04,,2026-09-04 02:08:55,OUT_OF_WINDOW
22057,100073.3,2026-09-03,,2026-09-03 13:25:42,OUT_OF_WINDOW
22058,100073.3,2026-09-04,,2026-09-04 02:10:47,OUT_OF_WINDOW
22059,100084.3,2026-09-03,,2026-09-03 16:41:44,OUT_OF_WINDOW
22061,100084.3,2026-09-04,,2026-09-04 01:30:40,OUT_OF_WINDOW
22063,100002.5,2026-09-04,,2026-09-04 02:13:57,OUT_OF_WINDOW
22072,100024.2,2026-09-04,,2026-09-04 03:02:04,OUT_OF_WINDOW
22073,100047.2,2026-09-04,,2026-09-04 03:03:14,OUT_OF_WINDOW
22078,100055.2,2026-09-04,,2026-09-04 03:12:03,OUT_OF_WINDOW
22079,100046.3,2026-09-04,,2026-09-04 03:27:08,OUT_OF_WINDOW
22084,100047.2,2026-09-04,,2026-09-04 04:03:53,OUT_OF_WINDOW
22086,100011.3,2026-09-04,,2026-09-03 22:24:16,OUT_OF_WINDOW
22094,100041.3,2026-09-04,,2026-09-04 04:14:43,OUT_OF_WINDOW
22097,100055.2,2026-09-04,,2026-09-04 04:18:09,OUT_OF_WINDOW
22104,100067.2,2026-09-04,,2026-09-04 04:34:04,OUT_OF_WINDOW
22105,100660.1,2026-09-04,,2026-09-04 04:54:59,OUT_OF_WINDOW
22109,100124.3,2026-09-04,,2026-09-04 05:03:30,OUT_OF_WINDOW
22114,100047.2,2026-09-04,,2026-09-04 05:20:39,OUT_OF_WINDOW
22115,100195.1,2026-09-04,,2026-09-04 05:43:40,OUT_OF_WINDOW
22119,100055.2,2026-09-04,,2026-09-04 06:00:45,OUT_OF_WINDOW
22125,100002.5,2026-09-04,,2026-09-04 04:20:06,OUT_OF_WINDOW
22127,100002.5,2026-09-04,,2026-09-04 06:20:11,OUT_OF_WINDOW
22128,100047.2,2026-09-04,,2026-09-04 06:39:03,OUT_OF_WINDOW
22134,100047.2,2026-09-04,,2026-09-04 07:47:30,OUT_OF_WINDOW
22157,100002.5,2026-09-04,,2026-09-04 08:24:37,OUT_OF_WINDOW
22159,100055.2,2026-09-04,,2026-09-04 07:15:42,OUT_OF_WINDOW
22160,100055.2,2026-09-04,,2026-09-04 08:45:48,OUT_OF_WINDOW
22161,100047.2,2026-09-04,,2026-09-04 08:51:35,OUT_OF_WINDOW
22165,100047.2,2026-09-04,,2026-09-04 09:52:11,OUT_OF_WINDOW
22178,100002.5,2026-09-04,,2026-09-04 10:29:46,OUT_OF_WINDOW
22184,100055.2,2026-09-04,,2026-09-04 09:46:27,OUT_OF_WINDOW
22185,100055.2,2026-09-04,,2026-09-04 10:49:07,OUT_OF_WINDOW
22186,100047.2,2026-09-04,,2026-09-04 10:52:32,OUT_OF_WINDOW
22187,100660.1,2026-09-04,,2026-09-04 11:04:53,OUT_OF_WINDOW
22188,100011.2,2026-09-04,,2026-09-04 11:07:50,OUT_OF_WINDOW
22190,100047.2,2026-09-04,,2026-09-04 11:52:55,OUT_OF_WINDOW
22191,100055.2,2026-09-04,,2026-09-04 11:55:40,OUT_OF_WINDOW
22200,100002.5,2026-09-04,,2026-09-04 12:30:25,OUT_OF_WINDOW
22205,100047.2,2026-09-04,,2026-09-04 13:00:19,OUT_OF_WINDOW
22206,100067.2,2026-09-04,,2026-09-04 13:05:44,OUT_OF_WINDOW
22207,100046.2,2026-09-04,,2026-09-04 13:16:22,OUT_OF_WINDOW
22209,100047.2,2026-09-04,,2026-09-04 14:04:13,OUT_OF_WINDOW
22210,100055.2,2026-09-04,,2026-09-04 12:57:08,OUT_OF_WINDOW
22211,100055.2,2026-09-04,,2026-09-04 14:10:11,OUT_OF_WINDOW
22212,100002.5,2026-09-04,,2026-09-04 14:30:45,OUT_OF_WINDOW
22213,100069.3,2026-09-04,,2026-09-04 14:31:16,OUT_OF_WINDOW
22214,100072.3,2026-09-04,,2026-09-04 14:33:55,OUT_OF_WINDOW
22217,100126.3,2026-09-04,,2026-09-04 14:49:34,OUT_OF_WINDOW
22218,100047.2,2026-09-04,,2026-09-04 15:08:22,OUT_OF_WINDOW
22219,100055.2,2026-09-04,,2026-09-04 15:16:51,OUT_OF_WINDOW
22220,100063.3,2026-09-04,,2026-09-04 15:27:43,OUT_OF_WINDOW
22221,100047.2,2026-09-04,,2026-09-04 16:13:08,OUT_OF_WINDOW
22222,100055.2,2026-09-04,,2026-09-04 16:19:10,OUT_OF_WINDOW
22223,100079.3,2026-09-04,,2026-09-04 17:11:28,OUT_OF_WINDOW
22224,100055.3,2026-09-04,,2026-09-04 17:24:01,OUT_OF_WINDOW
22225,100047.2,2026-09-04,,2026-09-04 17:25:15,OUT_OF_WINDOW
22226,100063.3,2026-09-04,,2026-09-04 17:38:03,OUT_OF_WINDOW
22227,100100.3,2026-09-04,,2026-09-04 17:38:37,OUT_OF_WINDOW
22228,100055.2,2026-09-04,,2026-09-04 17:58:49,OUT_OF_WINDOW
22229,100084.3,2026-09-04,,2026-09-04 03:43:49,OUT_OF_WINDOW
22230,100084.3,2026-09-04,,2026-09-04 06:10:26,OUT_OF_WINDOW
22231,100084.3,2026-09-04,,2026-09-04 08:30:49,OUT_OF_WINDOW
22232,100084.3,2026-09-04,,2026-09-04 15:10:22,OUT_OF_WINDOW
22233,100084.3,2026-09-04,,2026-09-04 17:17:32,OUT_OF_WINDOW
22234,100047.2,2026-09-04,,2026-09-04 18:33:15,OUT_OF_WINDOW
22235,100002.5,2026-09-04,,2026-09-04 16:34:19,OUT_OF_WINDOW
22236,100002.5,2026-09-04,,2026-09-04 18:35:00,OUT_OF_WINDOW
22237,100055.2,2026-09-05,,2026-09-04 19:01:39,OUT_OF_WINDOW
22238,100055.3,2026-09-05,,2026-09-04 19:26:40,OUT_OF_WINDOW
22239,100069.3,2026-09-05,,2026-09-04 19:31:52,OUT_OF_WINDOW
22240,100063.3,2026-09-05,,2026-09-04 19:38:33,OUT_OF_WINDOW
22241,100047.2,2026-09-05,,2026-09-04 19:39:51,OUT_OF_WINDOW
22242,100055.2,2026-09-05,,2026-09-04 20:02:51,OUT_OF_WINDOW
22243,100002.5,2026-09-05,,2026-09-04 20:35:28,OUT_OF_WINDOW
22244,100047.2,2026-09-05,,2026-09-04 20:40:04,OUT_OF_WINDOW
22245,100055.2,2026-09-05,,2026-09-04 21:07:40,OUT_OF_WINDOW
22246,100063.3,2026-09-05,,2026-09-04 21:38:34,OUT_OF_WINDOW
22247,100047.2,2026-09-05,,2026-09-04 21:45:51,OUT_OF_WINDOW
22248,100055.2,2026-09-05,,2026-09-04 22:08:26,OUT_OF_WINDOW
22249,100055.2,2026-09-05,,2026-09-04 23:09:27,OUT_OF_WINDOW
22250,100047.2,2026-09-05,,2026-09-04 23:30:18,OUT_OF_WINDOW
22251,100063.3,2026-09-05,,2026-09-04 23:38:36,OUT_OF_WINDOW
22252,100011.2,2026-09-05,,2026-09-05 00:08:23,OUT_OF_WINDOW
22253,100055.2,2026-09-05,,2026-09-05 00:11:52,OUT_OF_WINDOW
22254,100055.2,2026-09-05,,2026-09-05 01:22:49,OUT_OF_WINDOW
22255,100063.3,2026-09-05,,2026-09-05 01:39:00,OUT_OF_WINDOW
22258,100144.3,2026-09-05,,2026-09-05 02:21:51,OUT_OF_WINDOW
22261,100055.2,2026-09-05,,2026-09-05 02:49:21,OUT_OF_WINDOW
22277,100013.3,2026-09-05,,2026-09-04 21:31:20,OUT_OF_WINDOW
22303,100055.2,2026-09-05,,2026-09-05 04:49:52,OUT_OF_WINDOW
22312,100062.3,2026-09-05,,2026-09-05 05:26:35,OUT_OF_WINDOW
22317,100047.2,2026-09-05,,2026-09-05 01:20:06,OUT_OF_WINDOW
22318,100047.2,2026-09-05,,2026-09-05 05:41:14,OUT_OF_WINDOW
22319,100055.2,2026-09-05,,2026-09-05 06:28:31,OUT_OF_WINDOW
22320,100002.5,2026-09-05,,2026-09-04 22:52:34,OUT_OF_WINDOW
22321,100002.5,2026-09-05,,2026-09-05 01:02:57,OUT_OF_WINDOW
22322,100002.5,2026-09-05,,2026-09-05 04:34:30,OUT_OF_WINDOW
22323,100002.5,2026-09-05,,2026-09-05 06:34:33,OUT_OF_WINDOW
22324,100047.2,2026-09-05,,2026-09-05 06:41:23,OUT_OF_WINDOW
22328,100055.2,2026-09-05,,2026-09-05 07:29:18,OUT_OF_WINDOW
22329,100047.2,2026-09-05,,2026-09-05 07:50:56,OUT_OF_WINDOW
22330,100055.2,2026-09-05,,2026-09-05 08:30:47,OUT_OF_WINDOW
22332,100072.2,2026-09-05,,2026-09-05 08:55:16,OUT_OF_WINDOW
22333,100047.2,2026-09-05,,2026-09-05 09:02:39,OUT_OF_WINDOW
22334,100055.2,2026-09-05,,2026-09-05 09:34:35,OUT_OF_WINDOW
22335,100047.2,2026-09-05,,2026-09-05 10:09:13,OUT_OF_WINDOW
22336,100055.2,2026-09-05,,2026-09-05 10:35:16,OUT_OF_WINDOW
22337,100002.5,2026-09-05,,2026-09-05 08:41:21,OUT_OF_WINDOW
22338,100002.5,2026-09-05,,2026-09-05 10:41:44,OUT_OF_WINDOW
22341,100047.2,2026-09-05,,2026-09-05 11:12:54,OUT_OF_WINDOW
22342,100046.2,2026-09-05,,2026-09-05 11:25:14,OUT_OF_WINDOW
22343,100055.2,2026-09-05,,2026-09-05 11:52:43,OUT_OF_WINDOW
22344,100047.2,2026-09-05,,2026-09-05 12:13:16,OUT_OF_WINDOW
22345,100055.2,2026-09-05,,2026-09-05 12:53:47,OUT_OF_WINDOW
22346,100011.2,2026-09-05,,2026-09-05 13:09:02,OUT_OF_WINDOW
22347,100047.2,2026-09-05,,2026-09-05 13:13:36,OUT_OF_WINDOW
22352,100023.2,2026-09-05,,2026-09-05 13:45:12,OUT_OF_WINDOW
22353,100055.2,2026-09-05,,2026-09-05 14:04:19,OUT_OF_WINDOW
22354,100071.3,2026-09-05,,2026-09-05 14:41:15,OUT_OF_WINDOW
22355,100002.5,2026-09-05,,2026-09-05 12:50:08,OUT_OF_WINDOW
22356,100002.5,2026-09-05,,2026-09-05 14:51:04,OUT_OF_WINDOW
22357,100055.2,2026-09-05,,2026-09-05 15:04:48,OUT_OF_WINDOW
22358,100006.2,2026-09-05,,2026-09-05 15:27:19,OUT_OF_WINDOW
22359,100063.3,2026-09-05,,2026-09-05 15:43:51,OUT_OF_WINDOW
22360,100055.2,2026-09-05,,2026-09-05 16:04:53,OUT_OF_WINDOW
22361,100047.2,2026-09-05,,2026-09-05 14:14:32,OUT_OF_WINDOW
22362,100047.2,2026-09-05,,2026-09-05 15:15:55,OUT_OF_WINDOW
22363,100047.2,2026-09-05,,2026-09-05 16:20:12,OUT_OF_WINDOW
22364,100055.2,2026-09-05,,2026-09-05 17:19:27,OUT_OF_WINDOW
22365,100047.2,2026-09-05,,2026-09-05 17:29:06,OUT_OF_WINDOW
22366,100063.3,2026-09-05,,2026-09-05 17:57:40,OUT_OF_WINDOW
22367,100067.2,2026-09-05,,2026-09-05 18:03:50,OUT_OF_WINDOW
22368,100055.2,2026-09-05,,2026-09-05 18:29:48,OUT_OF_WINDOW
22369,100047.2,2026-09-05,,2026-09-05 18:36:52,OUT_OF_WINDOW
22370,100055.2,2026-09-06,,2026-09-05 19:35:21,OUT_OF_WINDOW
22371,100047.2,2026-09-06,,2026-09-05 19:48:18,OUT_OF_WINDOW
22372,100063.3,2026-09-06,,2026-09-05 19:58:22,OUT_OF_WINDOW
22373,100055.2,2026-09-06,,2026-09-05 20:49:58,OUT_OF_WINDOW
22374,100002.5,2026-09-05,,2026-09-05 16:51:19,OUT_OF_WINDOW
22375,100002.5,2026-09-05,,2026-09-05 18:51:29,OUT_OF_WINDOW
22376,100002.5,2026-09-06,,2026-09-05 20:51:38,OUT_OF_WINDOW
22377,100047.2,2026-09-06,,2026-09-05 21:45:39,OUT_OF_WINDOW
22378,100055.2,2026-09-06,,2026-09-05 21:52:04,OUT_OF_WINDOW
22379,100063.3,2026-09-06,,2026-09-05 21:58:24,OUT_OF_WINDOW
22380,100047.2,2026-09-06,,2026-09-05 22:46:02,OUT_OF_WINDOW
22381,100002.5,2026-09-06,,2026-09-05 22:57:43,OUT_OF_WINDOW
22382,100055.2,2026-09-06,,2026-09-05 22:58:25,OUT_OF_WINDOW
22383,100047.2,2026-09-06,,2026-09-05 23:47:34,OUT_OF_WINDOW
22384,100063.3,2026-09-06,,2026-09-05 23:58:56,OUT_OF_WINDOW
22385,100055.2,2026-09-06,,2026-09-05 23:59:06,OUT_OF_WINDOW
22386,100047.2,2026-09-06,,2026-09-06 00:49:40,OUT_OF_WINDOW
22387,100055.2,2026-09-06,,2026-09-06 01:02:05,OUT_OF_WINDOW
22389,100047.2,2026-09-06,,2026-09-06 01:49:51,OUT_OF_WINDOW
22390,100055.2,2026-09-06,,2026-09-06 02:02:08,OUT_OF_WINDOW
22391,100063.3,2026-09-06,,2026-09-06 02:10:30,OUT_OF_WINDOW
22392,100011.2,2026-09-06,,2026-09-06 02:21:17,OUT_OF_WINDOW
22393,100047.2,2026-09-06,,2026-09-06 03:00:57,OUT_OF_WINDOW
22394,100055.2,2026-09-06,,2026-09-06 03:02:38,OUT_OF_WINDOW
22398,100047.2,2026-09-06,,2026-09-06 04:02:07,OUT_OF_WINDOW
22399,100055.2,2026-09-06,,2026-09-06 04:06:15,OUT_OF_WINDOW
22401,100063.3,2026-09-06,,2026-09-06 04:22:34,OUT_OF_WINDOW
22404,100047.2,2026-09-06,,2026-09-06 05:02:32,OUT_OF_WINDOW
22405,100055.2,2026-09-06,,2026-09-06 05:13:25,OUT_OF_WINDOW
22407,100047.2,2026-09-06,,2026-09-06 06:10:39,OUT_OF_WINDOW
22409,100063.3,2026-09-06,,2026-09-06 06:24:06,OUT_OF_WINDOW
22410,100055.2,2026-09-06,,2026-09-06 07:08:04,OUT_OF_WINDOW
22411,100047.2,2026-09-06,,2026-09-06 07:18:48,OUT_OF_WINDOW
22412,100063.3,2026-09-06,,2026-09-06 08:25:24,OUT_OF_WINDOW
22413,100047.2,2026-09-06,,2026-09-06 08:26:36,OUT_OF_WINDOW
22414,100055.2,2026-09-06,,2026-09-06 09:08:37,OUT_OF_WINDOW
22415,100047.2,2026-09-06,,2026-09-06 09:31:03,OUT_OF_WINDOW
22416,100055.2,2026-09-06,,2026-09-06 10:21:59,OUT_OF_WINDOW
22417,100063.3,2026-09-06,,2026-09-06 10:25:26,OUT_OF_WINDOW
22418,100047.2,2026-09-06,,2026-09-06 10:35:21,OUT_OF_WINDOW
22419,100124.3,2026-09-06,,2026-09-06 10:58:10,OUT_OF_WINDOW
22420,100047.2,2026-09-06,,2026-09-06 11:35:39,OUT_OF_WINDOW
22421,100063.3,2026-09-06,,2026-09-06 12:28:08,OUT_OF_WINDOW
22422,100055.2,2026-09-06,,2026-09-06 11:23:44,OUT_OF_WINDOW
22423,100055.2,2026-09-06,,2026-09-06 12:58:57,OUT_OF_WINDOW
22424,100047.2,2026-09-06,,2026-09-06 12:36:13,OUT_OF_WINDOW
22425,100047.2,2026-09-06,,2026-09-06 13:37:28,OUT_OF_WINDOW
22426,100055.2,2026-09-06,,2026-09-06 14:00:26,OUT_OF_WINDOW
22427,100063.3,2026-09-06,,2026-09-06 14:28:33,OUT_OF_WINDOW
22428,100047.2,2026-09-06,,2026-09-06 14:37:54,OUT_OF_WINDOW
22429,100126.3,2026-09-06,,2026-09-06 14:48:15,OUT_OF_WINDOW
22430,100055.2,2026-09-06,,2026-09-06 15:01:03,OUT_OF_WINDOW
22431,100011.2,2026-09-06,,2026-09-06 15:21:45,OUT_OF_WINDOW
22433,100047.2,2026-09-06,,2026-09-06 15:45:53,OUT_OF_WINDOW
22434,100006.2,2026-09-06,,2026-09-06 15:59:30,OUT_OF_WINDOW
22435,100055.2,2026-09-06,,2026-09-06 16:02:26,OUT_OF_WINDOW
22436,100063.3,2026-09-06,,2026-09-06 16:29:41,OUT_OF_WINDOW
22437,100047.2,2026-09-06,,2026-09-06 16:48:07,OUT_OF_WINDOW
22438,100126.3,2026-09-06,,2026-09-06 16:48:46,OUT_OF_WINDOW
22439,100055.2,2026-09-06,,2026-09-06 17:05:26,OUT_OF_WINDOW
22440,100047.2,2026-09-06,,2026-09-06 17:59:14,OUT_OF_WINDOW
22441,100055.2,2026-09-06,,2026-09-06 18:08:35,OUT_OF_WINDOW
22442,100063.3,2026-09-06,,2026-09-06 18:29:51,OUT_OF_WINDOW
22443,100126.3,2026-09-07,,2026-09-06 19:05:37,OUT_OF_WINDOW
22444,100047.2,2026-09-07,,2026-09-06 19:16:57,OUT_OF_WINDOW
22445,100055.2,2026-09-07,,2026-09-06 20:02:33,OUT_OF_WINDOW
22446,100047.2,2026-09-07,,2026-09-06 20:26:20,OUT_OF_WINDOW
22447,100063.3,2026-09-07,,2026-09-06 20:30:24,OUT_OF_WINDOW
22448,100055.2,2026-09-07,,2026-09-06 21:04:47,OUT_OF_WINDOW
22449,100047.2,2026-09-07,,2026-09-06 21:57:36,OUT_OF_WINDOW
22450,100055.2,2026-09-07,,2026-09-06 22:05:45,OUT_OF_WINDOW
22451,100063.3,2026-09-07,,2026-09-06 22:30:25,OUT_OF_WINDOW
22452,100055.2,2026-09-07,,2026-09-06 23:09:37,OUT_OF_WINDOW
22453,100047.2,2026-09-07,,2026-09-07 00:01:20,OUT_OF_WINDOW
22454,100055.2,2026-09-07,,2026-09-07 00:11:43,OUT_OF_WINDOW
22455,100055.2,2026-09-07,,2026-09-07 01:12:57,OUT_OF_WINDOW
22456,100047.2,2026-09-07,,2026-09-07 02:01:53,OUT_OF_WINDOW
22458,100055.2,2026-09-07,,2026-09-07 02:13:10,OUT_OF_WINDOW
22463,100055.2,2026-09-07,,2026-09-07 03:23:49,OUT_OF_WINDOW
22470,100126.3,2026-09-07,,2026-09-07 03:47:19,OUT_OF_WINDOW
22479,100011.2,2026-09-07,,2026-09-07 04:26:37,OUT_OF_WINDOW
22489,100055.2,2026-09-07,,2026-09-07 05:06:14,OUT_OF_WINDOW
22494,100047.2,2026-09-07,,2026-09-07 05:20:42,OUT_OF_WINDOW
22507,100126.3,2026-09-07,,2026-09-07 05:47:20,OUT_OF_WINDOW
22519,100047.2,2026-09-07,,2026-09-07 06:21:05,OUT_OF_WINDOW
22520,100055.2,2026-09-07,,2026-09-07 06:23:08,OUT_OF_WINDOW
22521,100047.2,2026-09-07,,2026-09-07 07:22:34,OUT_OF_WINDOW
22524,100055.2,2026-09-07,,2026-09-07 07:36:54,OUT_OF_WINDOW
22526,100126.3,2026-09-07,,2026-09-07 07:48:46,OUT_OF_WINDOW
22527,100047.2,2026-09-07,,2026-09-07 08:25:52,OUT_OF_WINDOW
22528,100047.2,2026-09-07,,2026-09-07 09:28:29,OUT_OF_WINDOW
22529,100055.2,2026-09-07,,2026-09-07 08:42:24,OUT_OF_WINDOW
22530,100055.2,2026-09-07,,2026-09-07 09:47:26,OUT_OF_WINDOW
22531,100126.3,2026-09-07,,2026-09-07 09:51:47,OUT_OF_WINDOW
22533,100047.2,2026-09-07,,2026-09-07 10:34:50,OUT_OF_WINDOW
22534,100047.2,2026-09-07,,2026-09-07 11:35:18,OUT_OF_WINDOW
22535,100046.2,2026-09-07,,2026-09-07 12:29:03,OUT_OF_WINDOW
22536,100047.2,2026-09-07,,2026-09-07 12:35:59,OUT_OF_WINDOW
22537,100063.3,2026-09-07,,2026-09-07 00:39:22,OUT_OF_WINDOW
22538,100063.3,2026-09-07,,2026-09-07 02:39:25,OUT_OF_WINDOW
22539,100063.3,2026-09-07,,2026-09-07 04:48:01,OUT_OF_WINDOW
22544,100047.2,2026-09-07,,2026-09-07 13:38:17,OUT_OF_WINDOW
22545,100055.2,2026-09-07,,2026-09-07 10:49:37,OUT_OF_WINDOW
22546,100055.2,2026-09-07,,2026-09-07 14:16:50,OUT_OF_WINDOW
22547,100055.2,2026-09-07,,2026-09-07 15:20:46,OUT_OF_WINDOW
22548,100047.2,2026-09-07,,2026-09-07 14:39:01,OUT_OF_WINDOW
22549,100047.2,2026-09-07,,2026-09-07 15:41:39,OUT_OF_WINDOW
22550,100063.3,2026-09-07,,2026-09-07 15:46:04,OUT_OF_WINDOW
22551,100126.3,2026-09-07,,2026-09-07 11:52:05,OUT_OF_WINDOW
22552,100126.3,2026-09-07,,2026-09-07 13:52:36,OUT_OF_WINDOW
22553,100126.3,2026-09-07,,2026-09-07 15:54:32,OUT_OF_WINDOW
22554,100084.3,2026-09-07,,2026-09-07 16:14:36,OUT_OF_WINDOW
22555,100055.2,2026-09-07,,2026-09-07 16:21:18,OUT_OF_WINDOW
22556,100047.2,2026-09-07,,2026-09-07 16:42:47,OUT_OF_WINDOW
22557,100011.2,2026-09-07,,2026-09-07 17:26:53,OUT_OF_WINDOW
22558,100055.2,2026-09-07,,2026-09-07 17:27:28,OUT_OF_WINDOW
22559,100047.2,2026-09-07,,2026-09-07 17:44:54,OUT_OF_WINDOW
22560,100063.3,2026-09-07,,2026-09-07 17:46:30,OUT_OF_WINDOW
22561,100055.2,2026-09-07,,2026-09-07 18:42:08,OUT_OF_WINDOW
22562,100047.2,2026-09-07,,2026-09-07 18:45:31,OUT_OF_WINDOW
22563,100047.2,2026-09-08,,2026-09-07 19:45:53,OUT_OF_WINDOW
22564,100063.3,2026-09-08,,2026-09-07 19:46:32,OUT_OF_WINDOW
22565,100055.2,2026-09-08,,2026-09-07 20:01:00,OUT_OF_WINDOW
22566,100047.2,2026-09-08,,2026-09-07 20:51:28,OUT_OF_WINDOW
22567,100055.2,2026-09-08,,2026-09-07 21:01:11,OUT_OF_WINDOW
22568,100063.3,2026-09-08,,2026-09-07 21:46:36,OUT_OF_WINDOW
22569,100047.2,2026-09-08,,2026-09-07 21:51:53,OUT_OF_WINDOW
22570,100055.2,2026-09-08,,2026-09-07 22:01:15,OUT_OF_WINDOW
22571,100024.2,2026-09-04,,2026-09-04 04:25:12,OUT_OF_WINDOW
22572,100024.2,2026-09-08,,2026-09-07 22:45:59,OUT_OF_WINDOW
22573,100047.2,2026-09-08,,2026-09-07 23:04:44,OUT_OF_WINDOW
22574,100055.2,2026-09-08,,2026-09-07 23:06:23,OUT_OF_WINDOW
22575,100063.3,2026-09-08,,2026-09-07 23:47:49,OUT_OF_WINDOW
22576,100024.2,2026-09-08,,2026-09-07 23:58:40,OUT_OF_WINDOW
22577,100055.2,2026-09-08,,2026-09-08 00:09:17,OUT_OF_WINDOW
22578,100047.2,2026-09-08,,2026-09-08 00:35:09,OUT_OF_WINDOW
22579,100024.2,2026-09-08,,2026-09-08 01:02:06,OUT_OF_WINDOW
22580,100055.2,2026-09-08,,2026-09-08 01:09:57,OUT_OF_WINDOW
22585,100055.2,2026-09-08,,2026-09-08 02:10:24,OUT_OF_WINDOW
22589,100047.2,2026-09-08,,2026-09-08 02:35:52,OUT_OF_WINDOW
22597,100024.2,2026-09-08,,2026-09-08 03:11:52,OUT_OF_WINDOW
22598,100024.2,2026-09-08,,2026-09-08 03:17:00,OUT_OF_WINDOW
22600,100055.2,2026-09-08,,2026-09-08 03:24:54,OUT_OF_WINDOW
22602,100047.2,2026-09-08,,2026-09-08 03:39:26,OUT_OF_WINDOW
22603,100126.3,2026-09-08,,2026-09-07 20:00:49,OUT_OF_WINDOW
22604,100126.3,2026-09-08,,2026-09-07 22:05:28,OUT_OF_WINDOW
22605,100126.3,2026-09-08,,2026-09-08 03:40:29,OUT_OF_WINDOW
22622,100055.2,2026-09-08,,2026-09-08 04:33:14,OUT_OF_WINDOW
22627,100047.2,2026-09-08,,2026-09-08 04:41:42,OUT_OF_WINDOW
22646,100126.3,2026-09-08,,2026-09-08 05:42:35,OUT_OF_WINDOW
22647,100055.2,2026-09-08,,2026-09-08 05:48:32,OUT_OF_WINDOW
22648,100047.2,2026-09-08,,2026-09-08 05:57:43,OUT_OF_WINDOW
22653,100011.2,2026-09-08,,2026-09-08 06:26:59,OUT_OF_WINDOW
22654,100047.2,2026-09-08,,2026-09-08 06:58:08,OUT_OF_WINDOW
22655,100055.2,2026-09-08,,2026-09-08 06:59:24,OUT_OF_WINDOW
22660,100047.2,2026-09-08,,2026-09-08 07:58:19,OUT_OF_WINDOW
22661,100055.2,2026-09-08,,2026-09-08 07:59:38,OUT_OF_WINDOW
22662,100055.2,2026-09-08,,2026-09-08 08:59:49,OUT_OF_WINDOW
22663,100047.2,2026-09-08,,2026-09-08 09:01:58,OUT_OF_WINDOW
22665,100126.3,2026-09-08,,2026-09-08 07:43:41,OUT_OF_WINDOW
22666,100126.3,2026-09-08,,2026-09-08 09:43:42,OUT_OF_WINDOW
22667,100055.2,2026-09-08,,2026-09-08 10:04:07,OUT_OF_WINDOW
22668,100055.2,2026-09-08,,2026-09-08 11:05:29,OUT_OF_WINDOW
22669,100047.2,2026-09-08,,2026-09-08 10:06:40,OUT_OF_WINDOW
22670,100047.2,2026-09-08,,2026-09-08 11:06:49,OUT_OF_WINDOW
22672,999999.9,2026-09-08,,2026-09-08 11:19:53,OUT_OF_WINDOW
22673,100047.2,2026-09-08,,2026-09-08 12:08:28,OUT_OF_WINDOW
22674,100063.3,2026-09-08,,2026-09-08 01:48:15,OUT_OF_WINDOW
22675,100063.3,2026-09-08,,2026-09-08 03:48:23,OUT_OF_WINDOW
22676,100063.3,2026-09-08,,2026-09-08 05:48:28,OUT_OF_WINDOW
22677,100063.3,2026-09-08,,2026-09-08 07:55:39,OUT_OF_WINDOW
22678,100063.3,2026-09-08,,2026-09-08 10:04:35,OUT_OF_WINDOW
22679,100063.3,2026-09-08,,2026-09-08 12:04:59,OUT_OF_WINDOW
22680,100063.3,2026-09-08,,2026-09-08 14:05:18,OUT_OF_WINDOW
22681,100047.2,2026-09-08,,2026-09-08 13:12:35,OUT_OF_WINDOW
22682,100047.2,2026-09-08,,2026-09-08 14:13:18,OUT_OF_WINDOW
22683,100055.2,2026-09-08,,2026-09-08 14:38:54,OUT_OF_WINDOW
22684,100650.1,2026-09-08,,2026-09-08 15:10:57,OUT_OF_WINDOW
22685,100047.2,2026-09-08,,2026-09-08 15:13:35,OUT_OF_WINDOW
22686,100055.2,2026-09-08,,2026-09-08 15:53:23,OUT_OF_WINDOW
22687,100063.3,2026-09-08,,2026-09-08 16:05:29,OUT_OF_WINDOW
22688,100047.2,2026-09-08,,2026-09-08 16:25:33,OUT_OF_WINDOW
22689,100055.2,2026-09-08,,2026-09-08 16:55:31,OUT_OF_WINDOW
22690,100055.2,2026-09-08,,2026-09-08 18:09:33,OUT_OF_WINDOW
22691,100047.2,2026-09-08,,2026-09-08 18:09:33,OUT_OF_WINDOW
22692,100063.3,2026-09-08,,2026-09-08 18:19:03,OUT_OF_WINDOW
22693,100055.2,2026-09-09,,2026-09-08 19:41:15,OUT_OF_WINDOW
22694,100047.2,2026-09-09,,2026-09-08 20:10:39,OUT_OF_WINDOW
22695,100063.3,2026-09-09,,2026-09-08 20:19:08,OUT_OF_WINDOW
22696,100126.3,2026-09-08,,2026-09-08 13:45:22,OUT_OF_WINDOW
22697,100126.3,2026-09-08,,2026-09-08 15:46:13,OUT_OF_WINDOW
22698,100126.3,2026-09-08,,2026-09-08 17:46:24,OUT_OF_WINDOW
22699,100126.3,2026-09-09,,2026-09-08 19:55:45,OUT_OF_WINDOW
22700,100055.2,2026-09-09,,2026-09-08 20:45:07,OUT_OF_WINDOW
22701,100047.2,2026-09-09,,2026-09-08 21:13:44,OUT_OF_WINDOW
22702,100055.2,2026-09-09,,2026-09-08 21:45:08,OUT_OF_WINDOW
22703,100047.2,2026-09-09,,2026-09-08 22:16:07,OUT_OF_WINDOW
22704,100063.3,2026-09-09,,2026-09-08 22:19:49,OUT_OF_WINDOW
22705,100055.2,2026-09-09,,2026-09-08 22:45:11,OUT_OF_WINDOW
22706,100047.2,2026-09-09,,2026-09-08 23:21:51,OUT_OF_WINDOW
22707,100055.2,2026-09-09,,2026-09-08 23:45:12,OUT_OF_WINDOW
22708,100055.2,2026-09-09,,2026-09-09 00:51:58,OUT_OF_WINDOW
22710,100047.2,2026-09-09,,2026-09-09 00:49:10,OUT_OF_WINDOW
22711,100047.2,2026-09-09,,2026-09-09 01:56:15,OUT_OF_WINDOW
22716,100055.2,2026-09-09,,2026-09-09 02:18:31,OUT_OF_WINDOW
22721,100047.2,2026-09-09,,2026-09-09 03:09:18,OUT_OF_WINDOW
22727,100126.3,2026-09-09,,2026-09-09 03:40:37,OUT_OF_WINDOW
22738,100047.2,2026-09-09,,2026-09-09 04:09:32,OUT_OF_WINDOW
22743,100055.2,2026-09-09,,2026-09-09 04:19:02,OUT_OF_WINDOW
22775,100047.2,2026-09-09,,2026-09-09 05:36:37,OUT_OF_WINDOW
22779,100126.3,2026-09-09,,2026-09-09 05:40:52,OUT_OF_WINDOW
22787,100055.2,2026-09-09,,2026-09-09 06:49:13,OUT_OF_WINDOW
22792,100047.2,2026-09-09,,2026-09-09 07:15:08,OUT_OF_WINDOW
22794,100126.3,2026-09-09,,2026-09-09 07:40:55,OUT_OF_WINDOW
22795,100047.2,2026-09-09,,2026-09-09 08:20:17,OUT_OF_WINDOW
22796,100024.2,2026-09-08,,2026-09-08 04:22:54,OUT_OF_WINDOW
22797,100024.2,2026-09-08,,2026-09-08 07:59:26,OUT_OF_WINDOW
22798,100024.2,2026-09-08,,2026-09-08 09:15:21,OUT_OF_WINDOW
22799,100024.2,2026-09-08,,2026-09-08 10:30:36,OUT_OF_WINDOW
22800,100024.2,2026-09-08,,2026-09-08 11:33:21,OUT_OF_WINDOW
22801,100024.2,2026-09-08,,2026-09-08 17:40:55,OUT_OF_WINDOW
22802,100024.2,2026-09-09,,2026-09-08 23:37:19,OUT_OF_WINDOW
22803,100024.2,2026-09-09,,2026-09-09 07:19:26,OUT_OF_WINDOW
22804,100024.2,2026-09-09,,2026-09-09 08:23:48,OUT_OF_WINDOW
22805,100024.2,2026-09-09,,2026-09-09 08:25:46,OUT_OF_WINDOW
22806,100024.2,2026-09-09,,2026-09-09 08:26:37,OUT_OF_WINDOW
22807,100011.2,2026-09-09,,2026-09-08 19:28:09,OUT_OF_WINDOW
22808,100011.2,2026-09-09,,2026-09-09 08:28:15,OUT_OF_WINDOW
22809,100055.2,2026-09-09,,2026-09-09 08:03:25,OUT_OF_WINDOW
22810,100055.2,2026-09-09,,2026-09-09 09:08:01,OUT_OF_WINDOW
22812,100126.3,2026-09-09,,2026-09-09 09:41:16,OUT_OF_WINDOW
22813,100055.2,2026-09-09,,2026-09-09 10:09:21,OUT_OF_WINDOW
22814,100047.2,2026-09-09,,2026-09-09 09:20:41,OUT_OF_WINDOW
22815,100047.2,2026-09-09,,2026-09-09 10:20:45,OUT_OF_WINDOW
22816,100055.2,2026-09-09,,2026-09-09 11:12:57,OUT_OF_WINDOW
22817,100047.2,2026-09-09,,2026-09-09 11:27:18,OUT_OF_WINDOW
22818,100063.3,2026-09-09,,2026-09-09 00:37:31,OUT_OF_WINDOW
22819,100063.3,2026-09-09,,2026-09-09 02:38:41,OUT_OF_WINDOW
22824,100047.2,2026-09-09,,2026-09-09 12:27:30,OUT_OF_WINDOW
22825,100055.2,2026-09-09,,2026-09-09 12:19:01,OUT_OF_WINDOW
22826,100055.2,2026-09-09,,2026-09-09 13:19:54,OUT_OF_WINDOW
22827,100047.2,2026-09-09,,2026-09-09 13:27:39,OUT_OF_WINDOW
22829,100055.2,2026-09-09,,2026-09-09 14:25:41,OUT_OF_WINDOW
22830,100024.2,2026-09-09,,2026-09-09 09:28:57,OUT_OF_WINDOW
22831,100024.2,2026-09-09,,2026-09-09 15:20:09,OUT_OF_WINDOW
22832,100047.2,2026-09-09,,2026-09-09 14:28:13,OUT_OF_WINDOW
22833,100047.2,2026-09-09,,2026-09-09 15:33:10,OUT_OF_WINDOW
22834,100055.2,2026-09-09,,2026-09-09 15:35:01,OUT_OF_WINDOW
22835,100084.3,2026-09-09,,2026-09-09 16:06:57,OUT_OF_WINDOW
22836,100063.3,2026-09-09,,2026-09-09 16:10:31,OUT_OF_WINDOW
22837,100024.2,2026-09-09,,2026-09-09 16:23:45,OUT_OF_WINDOW
22838,100024.2,2026-09-09,,2026-09-09 16:25:02,OUT_OF_WINDOW
22839,100024.2,2026-09-09,,2026-09-09 16:25:34,OUT_OF_WINDOW
22840,100047.2,2026-09-09,,2026-09-09 16:44:53,OUT_OF_WINDOW
22841,100055.2,2026-09-09,,2026-09-09 16:51:59,OUT_OF_WINDOW
22842,100024.2,2026-09-09,,2026-09-09 17:31:11,OUT_OF_WINDOW
22843,100078.3,2026-09-09,,2026-09-09 17:42:13,OUT_OF_WINDOW
22844,100047.2,2026-09-09,,2026-09-09 17:51:00,OUT_OF_WINDOW
22845,100055.2,2026-09-09,,2026-09-09 17:55:37,OUT_OF_WINDOW
22846,100063.3,2026-09-09,,2026-09-09 18:11:55,OUT_OF_WINDOW
22847,100047.2,2026-09-10,,2026-09-09 19:09:26,OUT_OF_WINDOW
22848,100024.2,2026-09-09,,2026-09-09 18:52:53,OUT_OF_WINDOW
22849,100024.2,2026-09-10,,2026-09-09 19:15:42,OUT_OF_WINDOW
22850,100055.2,2026-09-10,,2026-09-09 19:50:18,OUT_OF_WINDOW
22851,100047.2,2026-09-10,,2026-09-09 20:23:53,OUT_OF_WINDOW
22852,100055.2,2026-09-10,,2026-09-09 20:57:46,OUT_OF_WINDOW
22853,100011.2,2026-09-10,,2026-09-09 21:31:20,OUT_OF_WINDOW
22854,100047.2,2026-09-10,,2026-09-09 21:43:50,OUT_OF_WINDOW
22855,100055.2,2026-09-10,,2026-09-09 21:59:42,OUT_OF_WINDOW
22856,100055.2,2026-09-10,,2026-09-09 23:04:24,OUT_OF_WINDOW
22857,100063.3,2026-09-10,,2026-09-09 20:36:09,OUT_OF_WINDOW
22858,100063.3,2026-09-10,,2026-09-09 23:32:16,OUT_OF_WINDOW
22859,100047.2,2026-09-10,,2026-09-09 23:49:34,OUT_OF_WINDOW
22860,100055.2,2026-09-10,,2026-09-10 00:12:49,OUT_OF_WINDOW
22861,100055.2,2026-09-10,,2026-09-10 01:17:23,OUT_OF_WINDOW
22863,100063.3,2026-09-10,,2026-09-10 01:32:43,OUT_OF_WINDOW
22878,100055.2,2026-09-10,,2026-09-10 03:12:05,OUT_OF_WINDOW
22887,100047.2,2026-09-10,,2026-09-10 03:50:15,OUT_OF_WINDOW
22930,100055.2,2026-09-10,,2026-09-10 05:12:36,OUT_OF_WINDOW
22932,100047.2,2026-09-10,,2026-09-10 05:32:46,OUT_OF_WINDOW
22933,100055.2,2026-09-10,,2026-09-10 06:18:36,OUT_OF_WINDOW
22934,100047.2,2026-09-10,,2026-09-10 06:49:13,OUT_OF_WINDOW
22936,100055.2,2026-09-10,,2026-09-10 07:20:34,OUT_OF_WINDOW
22938,100047.2,2026-09-10,,2026-09-10 07:49:54,OUT_OF_WINDOW
22945,100055.2,2026-09-10,,2026-09-10 08:24:43,OUT_OF_WINDOW
22946,100055.2,2026-09-10,,2026-09-10 09:25:11,OUT_OF_WINDOW
22951,100055.2,2026-09-10,,2026-09-10 10:25:13,OUT_OF_WINDOW
22952,100011.2,2026-09-10,,2026-09-10 10:32:06,OUT_OF_WINDOW
22953,100047.2,2026-09-10,,2026-09-10 08:52:09,OUT_OF_WINDOW
22954,100047.2,2026-09-10,,2026-09-10 11:07:34,OUT_OF_WINDOW
22955,100055.2,2026-09-10,,2026-09-10 11:28:28,OUT_OF_WINDOW
22956,100063.3,2026-09-10,,2026-09-10 03:38:57,OUT_OF_WINDOW
22957,100063.3,2026-09-10,,2026-09-10 05:42:15,OUT_OF_WINDOW
22958,100063.3,2026-09-10,,2026-09-10 07:42:33,OUT_OF_WINDOW
22961,100047.2,2026-09-10,,2026-09-10 12:14:30,OUT_OF_WINDOW
22962,100047.2,2026-09-10,,2026-09-10 13:16:01,OUT_OF_WINDOW
22964,100076.3,2026-09-10,,2026-09-10 14:14:42,OUT_OF_WINDOW
22965,100047.2,2026-09-10,,2026-09-10 15:16:37,OUT_OF_WINDOW
22966,100055.2,2026-09-10,,2026-09-10 15:38:35,OUT_OF_WINDOW
22967,100063.3,2026-09-10,,2026-09-10 16:02:59,OUT_OF_WINDOW
22968,100047.2,2026-09-10,,2026-09-10 16:18:11,OUT_OF_WINDOW
22969,100055.2,2026-09-10,,2026-09-10 16:39:07,OUT_OF_WINDOW
22970,100047.2,2026-09-10,,2026-09-10 17:20:11,OUT_OF_WINDOW
22971,100055.2,2026-09-10,,2026-09-10 17:50:15,OUT_OF_WINDOW
22972,100063.3,2026-09-10,,2026-09-10 18:06:32,OUT_OF_WINDOW
22973,100047.2,2026-09-10,,2026-09-10 18:20:21,OUT_OF_WINDOW
22974,100055.2,2026-09-11,,2026-09-10 19:07:21,OUT_OF_WINDOW
22975,100063.3,2026-09-11,,2026-09-10 20:06:34,OUT_OF_WINDOW
22976,100047.2,2026-09-11,,2026-09-10 19:20:51,OUT_OF_WINDOW
22977,100047.2,2026-09-11,,2026-09-10 20:21:50,OUT_OF_WINDOW
22978,100047.2,2026-09-11,,2026-09-10 21:59:14,OUT_OF_WINDOW
22979,100063.3,2026-09-11,,2026-09-10 22:06:36,OUT_OF_WINDOW
22981,100055.2,2026-09-11,,2026-09-10 22:19:14,OUT_OF_WINDOW
22982,100055.2,2026-09-11,,2026-09-10 23:26:04,OUT_OF_WINDOW
22983,100011.2,2026-09-11,,2026-09-10 23:43:34,OUT_OF_WINDOW
22984,100047.2,2026-09-11,,2026-09-11 00:03:52,OUT_OF_WINDOW
22985,100063.3,2026-09-11,,2026-09-11 00:10:06,OUT_OF_WINDOW
22986,100055.2,2026-09-11,,2026-09-11 00:27:02,OUT_OF_WINDOW
22988,100055.2,2026-09-11,,2026-09-11 01:30:13,OUT_OF_WINDOW
22991,100047.2,2026-09-11,,2026-09-11 02:09:51,OUT_OF_WINDOW
22997,100055.2,2026-09-11,,2026-09-11 02:41:03,OUT_OF_WINDOW
23008,100047.2,2026-09-11,,2026-09-11 03:35:32,OUT_OF_WINDOW
23018,100055.2,2026-09-11,,2026-09-11 04:02:26,OUT_OF_WINDOW
23035,100047.2,2026-09-11,,2026-09-11 04:35:55,OUT_OF_WINDOW
23043,100055.2,2026-09-11,,2026-09-11 05:03:07,OUT_OF_WINDOW
23051,100047.2,2026-09-11,,2026-09-11 05:41:40,OUT_OF_WINDOW
23054,100055.2,2026-09-11,,2026-09-11 06:03:52,OUT_OF_WINDOW
23055,100047.2,2026-09-11,,2026-09-11 06:41:52,OUT_OF_WINDOW
23057,100047.2,2026-09-11,,2026-09-11 07:46:02,OUT_OF_WINDOW
23061,100047.2,2026-09-11,,2026-09-11 08:49:31,OUT_OF_WINDOW
23062,100047.2,2026-09-11,,2026-09-11 09:49:36,OUT_OF_WINDOW
23063,100047.2,2026-09-11,,2026-09-11 10:50:29,OUT_OF_WINDOW
23065,100047.2,2026-09-11,,2026-09-11 11:53:17,OUT_OF_WINDOW
23067,100011.2,2026-09-11,,2026-09-11 12:44:08,OUT_OF_WINDOW
23068,100047.2,2026-09-11,,2026-09-11 12:56:54,OUT_OF_WINDOW
23069,100047.2,2026-09-11,,2026-09-11 14:00:45,OUT_OF_WINDOW
23070,100047.2,2026-09-11,,2026-09-11 15:01:23,OUT_OF_WINDOW
23071,100047.2,2026-09-11,,2026-09-11 16:05:07,OUT_OF_WINDOW
23072,100047.2,2026-09-11,,2026-09-11 17:08:13,OUT_OF_WINDOW
23073,100047.2,2026-09-11,,2026-09-11 18:10:30,OUT_OF_WINDOW
23074,100047.2,2026-09-12,,2026-09-11 19:10:34,OUT_OF_WINDOW
23075,100047.2,2026-09-12,,2026-09-11 20:16:23,OUT_OF_WINDOW
23076,100047.2,2026-09-12,,2026-09-11 21:17:08,OUT_OF_WINDOW
23077,100047.2,2026-09-12,,2026-09-11 22:17:32,OUT_OF_WINDOW
23078,100047.2,2026-09-12,,2026-09-11 23:29:16,OUT_OF_WINDOW
23079,100047.2,2026-09-12,,2026-09-12 00:29:30,OUT_OF_WINDOW
23082,100011.2,2026-09-12,,2026-09-12 01:46:29,OUT_OF_WINDOW
23092,100047.2,2026-09-12,,2026-09-12 02:29:59,OUT_OF_WINDOW
23135,100065.3,2026-09-12,,2026-09-12 04:45:01,OUT_OF_WINDOW
23150,100047.2,2026-09-12,,2026-09-12 06:41:07,OUT_OF_WINDOW
23152,100047.2,2026-09-12,,2026-09-12 07:41:45,OUT_OF_WINDOW
23153,100047.2,2026-09-12,,2026-09-12 08:46:43,OUT_OF_WINDOW
23158,100072.2,2026-09-12,,2026-09-12 09:52:57,OUT_OF_WINDOW
23159,100047.2,2026-09-12,,2026-09-12 09:55:30,OUT_OF_WINDOW
23161,100047.2,2026-09-12,,2026-09-12 10:55:39,OUT_OF_WINDOW
23162,100047.2,2026-09-12,,2026-09-12 11:55:58,OUT_OF_WINDOW
23163,100047.2,2026-09-12,,2026-09-12 12:56:14,OUT_OF_WINDOW
23165,100047.2,2026-09-12,,2026-09-12 13:56:46,OUT_OF_WINDOW
23166,100011.2,2026-09-12,,2026-09-12 14:47:24,OUT_OF_WINDOW
23167,100047.2,2026-09-12,,2026-09-12 15:01:47,OUT_OF_WINDOW
23168,100126.3,2026-09-12,,2026-09-12 14:02:53,OUT_OF_WINDOW
23169,100126.3,2026-09-12,,2026-09-12 16:03:13,OUT_OF_WINDOW
23170,100047.2,2026-09-12,,2026-09-12 16:05:34,OUT_OF_WINDOW
23171,100047.2,2026-09-12,,2026-09-12 17:07:18,OUT_OF_WINDOW
23172,100047.2,2026-09-12,,2026-09-12 18:07:22,OUT_OF_WINDOW
23173,100047.2,2026-09-13,,2026-09-12 19:12:39,OUT_OF_WINDOW
23174,100126.3,2026-09-12,,2026-09-12 18:03:22,OUT_OF_WINDOW
23175,100126.3,2026-09-13,,2026-09-12 20:04:15,OUT_OF_WINDOW
23176,100047.2,2026-09-13,,2026-09-12 20:16:42,OUT_OF_WINDOW
23177,100047.2,2026-09-13,,2026-09-12 21:22:13,OUT_OF_WINDOW
23178,100047.2,2026-09-13,,2026-09-12 22:23:11,OUT_OF_WINDOW
23179,100047.2,2026-09-13,,2026-09-12 23:43:54,OUT_OF_WINDOW
23180,100047.2,2026-09-13,,2026-09-13 00:43:57,OUT_OF_WINDOW
23183,100126.3,2026-09-13,,2026-09-12 22:04:45,OUT_OF_WINDOW
23184,100126.3,2026-09-13,,2026-09-13 00:05:47,OUT_OF_WINDOW
23185,100126.3,2026-09-13,,2026-09-13 02:26:28,OUT_OF_WINDOW
23190,100011.2,2026-09-13,,2026-09-13 03:48:53,OUT_OF_WINDOW
23199,100006.2,2026-09-13,,2026-09-13 05:56:51,OUT_OF_WINDOW
23201,100126.3,2026-09-13,,2026-09-13 14:52:55,OUT_OF_WINDOW
23209,100126.3,2026-09-13,,2026-09-13 16:53:24,OUT_OF_WINDOW
23210,100126.3,2026-09-13,,2026-09-13 18:56:12,OUT_OF_WINDOW
23272,100126.3,2026-09-14,,2026-09-13 20:57:41,OUT_OF_WINDOW
23273,100126.3,2026-09-14,,2026-09-13 23:00:01,OUT_OF_WINDOW
23274,100126.3,2026-09-14,,2026-09-14 01:00:56,OUT_OF_WINDOW
23275,100126.3,2026-09-14,,2026-09-14 05:33:02,OUT_OF_WINDOW
23278,100011.2,2026-09-14,,2026-09-14 05:50:03,OUT_OF_WINDOW
23286,100126.3,2026-09-14,,2026-09-14 07:34:27,OUT_OF_WINDOW
23287,100126.3,2026-09-14,,2026-09-14 09:42:49,OUT_OF_WINDOW
23291,100126.3,2026-09-14,,2026-09-14 13:50:17,OUT_OF_WINDOW
23292,100126.3,2026-09-14,,2026-09-14 15:50:58,OUT_OF_WINDOW
23293,100075.3,2026-09-14,,2026-09-14 16:03:21,OUT_OF_WINDOW
23294,100154.3,2026-09-14,,2026-09-14 16:39:00,OUT_OF_WINDOW
23295,100070.3,2026-09-14,,2026-09-14 16:49:54,OUT_OF_WINDOW
23296,100011.2,2026-09-14,,2026-09-14 18:50:59,OUT_OF_WINDOW
23297,100126.3,2026-09-14,,2026-09-14 17:51:19,OUT_OF_WINDOW
23298,100126.3,2026-09-15,,2026-09-14 21:03:01,OUT_OF_WINDOW
23388,100011.2,2026-09-15,,2026-09-15 07:51:21,OUT_OF_WINDOW
23390,100126.3,2026-09-15,,2026-09-14 23:17:51,OUT_OF_WINDOW
23391,100126.3,2026-09-15,,2026-09-15 08:06:54,OUT_OF_WINDOW
23393,100126.3,2026-09-15,,2026-09-15 10:09:22,OUT_OF_WINDOW
23395,100075.3,2026-09-15,,2026-09-15 16:14:49,OUT_OF_WINDOW
23396,100108.3,2026-09-15,,2026-09-15 17:41:18,OUT_OF_WINDOW
23466,100011.2,2026-09-16,,2026-09-15 20:56:38,OUT_OF_WINDOW
23467,100011.2,2026-09-16,,2026-09-16 09:59:10,OUT_OF_WINDOW
23472,100096.3,2026-09-16,,2026-09-16 17:07:46,OUT_OF_WINDOW
23473,100084.3,2026-09-16,,2026-09-16 17:11:53,OUT_OF_WINDOW
23474,100067.2,2026-09-16,,2026-09-16 18:57:16,OUT_OF_WINDOW
23476,100024.2,2026-09-10,,2026-09-09 23:27:53,OUT_OF_WINDOW
23477,100024.2,2026-09-10,,2026-09-10 00:59:41,OUT_OF_WINDOW
23478,100024.2,2026-09-10,,2026-09-10 02:01:39,OUT_OF_WINDOW
23479,100024.2,2026-09-10,,2026-09-10 03:02:13,OUT_OF_WINDOW
23480,100024.2,2026-09-10,,2026-09-10 04:59:01,OUT_OF_WINDOW
23481,100024.2,2026-09-10,,2026-09-10 05:59:32,OUT_OF_WINDOW
23482,100024.2,2026-09-17,,2026-09-16 20:39:46,OUT_OF_WINDOW
23483,100024.2,2026-09-17,,2026-09-16 20:40:20,OUT_OF_WINDOW
23484,100011.2,2026-09-17,,2026-09-16 22:59:52,OUT_OF_WINDOW
23561,100660.1,2026-09-04,,2026-09-04 16:14:40,OUT_OF_WINDOW
23562,100660.1,2026-09-04,,2026-09-04 17:10:06,OUT_OF_WINDOW
23563,100660.1,2026-09-04,,2026-09-04 18:07:20,OUT_OF_WINDOW
23564,100660.1,2026-09-05,,2026-09-04 19:17:20,OUT_OF_WINDOW
23565,100660.1,2026-09-05,,2026-09-04 20:17:36,OUT_OF_WINDOW
23566,100660.1,2026-09-05,,2026-09-04 21:26:34,OUT_OF_WINDOW
23567,100660.1,2026-09-05,,2026-09-04 22:27:14,OUT_OF_WINDOW
23568,100660.1,2026-09-05,,2026-09-04 23:36:16,OUT_OF_WINDOW
23569,100660.1,2026-09-05,,2026-09-05 00:50:49,OUT_OF_WINDOW
23570,100660.1,2026-09-05,,2026-09-05 01:57:37,OUT_OF_WINDOW
23571,100660.1,2026-09-05,,2026-09-05 03:27:35,OUT_OF_WINDOW
23572,100660.1,2026-09-05,,2026-09-05 04:44:18,OUT_OF_WINDOW
23573,100660.1,2026-09-05,,2026-09-05 05:50:01,OUT_OF_WINDOW
23574,100660.1,2026-09-05,,2026-09-05 06:42:06,OUT_OF_WINDOW
23575,100660.1,2026-09-05,,2026-09-05 07:44:56,OUT_OF_WINDOW
23576,100660.1,2026-09-05,,2026-09-05 08:49:11,OUT_OF_WINDOW
23577,100660.1,2026-09-05,,2026-09-05 09:51:33,OUT_OF_WINDOW
23578,100660.1,2026-09-05,,2026-09-05 10:46:50,OUT_OF_WINDOW
23579,100660.1,2026-09-05,,2026-09-05 11:47:41,OUT_OF_WINDOW
23580,100660.1,2026-09-05,,2026-09-05 12:48:25,OUT_OF_WINDOW
23581,100660.1,2026-09-05,,2026-09-05 13:51:53,OUT_OF_WINDOW
23582,100660.1,2026-09-05,,2026-09-05 14:52:19,OUT_OF_WINDOW
23583,100660.1,2026-09-05,,2026-09-05 15:54:29,OUT_OF_WINDOW
23584,100660.1,2026-09-05,,2026-09-05 16:55:51,OUT_OF_WINDOW
23585,100660.1,2026-09-05,,2026-09-05 17:49:11,OUT_OF_WINDOW
23586,100660.1,2026-09-06,,2026-09-05 19:00:01,OUT_OF_WINDOW
23587,100660.1,2026-09-06,,2026-09-05 20:04:59,OUT_OF_WINDOW
23588,100660.1,2026-09-06,,2026-09-05 20:59:27,OUT_OF_WINDOW
23589,100660.1,2026-09-06,,2026-09-05 23:00:27,OUT_OF_WINDOW
23590,100660.1,2026-09-06,,2026-09-06 00:17:45,OUT_OF_WINDOW
23591,100660.1,2026-09-06,,2026-09-06 01:11:19,OUT_OF_WINDOW
23592,100660.1,2026-09-06,,2026-09-06 02:13:09,OUT_OF_WINDOW
23593,100660.1,2026-09-06,,2026-09-06 04:30:49,OUT_OF_WINDOW
23594,100660.1,2026-09-06,,2026-09-06 10:05:32,OUT_OF_WINDOW
23595,100660.1,2026-09-06,,2026-09-06 12:02:01,OUT_OF_WINDOW
23596,100660.1,2026-09-06,,2026-09-06 13:44:27,OUT_OF_WINDOW
23597,100660.1,2026-09-06,,2026-09-06 14:44:27,OUT_OF_WINDOW
23598,100660.1,2026-09-06,,2026-09-06 15:36:32,OUT_OF_WINDOW
23599,100660.1,2026-09-06,,2026-09-06 16:48:55,OUT_OF_WINDOW
23600,100660.1,2026-09-06,,2026-09-06 17:57:06,OUT_OF_WINDOW
23601,100660.1,2026-09-06,,2026-09-06 18:49:43,OUT_OF_WINDOW
23602,100660.1,2026-09-07,,2026-09-06 19:51:35,OUT_OF_WINDOW
23603,100660.1,2026-09-07,,2026-09-06 20:51:18,OUT_OF_WINDOW
23604,100660.1,2026-09-07,,2026-09-06 22:07:28,OUT_OF_WINDOW
23605,100660.1,2026-09-07,,2026-09-06 23:29:14,OUT_OF_WINDOW
23606,100660.1,2026-09-07,,2026-09-07 00:35:56,OUT_OF_WINDOW
23607,100660.1,2026-09-07,,2026-09-07 02:04:49,OUT_OF_WINDOW
23608,100660.1,2026-09-07,,2026-09-07 03:02:25,OUT_OF_WINDOW
23609,100660.1,2026-09-07,,2026-09-07 04:02:20,OUT_OF_WINDOW
23620,100660.1,2026-09-07,,2026-09-07 16:27:05,OUT_OF_WINDOW
23621,100660.1,2026-09-07,,2026-09-07 17:26:40,OUT_OF_WINDOW
23622,100660.1,2026-09-07,,2026-09-07 18:29:35,OUT_OF_WINDOW
23623,100660.1,2026-09-08,,2026-09-07 19:37:36,OUT_OF_WINDOW
23624,100660.1,2026-09-08,,2026-09-07 20:31:03,OUT_OF_WINDOW
23625,100660.1,2026-09-08,,2026-09-07 21:49:37,OUT_OF_WINDOW
23626,100660.1,2026-09-08,,2026-09-07 23:00:54,OUT_OF_WINDOW
23627,100660.1,2026-09-08,,2026-09-08 00:00:57,OUT_OF_WINDOW
23628,100660.1,2026-09-08,,2026-09-08 01:10:03,OUT_OF_WINDOW
23629,100660.1,2026-09-08,,2026-09-08 02:14:38,OUT_OF_WINDOW
23630,100660.1,2026-09-08,,2026-09-08 03:15:22,OUT_OF_WINDOW
23631,100660.1,2026-09-08,,2026-09-08 04:21:02,OUT_OF_WINDOW
23632,100660.1,2026-09-08,,2026-09-08 05:27:36,OUT_OF_WINDOW
23633,100660.1,2026-09-08,,2026-09-08 06:27:36,OUT_OF_WINDOW
23634,100660.1,2026-09-08,,2026-09-08 07:34:09,OUT_OF_WINDOW
23635,100660.1,2026-09-08,,2026-09-08 08:28:04,OUT_OF_WINDOW
23644,100660.1,2026-09-09,,2026-09-09 15:32:34,OUT_OF_WINDOW
23645,100660.1,2026-09-09,,2026-09-09 16:28:32,OUT_OF_WINDOW
23646,100660.1,2026-09-09,,2026-09-09 17:50:38,OUT_OF_WINDOW
23647,100660.1,2026-09-09,,2026-09-09 18:54:11,OUT_OF_WINDOW
23648,100660.1,2026-09-10,,2026-09-09 19:50:29,OUT_OF_WINDOW
23649,100660.1,2026-09-10,,2026-09-09 20:50:23,OUT_OF_WINDOW
23650,100660.1,2026-09-10,,2026-09-09 22:09:46,OUT_OF_WINDOW
23651,100660.1,2026-09-10,,2026-09-09 23:48:51,OUT_OF_WINDOW
23652,100660.1,2026-09-10,,2026-09-10 01:33:40,OUT_OF_WINDOW
23653,100660.1,2026-09-10,,2026-09-10 02:46:33,OUT_OF_WINDOW
23654,100660.1,2026-09-10,,2026-09-10 03:46:51,OUT_OF_WINDOW
23655,100660.1,2026-09-10,,2026-09-10 04:52:09,OUT_OF_WINDOW
23656,100660.1,2026-09-10,,2026-09-10 06:48:44,OUT_OF_WINDOW
23657,100660.1,2026-09-10,,2026-09-10 07:50:46,OUT_OF_WINDOW
23658,100660.1,2026-09-10,,2026-09-10 09:01:18,OUT_OF_WINDOW
23659,100660.1,2026-09-10,,2026-09-10 09:53:13,OUT_OF_WINDOW
23665,100660.1,2026-09-10,,2026-09-10 16:04:19,OUT_OF_WINDOW
23666,100660.1,2026-09-10,,2026-09-10 17:04:28,OUT_OF_WINDOW
23667,100660.1,2026-09-10,,2026-09-10 18:04:53,OUT_OF_WINDOW
23668,100660.1,2026-09-10,,2026-09-10 18:59:22,OUT_OF_WINDOW
23669,100660.1,2026-09-11,,2026-09-10 20:24:44,OUT_OF_WINDOW
23670,100660.1,2026-09-11,,2026-09-10 21:42:37,OUT_OF_WINDOW
23671,100660.1,2026-09-11,,2026-09-10 23:09:10,OUT_OF_WINDOW
23672,100660.1,2026-09-11,,2026-09-11 00:23:54,OUT_OF_WINDOW
23673,100660.1,2026-09-11,,2026-09-11 01:39:48,OUT_OF_WINDOW
23674,100660.1,2026-09-11,,2026-09-11 02:42:38,OUT_OF_WINDOW
23675,100660.1,2026-09-11,,2026-09-11 04:43:37,OUT_OF_WINDOW
23676,100660.1,2026-09-11,,2026-09-11 05:42:34,OUT_OF_WINDOW
23677,100660.1,2026-09-11,,2026-09-11 06:44:52,OUT_OF_WINDOW
23678,100660.1,2026-09-11,,2026-09-11 07:45:20,OUT_OF_WINDOW
23679,100660.1,2026-09-11,,2026-09-11 08:52:09,OUT_OF_WINDOW
23680,100660.1,2026-09-11,,2026-09-11 09:52:19,OUT_OF_WINDOW
23681,100660.1,2026-09-11,,2026-09-11 10:55:31,OUT_OF_WINDOW
23682,100660.1,2026-09-11,,2026-09-11 11:47:42,OUT_OF_WINDOW
23683,100660.1,2026-09-11,,2026-09-11 12:55:44,OUT_OF_WINDOW
23684,100660.1,2026-09-11,,2026-09-11 13:58:36,OUT_OF_WINDOW
23685,100660.1,2026-09-11,,2026-09-11 15:07:51,OUT_OF_WINDOW
23686,100660.1,2026-09-11,,2026-09-11 16:07:19,OUT_OF_WINDOW
23687,100660.1,2026-09-11,,2026-09-11 17:07:20,OUT_OF_WINDOW
23688,100660.1,2026-09-11,,2026-09-11 18:07:59,OUT_OF_WINDOW
23689,100660.1,2026-09-12,,2026-09-11 19:15:25,OUT_OF_WINDOW
23690,100660.1,2026-09-12,,2026-09-11 20:13:14,OUT_OF_WINDOW
23691,100660.1,2026-09-12,,2026-09-11 21:19:16,OUT_OF_WINDOW
23692,100660.1,2026-09-12,,2026-09-11 22:49:06,OUT_OF_WINDOW
23693,100660.1,2026-09-12,,2026-09-12 00:06:04,OUT_OF_WINDOW
23694,100660.1,2026-09-12,,2026-09-12 02:12:29,OUT_OF_WINDOW
23695,100660.1,2026-09-12,,2026-09-12 04:13:00,OUT_OF_WINDOW
23696,100660.1,2026-09-12,,2026-09-12 07:16:37,OUT_OF_WINDOW
23697,100660.1,2026-09-12,,2026-09-12 08:23:27,OUT_OF_WINDOW
23698,100660.1,2026-09-12,,2026-09-12 10:25:41,OUT_OF_WINDOW
23699,100660.1,2026-09-12,,2026-09-12 11:18:05,OUT_OF_WINDOW
23700,100660.1,2026-09-12,,2026-09-12 12:27:53,OUT_OF_WINDOW
23701,100660.1,2026-09-12,,2026-09-12 13:27:53,OUT_OF_WINDOW
23702,100660.1,2026-09-12,,2026-09-12 14:20:15,OUT_OF_WINDOW
23703,100660.1,2026-09-12,,2026-09-12 15:19:53,OUT_OF_WINDOW
23704,100660.1,2026-09-12,,2026-09-12 16:25:31,OUT_OF_WINDOW
23705,100660.1,2026-09-12,,2026-09-12 17:27:52,OUT_OF_WINDOW
23706,100660.1,2026-09-12,,2026-09-12 18:29:51,OUT_OF_WINDOW
23707,100660.1,2026-09-13,,2026-09-12 19:31:42,OUT_OF_WINDOW
23708,100660.1,2026-09-13,,2026-09-12 20:32:14,OUT_OF_WINDOW
23709,100660.1,2026-09-13,,2026-09-12 21:28:42,OUT_OF_WINDOW
23710,100660.1,2026-09-13,,2026-09-12 22:31:58,OUT_OF_WINDOW
23711,100660.1,2026-09-13,,2026-09-12 23:38:37,OUT_OF_WINDOW
23712,100660.1,2026-09-13,,2026-09-13 00:57:35,OUT_OF_WINDOW
23713,100660.1,2026-09-13,,2026-09-13 01:57:36,OUT_OF_WINDOW
23714,100660.1,2026-09-13,,2026-09-13 03:57:35,OUT_OF_WINDOW
23715,100660.1,2026-09-13,,2026-09-13 06:22:36,OUT_OF_WINDOW
23716,100660.1,2026-09-13,,2026-09-13 07:14:03,OUT_OF_WINDOW
23717,100660.1,2026-09-13,,2026-09-13 08:14:33,OUT_OF_WINDOW
23718,100660.1,2026-09-13,,2026-09-13 09:21:50,OUT_OF_WINDOW
23719,100660.1,2026-09-13,,2026-09-13 11:32:31,OUT_OF_WINDOW
23720,100660.1,2026-09-13,,2026-09-13 12:28:22,OUT_OF_WINDOW
23721,100660.1,2026-09-13,,2026-09-13 13:28:25,OUT_OF_WINDOW
23722,100660.1,2026-09-13,,2026-09-13 14:33:14,OUT_OF_WINDOW
23723,100660.1,2026-09-13,,2026-09-13 16:01:44,OUT_OF_WINDOW
23724,100660.1,2026-09-13,,2026-09-13 17:01:40,OUT_OF_WINDOW
23725,100660.1,2026-09-13,,2026-09-13 18:07:41,OUT_OF_WINDOW
23726,100660.1,2026-09-14,,2026-09-13 19:08:39,OUT_OF_WINDOW
23727,100660.1,2026-09-14,,2026-09-13 20:10:01,OUT_OF_WINDOW
23728,100660.1,2026-09-14,,2026-09-13 21:07:10,OUT_OF_WINDOW
23729,100660.1,2026-09-14,,2026-09-13 22:24:30,OUT_OF_WINDOW
23730,100660.1,2026-09-14,,2026-09-13 23:39:33,OUT_OF_WINDOW
23731,100660.1,2026-09-14,,2026-09-14 00:52:45,OUT_OF_WINDOW
23732,100660.1,2026-09-14,,2026-09-14 02:06:54,OUT_OF_WINDOW
23733,100660.1,2026-09-14,,2026-09-14 03:04:01,OUT_OF_WINDOW
23734,100660.1,2026-09-14,,2026-09-14 03:58:00,OUT_OF_WINDOW
23735,100660.1,2026-09-14,,2026-09-14 05:01:25,OUT_OF_WINDOW
23746,100195.1,2026-09-04,,2026-09-04 12:07:39,OUT_OF_WINDOW
23747,100195.1,2026-09-04,,2026-09-04 13:03:35,OUT_OF_WINDOW
23748,100195.1,2026-09-04,,2026-09-04 14:08:28,OUT_OF_WINDOW
23749,100195.1,2026-09-04,,2026-09-04 14:15:16,OUT_OF_WINDOW
23750,100195.1,2026-09-04,,2026-09-04 15:18:18,OUT_OF_WINDOW
23751,100195.1,2026-09-04,,2026-09-04 17:30:00,OUT_OF_WINDOW
23752,100195.1,2026-09-04,,2026-09-04 18:46:59,OUT_OF_WINDOW
23753,100195.1,2026-09-05,,2026-09-04 20:06:00,OUT_OF_WINDOW
23754,100195.1,2026-09-05,,2026-09-04 21:14:36,OUT_OF_WINDOW
23755,100195.1,2026-09-05,,2026-09-04 22:15:01,OUT_OF_WINDOW
23756,100195.1,2026-09-05,,2026-09-04 23:15:03,OUT_OF_WINDOW
23757,100195.1,2026-09-05,,2026-09-05 00:15:04,OUT_OF_WINDOW
23758,100195.1,2026-09-05,,2026-09-05 01:15:06,OUT_OF_WINDOW
23759,100195.1,2026-09-05,,2026-09-05 02:15:07,OUT_OF_WINDOW
23760,100195.1,2026-09-05,,2026-09-05 03:33:32,OUT_OF_WINDOW
23761,100195.1,2026-09-05,,2026-09-05 05:08:33,OUT_OF_WINDOW
23762,100195.1,2026-09-05,,2026-09-05 06:37:01,OUT_OF_WINDOW
23763,100195.1,2026-09-05,,2026-09-05 07:35:21,OUT_OF_WINDOW
23764,100195.1,2026-09-05,,2026-09-05 08:35:09,OUT_OF_WINDOW
23765,100195.1,2026-09-05,,2026-09-05 09:57:44,OUT_OF_WINDOW
23766,100195.1,2026-09-05,,2026-09-05 10:55:22,OUT_OF_WINDOW
23767,100195.1,2026-09-05,,2026-09-05 12:01:31,OUT_OF_WINDOW
23768,100195.1,2026-09-05,,2026-09-05 13:05:29,OUT_OF_WINDOW
23769,100195.1,2026-09-05,,2026-09-05 14:42:05,OUT_OF_WINDOW
23770,100195.1,2026-09-05,,2026-09-05 15:50:09,OUT_OF_WINDOW
23771,100195.1,2026-09-05,,2026-09-05 16:59:23,OUT_OF_WINDOW
23772,100195.1,2026-09-05,,2026-09-05 17:58:16,OUT_OF_WINDOW
23773,100195.1,2026-09-05,,2026-09-05 18:59:30,OUT_OF_WINDOW
23774,100195.1,2026-09-06,,2026-09-05 20:23:47,OUT_OF_WINDOW
23775,100195.1,2026-09-06,,2026-09-05 21:27:47,OUT_OF_WINDOW
23776,100195.1,2026-09-06,,2026-09-05 22:24:44,OUT_OF_WINDOW
23777,100195.1,2026-09-06,,2026-09-05 23:24:46,OUT_OF_WINDOW
23778,100195.1,2026-09-06,,2026-09-06 00:24:48,OUT_OF_WINDOW
23779,100195.1,2026-09-06,,2026-09-06 01:24:49,OUT_OF_WINDOW
23780,100195.1,2026-09-06,,2026-09-06 02:24:51,OUT_OF_WINDOW
23781,100195.1,2026-09-06,,2026-09-06 03:24:52,OUT_OF_WINDOW
23782,100195.1,2026-09-06,,2026-09-06 04:24:57,OUT_OF_WINDOW
23783,100195.1,2026-09-06,,2026-09-06 05:24:59,OUT_OF_WINDOW
23784,100195.1,2026-09-06,,2026-09-06 06:25:02,OUT_OF_WINDOW
23785,100195.1,2026-09-06,,2026-09-06 07:25:04,OUT_OF_WINDOW
23786,100195.1,2026-09-06,,2026-09-06 08:33:57,OUT_OF_WINDOW
23787,100195.1,2026-09-06,,2026-09-06 09:39:06,OUT_OF_WINDOW
23788,100195.1,2026-09-06,,2026-09-06 10:50:22,OUT_OF_WINDOW
23789,100195.1,2026-09-06,,2026-09-06 11:52:23,OUT_OF_WINDOW
23790,100195.1,2026-09-06,,2026-09-06 12:53:09,OUT_OF_WINDOW
23791,100195.1,2026-09-06,,2026-09-06 13:54:00,OUT_OF_WINDOW
23792,100195.1,2026-09-06,,2026-09-06 14:58:44,OUT_OF_WINDOW
23793,100195.1,2026-09-06,,2026-09-06 15:43:50,OUT_OF_WINDOW
23797,100195.1,2026-09-07,2026-09-06,2026-09-06 20:04:46,
23798,100195.1,2026-09-07,2026-09-06,2026-09-06 21:01:26,
23799,100195.1,2026-09-07,2026-09-06,2026-09-06 22:03:44,
23800,100195.1,2026-09-07,2026-09-06,2026-09-06 23:03:45,
23801,100195.1,2026-09-07,2026-09-06,2026-09-07 00:03:47,
23802,100195.1,2026-09-07,2026-09-06,2026-09-07 01:03:48,
23803,100195.1,2026-09-07,2026-09-06,2026-09-07 02:03:50,
23804,100195.1,2026-09-07,2026-09-06,2026-09-07 03:07:00,
23805,100195.1,2026-09-07,2026-09-06,2026-09-07 04:18:02,
23809,100195.1,2026-09-07,,2026-09-07 13:09:32,OUT_OF_WINDOW
23815,100195.1,2026-09-08,,2026-09-08 12:01:44,OUT_OF_WINDOW
23816,100195.1,2026-09-08,,2026-09-08 13:03:01,OUT_OF_WINDOW
23817,100195.1,2026-09-08,,2026-09-08 14:05:19,OUT_OF_WINDOW
23818,100195.1,2026-09-08,,2026-09-08 15:04:28,OUT_OF_WINDOW
23819,100195.1,2026-09-08,,2026-09-08 16:09:01,OUT_OF_WINDOW
23820,100195.1,2026-09-08,,2026-09-08 17:11:42,OUT_OF_WINDOW
23821,100195.1,2026-09-08,,2026-09-08 18:11:43,OUT_OF_WINDOW
23822,100195.1,2026-09-09,,2026-09-08 19:17:00,OUT_OF_WINDOW
23823,100195.1,2026-09-09,,2026-09-08 21:01:01,OUT_OF_WINDOW
23824,100195.1,2026-09-09,,2026-09-08 23:11:59,OUT_OF_WINDOW
23825,100195.1,2026-09-09,,2026-09-08 23:24:29,OUT_OF_WINDOW
23826,100195.1,2026-09-09,,2026-09-09 01:31:50,OUT_OF_WINDOW
23827,100195.1,2026-09-09,,2026-09-09 02:46:27,OUT_OF_WINDOW
23828,100195.1,2026-09-09,,2026-09-09 04:07:06,OUT_OF_WINDOW
23829,100195.1,2026-09-09,,2026-09-09 05:28:42,OUT_OF_WINDOW
23831,100195.1,2026-09-10,,2026-09-10 10:20:42,OUT_OF_WINDOW
23835,100195.1,2026-09-10,,2026-09-10 14:46:54,OUT_OF_WINDOW
23836,100195.1,2026-09-10,,2026-09-10 16:04:23,OUT_OF_WINDOW
23837,100195.1,2026-09-10,,2026-09-10 16:09:00,OUT_OF_WINDOW
23838,100195.1,2026-09-10,,2026-09-10 17:16:15,OUT_OF_WINDOW
23839,100195.1,2026-09-10,,2026-09-10 18:32:05,OUT_OF_WINDOW
23840,100195.1,2026-09-11,,2026-09-10 19:51:30,OUT_OF_WINDOW
23841,100195.1,2026-09-11,,2026-09-10 20:52:03,OUT_OF_WINDOW
23842,100195.1,2026-09-11,,2026-09-10 23:00:46,OUT_OF_WINDOW
23843,100195.1,2026-09-11,,2026-09-11 01:09:01,OUT_OF_WINDOW
23844,100195.1,2026-09-11,,2026-09-11 02:10:05,OUT_OF_WINDOW
23845,100195.1,2026-09-11,,2026-09-11 03:11:29,OUT_OF_WINDOW
23846,100195.1,2026-09-11,,2026-09-11 04:21:58,OUT_OF_WINDOW
23856,100195.1,2026-09-11,,2026-09-11 14:54:14,OUT_OF_WINDOW
23857,100195.1,2026-09-11,,2026-09-11 16:13:23,OUT_OF_WINDOW
23858,100195.1,2026-09-11,,2026-09-11 16:17:23,OUT_OF_WINDOW
23859,100195.1,2026-09-11,,2026-09-11 16:26:12,OUT_OF_WINDOW
23860,100195.1,2026-09-11,,2026-09-11 16:41:25,OUT_OF_WINDOW
23861,100195.1,2026-09-11,,2026-09-11 18:56:27,OUT_OF_WINDOW
23862,100195.1,2026-09-12,,2026-09-11 20:52:20,OUT_OF_WINDOW
23863,100195.1,2026-09-12,,2026-09-11 21:00:21,OUT_OF_WINDOW
23864,100195.1,2026-09-12,,2026-09-11 23:03:27,OUT_OF_WINDOW
23865,100195.1,2026-09-12,,2026-09-12 01:48:43,OUT_OF_WINDOW
23866,100195.1,2026-09-12,,2026-09-12 03:44:46,OUT_OF_WINDOW
23867,100195.1,2026-09-12,,2026-09-12 05:48:07,OUT_OF_WINDOW
23868,100195.1,2026-09-12,,2026-09-12 06:54:54,OUT_OF_WINDOW
23869,100195.1,2026-09-12,,2026-09-12 08:01:32,OUT_OF_WINDOW
23870,100195.1,2026-09-12,,2026-09-12 08:55:50,OUT_OF_WINDOW
23871,100195.1,2026-09-12,,2026-09-12 09:59:05,OUT_OF_WINDOW
23872,100195.1,2026-09-12,,2026-09-12 12:24:17,OUT_OF_WINDOW
23873,100195.1,2026-09-12,,2026-09-12 13:24:19,OUT_OF_WINDOW
23874,100195.1,2026-09-12,,2026-09-12 14:45:03,OUT_OF_WINDOW
23875,100195.1,2026-09-12,,2026-09-12 15:51:25,OUT_OF_WINDOW
23876,100195.1,2026-09-12,,2026-09-12 16:56:22,OUT_OF_WINDOW
23877,100195.1,2026-09-12,,2026-09-12 17:52:30,OUT_OF_WINDOW
23878,100195.1,2026-09-12,,2026-09-12 18:59:00,OUT_OF_WINDOW
23879,100195.1,2026-09-13,,2026-09-12 20:23:03,OUT_OF_WINDOW
23880,100195.1,2026-09-13,,2026-09-12 21:23:10,OUT_OF_WINDOW
23881,100195.1,2026-09-13,,2026-09-12 23:32:24,OUT_OF_WINDOW
23882,100195.1,2026-09-13,,2026-09-13 03:43:30,OUT_OF_WINDOW
23883,100195.1,2026-09-13,,2026-09-13 06:32:06,OUT_OF_WINDOW
23884,100195.1,2026-09-13,,2026-09-13 07:32:58,OUT_OF_WINDOW
23885,100195.1,2026-09-13,,2026-09-13 08:29:33,OUT_OF_WINDOW
23886,100195.1,2026-09-13,,2026-09-13 09:33:27,OUT_OF_WINDOW
23887,100195.1,2026-09-13,,2026-09-13 10:29:47,OUT_OF_WINDOW
23888,100195.1,2026-09-13,,2026-09-13 11:31:22,OUT_OF_WINDOW
23889,100195.1,2026-09-13,,2026-09-13 12:30:57,OUT_OF_WINDOW
23890,100195.1,2026-09-13,,2026-09-13 13:41:19,OUT_OF_WINDOW
23891,100195.1,2026-09-13,,2026-09-13 15:02:53,OUT_OF_WINDOW
23892,100195.1,2026-09-13,,2026-09-13 16:11:48,OUT_OF_WINDOW
23893,100195.1,2026-09-13,,2026-09-13 17:33:38,OUT_OF_WINDOW
23894,100195.1,2026-09-13,,2026-09-13 18:35:18,OUT_OF_WINDOW
23895,100195.1,2026-09-14,,2026-09-13 19:45:55,OUT_OF_WINDOW
23896,100195.1,2026-09-14,,2026-09-13 20:46:55,OUT_OF_WINDOW
23897,100195.1,2026-09-14,,2026-09-13 21:47:54,OUT_OF_WINDOW
23898,100195.1,2026-09-14,,2026-09-13 22:48:34,OUT_OF_WINDOW
23899,100195.1,2026-09-14,,2026-09-13 23:50:23,OUT_OF_WINDOW
23900,100195.1,2026-09-14,,2026-09-14 00:48:24,OUT_OF_WINDOW
23901,100195.1,2026-09-14,,2026-09-14 01:50:14,OUT_OF_WINDOW
23902,100195.1,2026-09-14,,2026-09-14 02:53:12,OUT_OF_WINDOW
23903,100195.1,2026-09-14,,2026-09-14 03:53:13,OUT_OF_WINDOW
23904,100195.1,2026-09-14,,2026-09-14 04:54:36,OUT_OF_WINDOW
24107,100126.3,2026-09-17,,2026-09-17 16:49:55,OUT_OF_WINDOW
24108,100126.3,2026-09-17,,2026-09-17 18:50:24,OUT_OF_WINDOW
24109,100126.3,2026-09-18,,2026-09-17 20:51:07,OUT_OF_WINDOW
24110,100126.3,2026-09-18,,2026-09-18 02:25:02,OUT_OF_WINDOW
24111,100126.3,2026-09-18,,2026-09-18 04:25:47,OUT_OF_WINDOW
24112,100126.3,2026-09-18,,2026-09-18 06:48:17,OUT_OF_WINDOW
24114,100011.2,2026-09-17,,2026-09-17 11:59:56,OUT_OF_WINDOW
24115,100011.2,2026-09-18,,2026-09-18 01:03:32,OUT_OF_WINDOW
24116,100011.2,2026-09-18,,2026-09-18 14:04:01,OUT_OF_WINDOW
24118,100660.1,2026-09-18,,2026-09-18 15:13:26,OUT_OF_WINDOW
24119,100660.1,2026-09-18,,2026-09-18 16:13:26,OUT_OF_WINDOW
24120,100660.1,2026-09-18,,2026-09-18 17:13:25,OUT_OF_WINDOW
24121,100660.1,2026-09-18,,2026-09-18 18:13:20,OUT_OF_WINDOW
24122,100660.1,2026-09-19,,2026-09-18 19:13:26,OUT_OF_WINDOW
24125,100660.1,2026-09-19,,2026-09-18 20:13:28,OUT_OF_WINDOW
24126,100660.1,2026-09-19,,2026-09-18 21:13:27,OUT_OF_WINDOW
24127,100660.1,2026-09-19,,2026-09-18 22:13:27,OUT_OF_WINDOW
24128,100660.1,2026-09-19,,2026-09-18 23:13:26,OUT_OF_WINDOW
24129,100660.1,2026-09-19,,2026-09-19 00:13:26,OUT_OF_WINDOW
24130,100660.1,2026-09-19,,2026-09-19 01:13:25,OUT_OF_WINDOW
24140,100660.1,2026-09-19,,2026-09-19 02:13:26,OUT_OF_WINDOW
24154,100011.2,2026-09-19,,2026-09-19 03:05:34,OUT_OF_WINDOW
24158,100660.1,2026-09-19,,2026-09-19 03:13:26,OUT_OF_WINDOW
24172,100660.1,2026-09-19,,2026-09-19 04:13:26,OUT_OF_WINDOW
24182,100660.1,2026-09-19,,2026-09-19 05:13:26,OUT_OF_WINDOW
24190,100660.1,2026-09-19,,2026-09-19 06:13:27,OUT_OF_WINDOW
24201,100660.1,2026-09-19,,2026-09-19 07:13:26,OUT_OF_WINDOW
24203,100660.1,2026-09-19,,2026-09-19 08:13:26,OUT_OF_WINDOW
24204,100660.1,2026-09-19,,2026-09-19 09:13:27,OUT_OF_WINDOW
24205,100660.1,2026-09-19,,2026-09-19 10:13:28,OUT_OF_WINDOW
24206,100660.1,2026-09-19,,2026-09-19 11:13:27,OUT_OF_WINDOW
24207,100660.1,2026-09-19,,2026-09-19 12:13:27,OUT_OF_WINDOW
24208,100660.1,2026-09-19,,2026-09-19 13:13:27,OUT_OF_WINDOW
24209,100660.1,2026-09-19,,2026-09-19 14:13:29,OUT_OF_WINDOW
24210,100660.1,2026-09-19,,2026-09-19 15:13:28,OUT_OF_WINDOW
24211,100084.3,2026-09-19,,2026-09-19 15:27:39,OUT_OF_WINDOW
24212,100011.2,2026-09-19,,2026-09-19 16:07:25,OUT_OF_WINDOW
24213,100075.3,2026-09-19,,2026-09-19 16:15:02,OUT_OF_WINDOW
24215,100660.1,2026-09-19,,2026-09-19 16:13:27,OUT_OF_WINDOW
24216,100660.1,2026-09-19,,2026-09-19 17:13:26,OUT_OF_WINDOW
24217,100660.1,2026-09-19,,2026-09-19 18:13:27,OUT_OF_WINDOW
24218,100660.1,2026-09-20,,2026-09-19 19:13:29,OUT_OF_WINDOW
24220,100660.1,2026-09-20,,2026-09-19 20:13:28,OUT_OF_WINDOW
24221,100660.1,2026-09-20,,2026-09-19 21:13:28,OUT_OF_WINDOW
24222,100660.1,2026-09-20,,2026-09-19 22:13:28,OUT_OF_WINDOW
24240,100011.2,2026-09-20,,2026-09-20 05:07:45,OUT_OF_WINDOW
24241,100660.1,2026-09-20,,2026-09-19 23:13:27,OUT_OF_WINDOW
24242,100660.1,2026-09-20,,2026-09-20 00:13:28,OUT_OF_WINDOW
24243,100660.1,2026-09-20,,2026-09-20 01:13:27,OUT_OF_WINDOW
24244,100660.1,2026-09-20,,2026-09-20 02:13:27,OUT_OF_WINDOW
24245,100660.1,2026-09-20,,2026-09-20 03:13:27,OUT_OF_WINDOW
24246,100660.1,2026-09-20,,2026-09-20 04:13:28,OUT_OF_WINDOW
24247,100660.1,2026-09-20,,2026-09-20 05:13:28,OUT_OF_WINDOW
24250,100660.1,2026-09-20,,2026-09-20 06:13:27,OUT_OF_WINDOW
24251,100660.1,2026-09-20,,2026-09-20 07:13:28,OUT_OF_WINDOW
24252,100660.1,2026-09-20,,2026-09-20 08:13:28,OUT_OF_WINDOW
24253,100660.1,2026-09-20,,2026-09-20 09:13:29,OUT_OF_WINDOW
24254,100660.1,2026-09-20,,2026-09-20 10:13:29,OUT_OF_WINDOW
24255,100660.1,2026-09-20,,2026-09-20 11:13:28,OUT_OF_WINDOW
24256,100660.1,2026-09-20,,2026-09-20 12:13:28,OUT_OF_WINDOW
24257,100660.1,2026-09-20,,2026-09-20 13:13:29,OUT_OF_WINDOW
24258,100660.1,2026-09-20,,2026-09-20 14:13:28,OUT_OF_WINDOW
24259,100660.1,2026-09-20,,2026-09-20 15:13:29,OUT_OF_WINDOW
24262,100011.2,2026-09-20,,2026-09-20 18:08:30,OUT_OF_WINDOW
24349,100011.2,2026-09-21,,2026-09-21 07:22:24,OUT_OF_WINDOW
24378,100195.1,2026-09-21,,2026-09-21 14:23:12,OUT_OF_WINDOW
24379,100195.1,2026-09-21,,2026-09-21 14:34:32,OUT_OF_WINDOW
24380,100195.1,2026-09-21,,2026-09-21 14:35:54,OUT_OF_WINDOW
24381,100660.1,2026-09-21,,2026-09-21 15:17:42,OUT_OF_WINDOW
24382,100002.1,2026-09-21,,2026-09-21 15:21:17,OUT_OF_WINDOW
24383,100195.1,2026-09-21,,2026-09-21 15:36:52,OUT_OF_WINDOW
24384,100660.1,2026-09-21,,2026-09-21 16:17:34,OUT_OF_WINDOW
24385,100075.3,2026-09-21,,2026-09-21 16:18:01,OUT_OF_WINDOW
24386,100002.1,2026-09-21,,2026-09-21 16:21:17,OUT_OF_WINDOW
24387,100195.1,2026-09-21,,2026-09-21 16:36:52,OUT_OF_WINDOW
24388,100039.2,2026-09-21,,2026-09-21 17:16:15,OUT_OF_WINDOW
24389,100660.1,2026-09-21,,2026-09-21 17:17:39,OUT_OF_WINDOW
24390,100002.1,2026-09-21,,2026-09-21 17:21:17,OUT_OF_WINDOW
24391,100195.1,2026-09-21,,2026-09-21 17:36:52,OUT_OF_WINDOW
24392,100660.1,2026-09-21,,2026-09-21 18:17:32,OUT_OF_WINDOW
24393,100002.1,2026-09-21,,2026-09-21 18:21:17,OUT_OF_WINDOW
24394,100195.1,2026-09-21,,2026-09-21 18:36:52,OUT_OF_WINDOW
24395,100660.1,2026-09-22,,2026-09-21 19:17:31,OUT_OF_WINDOW
24396,100002.1,2026-09-22,,2026-09-21 19:21:18,OUT_OF_WINDOW
24397,100195.1,2026-09-22,,2026-09-21 19:36:52,OUT_OF_WINDOW
24398,100660.1,2026-09-22,,2026-09-21 20:17:35,OUT_OF_WINDOW
24399,100002.1,2026-09-22,,2026-09-21 20:21:18,OUT_OF_WINDOW
24400,100011.2,2026-09-22,,2026-09-21 20:24:43,OUT_OF_WINDOW
24401,100195.1,2026-09-22,,2026-09-21 20:36:52,OUT_OF_WINDOW
24402,100002.1,2026-09-22,,2026-09-21 21:21:18,OUT_OF_WINDOW
24403,100195.1,2026-09-22,,2026-09-21 21:36:52,OUT_OF_WINDOW
24404,100002.1,2026-09-22,,2026-09-21 22:21:18,OUT_OF_WINDOW
24405,100195.1,2026-09-22,,2026-09-21 22:36:53,OUT_OF_WINDOW
24406,100002.1,2026-09-22,,2026-09-21 23:21:18,OUT_OF_WINDOW
24407,100195.1,2026-09-22,,2026-09-21 23:36:53,OUT_OF_WINDOW
24408,100002.1,2026-09-22,,2026-09-22 00:21:18,OUT_OF_WINDOW
24409,100195.1,2026-09-22,,2026-09-22 00:36:53,OUT_OF_WINDOW
24411,100002.1,2026-09-22,,2026-09-22 01:21:18,OUT_OF_WINDOW
24415,100195.1,2026-09-22,,2026-09-22 01:36:53,OUT_OF_WINDOW
24421,100002.1,2026-09-22,,2026-09-22 02:21:18,OUT_OF_WINDOW
24426,100195.1,2026-09-22,,2026-09-22 02:36:53,OUT_OF_WINDOW
24434,100660.1,2026-09-22,,2026-09-21 21:17:35,OUT_OF_WINDOW
24435,100660.1,2026-09-22,,2026-09-21 22:17:35,OUT_OF_WINDOW
24436,100660.1,2026-09-22,,2026-09-21 23:17:32,OUT_OF_WINDOW
24437,100660.1,2026-09-22,,2026-09-22 00:17:35,OUT_OF_WINDOW
24438,100660.1,2026-09-22,,2026-09-22 01:17:35,OUT_OF_WINDOW
24439,100660.1,2026-09-22,,2026-09-22 02:17:35,OUT_OF_WINDOW
24440,100660.1,2026-09-22,,2026-09-22 03:17:36,OUT_OF_WINDOW
24441,100002.1,2026-09-22,,2026-09-22 03:21:18,OUT_OF_WINDOW
24451,100195.1,2026-09-22,,2026-09-22 03:36:53,OUT_OF_WINDOW
24461,100660.1,2026-09-22,,2026-09-22 04:17:36,OUT_OF_WINDOW
24486,100660.1,2026-09-22,,2026-09-22 04:40:00,OUT_OF_WINDOW
24505,100002.1,2026-09-22,,2026-09-22 04:21:20,OUT_OF_WINDOW
24506,100002.1,2026-09-22,,2026-09-22 05:21:17,OUT_OF_WINDOW
24508,100195.1,2026-09-22,,2026-09-22 04:36:52,OUT_OF_WINDOW
24509,100195.1,2026-09-22,,2026-09-22 05:36:53,OUT_OF_WINDOW
24513,100002.1,2026-09-22,,2026-09-22 06:21:06,OUT_OF_WINDOW
24514,100195.1,2026-09-22,,2026-09-22 06:36:53,OUT_OF_WINDOW
