ID,CARD_NO,OLD_ATTENDANCE_DATE,NEW_ATTENDANCE_DATE,RECORDED_AT_UTC,FLAG,REASON,MINUTES_TO_BOUNDARY,MULTI_PUNCH_DAY
2,100001.1,2026-05-06,,2026-05-06 06:54:42,OUT_OF_WINDOW,BEFORE_CHECKIN,6.3,N
3,100001.1,2026-05-06,,2026-05-06 06:54:42,OUT_OF_WINDOW,BEFORE_CHECKIN,6.3,N
5,100001.1,2026-05-06,,2026-05-06 06:54:42,OUT_OF_WINDOW,BEFORE_CHECKIN,6.3,N
6,100001.1,2026-05-06,,2026-05-06 06:55:17,OUT_OF_WINDOW,BEFORE_CHECKIN,5.7,N
7,100001.1,2026-05-06,,2026-05-06 06:56:23,OUT_OF_WINDOW,BEFORE_CHECKIN,4.6,N
8,100001.1,2026-05-06,,2026-05-06 06:57:13,OUT_OF_WINDOW,BEFORE_CHECKIN,3.8,N
9,100001.1,2026-05-06,,2026-05-06 06:58:25,OUT_OF_WINDOW,BEFORE_CHECKIN,2.6,N
32,100001.1,2026-05-06,,2026-05-06 07:28:45,OUT_OF_WINDOW,AFTER_CHECKOUT,2.8,N
33,100001.1,2026-05-06,,2026-05-06 07:30:10,OUT_OF_WINDOW,AFTER_CHECKOUT,4.2,N
34,100001.1,2026-05-06,,2026-05-06 07:31:28,OUT_OF_WINDOW,AFTER_CHECKOUT,5.5,N
35,100001.1,2026-05-06,,2026-05-06 07:32:23,OUT_OF_WINDOW,AFTER_CHECKOUT,6.4,N
36,100001.1,2026-05-06,,2026-05-06 07:33:31,OUT_OF_WINDOW,AFTER_CHECKOUT,7.5,N
37,100001.1,2026-05-06,,2026-05-06 07:34:22,OUT_OF_WINDOW,AFTER_CHECKOUT,8.4,N
38,100001.1,2026-05-06,,2026-05-06 07:35:32,OUT_OF_WINDOW,AFTER_CHECKOUT,9.5,N
39,100001.1,2026-05-06,,2026-05-06 07:36:28,OUT_OF_WINDOW,AFTER_CHECKOUT,10.5,N
40,100001.1,2026-05-06,,2026-05-06 07:38:00,OUT_OF_WINDOW,AFTER_CHECKOUT,12,N
41,100001.1,2026-05-06,,2026-05-06 07:39:20,OUT_OF_WINDOW,AFTER_CHECKOUT,13.3,N
42,100001.1,2026-05-06,,2026-05-06 07:40:46,OUT_OF_WINDOW,AFTER_CHECKOUT,14.8,N
43,100001.1,2026-05-06,,2026-05-06 07:41:54,OUT_OF_WINDOW,AFTER_CHECKOUT,15.9,N
44,100001.1,2026-05-06,,2026-05-06 07:42:53,OUT_OF_WINDOW,AFTER_CHECKOUT,16.9,N
45,100001.1,2026-05-06,,2026-05-06 07:44:02,OUT_OF_WINDOW,AFTER_CHECKOUT,18,N
46,100001.1,2026-05-06,,2026-05-06 07:45:10,OUT_OF_WINDOW,AFTER_CHECKOUT,19.2,N
47,100001.1,2026-05-06,,2026-05-06 07:46:40,OUT_OF_WINDOW,AFTER_CHECKOUT,20.7,N
48,100001.1,2026-05-06,,2026-05-06 07:47:56,OUT_OF_WINDOW,AFTER_CHECKOUT,21.9,N
49,100001.1,2026-05-06,,2026-05-06 07:49:10,OUT_OF_WINDOW,AFTER_CHECKOUT,23.2,N
50,100001.1,2026-05-06,,2026-05-06 07:50:44,OUT_OF_WINDOW,AFTER_CHECKOUT,24.7,N
51,100001.1,2026-05-06,,2026-05-06 07:51:59,OUT_OF_WINDOW,AFTER_CHECKOUT,26,N
52,100001.1,2026-05-06,,2026-05-06 07:52:58,OUT_OF_WINDOW,AFTER_CHECKOUT,27,N
53,100001.1,2026-05-06,,2026-05-06 07:54:28,OUT_OF_WINDOW,AFTER_CHECKOUT,28.5,N
54,100001.1,2026-05-06,,2026-05-06 07:55:51,OUT_OF_WINDOW,AFTER_CHECKOUT,29.9,N
55,100001.1,2026-05-06,,2026-05-06 07:57:12,OUT_OF_WINDOW,AFTER_CHECKOUT,31.2,N
56,100001.1,2026-05-06,,2026-05-06 07:58:54,OUT_OF_WINDOW,AFTER_CHECKOUT,32.9,N
57,100001.1,2026-05-06,,2026-05-06 08:00:40,OUT_OF_WINDOW,AFTER_CHECKOUT,34.7,N
58,100001.1,2026-05-06,,2026-05-06 08:02:14,OUT_OF_WINDOW,AFTER_CHECKOUT,36.2,N
59,100001.1,2026-05-06,,2026-05-06 09:54:43,OUT_OF_WINDOW,AFTER_CHECKOUT,148.7,N
61,100001.1,2026-05-06,,2026-05-06 09:54:43,OUT_OF_WINDOW,AFTER_CHECKOUT,148.7,N
62,100001.1,2026-05-06,,2026-05-06 09:54:43,OUT_OF_WINDOW,AFTER_CHECKOUT,148.7,N
63,100001.1,2026-05-06,,2026-05-06 09:55:30,OUT_OF_WINDOW,AFTER_CHECKOUT,149.5,N
64,100001.1,2026-05-06,,2026-05-06 09:56:43,OUT_OF_WINDOW,AFTER_CHECKOUT,150.7,N
65,100002.1,2026-05-06,,2026-05-06 14:56:21,OUT_OF_WINDOW,AFTER_CHECKOUT,459.4,N
66,100001.1,2026-05-07,,2026-05-07 06:09:38,OUT_OF_WINDOW,BEFORE_CHECKIN,2.4,N
67,100001.1,2026-05-07,,2026-05-07 06:09:38,OUT_OF_WINDOW,BEFORE_CHECKIN,2.4,N
69,100001.1,2026-05-07,,2026-05-07 06:09:38,OUT_OF_WINDOW,BEFORE_CHECKIN,2.4,N
75,100001.1,2026-05-08,,2026-05-08 05:49:47,OUT_OF_WINDOW,BEFORE_CHECKIN,25.2,N
76,100001.1,2026-05-08,,2026-05-08 07:00:00,OUT_OF_WINDOW,AFTER_CHECKOUT,3,N
77,100002.1,2026-05-11,,2026-05-11 07:48:41,OUT_OF_WINDOW,AFTER_CHECKOUT,397.7,N
78,100001.1,2026-05-11,,2026-05-11 08:27:05,OUT_OF_WINDOW,NO_CHECKIN,,N
79,100002.1,2026-05-11,,2026-05-11 08:56:17,OUT_OF_WINDOW,AFTER_CHECKOUT,465.3,N
80,100001.1,2026-05-11,,2026-05-11 09:27:06,OUT_OF_WINDOW,NO_CHECKIN,,N
81,100002.1,2026-05-11,,2026-05-11 10:06:11,OUT_OF_WINDOW,AFTER_CHECKOUT,535.2,N
82,100002.1,2026-05-11,,2026-05-11 11:13:56,OUT_OF_WINDOW,AFTER_CHECKOUT,602.9,N
83,100001.1,2026-05-11,,2026-05-11 12:07:10,OUT_OF_WINDOW,NO_CHECKIN,,N
84,100001.1,2026-05-11,,2026-05-11 12:07:20,OUT_OF_WINDOW,NO_CHECKIN,,N
85,100001.1,2026-05-11,,2026-05-11 12:08:46,OUT_OF_WINDOW,NO_CHECKIN,,N
86,100002.1,2026-05-11,,2026-05-11 12:21:20,OUT_OF_WINDOW,AFTER_CHECKOUT,670.3,N
87,3018224986,2026-05-11,,2026-05-11 12:30:37,OUT_OF_WINDOW,NO_CHECKIN,,N
88,100002.1,2026-05-11,,2026-05-11 13:24:00,OUT_OF_WINDOW,AFTER_CHECKOUT,733,N
89,100002.1,2026-05-11,,2026-05-11 14:35:29,OUT_OF_WINDOW,AFTER_CHECKOUT,804.5,N
90,100002.1,2026-05-11,,2026-05-11 15:46:17,OUT_OF_WINDOW,AFTER_CHECKOUT,875.3,N
91,100002.1,2026-05-11,,2026-05-11 16:46:32,OUT_OF_WINDOW,AFTER_CHECKOUT,935.5,N
92,100002.1,2026-05-11,,2026-05-11 17:49:36,OUT_OF_WINDOW,AFTER_CHECKOUT,998.6,N
93,100002.1,2026-05-12,,2026-05-11 19:01:31,OUT_OF_WINDOW,AFTER_CHECKOUT,1070.5,N
94,100002.1,2026-05-12,,2026-05-11 19:01:35,OUT_OF_WINDOW,AFTER_CHECKOUT,1070.6,N
96,100002.1,2026-05-12,,2026-05-12 05:35:11,OUT_OF_WINDOW,AFTER_CHECKOUT,1704.2,N
97,100002.1,2026-05-12,,2026-05-12 06:35:31,OUT_OF_WINDOW,AFTER_CHECKOUT,1764.5,N
98,100002.1,2026-05-12,,2026-05-12 07:40:59,OUT_OF_WINDOW,AFTER_CHECKOUT,1830,N
99,3018224986,2026-05-12,,2026-05-12 08:38:12,OUT_OF_WINDOW,NO_CHECKIN,,N
100,100001.1,2026-05-12,,2026-05-12 08:38:54,OUT_OF_WINDOW,BEFORE_CHECKIN,368.1,N
101,100002.1,2026-05-12,,2026-05-12 08:42:20,OUT_OF_WINDOW,AFTER_CHECKOUT,1891.3,N
102,100001.1,2026-05-12,,2026-05-12 11:11:15,OUT_OF_WINDOW,BEFORE_CHECKIN,215.8,N
103,3018224986,2026-05-12,,2026-05-12 11:11:31,OUT_OF_WINDOW,NO_CHECKIN,,N
106,100011.2,2026-05-24,,2026-05-23 19:08:28,OUT_OF_WINDOW,AFTER_CUTOFF,188.5,N
107,100011.2,2026-05-24,,2026-05-24 08:08:30,OUT_OF_WINDOW,AFTER_CUTOFF,968.5,N
108,100011.2,2026-05-25,,2026-05-24 21:13:57,OUT_OF_WINDOW,NO_CHECKIN,,N
111,100011.2,2026-05-25,,2026-05-25 10:14:06,OUT_OF_WINDOW,NO_CHECKIN,,N
113,100011.2,2026-05-26,,2026-05-25 23:14:18,OUT_OF_WINDOW,NO_CHECKIN,,N
117,100011.2,2026-05-26,,2026-05-26 12:26:16,OUT_OF_WINDOW,NO_CHECKIN,,N
118,100011.2,2026-05-27,,2026-05-27 14:45:58,OUT_OF_WINDOW,NO_CHECKIN,,N
119,100011.2,2026-05-28,,2026-05-28 04:00:33,OUT_OF_WINDOW,NO_CHECKIN,,N
121,100011.2,2026-05-28,,2026-05-28 04:08:59,OUT_OF_WINDOW,NO_CHECKIN,,N
122,100011.2,2026-05-28,,2026-05-28 17:11:43,OUT_OF_WINDOW,NO_CHECKIN,,N
123,100011.2,2026-05-29,,2026-05-29 06:11:48,OUT_OF_WINDOW,NO_CHECKIN,,N
124,100011.2,2026-05-30,,2026-05-29 19:12:18,OUT_OF_WINDOW,BEFORE_CHECKIN,615.7,N
127,100011.2,2026-05-30,,2026-05-29 19:12:18,OUT_OF_WINDOW,BEFORE_CHECKIN,615.7,N
129,100013.2,2026-05-30,,2026-05-30 06:04:36,OUT_OF_WINDOW,BEFORE_CHECKIN,8.4,N
154,100011.3,2026-06-01,,2026-06-01 15:18:03,OUT_OF_WINDOW,AFTER_CHECKOUT,151.1,N
156,100011.3,2026-06-01,,2026-06-01 17:21:22,OUT_OF_WINDOW,AFTER_CHECKOUT,274.4,N
157,100032.2,2026-06-02,,2026-06-01 19:17:14,OUT_OF_WINDOW,AFTER_CUTOFF,197.2,N
158,100011.3,2026-06-02,,2026-06-01 19:32:11,OUT_OF_WINDOW,AFTER_CHECKOUT,405.2,N
159,100011.3,2026-06-02,,2026-06-01 21:47:37,OUT_OF_WINDOW,AFTER_CHECKOUT,540.6,N
160,100011.3,2026-06-02,,2026-06-02 00:19:53,OUT_OF_WINDOW,AFTER_CHECKOUT,692.9,N
161,100011.3,2026-06-02,,2026-06-02 02:25:54,OUT_OF_WINDOW,BEFORE_CHECKIN,631.1,N
162,100015.2,2026-06-02,,2026-06-02 04:37:19,OUT_OF_WINDOW,BEFORE_CHECKIN,438.7,N
164,100004.2,2026-06-02,,2026-06-02 04:23:49,OUT_OF_WINDOW,NO_CHECKIN,,N
166,100011.3,2026-06-02,,2026-06-02 04:25:54,OUT_OF_WINDOW,BEFORE_CHECKIN,511.1,N
168,100011.3,2026-06-02,,2026-06-02 06:31:21,OUT_OF_WINDOW,BEFORE_CHECKIN,385.7,N
171,100011.3,2026-06-02,,2026-06-02 08:36:04,OUT_OF_WINDOW,BEFORE_CHECKIN,260.9,N
174,100011.3,2026-06-02,,2026-06-02 10:40:04,OUT_OF_WINDOW,BEFORE_CHECKIN,136.9,N
180,100011.3,2026-06-02,,2026-06-02 12:44:00,OUT_OF_WINDOW,BEFORE_CHECKIN,13,N
183,3343019874,2026-06-02,,2026-06-02 14:15:37,OUT_OF_WINDOW,NO_CHECKIN,,N
191,100004.2,2026-06-02,,2026-06-02 04:23:49,OUT_OF_WINDOW,NO_CHECKIN,,N
193,100004.2,2026-06-02,,2026-06-02 07:12:53,OUT_OF_WINDOW,NO_CHECKIN,,N
198,100011.3,2026-06-03,2026-06-02,2026-06-02 21:25:00,,,,
199,100011.3,2026-06-03,2026-06-02,2026-06-02 23:26:20,,,,
201,100004.2,2026-06-03,,2026-06-03 03:34:10,OUT_OF_WINDOW,AFTER_CHECKOUT,50.2,N
211,100011.3,2026-06-03,2026-06-02,2026-06-03 02:45:44,,,,
213,100011.3,2026-06-03,2026-06-02,2026-06-03 05:14:31,,,,
230,100011.3,2026-06-03,,2026-06-03 07:15:59,OUT_OF_WINDOW,AFTER_CUTOFF,19,N
235,100011.3,2026-06-03,,2026-06-03 09:17:33,OUT_OF_WINDOW,AFTER_CUTOFF,140.6,N
237,100011.3,2026-06-03,,2026-06-03 11:30:24,OUT_OF_WINDOW,AFTER_CUTOFF,273.4,N
238,100011.3,2026-06-03,,2026-06-03 13:30:30,OUT_OF_WINDOW,AFTER_CUTOFF,393.5,N
240,100052.2,2026-06-03,,2026-06-03 14:03:50,OUT_OF_WINDOW,AFTER_CHECKOUT,303.8,N
244,100047.2,2026-06-03,,2026-06-03 15:05:31,OUT_OF_WINDOW,AFTER_CHECKOUT,31.5,N
245,100011.3,2026-06-03,,2026-06-03 15:36:39,OUT_OF_WINDOW,AFTER_CUTOFF,519.7,N
247,100005.2,2026-06-03,,2026-06-03 16:23:57,OUT_OF_WINDOW,AFTER_CUTOFF,24,N
248,100004.2,2026-06-03,,2026-06-03 17:02:17,OUT_OF_WINDOW,AFTER_CHECKOUT,858.3,N
249,100047.2,2026-06-03,,2026-06-03 16:05:37,OUT_OF_WINDOW,AFTER_CHECKOUT,91.6,N
251,100047.2,2026-06-03,,2026-06-03 17:17:43,OUT_OF_WINDOW,AFTER_CHECKOUT,163.7,N
252,100011.3,2026-06-03,,2026-06-03 17:43:01,OUT_OF_WINDOW,AFTER_CUTOFF,646,N
253,100047.2,2026-06-03,,2026-06-03 18:34:57,OUT_OF_WINDOW,AFTER_CHECKOUT,241,N
254,100047.2,2026-06-03,,2026-06-03 18:34:57,OUT_OF_WINDOW,AFTER_CHECKOUT,241,N
256,100047.2,2026-06-03,,2026-06-03 18:35:39,OUT_OF_WINDOW,AFTER_CHECKOUT,241.7,N
257,100011.3,2026-06-04,,2026-06-03 19:43:04,OUT_OF_WINDOW,NO_CHECKIN,,N
258,100047.2,2026-06-04,,2026-06-03 20:03:05,OUT_OF_WINDOW,AFTER_CHECKOUT,329.1,N
261,100047.2,2026-06-04,,2026-06-03 21:17:50,OUT_OF_WINDOW,AFTER_CHECKOUT,403.8,N
262,100011.3,2026-06-04,,2026-06-03 21:59:17,OUT_OF_WINDOW,NO_CHECKIN,,N
263,100047.2,2026-06-04,,2026-06-03 22:33:34,OUT_OF_WINDOW,BEFORE_CHECKIN,461.4,N
264,100011.3,2026-06-04,,2026-06-04 00:04:52,OUT_OF_WINDOW,NO_CHECKIN,,N
265,100011.3,2026-06-04,,2026-06-04 00:13:06,OUT_OF_WINDOW,NO_CHECKIN,,N
266,100011.3,2026-06-04,,2026-06-04 02:13:13,OUT_OF_WINDOW,NO_CHECKIN,,N
267,100047.2,2026-06-04,,2026-06-04 03:26:32,OUT_OF_WINDOW,BEFORE_CHECKIN,168.5,N
269,100011.3,2026-06-04,,2026-06-04 04:15:59,OUT_OF_WINDOW,NO_CHECKIN,,N
270,100047.2,2026-06-04,,2026-06-04 04:46:35,OUT_OF_WINDOW,BEFORE_CHECKIN,88.4,N
283,100047.2,2026-06-04,,2026-06-04 04:46:35,OUT_OF_WINDOW,BEFORE_CHECKIN,88.4,N
291,100011.3,2026-06-04,,2026-06-04 06:16:28,OUT_OF_WINDOW,NO_CHECKIN,,N
296,100001.1,2026-06-04,,2026-06-04 06:58:34,OUT_OF_WINDOW,NO_CHECKIN,,N
328,100011.3,2026-06-04,,2026-06-04 08:25:49,OUT_OF_WINDOW,NO_CHECKIN,,N
330,100011.3,2026-06-04,,2026-06-04 10:51:36,OUT_OF_WINDOW,NO_CHECKIN,,N
333,100011.3,2026-06-04,,2026-06-04 12:54:39,OUT_OF_WINDOW,NO_CHECKIN,,N
337,100011.3,2026-06-04,,2026-06-04 14:55:21,OUT_OF_WINDOW,NO_CHECKIN,,N
342,100011.3,2026-06-04,,2026-06-04 17:15:16,OUT_OF_WINDOW,NO_CHECKIN,,N
343,100011.3,2026-06-05,,2026-06-04 19:25:59,OUT_OF_WINDOW,NO_CHECKIN,,N
346,100011.3,2026-06-05,,2026-06-04 21:26:17,OUT_OF_WINDOW,NO_CHECKIN,,N
347,100011.3,2026-06-05,,2026-06-05 00:26:56,OUT_OF_WINDOW,NO_CHECKIN,,N
354,100038.2,2026-06-05,,2026-06-05 05:06:29,OUT_OF_WINDOW,NO_CHECKIN,,N
374,100011.3,2026-06-05,,2026-06-05 02:26:57,OUT_OF_WINDOW,NO_CHECKIN,,N
376,100011.3,2026-06-05,,2026-06-05 04:27:07,OUT_OF_WINDOW,NO_CHECKIN,,N
379,100011.3,2026-06-05,,2026-06-05 06:43:47,OUT_OF_WINDOW,NO_CHECKIN,,N
383,100011.3,2026-06-05,,2026-06-05 08:45:05,OUT_OF_WINDOW,NO_CHECKIN,,N
385,100011.3,2026-06-05,,2026-06-05 10:45:40,OUT_OF_WINDOW,NO_CHECKIN,,N
386,100645.1,2026-06-05,,2026-06-05 11:12:25,OUT_OF_WINDOW,NO_CHECKIN,,N
387,100011.3,2026-06-05,,2026-06-05 13:00:57,OUT_OF_WINDOW,NO_CHECKIN,,N
395,100645.1,2026-06-05,,2026-06-05 14:01:08,OUT_OF_WINDOW,NO_CHECKIN,,N
396,100011.3,2026-06-05,,2026-06-05 15:13:59,OUT_OF_WINDOW,NO_CHECKIN,,N
397,100004.2,2026-06-05,,2026-06-05 16:30:21,OUT_OF_WINDOW,AFTER_CUTOFF,30.4,N
398,100011.3,2026-06-06,,2026-06-05 19:24:00,OUT_OF_WINDOW,NO_CHECKIN,,N
399,100032.2,2026-06-06,,2026-06-05 19:27:59,OUT_OF_WINDOW,AFTER_CUTOFF,208,N
400,100011.3,2026-06-06,,2026-06-05 21:44:38,OUT_OF_WINDOW,NO_CHECKIN,,N
401,100011.3,2026-06-06,,2026-06-05 23:46:47,OUT_OF_WINDOW,NO_CHECKIN,,N
402,100011.3,2026-06-06,,2026-06-06 02:07:30,OUT_OF_WINDOW,NO_CHECKIN,,N
403,100011.3,2026-06-06,,2026-06-06 04:15:45,OUT_OF_WINDOW,NO_CHECKIN,,N
404,100015.2,2026-06-06,,2026-06-06 04:48:00,OUT_OF_WINDOW,BEFORE_CHECKIN,199,N
405,100038.2,2026-06-06,,2026-06-06 05:10:58,OUT_OF_WINDOW,BEFORE_CHECKIN,210,N
406,100066.2,2026-06-06,,2026-06-06 05:14:38,OUT_OF_WINDOW,AFTER_CUTOFF,140.6,N
407,100056.2,2026-06-06,,2026-06-06 06:01:53,OUT_OF_WINDOW,BEFORE_CHECKIN,159.1,N
408,100052.2,2026-06-06,,2026-06-06 07:06:31,OUT_OF_WINDOW,BEFORE_CHECKIN,53.5,N
409,100032.2,2026-06-06,,2026-06-06 07:26:17,OUT_OF_WINDOW,BEFORE_CHECKIN,300.7,N
425,100011.3,2026-06-06,,2026-06-06 08:19:53,OUT_OF_WINDOW,NO_CHECKIN,,N
452,100066.2,2026-06-06,,2026-06-06 08:43:51,OUT_OF_WINDOW,BEFORE_CHECKIN,187.2,N
476,100032.2,2026-06-06,,2026-06-06 12:22:17,OUT_OF_WINDOW,BEFORE_CHECKIN,4.7,N
477,100011.3,2026-06-06,,2026-06-06 10:21:18,OUT_OF_WINDOW,NO_CHECKIN,,N
479,100011.3,2026-06-06,,2026-06-06 12:26:07,OUT_OF_WINDOW,NO_CHECKIN,,N
494,100011.3,2026-06-06,,2026-06-06 14:38:59,OUT_OF_WINDOW,NO_CHECKIN,,N
497,100011.3,2026-06-06,,2026-06-06 16:42:04,OUT_OF_WINDOW,NO_CHECKIN,,N
498,100004.2,2026-06-05,,2026-06-05 16:30:21,OUT_OF_WINDOW,AFTER_CUTOFF,30.4,N
499,100011.3,2026-06-06,,2026-06-06 18:43:50,OUT_OF_WINDOW,NO_CHECKIN,,N
500,100058.2,2026-06-06,,2026-06-06 18:53:57,OUT_OF_WINDOW,AFTER_CUTOFF,174,N
501,100025.2,2026-06-06,,2026-06-06 18:58:34,OUT_OF_WINDOW,AFTER_CUTOFF,178.6,N
505,100013.2,2026-06-07,,2026-06-06 23:23:50,OUT_OF_WINDOW,AFTER_CUTOFF,443.8,N
506,100011.3,2026-06-07,,2026-06-06 20:47:07,OUT_OF_WINDOW,NO_CHECKIN,,N
508,100011.3,2026-06-07,,2026-06-07 00:01:40,OUT_OF_WINDOW,NO_CHECKIN,,N
509,100016.2,2026-06-07,,2026-06-07 02:07:27,OUT_OF_WINDOW,AFTER_CUTOFF,607.5,N
510,100011.3,2026-06-07,,2026-06-07 02:11:16,OUT_OF_WINDOW,NO_CHECKIN,,N
516,100058.2,2026-06-07,,2026-06-07 03:39:33,OUT_OF_WINDOW,BEFORE_CHECKIN,6.5,N
518,100011.3,2026-06-07,,2026-06-07 04:13:33,OUT_OF_WINDOW,NO_CHECKIN,,N
520,100011.3,2026-06-07,,2026-06-07 06:15:28,OUT_OF_WINDOW,NO_CHECKIN,,N
522,100011.3,2026-06-07,,2026-06-07 08:23:42,OUT_OF_WINDOW,NO_CHECKIN,,N
527,100011.3,2026-06-07,,2026-06-07 10:27:02,OUT_OF_WINDOW,NO_CHECKIN,,N
528,100011.3,2026-06-07,,2026-06-07 12:31:08,OUT_OF_WINDOW,NO_CHECKIN,,N
529,100011.3,2026-06-07,,2026-06-07 16:37:32,OUT_OF_WINDOW,NO_CHECKIN,,N
533,100011.3,2026-06-08,,2026-06-07 20:44:14,OUT_OF_WINDOW,NO_CHECKIN,,N
534,100013.2,2026-06-08,,2026-06-07 20:45:09,OUT_OF_WINDOW,BEFORE_CHECKIN,513.9,N
535,100011.3,2026-06-08,,2026-06-07 23:06:36,OUT_OF_WINDOW,NO_CHECKIN,,N
536,100011.3,2026-06-08,,2026-06-08 02:14:34,OUT_OF_WINDOW,NO_CHECKIN,,N
543,100011.3,2026-06-08,,2026-06-08 04:18:46,OUT_OF_WINDOW,NO_CHECKIN,,N
552,100016.2,2026-06-08,,2026-06-07 20:38:49,OUT_OF_WINDOW,BEFORE_CHECKIN,500.2,N
579,100046.2,2026-06-08,,2026-06-08 05:27:16,OUT_OF_WINDOW,BEFORE_CHECKIN,14.7,N
582,100011.3,2026-06-08,,2026-06-08 06:20:07,OUT_OF_WINDOW,NO_CHECKIN,,N
599,100004.2,2026-06-08,,2026-06-08 07:58:07,OUT_OF_WINDOW,AFTER_CHECKOUT,15.1,N
605,100011.3,2026-06-08,,2026-06-08 08:29:05,OUT_OF_WINDOW,NO_CHECKIN,,N
610,100011.3,2026-06-08,,2026-06-08 10:30:32,OUT_OF_WINDOW,NO_CHECKIN,,N
625,100011.3,2026-06-08,,2026-06-08 12:32:55,OUT_OF_WINDOW,NO_CHECKIN,,N
627,100011.3,2026-06-08,,2026-06-08 14:41:36,OUT_OF_WINDOW,NO_CHECKIN,,N
628,100004.2,2026-06-08,,2026-06-08 14:53:17,OUT_OF_WINDOW,AFTER_CHECKOUT,430.3,N
631,100011.3,2026-06-08,,2026-06-08 16:42:02,OUT_OF_WINDOW,NO_CHECKIN,,N
632,100004.2,2026-06-08,,2026-06-08 17:21:20,OUT_OF_WINDOW,AFTER_CHECKOUT,578.3,N
636,100011.3,2026-06-08,,2026-06-08 18:47:24,OUT_OF_WINDOW,NO_CHECKIN,,N
643,100011.3,2026-06-09,,2026-06-08 20:55:05,OUT_OF_WINDOW,NO_CHECKIN,,N
644,100011.3,2026-06-09,,2026-06-08 23:05:10,OUT_OF_WINDOW,NO_CHECKIN,,N
645,100011.3,2026-06-09,,2026-06-09 01:15:25,OUT_OF_WINDOW,NO_CHECKIN,,N
646,100011.3,2026-06-09,,2026-06-09 03:34:12,OUT_OF_WINDOW,NO_CHECKIN,,N
679,100011.3,2026-06-09,,2026-06-09 05:35:40,OUT_OF_WINDOW,NO_CHECKIN,,N
724,100011.3,2026-06-09,,2026-06-09 09:39:34,OUT_OF_WINDOW,NO_CHECKIN,,N
741,100011.3,2026-06-09,,2026-06-09 13:54:57,OUT_OF_WINDOW,NO_CHECKIN,,N
750,100048.2,2026-06-09,,2026-06-09 15:18:50,OUT_OF_WINDOW,AFTER_CHECKOUT,3.8,N
755,100056.2,2026-06-09,,2026-06-09 15:35:02,OUT_OF_WINDOW,AFTER_CHECKOUT,518,N
764,100011.3,2026-06-09,,2026-06-09 17:58:08,OUT_OF_WINDOW,NO_CHECKIN,,N
772,100011.3,2026-06-10,,2026-06-09 19:59:32,OUT_OF_WINDOW,NO_CHECKIN,,N
774,100011.3,2026-06-10,,2026-06-09 22:05:02,OUT_OF_WINDOW,NO_CHECKIN,,N
776,100011.3,2026-06-10,,2026-06-10 02:00:11,OUT_OF_WINDOW,NO_CHECKIN,,N
782,100011.3,2026-06-10,,2026-06-10 04:22:06,OUT_OF_WINDOW,NO_CHECKIN,,N
803,100027.2,2026-06-10,,2026-06-10 05:11:37,OUT_OF_WINDOW,AFTER_CHECKOUT,5.6,N
821,100011.3,2026-06-10,,2026-06-10 06:25:41,OUT_OF_WINDOW,NO_CHECKIN,,N
840,100011.3,2026-06-10,,2026-06-10 08:32:25,OUT_OF_WINDOW,NO_CHECKIN,,N
872,100021.2,2026-06-10,,2026-06-10 16:17:43,OUT_OF_WINDOW,AFTER_CUTOFF,17.7,N
874,100011.3,2026-06-10,,2026-06-10 10:39:15,OUT_OF_WINDOW,NO_CHECKIN,,N
876,100011.3,2026-06-10,,2026-06-10 12:43:40,OUT_OF_WINDOW,NO_CHECKIN,,N
879,100011.3,2026-06-10,,2026-06-10 14:53:05,OUT_OF_WINDOW,NO_CHECKIN,,N
883,100011.3,2026-06-10,,2026-06-10 16:55:25,OUT_OF_WINDOW,NO_CHECKIN,,N
890,100011.3,2026-06-11,,2026-06-10 19:49:48,OUT_OF_WINDOW,NO_CHECKIN,,N
891,100011.3,2026-06-11,,2026-06-10 22:35:00,OUT_OF_WINDOW,NO_CHECKIN,,N
892,100011.3,2026-06-11,,2026-06-11 00:36:14,OUT_OF_WINDOW,NO_CHECKIN,,N
893,100011.3,2026-06-11,,2026-06-11 02:48:05,OUT_OF_WINDOW,NO_CHECKIN,,N
966,100011.3,2026-06-11,,2026-06-11 04:49:28,OUT_OF_WINDOW,NO_CHECKIN,,N
968,100011.3,2026-06-11,,2026-06-11 09:08:09,OUT_OF_WINDOW,NO_CHECKIN,,N
981,100011.3,2026-06-11,,2026-06-11 11:16:23,OUT_OF_WINDOW,NO_CHECKIN,,N
984,100052.2,2026-06-11,,2026-06-11 11:29:28,OUT_OF_WINDOW,AFTER_CHECKOUT,13.5,N
991,100011.3,2026-06-11,,2026-06-11 13:25:18,OUT_OF_WINDOW,NO_CHECKIN,,N
1005,100011.3,2026-06-11,,2026-06-11 15:33:49,OUT_OF_WINDOW,NO_CHECKIN,,N
1028,100011.3,2026-06-11,,2026-06-11 17:35:40,OUT_OF_WINDOW,NO_CHECKIN,,N
1037,100067.2,2026-06-12,2026-06-11,2026-06-11 19:10:01,,,,
1040,100017.3,2026-06-12,,2026-06-11 19:52:00,OUT_OF_WINDOW,NO_CHECKIN,,N
1041,100011.3,2026-06-12,,2026-06-11 19:52:36,OUT_OF_WINDOW,NO_CHECKIN,,N
1043,100017.3,2026-06-12,,2026-06-11 21:57:17,OUT_OF_WINDOW,NO_CHECKIN,,N
1044,100011.3,2026-06-12,,2026-06-11 23:29:23,OUT_OF_WINDOW,NO_CHECKIN,,N
1045,100011.3,2026-06-12,,2026-06-12 01:29:24,OUT_OF_WINDOW,NO_CHECKIN,,N
1047,100011.3,2026-06-12,,2026-06-12 03:30:05,OUT_OF_WINDOW,NO_CHECKIN,,N
1085,100011.3,2026-06-12,,2026-06-12 05:32:04,OUT_OF_WINDOW,NO_CHECKIN,,N
1104,100011.3,2026-06-12,,2026-06-12 07:36:39,OUT_OF_WINDOW,NO_CHECKIN,,N
1116,100011.3,2026-06-12,,2026-06-12 09:37:12,OUT_OF_WINDOW,NO_CHECKIN,,N
1125,100017.3,2026-06-12,,2026-06-11 23:57:22,OUT_OF_WINDOW,NO_CHECKIN,,N
1127,100017.3,2026-06-12,,2026-06-12 01:59:51,OUT_OF_WINDOW,NO_CHECKIN,,N
1130,100017.3,2026-06-12,,2026-06-12 04:31:30,OUT_OF_WINDOW,NO_CHECKIN,,N
1134,100017.3,2026-06-12,,2026-06-12 06:38:18,OUT_OF_WINDOW,NO_CHECKIN,,N
1139,100017.3,2026-06-12,,2026-06-12 09:00:32,OUT_OF_WINDOW,NO_CHECKIN,,N
1145,100017.3,2026-06-12,,2026-06-12 11:12:32,OUT_OF_WINDOW,NO_CHECKIN,,N
1147,100011.3,2026-06-12,,2026-06-12 11:38:08,OUT_OF_WINDOW,NO_CHECKIN,,N
1150,100067.2,2026-06-12,,2026-06-12 12:17:05,OUT_OF_WINDOW,AFTER_CUTOFF,78.1,N
1159,100017.3,2026-06-12,,2026-06-12 13:14:28,OUT_OF_WINDOW,NO_CHECKIN,,N
1162,100011.3,2026-06-12,,2026-06-12 13:45:15,OUT_OF_WINDOW,NO_CHECKIN,,N
1171,100048.2,2026-06-12,,2026-06-12 15:03:31,OUT_OF_WINDOW,AFTER_CHECKOUT,11.5,N
1173,100017.3,2026-06-12,,2026-06-12 15:26:16,OUT_OF_WINDOW,NO_CHECKIN,,N
1175,100011.3,2026-06-12,,2026-06-12 16:01:24,OUT_OF_WINDOW,NO_CHECKIN,,N
1187,100025.2,2026-06-12,,2026-06-12 17:29:49,OUT_OF_WINDOW,AFTER_CUTOFF,89.8,N
1192,100011.3,2026-06-12,,2026-06-12 18:05:34,OUT_OF_WINDOW,NO_CHECKIN,,N
1194,100011.3,2026-06-13,,2026-06-12 20:10:17,OUT_OF_WINDOW,NO_CHECKIN,,N
1195,100017.3,2026-06-12,,2026-06-12 17:30:47,OUT_OF_WINDOW,NO_CHECKIN,,N
1197,100017.3,2026-06-13,,2026-06-12 19:30:48,OUT_OF_WINDOW,NO_CHECKIN,,N
1200,100017.3,2026-06-13,,2026-06-12 21:38:30,OUT_OF_WINDOW,NO_CHECKIN,,N
1201,100011.3,2026-06-13,,2026-06-12 22:59:29,OUT_OF_WINDOW,NO_CHECKIN,,N
1202,100017.3,2026-06-13,,2026-06-12 23:40:54,OUT_OF_WINDOW,NO_CHECKIN,,N
1203,100011.3,2026-06-13,,2026-06-13 01:05:31,OUT_OF_WINDOW,NO_CHECKIN,,N
1206,100011.3,2026-06-13,,2026-06-13 03:06:34,OUT_OF_WINDOW,NO_CHECKIN,,N
1231,100011.3,2026-06-13,,2026-06-13 05:12:03,OUT_OF_WINDOW,NO_CHECKIN,,N
1232,100029.2,2026-06-13,,2026-06-13 05:12:44,OUT_OF_WINDOW,BEFORE_CHECKIN,110.3,N
1249,100017.3,2026-06-13,,2026-06-13 01:48:13,OUT_OF_WINDOW,NO_CHECKIN,,N
1251,100017.3,2026-06-13,,2026-06-13 03:50:52,OUT_OF_WINDOW,NO_CHECKIN,,N
1254,100017.3,2026-06-13,,2026-06-13 05:51:25,OUT_OF_WINDOW,NO_CHECKIN,,N
1264,100011.3,2026-06-13,,2026-06-13 07:16:19,OUT_OF_WINDOW,NO_CHECKIN,,N
1277,100017.3,2026-06-13,,2026-06-13 07:55:50,OUT_OF_WINDOW,NO_CHECKIN,,N
1298,100011.3,2026-06-13,,2026-06-13 09:16:21,OUT_OF_WINDOW,NO_CHECKIN,,N
1309,100076.2,2026-06-13,,2026-06-13 09:45:23,OUT_OF_WINDOW,AFTER_CHECKOUT,973.4,N
1324,100011.3,2026-06-13,,2026-06-13 11:25:17,OUT_OF_WINDOW,NO_CHECKIN,,N
1334,100011.3,2026-06-13,,2026-06-13 13:27:45,OUT_OF_WINDOW,NO_CHECKIN,,N
1363,100003.2,2026-06-13,,2026-06-13 16:47:46,OUT_OF_WINDOW,AFTER_CUTOFF,47.8,N
1370,100076.2,2026-06-13,,2026-06-13 18:18:23,OUT_OF_WINDOW,AFTER_CHECKOUT,1486.4,N
1372,100003.2,2026-06-13,,2026-06-13 17:48:19,OUT_OF_WINDOW,AFTER_CUTOFF,108.3,N
1373,100003.2,2026-06-14,,2026-06-13 19:10:37,OUT_OF_WINDOW,BEFORE_CHECKIN,4.4,N
1382,100011.3,2026-06-13,,2026-06-13 17:51:52,OUT_OF_WINDOW,NO_CHECKIN,,N
1384,100011.3,2026-06-14,,2026-06-13 20:01:31,OUT_OF_WINDOW,NO_CHECKIN,,N
1387,100011.3,2026-06-14,,2026-06-13 22:19:22,OUT_OF_WINDOW,NO_CHECKIN,,N
1391,100011.3,2026-06-14,,2026-06-14 01:12:09,OUT_OF_WINDOW,NO_CHECKIN,,N
1396,100011.3,2026-06-14,,2026-06-14 03:12:30,OUT_OF_WINDOW,NO_CHECKIN,,N
1404,100011.3,2026-06-14,,2026-06-14 06:49:05,OUT_OF_WINDOW,NO_CHECKIN,,N
1405,100011.3,2026-06-14,,2026-06-14 09:27:42,OUT_OF_WINDOW,NO_CHECKIN,,N
1414,100011.3,2026-06-14,,2026-06-14 11:51:37,OUT_OF_WINDOW,NO_CHECKIN,,N
1415,100011.3,2026-06-14,,2026-06-14 13:56:43,OUT_OF_WINDOW,NO_CHECKIN,,N
1417,100011.3,2026-06-14,,2026-06-14 16:01:22,OUT_OF_WINDOW,NO_CHECKIN,,N
1423,100011.3,2026-06-14,,2026-06-14 18:11:02,OUT_OF_WINDOW,NO_CHECKIN,,N
1424,100011.3,2026-06-15,,2026-06-14 20:45:49,OUT_OF_WINDOW,NO_CHECKIN,,N
1425,100011.3,2026-06-15,,2026-06-14 23:11:06,OUT_OF_WINDOW,NO_CHECKIN,,N
1428,100011.3,2026-06-15,,2026-06-15 02:11:45,OUT_OF_WINDOW,NO_CHECKIN,,N
1433,100010.3,2026-06-15,,2026-06-15 02:59:08,OUT_OF_WINDOW,NO_CHECKIN,,N
1440,100011.3,2026-06-15,,2026-06-15 04:15:04,OUT_OF_WINDOW,NO_CHECKIN,,N
1441,100001.2,2026-06-15,,2026-06-15 04:32:28,OUT_OF_WINDOW,BEFORE_CHECKIN,600.5,N
1446,100039.3,2026-06-15,,2026-06-15 11:25:35,OUT_OF_WINDOW,AFTER_CHECKOUT,389.6,N
1449,100057.2,2026-06-15,,2026-06-15 11:26:44,OUT_OF_WINDOW,AFTER_CHECKOUT,371.7,N
1485,100011.3,2026-06-15,,2026-06-15 06:17:09,OUT_OF_WINDOW,NO_CHECKIN,,N
1519,100011.3,2026-06-15,,2026-06-15 08:17:40,OUT_OF_WINDOW,NO_CHECKIN,,N
1521,100011.3,2026-06-15,,2026-06-15 10:18:07,OUT_OF_WINDOW,NO_CHECKIN,,N
1562,100011.3,2026-06-15,,2026-06-15 12:18:22,OUT_OF_WINDOW,NO_CHECKIN,,N
1564,100011.3,2026-06-15,,2026-06-15 14:22:14,OUT_OF_WINDOW,NO_CHECKIN,,N
1575,100011.3,2026-06-15,,2026-06-15 16:24:50,OUT_OF_WINDOW,NO_CHECKIN,,N
1581,100024.2,2026-06-15,,2026-06-15 16:35:33,OUT_OF_WINDOW,AFTER_CUTOFF,35.6,N
1592,100011.3,2026-06-15,,2026-06-15 18:25:19,OUT_OF_WINDOW,NO_CHECKIN,,N
1596,100011.3,2026-06-16,,2026-06-15 20:37:08,OUT_OF_WINDOW,NO_CHECKIN,,N
1597,100011.3,2026-06-16,,2026-06-15 23:29:22,OUT_OF_WINDOW,NO_CHECKIN,,N
1598,100011.3,2026-06-16,,2026-06-16 01:37:50,OUT_OF_WINDOW,NO_CHECKIN,,N
1607,100024.2,2026-06-15,,2026-06-15 16:35:33,OUT_OF_WINDOW,AFTER_CUTOFF,35.6,N
1610,100011.3,2026-06-16,,2026-06-16 03:57:42,OUT_OF_WINDOW,NO_CHECKIN,,N
1652,100011.3,2026-06-16,,2026-06-16 06:04:27,OUT_OF_WINDOW,NO_CHECKIN,,N
1669,100011.3,2026-06-16,,2026-06-16 08:06:07,OUT_OF_WINDOW,NO_CHECKIN,,N
1677,100011.3,2026-06-16,,2026-06-16 10:08:10,OUT_OF_WINDOW,NO_CHECKIN,,N
1684,100011.3,2026-06-16,,2026-06-16 12:16:54,OUT_OF_WINDOW,NO_CHECKIN,,N
1717,100011.3,2026-06-16,,2026-06-16 14:22:15,OUT_OF_WINDOW,NO_CHECKIN,,N
1750,100011.3,2026-06-16,,2026-06-16 16:24:08,OUT_OF_WINDOW,NO_CHECKIN,,N
1757,100058.2,2026-06-17,,2026-06-17 18:16:06,OUT_OF_WINDOW,AFTER_CHECKOUT,8.1,N
1758,100011.3,2026-06-16,,2026-06-16 16:24:08,OUT_OF_WINDOW,NO_CHECKIN,,N
1760,100011.3,2026-06-16,,2026-06-16 18:27:59,OUT_OF_WINDOW,NO_CHECKIN,,N
1763,100011.3,2026-06-17,,2026-06-16 21:06:03,OUT_OF_WINDOW,NO_CHECKIN,,N
1764,100011.3,2026-06-17,,2026-06-16 23:44:18,OUT_OF_WINDOW,NO_CHECKIN,,N
1765,100569.1,2026-06-17,,2026-06-17 01:37:08,OUT_OF_WINDOW,AFTER_CUTOFF,697.1,N
1766,100569.1,2026-06-17,,2026-06-17 01:38:07,OUT_OF_WINDOW,AFTER_CUTOFF,698.1,N
1767,100011.3,2026-06-17,,2026-06-17 01:50:16,OUT_OF_WINDOW,NO_CHECKIN,,N
1837,100011.3,2026-06-17,,2026-06-17 05:52:52,OUT_OF_WINDOW,NO_CHECKIN,,N
1839,100011.3,2026-06-17,,2026-06-17 07:53:20,OUT_OF_WINDOW,NO_CHECKIN,,N
1887,100055.3,2026-06-17,,2026-06-17 11:24:44,OUT_OF_WINDOW,AFTER_CHECKOUT,12.7,N
1889,100055.3,2026-06-17,,2026-06-17 13:27:10,OUT_OF_WINDOW,AFTER_CHECKOUT,135.2,N
1915,100028.3,2026-06-17,,2026-06-17 16:37:26,OUT_OF_WINDOW,AFTER_CHECKOUT,277.4,N
1922,100018.3,2026-06-17,,2026-06-17 17:21:56,OUT_OF_WINDOW,AFTER_CUTOFF,201.9,N
1925,100055.3,2026-06-17,,2026-06-17 15:27:58,OUT_OF_WINDOW,AFTER_CHECKOUT,256,N
1927,100055.3,2026-06-17,,2026-06-17 17:43:05,OUT_OF_WINDOW,AFTER_CHECKOUT,391.1,N
1930,100055.3,2026-06-17,,2026-06-17 17:43:45,OUT_OF_WINDOW,AFTER_CHECKOUT,391.8,N
1938,100018.3,2026-06-18,,2026-06-17 19:22:23,OUT_OF_WINDOW,AFTER_CUTOFF,322.4,N
1941,100078.3,2026-06-18,2026-06-17,2026-06-17 20:06:56,,,,
1942,100078.3,2026-06-18,2026-06-17,2026-06-17 22:12:20,,,,
1943,100078.3,2026-06-18,2026-06-17,2026-06-18 00:23:16,,,,
1946,100078.3,2026-06-18,2026-06-17,2026-06-18 02:40:28,,,,
1979,100078.3,2026-06-18,,2026-06-18 04:41:03,OUT_OF_WINDOW,AFTER_CUTOFF,85.1,N
1997,100053.2,2026-06-18,,2026-06-18 05:14:09,OUT_OF_WINDOW,BEFORE_CHECKIN,526.9,N
2021,100078.3,2026-06-18,,2026-06-18 06:41:29,OUT_OF_WINDOW,AFTER_CUTOFF,205.5,N
2071,100078.3,2026-06-18,,2026-06-18 08:41:36,OUT_OF_WINDOW,AFTER_CUTOFF,325.6,N
2085,100011.3,2026-06-18,,2026-06-18 09:58:07,OUT_OF_WINDOW,NO_CHECKIN,,N
2097,100018.3,2026-06-18,,2026-06-18 10:27:03,OUT_OF_WINDOW,AFTER_CHECKOUT,7.1,N
2099,100018.3,2026-06-18,,2026-06-18 12:33:07,OUT_OF_WINDOW,AFTER_CHECKOUT,133.1,N
2124,100018.3,2026-06-18,,2026-06-18 14:33:35,OUT_OF_WINDOW,AFTER_CHECKOUT,253.6,N
2128,100126.3,2026-06-18,,2026-06-18 15:20:16,OUT_OF_WINDOW,AFTER_CUTOFF,80.3,N
2130,100011.3,2026-06-18,,2026-06-18 11:58:30,OUT_OF_WINDOW,NO_CHECKIN,,N
2132,100011.3,2026-06-18,,2026-06-18 15:59:49,OUT_OF_WINDOW,NO_CHECKIN,,N
2135,100018.3,2026-06-18,,2026-06-18 16:33:36,OUT_OF_WINDOW,AFTER_CHECKOUT,373.6,N
2138,100017.3,2026-06-18,,2026-06-18 14:48:02,OUT_OF_WINDOW,AFTER_CUTOFF,48,N
2140,100017.3,2026-06-18,,2026-06-18 17:08:20,OUT_OF_WINDOW,AFTER_CUTOFF,188.3,N
2148,100011.3,2026-06-18,,2026-06-18 18:02:37,OUT_OF_WINDOW,NO_CHECKIN,,N
2149,100018.3,2026-06-18,,2026-06-18 18:33:56,OUT_OF_WINDOW,AFTER_CHECKOUT,493.9,N
2151,100017.3,2026-06-19,,2026-06-18 19:17:22,OUT_OF_WINDOW,AFTER_CUTOFF,317.4,N
2152,100054.3,2026-06-19,2026-06-18,2026-06-18 19:27:54,,,,
2158,100011.3,2026-06-19,,2026-06-18 20:14:47,OUT_OF_WINDOW,NO_CHECKIN,,N
2159,100017.3,2026-06-19,,2026-06-18 21:26:13,OUT_OF_WINDOW,AFTER_CUTOFF,446.2,N
2161,100011.3,2026-06-19,,2026-06-18 23:03:33,OUT_OF_WINDOW,NO_CHECKIN,,N
2163,100011.3,2026-06-19,,2026-06-19 01:04:37,OUT_OF_WINDOW,NO_CHECKIN,,N
2165,100076.3,2026-06-19,,2026-06-18 20:39:30,OUT_OF_WINDOW,AFTER_CHECKOUT,419.5,N
2166,100076.3,2026-06-19,,2026-06-19 02:20:22,OUT_OF_WINDOW,BEFORE_CHECKIN,187.6,N
2169,100126.3,2026-06-18,,2026-06-18 17:20:58,OUT_OF_WINDOW,AFTER_CUTOFF,201,N
2171,100126.3,2026-06-19,,2026-06-18 19:24:00,OUT_OF_WINDOW,AFTER_CUTOFF,324,N
2174,100126.3,2026-06-19,,2026-06-19 02:49:26,OUT_OF_WINDOW,BEFORE_CHECKIN,52.6,N
2194,100011.3,2026-06-19,,2026-06-19 04:40:07,OUT_OF_WINDOW,NO_CHECKIN,,N
2195,100055.3,2026-06-19,,2026-06-19 04:44:49,OUT_OF_WINDOW,AFTER_CHECKOUT,5.8,N
2199,100017.3,2026-06-19,,2026-06-18 23:27:27,OUT_OF_WINDOW,BEFORE_CHECKIN,328.6,N
2201,100017.3,2026-06-19,,2026-06-19 03:32:03,OUT_OF_WINDOW,BEFORE_CHECKIN,84,N
2246,100011.3,2026-06-19,,2026-06-19 06:43:04,OUT_OF_WINDOW,NO_CHECKIN,,N
2247,100067.2,2026-06-19,2026-06-18,2026-06-19 07:03:24,,,,
2255,100011.3,2026-06-19,,2026-06-19 08:43:59,OUT_OF_WINDOW,NO_CHECKIN,,N
2261,100069.2,2026-06-19,,2026-06-19 09:26:20,OUT_OF_WINDOW,AFTER_CHECKOUT,6.3,N
2284,100011.3,2026-06-19,,2026-06-19 10:45:19,OUT_OF_WINDOW,NO_CHECKIN,,N
2286,100011.3,2026-06-19,,2026-06-19 12:58:00,OUT_OF_WINDOW,NO_CHECKIN,,N
2289,100011.3,2026-06-19,,2026-06-19 16:58:42,OUT_OF_WINDOW,NO_CHECKIN,,N
2293,100054.3,2026-06-19,,2026-06-19 18:03:09,OUT_OF_WINDOW,AFTER_CHECKOUT,892.2,N
2294,100055.3,2026-06-19,,2026-06-19 06:45:38,OUT_OF_WINDOW,AFTER_CHECKOUT,126.6,N
2297,100055.3,2026-06-19,,2026-06-19 18:09:25,OUT_OF_WINDOW,AFTER_CHECKOUT,810.4,N
2303,100017.3,2026-06-19,,2026-06-19 16:12:34,OUT_OF_WINDOW,AFTER_CUTOFF,132.6,N
2307,100017.3,2026-06-19,,2026-06-19 18:13:06,OUT_OF_WINDOW,AFTER_CUTOFF,253.1,N
2310,100058.3,2026-06-19,,2026-06-19 18:37:42,OUT_OF_WINDOW,AFTER_CHECKOUT,974.7,N
2311,100011.3,2026-06-20,,2026-06-19 19:05:59,OUT_OF_WINDOW,BEFORE_CHECKIN,1005,N
2313,100017.3,2026-06-20,,2026-06-19 20:13:09,OUT_OF_WINDOW,AFTER_CUTOFF,373.2,N
2314,100058.3,2026-06-20,,2026-06-19 20:48:45,OUT_OF_WINDOW,BEFORE_CHECKIN,410.3,N
2315,100011.3,2026-06-20,,2026-06-19 21:41:00,OUT_OF_WINDOW,BEFORE_CHECKIN,850,N
2316,100017.3,2026-06-20,,2026-06-19 22:41:05,OUT_OF_WINDOW,AFTER_CUTOFF,521.1,N
2318,100017.3,2026-06-20,,2026-06-20 00:42:21,OUT_OF_WINDOW,AFTER_CUTOFF,642.4,N
2322,100011.3,2026-06-20,,2026-06-20 01:23:53,OUT_OF_WINDOW,BEFORE_CHECKIN,627.1,N
2328,100058.3,2026-06-19,,2026-06-19 18:30:08,OUT_OF_WINDOW,AFTER_CHECKOUT,967.1,N
2352,100011.3,2026-06-20,,2026-06-20 05:12:48,OUT_OF_WINDOW,BEFORE_CHECKIN,398.2,N
2357,100096.3,2026-06-20,2026-06-19,2026-06-20 05:14:12,,,,
2369,100017.3,2026-06-20,,2026-06-20 03:34:23,OUT_OF_WINDOW,AFTER_CUTOFF,814.4,N
2371,100017.3,2026-06-20,,2026-06-20 05:36:13,OUT_OF_WINDOW,AFTER_CUTOFF,936.2,N
2388,100011.3,2026-06-20,,2026-06-20 06:53:44,OUT_OF_WINDOW,BEFORE_CHECKIN,297.3,N
2422,100017.3,2026-06-20,,2026-06-20 07:44:00,OUT_OF_WINDOW,AFTER_CUTOFF,1064,N
2423,100065.3,2026-06-20,,2026-06-20 07:56:02,OUT_OF_WINDOW,NO_CHECKIN,,N
2425,100065.3,2026-06-20,,2026-06-20 08:02:24,OUT_OF_WINDOW,NO_CHECKIN,,N
2427,100131.3,2026-06-20,,2026-06-20 08:08:36,OUT_OF_WINDOW,NO_CHECKIN,,N
2429,100017.3,2026-06-20,,2026-06-20 08:18:46,OUT_OF_WINDOW,AFTER_CUTOFF,1098.8,N
2430,100017.3,2026-06-20,,2026-06-20 08:25:37,OUT_OF_WINDOW,AFTER_CUTOFF,1105.6,N
2431,100068.3,2026-06-20,,2026-06-20 08:28:50,OUT_OF_WINDOW,NO_CHECKIN,,N
2432,100013.3,2026-06-20,,2026-06-20 08:31:03,OUT_OF_WINDOW,NO_CHECKIN,,N
2433,100013.3,2026-06-20,,2026-06-20 08:36:03,OUT_OF_WINDOW,NO_CHECKIN,,N
2435,100068.3,2026-06-20,,2026-06-20 08:41:19,OUT_OF_WINDOW,NO_CHECKIN,,N
2436,100055.3,2026-06-20,,2026-06-20 08:43:36,OUT_OF_WINDOW,AFTER_CHECKOUT,115.6,N
2438,100011.3,2026-06-20,,2026-06-20 08:54:10,OUT_OF_WINDOW,BEFORE_CHECKIN,176.8,N
2439,100064.3,2026-06-20,,2026-06-20 08:55:38,OUT_OF_WINDOW,NO_CHECKIN,,N
2443,100064.3,2026-06-20,,2026-06-20 09:06:12,OUT_OF_WINDOW,NO_CHECKIN,,N
2444,100001.1,2026-06-20,,2026-06-20 09:11:28,OUT_OF_WINDOW,NO_CHECKIN,,N
2445,100073.3,2026-06-20,,2026-06-20 09:16:47,OUT_OF_WINDOW,NO_CHECKIN,,N
2446,100073.3,2026-06-20,,2026-06-20 09:21:59,OUT_OF_WINDOW,NO_CHECKIN,,N
2448,100062.3,2026-06-20,,2026-06-20 09:28:03,OUT_OF_WINDOW,NO_CHECKIN,,N
2452,100078.3,2026-06-20,,2026-06-20 09:50:26,OUT_OF_WINDOW,AFTER_CHECKOUT,8.4,N
2465,100061.3,2026-06-20,,2026-06-20 10:36:45,OUT_OF_WINDOW,NO_CHECKIN,,N
2466,100055.3,2026-06-20,,2026-06-20 10:49:46,OUT_OF_WINDOW,AFTER_CHECKOUT,241.8,N
2467,100011.3,2026-06-20,,2026-06-20 11:01:59,OUT_OF_WINDOW,BEFORE_CHECKIN,49,N
2473,100001.1,2026-06-20,,2026-06-20 11:38:44,OUT_OF_WINDOW,NO_CHECKIN,,N
2479,100073.3,2026-06-20,,2026-06-20 12:47:56,OUT_OF_WINDOW,NO_CHECKIN,,N
2480,100055.3,2026-06-20,,2026-06-20 12:52:39,OUT_OF_WINDOW,AFTER_CHECKOUT,364.7,N
2481,100061.3,2026-06-20,,2026-06-20 12:54:48,OUT_OF_WINDOW,NO_CHECKIN,,N
2491,100023.3,2026-06-20,,2026-06-20 04:14:47,OUT_OF_WINDOW,BEFORE_CHECKIN,156.2,N
2506,100061.3,2026-06-20,,2026-06-20 14:56:23,OUT_OF_WINDOW,NO_CHECKIN,,N
2507,100055.3,2026-06-20,,2026-06-20 15:02:44,OUT_OF_WINDOW,AFTER_CHECKOUT,494.7,N
2508,100018.3,2026-06-20,,2026-06-20 15:19:29,OUT_OF_WINDOW,AFTER_CUTOFF,79.5,N
2522,100055.3,2026-06-20,,2026-06-20 17:21:41,OUT_OF_WINDOW,AFTER_CHECKOUT,633.7,N
2535,100055.3,2026-06-21,,2026-06-20 19:22:49,OUT_OF_WINDOW,BEFORE_CHECKIN,714.2,N
2537,100013.3,2026-06-21,,2026-06-20 19:51:20,OUT_OF_WINDOW,NO_CHECKIN,,N
2538,100011.3,2026-06-21,2026-06-20,2026-06-20 20:35:11,,,,
2539,100018.3,2026-06-20,,2026-06-20 17:19:34,OUT_OF_WINDOW,AFTER_CUTOFF,199.6,N
2541,100018.3,2026-06-21,,2026-06-20 21:20:12,OUT_OF_WINDOW,AFTER_CUTOFF,440.2,N
2542,100061.3,2026-06-20,,2026-06-20 16:56:41,OUT_OF_WINDOW,NO_CHECKIN,,N
2544,100061.3,2026-06-21,,2026-06-20 19:00:58,OUT_OF_WINDOW,NO_CHECKIN,,N
2547,100061.3,2026-06-21,,2026-06-20 21:39:33,OUT_OF_WINDOW,NO_CHECKIN,,N
2549,100018.3,2026-06-21,,2026-06-20 23:20:13,OUT_OF_WINDOW,AFTER_CUTOFF,560.2,N
2550,100061.3,2026-06-21,,2026-06-20 23:43:39,OUT_OF_WINDOW,NO_CHECKIN,,N
2551,100011.3,2026-06-21,2026-06-20,2026-06-21 00:30:03,,,,
2553,100061.3,2026-06-21,,2026-06-21 01:55:49,OUT_OF_WINDOW,NO_CHECKIN,,N
2562,100011.3,2026-06-21,2026-06-20,2026-06-21 04:30:45,,,,
2569,100011.3,2026-06-21,,2026-06-21 06:30:46,OUT_OF_WINDOW,AFTER_CUTOFF,39.8,N
2572,100055.3,2026-06-21,,2026-06-20 22:24:40,OUT_OF_WINDOW,BEFORE_CHECKIN,532.3,N
2574,100055.3,2026-06-21,,2026-06-21 00:25:20,OUT_OF_WINDOW,BEFORE_CHECKIN,411.7,N
2577,100055.3,2026-06-21,,2026-06-21 04:35:27,OUT_OF_WINDOW,BEFORE_CHECKIN,161.6,N
2581,100055.3,2026-06-21,,2026-06-21 06:48:40,OUT_OF_WINDOW,BEFORE_CHECKIN,28.3,N
2584,100011.3,2026-06-21,,2026-06-21 08:31:31,OUT_OF_WINDOW,AFTER_CUTOFF,160.5,N
2590,100018.3,2026-06-21,,2026-06-21 10:21:57,OUT_OF_WINDOW,BEFORE_CHECKIN,189.1,N
2594,100011.3,2026-06-21,,2026-06-21 10:34:12,OUT_OF_WINDOW,AFTER_CUTOFF,283.2,N
2595,100011.3,2026-06-21,,2026-06-21 10:46:17,OUT_OF_WINDOW,AFTER_CUTOFF,295.3,N
2596,100018.3,2026-06-21,,2026-06-21 12:22:42,OUT_OF_WINDOW,BEFORE_CHECKIN,68.3,N
2597,100011.3,2026-06-21,,2026-06-21 12:45:38,OUT_OF_WINDOW,AFTER_CUTOFF,414.6,N
2602,100011.3,2026-06-21,,2026-06-21 14:58:10,OUT_OF_WINDOW,AFTER_CUTOFF,547.2,N
2607,100011.3,2026-06-21,,2026-06-21 17:02:39,OUT_OF_WINDOW,AFTER_CUTOFF,671.7,N
2608,100061.3,2026-06-21,,2026-06-21 04:03:43,OUT_OF_WINDOW,NO_CHECKIN,,N
2610,100061.3,2026-06-21,,2026-06-21 06:23:49,OUT_OF_WINDOW,NO_CHECKIN,,N
2613,100061.3,2026-06-21,,2026-06-21 09:19:02,OUT_OF_WINDOW,NO_CHECKIN,,N
2617,100061.3,2026-06-21,,2026-06-21 11:37:25,OUT_OF_WINDOW,NO_CHECKIN,,N
2622,100061.3,2026-06-21,,2026-06-21 13:37:51,OUT_OF_WINDOW,NO_CHECKIN,,N
2628,100061.3,2026-06-21,,2026-06-21 15:38:05,OUT_OF_WINDOW,NO_CHECKIN,,N
2635,100061.3,2026-06-21,,2026-06-21 17:38:07,OUT_OF_WINDOW,NO_CHECKIN,,N
2639,100011.3,2026-06-22,,2026-06-21 19:05:10,OUT_OF_WINDOW,BEFORE_CHECKIN,746.8,N
2640,100061.3,2026-06-22,,2026-06-21 19:41:03,OUT_OF_WINDOW,BEFORE_CHECKIN,522,N
2642,100018.3,2026-06-22,2026-06-21,2026-06-21 19:46:24,,,,
2645,100011.3,2026-06-22,,2026-06-21 21:05:25,OUT_OF_WINDOW,BEFORE_CHECKIN,626.6,N
2646,100011.3,2026-06-22,,2026-06-21 23:57:53,OUT_OF_WINDOW,BEFORE_CHECKIN,454.1,N
2647,100018.3,2026-06-22,2026-06-21,2026-06-22 00:49:49,,,,
2651,100011.3,2026-06-22,,2026-06-22 02:03:56,OUT_OF_WINDOW,BEFORE_CHECKIN,328.1,N
2655,100069.3,2026-06-21,,2026-06-21 14:48:06,OUT_OF_WINDOW,AFTER_CHECKOUT,1712.1,N
2656,100018.3,2026-06-22,2026-06-21,2026-06-22 02:54:17,,,,
2668,100067.3,2026-06-22,,2026-06-22 03:53:10,OUT_OF_WINDOW,NO_CHECKIN,,N
2679,100011.3,2026-06-22,,2026-06-22 04:26:31,OUT_OF_WINDOW,BEFORE_CHECKIN,185.5,N
2719,100055.3,2026-06-22,2026-06-21,2026-06-21 19:40:37,,,,
2725,100055.3,2026-06-22,2026-06-21,2026-06-21 21:46:37,,,,
2732,100055.3,2026-06-22,2026-06-21,2026-06-21 23:47:17,,,,
2740,100055.3,2026-06-22,,2026-06-22 03:19:02,OUT_OF_WINDOW,AFTER_CUTOFF,122,N
2749,100055.3,2026-06-22,,2026-06-22 05:20:18,OUT_OF_WINDOW,BEFORE_CHECKIN,148.7,N
2751,100061.3,2026-06-22,,2026-06-21 21:41:36,OUT_OF_WINDOW,BEFORE_CHECKIN,401.4,N
2753,100061.3,2026-06-22,,2026-06-21 23:44:31,OUT_OF_WINDOW,BEFORE_CHECKIN,278.5,N
2756,100061.3,2026-06-22,,2026-06-22 02:30:47,OUT_OF_WINDOW,BEFORE_CHECKIN,112.2,N
2762,100018.3,2026-06-22,2026-06-21,2026-06-22 05:45:57,,,,
2785,100017.3,2026-06-22,,2026-06-22 07:06:54,OUT_OF_WINDOW,BEFORE_CHECKIN,228.1,N
2787,100023.3,2026-06-22,,2026-06-22 07:13:54,OUT_OF_WINDOW,BEFORE_CHECKIN,349.1,N
2789,100055.3,2026-06-22,,2026-06-22 07:20:36,OUT_OF_WINDOW,BEFORE_CHECKIN,28.4,N
2791,100011.3,2026-06-22,,2026-06-22 06:25:58,OUT_OF_WINDOW,BEFORE_CHECKIN,66,N
2800,100018.3,2026-06-22,,2026-06-22 07:46:14,OUT_OF_WINDOW,AFTER_CUTOFF,15.2,N
2818,100018.3,2026-06-22,,2026-06-22 09:46:41,OUT_OF_WINDOW,AFTER_CUTOFF,135.7,N
2836,100018.3,2026-06-22,,2026-06-22 11:46:41,OUT_OF_WINDOW,AFTER_CUTOFF,255.7,N
2845,100023.3,2026-06-22,,2026-06-22 07:13:54,OUT_OF_WINDOW,BEFORE_CHECKIN,349.1,N
2847,100074.3,2026-06-22,,2026-06-22 13:03:56,OUT_OF_WINDOW,AFTER_CHECKOUT,71.9,N
2850,100018.3,2026-06-22,,2026-06-22 13:49:04,OUT_OF_WINDOW,AFTER_CUTOFF,378.1,N
2860,100053.2,2026-06-22,,2026-06-22 14:17:02,OUT_OF_WINDOW,NO_CHECKIN,,N
2919,100072.3,2026-06-22,,2026-06-22 14:09:14,OUT_OF_WINDOW,AFTER_CHECKOUT,5.2,N
2921,100072.3,2026-06-23,,2026-06-23 04:39:16,OUT_OF_WINDOW,AFTER_CHECKOUT,875.3,N
2927,100023.3,2026-06-23,,2026-06-23 04:21:31,OUT_OF_WINDOW,BEFORE_CHECKIN,74.5,N
2964,100065.3,2026-06-23,,2026-06-23 03:00:32,OUT_OF_WINDOW,AFTER_CUTOFF,780.5,N
2996,100091.3,2026-06-23,,2026-06-23 06:16:52,OUT_OF_WINDOW,NO_CHECKIN,,N
2998,100091.3,2026-06-23,,2026-06-23 08:27:31,OUT_OF_WINDOW,NO_CHECKIN,,N
3000,100091.3,2026-06-23,,2026-06-23 10:27:59,OUT_OF_WINDOW,NO_CHECKIN,,N
3006,100126.3,2026-06-23,,2026-06-23 11:44:26,OUT_OF_WINDOW,AFTER_CHECKOUT,5.4,N
3020,100069.3,2026-06-23,,2026-06-23 13:31:04,OUT_OF_WINDOW,AFTER_CHECKOUT,1366.1,N
3021,100126.3,2026-06-23,,2026-06-23 13:44:54,OUT_OF_WINDOW,AFTER_CHECKOUT,125.9,N
3024,100001.2,2026-06-23,,2026-06-23 14:01:55,OUT_OF_WINDOW,AFTER_CHECKOUT,19.9,N
3040,100091.3,2026-06-23,,2026-06-23 12:33:20,OUT_OF_WINDOW,NO_CHECKIN,,N
3042,100091.3,2026-06-23,,2026-06-23 14:34:02,OUT_OF_WINDOW,NO_CHECKIN,,N
3045,100091.3,2026-06-23,,2026-06-23 16:34:42,OUT_OF_WINDOW,NO_CHECKIN,,N
3077,100070.2,2026-06-24,2026-06-23,2026-06-23 19:33:30,,,,
3078,100126.3,2026-06-23,,2026-06-23 15:46:11,OUT_OF_WINDOW,AFTER_CHECKOUT,247.2,N
3080,100126.3,2026-06-23,,2026-06-23 17:46:37,OUT_OF_WINDOW,AFTER_CHECKOUT,367.6,N
3083,100126.3,2026-06-24,,2026-06-23 19:47:27,OUT_OF_WINDOW,BEFORE_CHECKIN,433.6,N
3085,100011.3,2026-06-24,2026-06-23,2026-06-23 20:11:23,,,,
3086,100070.2,2026-06-24,2026-06-23,2026-06-23 20:34:05,,,,
3087,100070.2,2026-06-24,2026-06-23,2026-06-23 21:34:08,,,,
3088,100126.3,2026-06-24,,2026-06-23 21:47:41,OUT_OF_WINDOW,BEFORE_CHECKIN,313.3,N
3089,100011.3,2026-06-24,2026-06-23,2026-06-23 22:13:02,,,,
3090,100070.2,2026-06-24,2026-06-23,2026-06-23 22:34:56,,,,
3091,100070.2,2026-06-24,2026-06-23,2026-06-23 23:35:51,,,,
3092,100011.3,2026-06-24,,2026-06-24 00:23:17,OUT_OF_WINDOW,AFTER_CUTOFF,25.3,N
3093,100070.2,2026-06-24,2026-06-23,2026-06-24 00:37:10,,,,
3094,100070.2,2026-06-24,,2026-06-24 01:38:25,OUT_OF_WINDOW,AFTER_CUTOFF,33.4,N
3100,100011.3,2026-06-24,,2026-06-24 02:28:55,OUT_OF_WINDOW,AFTER_CUTOFF,150.9,N
3117,100070.2,2026-06-24,,2026-06-24 02:49:09,OUT_OF_WINDOW,AFTER_CUTOFF,104.2,N
3119,100070.2,2026-06-24,,2026-06-24 04:03:24,OUT_OF_WINDOW,AFTER_CUTOFF,178.4,N
3124,100091.3,2026-06-23,,2026-06-23 18:54:02,OUT_OF_WINDOW,NO_CHECKIN,,N
3126,100091.3,2026-06-24,,2026-06-23 21:09:41,OUT_OF_WINDOW,NO_CHECKIN,,N
3133,100011.3,2026-06-24,,2026-06-24 04:36:05,OUT_OF_WINDOW,AFTER_CUTOFF,278.1,N
3139,100062.3,2026-06-23,,2026-06-23 14:49:35,OUT_OF_WINDOW,AFTER_CHECKOUT,5.6,N
3183,100070.2,2026-06-24,,2026-06-24 06:03:57,OUT_OF_WINDOW,AFTER_CUTOFF,299,N
3191,100011.3,2026-06-24,,2026-06-24 06:42:09,OUT_OF_WINDOW,BEFORE_CHECKIN,177.9,N
3206,100070.2,2026-06-24,,2026-06-24 07:05:41,OUT_OF_WINDOW,AFTER_CUTOFF,360.7,N
3208,100070.2,2026-06-24,,2026-06-24 08:06:10,OUT_OF_WINDOW,AFTER_CUTOFF,421.2,N
3213,100011.3,2026-06-24,,2026-06-24 08:46:57,OUT_OF_WINDOW,BEFORE_CHECKIN,53.1,N
3215,100070.2,2026-06-24,,2026-06-24 09:10:05,OUT_OF_WINDOW,AFTER_CUTOFF,485.1,N
3233,100070.2,2026-06-24,,2026-06-24 10:12:42,OUT_OF_WINDOW,AFTER_CUTOFF,547.7,N
3248,100046.2,2026-06-24,,2026-06-24 11:11:55,OUT_OF_WINDOW,AFTER_CHECKOUT,1254.9,N
3249,100046.2,2026-06-24,,2026-06-24 11:12:18,OUT_OF_WINDOW,AFTER_CHECKOUT,1255.3,N
3256,100091.3,2026-06-24,,2026-06-24 06:47:36,OUT_OF_WINDOW,NO_CHECKIN,,N
3258,100091.3,2026-06-24,,2026-06-24 08:49:20,OUT_OF_WINDOW,NO_CHECKIN,,N
3261,100091.3,2026-06-24,,2026-06-24 10:49:32,OUT_OF_WINDOW,NO_CHECKIN,,N
3265,100091.3,2026-06-24,,2026-06-24 12:54:43,OUT_OF_WINDOW,NO_CHECKIN,,N
3266,100070.2,2026-06-24,,2026-06-24 11:31:34,OUT_OF_WINDOW,AFTER_CUTOFF,626.6,N
3268,100070.2,2026-06-24,,2026-06-24 12:35:28,OUT_OF_WINDOW,AFTER_CUTOFF,690.5,N
3271,100070.2,2026-06-24,,2026-06-24 13:35:44,OUT_OF_WINDOW,AFTER_CUTOFF,750.7,N
3279,100094.3,2026-06-24,,2026-06-24 14:10:08,OUT_OF_WINDOW,AFTER_CUTOFF,10.1,N
3280,100094.3,2026-06-24,,2026-06-24 14:10:32,OUT_OF_WINDOW,AFTER_CUTOFF,10.5,N
3283,100015.3,2026-06-24,,2026-06-24 14:21:44,OUT_OF_WINDOW,AFTER_CUTOFF,21.7,N
3286,100126.3,2026-06-24,,2026-06-24 13:05:16,OUT_OF_WINDOW,AFTER_CHECKOUT,42.3,N
3288,100126.3,2026-06-24,,2026-06-24 15:05:24,OUT_OF_WINDOW,AFTER_CHECKOUT,162.4,N
3289,100070.2,2026-06-24,,2026-06-24 11:31:34,OUT_OF_WINDOW,AFTER_CUTOFF,626.6,N
3291,100070.2,2026-06-24,,2026-06-24 12:35:28,OUT_OF_WINDOW,AFTER_CUTOFF,690.5,N
3294,100070.2,2026-06-24,,2026-06-24 13:35:44,OUT_OF_WINDOW,AFTER_CUTOFF,750.7,N
3298,100070.2,2026-06-24,,2026-06-24 14:39:05,OUT_OF_WINDOW,AFTER_CUTOFF,814.1,N
3303,100070.2,2026-06-24,,2026-06-24 15:39:31,OUT_OF_WINDOW,AFTER_CUTOFF,874.5,N
3305,100015.3,2026-06-24,,2026-06-24 16:22:26,OUT_OF_WINDOW,AFTER_CUTOFF,142.4,N
3313,100054.3,2026-06-24,,2026-06-24 16:30:19,OUT_OF_WINDOW,AFTER_CHECKOUT,5.3,N
3314,100070.2,2026-06-24,,2026-06-24 16:40:35,OUT_OF_WINDOW,AFTER_CUTOFF,935.6,N
3317,100091.3,2026-06-24,,2026-06-24 14:55:03,OUT_OF_WINDOW,NO_CHECKIN,,N
3319,100091.3,2026-06-24,,2026-06-24 17:01:59,OUT_OF_WINDOW,NO_CHECKIN,,N
3320,100126.3,2026-06-24,,2026-06-24 17:05:31,OUT_OF_WINDOW,AFTER_CHECKOUT,282.5,N
3325,100070.2,2026-06-24,,2026-06-24 17:44:07,OUT_OF_WINDOW,AFTER_CUTOFF,999.1,N
3327,100015.3,2026-06-24,,2026-06-24 18:31:19,OUT_OF_WINDOW,AFTER_CUTOFF,271.3,N
3328,100070.2,2026-06-24,,2026-06-24 18:48:01,OUT_OF_WINDOW,AFTER_CUTOFF,1063,N
3331,100126.3,2026-06-25,,2026-06-24 19:06:01,OUT_OF_WINDOW,AFTER_CHECKOUT,403,N
3332,100070.2,2026-06-25,,2026-06-24 19:49:07,OUT_OF_WINDOW,NO_CHECKIN,,N
3335,100055.3,2026-06-25,,2026-06-24 19:58:02,OUT_OF_WINDOW,AFTER_CUTOFF,28,N
3336,100011.3,2026-06-25,,2026-06-24 20:06:58,OUT_OF_WINDOW,AFTER_CUTOFF,367,N
3337,100015.3,2026-06-24,,2026-06-24 18:31:19,OUT_OF_WINDOW,AFTER_CUTOFF,271.3,N
3339,100015.3,2026-06-25,,2026-06-24 20:31:44,OUT_OF_WINDOW,AFTER_CUTOFF,391.7,N
3340,100070.2,2026-06-25,,2026-06-24 20:55:04,OUT_OF_WINDOW,NO_CHECKIN,,N
3341,100126.3,2026-06-25,,2026-06-24 21:06:49,OUT_OF_WINDOW,BEFORE_CHECKIN,418.2,N
3342,100070.2,2026-06-25,,2026-06-24 21:55:43,OUT_OF_WINDOW,NO_CHECKIN,,N
3343,100055.3,2026-06-25,,2026-06-24 21:58:06,OUT_OF_WINDOW,AFTER_CUTOFF,148.1,N
3346,100011.3,2026-06-25,,2026-06-24 22:50:21,OUT_OF_WINDOW,AFTER_CUTOFF,530.4,N
3347,100070.2,2026-06-25,,2026-06-24 23:40:12,OUT_OF_WINDOW,NO_CHECKIN,,N
3348,100015.3,2026-06-25,,2026-06-25 00:43:20,OUT_OF_WINDOW,AFTER_CUTOFF,643.3,N
3349,100070.2,2026-06-25,,2026-06-25 00:50:03,OUT_OF_WINDOW,NO_CHECKIN,,N
3350,100011.3,2026-06-25,,2026-06-25 00:50:49,OUT_OF_WINDOW,AFTER_CUTOFF,650.8,N
3354,100070.2,2026-06-25,,2026-06-25 01:55:16,OUT_OF_WINDOW,NO_CHECKIN,,N
3360,100126.3,2026-06-25,,2026-06-25 03:35:22,OUT_OF_WINDOW,BEFORE_CHECKIN,29.6,N
3361,100091.3,2026-06-25,,2026-06-24 19:02:13,OUT_OF_WINDOW,NO_CHECKIN,,N
3363,100091.3,2026-06-25,,2026-06-25 03:39:39,OUT_OF_WINDOW,NO_CHECKIN,,N
3368,100088.3,2026-06-24,,2026-06-24 17:29:23,OUT_OF_WINDOW,AFTER_CHECKOUT,9.4,N
3376,100011.3,2026-06-25,,2026-06-25 04:51:23,OUT_OF_WINDOW,AFTER_CUTOFF,891.4,N
3383,100133.3,2026-06-25,,2026-06-25 06:02:19,OUT_OF_WINDOW,AFTER_CHECKOUT,6.3,N
3385,100070.2,2026-06-25,,2026-06-25 03:56:00,OUT_OF_WINDOW,NO_CHECKIN,,N
3387,100070.2,2026-06-25,,2026-06-25 06:11:45,OUT_OF_WINDOW,NO_CHECKIN,,N
3389,100055.3,2026-06-25,,2026-06-25 00:13:46,OUT_OF_WINDOW,AFTER_CUTOFF,283.8,N
3391,100055.3,2026-06-25,,2026-06-25 02:19:43,OUT_OF_WINDOW,AFTER_CUTOFF,409.7,N
3394,100055.3,2026-06-25,,2026-06-25 04:46:28,OUT_OF_WINDOW,AFTER_CUTOFF,556.5,N
3398,100055.3,2026-06-25,,2026-06-25 06:46:48,OUT_OF_WINDOW,AFTER_CUTOFF,676.8,N
3399,100011.3,2026-06-25,,2026-06-25 07:03:01,OUT_OF_WINDOW,AFTER_CUTOFF,1023,N
3400,100070.2,2026-06-25,,2026-06-25 07:12:34,OUT_OF_WINDOW,NO_CHECKIN,,N
3401,100070.2,2026-06-25,,2026-06-25 08:13:29,OUT_OF_WINDOW,NO_CHECKIN,,N
3405,100055.3,2026-06-25,,2026-06-25 08:47:16,OUT_OF_WINDOW,AFTER_CUTOFF,797.3,N
3406,100070.2,2026-06-25,,2026-06-25 09:17:09,OUT_OF_WINDOW,NO_CHECKIN,,N
3407,100011.3,2026-06-25,,2026-06-25 09:17:40,OUT_OF_WINDOW,AFTER_CUTOFF,1157.7,N
3408,100062.3,2026-06-24,,2026-06-24 13:43:35,OUT_OF_WINDOW,AFTER_CHECKOUT,5.6,N
3418,100070.2,2026-06-25,,2026-06-25 10:22:45,OUT_OF_WINDOW,NO_CHECKIN,,N
3421,100011.3,2026-06-25,,2026-06-25 11:17:46,OUT_OF_WINDOW,AFTER_CUTOFF,1277.8,N
3422,100091.3,2026-06-25,,2026-06-25 05:40:12,OUT_OF_WINDOW,NO_CHECKIN,,N
3424,100091.3,2026-06-25,,2026-06-25 11:46:01,OUT_OF_WINDOW,NO_CHECKIN,,N
3426,100070.2,2026-06-25,,2026-06-25 11:29:55,OUT_OF_WINDOW,NO_CHECKIN,,N
3428,100070.2,2026-06-25,,2026-06-25 12:33:12,OUT_OF_WINDOW,NO_CHECKIN,,N
3429,100055.3,2026-06-25,,2026-06-25 10:51:04,OUT_OF_WINDOW,AFTER_CUTOFF,921.1,N
3431,100055.3,2026-06-25,,2026-06-25 12:52:48,OUT_OF_WINDOW,AFTER_CUTOFF,1042.8,N
3432,100070.2,2026-06-25,,2026-06-25 13:33:49,OUT_OF_WINDOW,NO_CHECKIN,,N
3433,100126.3,2026-06-25,,2026-06-25 14:24:56,OUT_OF_WINDOW,AFTER_CUTOFF,24.9,N
3434,100070.2,2026-06-25,,2026-06-25 14:34:19,OUT_OF_WINDOW,NO_CHECKIN,,N
3439,100011.3,2026-06-25,,2026-06-25 13:23:34,OUT_OF_WINDOW,AFTER_CUTOFF,1403.6,N
3441,100011.3,2026-06-25,,2026-06-25 15:26:44,OUT_OF_WINDOW,AFTER_CUTOFF,1526.7,N
3442,100091.3,2026-06-25,,2026-06-25 13:47:43,OUT_OF_WINDOW,NO_CHECKIN,,N
3444,100091.3,2026-06-25,,2026-06-25 15:48:02,OUT_OF_WINDOW,NO_CHECKIN,,N
3446,100054.3,2026-06-25,,2026-06-25 16:48:51,OUT_OF_WINDOW,AFTER_CHECKOUT,5.9,N
3447,100055.3,2026-06-25,,2026-06-25 14:55:10,OUT_OF_WINDOW,AFTER_CUTOFF,1165.2,N
3449,100055.3,2026-06-25,,2026-06-25 16:56:39,OUT_OF_WINDOW,AFTER_CUTOFF,1286.7,N
3450,100015.3,2026-06-25,,2026-06-25 02:44:44,OUT_OF_WINDOW,AFTER_CUTOFF,764.7,N
3452,100015.3,2026-06-25,,2026-06-25 04:58:41,OUT_OF_WINDOW,AFTER_CUTOFF,898.7,N
3455,100015.3,2026-06-25,,2026-06-25 07:16:49,OUT_OF_WINDOW,AFTER_CUTOFF,1036.8,N
3459,100015.3,2026-06-25,,2026-06-25 09:17:19,OUT_OF_WINDOW,AFTER_CUTOFF,1157.3,N
3464,100015.3,2026-06-25,,2026-06-25 11:19:16,OUT_OF_WINDOW,AFTER_CUTOFF,1279.3,N
3470,100015.3,2026-06-25,,2026-06-25 13:19:31,OUT_OF_WINDOW,AFTER_CUTOFF,1399.5,N
3477,100015.3,2026-06-25,,2026-06-25 17:22:51,OUT_OF_WINDOW,AFTER_CUTOFF,1642.9,N
3478,100011.3,2026-06-25,,2026-06-25 17:39:38,OUT_OF_WINDOW,AFTER_CUTOFF,1659.6,N
3479,100091.3,2026-06-25,,2026-06-25 17:48:28,OUT_OF_WINDOW,NO_CHECKIN,,N
3480,100652.1,2026-06-25,,2026-06-25 17:53:48,OUT_OF_WINDOW,AFTER_CUTOFF,233.8,N
3481,100070.2,2026-06-25,,2026-06-25 15:43:52,OUT_OF_WINDOW,NO_CHECKIN,,N
3483,100070.2,2026-06-25,,2026-06-25 16:50:46,OUT_OF_WINDOW,NO_CHECKIN,,N
3486,100070.2,2026-06-25,,2026-06-25 17:54:34,OUT_OF_WINDOW,NO_CHECKIN,,N
3488,100126.3,2026-06-25,,2026-06-25 16:25:42,OUT_OF_WINDOW,AFTER_CUTOFF,145.7,N
3490,100126.3,2026-06-25,,2026-06-25 18:26:23,OUT_OF_WINDOW,AFTER_CUTOFF,266.4,N
3491,100055.3,2026-06-25,,2026-06-25 18:58:30,OUT_OF_WINDOW,AFTER_CUTOFF,1408.5,N
3492,100054.3,2026-06-26,,2026-06-25 19:10:37,OUT_OF_WINDOW,AFTER_CHECKOUT,147.6,N
3493,100015.3,2026-06-26,,2026-06-25 19:42:42,OUT_OF_WINDOW,NO_CHECKIN,,N
3494,100058.3,2026-06-26,,2026-06-25 20:06:18,OUT_OF_WINDOW,AFTER_CHECKOUT,105.3,N
3496,100133.3,2026-06-26,,2026-06-25 20:45:04,OUT_OF_WINDOW,AFTER_CHECKOUT,889.1,N
3498,100055.3,2026-06-26,,2026-06-25 21:02:09,OUT_OF_WINDOW,BEFORE_CHECKIN,493.9,N
3499,100070.2,2026-06-26,,2026-06-25 19:01:09,OUT_OF_WINDOW,NO_CHECKIN,,N
3501,100070.2,2026-06-26,,2026-06-25 20:04:49,OUT_OF_WINDOW,NO_CHECKIN,,N
3504,100070.2,2026-06-26,,2026-06-25 21:08:18,OUT_OF_WINDOW,NO_CHECKIN,,N
3508,100070.2,2026-06-26,,2026-06-25 22:10:30,OUT_OF_WINDOW,NO_CHECKIN,,N
3509,100015.3,2026-06-26,,2026-06-25 22:45:09,OUT_OF_WINDOW,NO_CHECKIN,,N
3510,100070.2,2026-06-26,,2026-06-25 23:25:05,OUT_OF_WINDOW,NO_CHECKIN,,N
3511,100011.3,2026-06-26,,2026-06-25 19:42:28,OUT_OF_WINDOW,NO_CHECKIN,,N
3513,100011.3,2026-06-26,,2026-06-25 23:56:13,OUT_OF_WINDOW,NO_CHECKIN,,N
3514,100070.2,2026-06-26,,2026-06-26 00:30:42,OUT_OF_WINDOW,NO_CHECKIN,,N
3516,100011.3,2026-06-26,,2026-06-26 01:56:17,OUT_OF_WINDOW,NO_CHECKIN,,N
3526,100065.3,2026-06-26,,2026-06-26 03:54:52,OUT_OF_WINDOW,NO_CHECKIN,,N
3528,100011.3,2026-06-26,,2026-06-26 04:01:09,OUT_OF_WINDOW,NO_CHECKIN,,N
3529,100070.2,2026-06-26,,2026-06-26 02:08:53,OUT_OF_WINDOW,NO_CHECKIN,,N
3531,100070.2,2026-06-26,,2026-06-26 04:09:04,OUT_OF_WINDOW,NO_CHECKIN,,N
3532,100133.3,2026-06-26,,2026-06-26 04:29:25,OUT_OF_WINDOW,AFTER_CHECKOUT,1353.4,N
3534,100133.3,2026-06-26,,2026-06-26 04:54:23,OUT_OF_WINDOW,AFTER_CHECKOUT,1378.4,N
3535,100054.3,2026-06-26,,2026-06-25 21:35:56,OUT_OF_WINDOW,AFTER_CHECKOUT,292.9,N
3537,100054.3,2026-06-26,,2026-06-26 00:47:58,OUT_OF_WINDOW,BEFORE_CHECKIN,251,N
3540,100054.3,2026-06-26,,2026-06-26 04:27:12,OUT_OF_WINDOW,BEFORE_CHECKIN,31.8,N
3542,100070.2,2026-06-26,,2026-06-26 05:10:08,OUT_OF_WINDOW,NO_CHECKIN,,N
3547,100055.3,2026-06-26,,2026-06-26 00:55:06,OUT_OF_WINDOW,BEFORE_CHECKIN,260.9,N
3549,100055.3,2026-06-26,,2026-06-26 03:39:36,OUT_OF_WINDOW,BEFORE_CHECKIN,96.4,N
3551,100015.3,2026-06-26,,2026-06-26 05:19:30,OUT_OF_WINDOW,NO_CHECKIN,,N
3555,100070.2,2026-06-26,,2026-06-26 06:10:11,OUT_OF_WINDOW,NO_CHECKIN,,N
3556,100011.3,2026-06-26,,2026-06-26 06:34:53,OUT_OF_WINDOW,NO_CHECKIN,,N
3557,100126.3,2026-06-26,,2026-06-26 00:09:19,OUT_OF_WINDOW,AFTER_CUTOFF,609.3,N
3559,100126.3,2026-06-26,,2026-06-26 04:51:49,OUT_OF_WINDOW,AFTER_CUTOFF,891.8,N
3562,100126.3,2026-06-26,,2026-06-26 06:52:10,OUT_OF_WINDOW,AFTER_CUTOFF,1012.2,N
3563,100015.3,2026-06-26,,2026-06-26 07:29:42,OUT_OF_WINDOW,NO_CHECKIN,,N
3566,100070.2,2026-06-26,,2026-06-26 07:15:04,OUT_OF_WINDOW,NO_CHECKIN,,N
3568,100070.2,2026-06-26,,2026-06-26 08:15:07,OUT_OF_WINDOW,NO_CHECKIN,,N
3569,100070.2,2026-06-26,,2026-06-26 09:19:15,OUT_OF_WINDOW,NO_CHECKIN,,N
3572,100091.3,2026-06-26,,2026-06-26 04:11:39,OUT_OF_WINDOW,NO_CHECKIN,,N
3574,100091.3,2026-06-26,,2026-06-26 06:16:38,OUT_OF_WINDOW,NO_CHECKIN,,N
3577,100091.3,2026-06-26,,2026-06-26 08:25:43,OUT_OF_WINDOW,NO_CHECKIN,,N
3579,100011.3,2026-06-26,,2026-06-26 08:46:10,OUT_OF_WINDOW,NO_CHECKIN,,N
3581,100011.3,2026-06-26,,2026-06-26 10:52:20,OUT_OF_WINDOW,NO_CHECKIN,,N
3582,100126.3,2026-06-26,,2026-06-26 08:52:19,OUT_OF_WINDOW,AFTER_CUTOFF,1132.3,N
3584,100126.3,2026-06-26,,2026-06-26 10:52:46,OUT_OF_WINDOW,AFTER_CUTOFF,1252.8,N
3585,100015.3,2026-06-26,,2026-06-26 09:34:39,OUT_OF_WINDOW,NO_CHECKIN,,N
3587,100015.3,2026-06-26,,2026-06-26 11:40:25,OUT_OF_WINDOW,NO_CHECKIN,,N
3591,100126.3,2026-06-26,,2026-06-26 12:54:35,OUT_OF_WINDOW,AFTER_CUTOFF,1374.6,N
3592,100011.3,2026-06-26,,2026-06-26 12:56:05,OUT_OF_WINDOW,NO_CHECKIN,,N
3598,100091.3,2026-06-26,,2026-06-26 12:33:58,OUT_OF_WINDOW,NO_CHECKIN,,N
3600,100091.3,2026-06-26,,2026-06-26 14:34:31,OUT_OF_WINDOW,NO_CHECKIN,,N
3601,100126.3,2026-06-26,,2026-06-26 14:56:00,OUT_OF_WINDOW,AFTER_CUTOFF,1496,N
3602,100011.3,2026-06-26,,2026-06-26 15:05:18,OUT_OF_WINDOW,NO_CHECKIN,,N
3603,100070.2,2026-06-26,,2026-06-26 10:36:05,OUT_OF_WINDOW,NO_CHECKIN,,N
3605,100070.2,2026-06-26,,2026-06-26 11:41:46,OUT_OF_WINDOW,NO_CHECKIN,,N
3608,100070.2,2026-06-26,,2026-06-26 12:44:29,OUT_OF_WINDOW,NO_CHECKIN,,N
3612,100070.2,2026-06-26,,2026-06-26 14:02:02,OUT_OF_WINDOW,NO_CHECKIN,,N
3617,100070.2,2026-06-26,,2026-06-26 15:18:54,OUT_OF_WINDOW,NO_CHECKIN,,N
3618,100015.3,2026-06-26,,2026-06-26 13:43:29,OUT_OF_WINDOW,NO_CHECKIN,,N
3620,100015.3,2026-06-26,,2026-06-26 15:50:04,OUT_OF_WINDOW,NO_CHECKIN,,N
3622,100070.2,2026-06-26,,2026-06-26 16:18:59,OUT_OF_WINDOW,NO_CHECKIN,,N
3624,100023.3,2026-06-26,,2026-06-26 16:34:11,OUT_OF_WINDOW,AFTER_CUTOFF,154.2,N
3625,100091.3,2026-06-26,,2026-06-26 16:35:15,OUT_OF_WINDOW,NO_CHECKIN,,N
3626,100126.3,2026-06-26,,2026-06-26 16:56:23,OUT_OF_WINDOW,AFTER_CUTOFF,1616.4,N
3627,100011.3,2026-06-26,,2026-06-26 17:12:32,OUT_OF_WINDOW,NO_CHECKIN,,N
3628,100070.2,2026-06-26,,2026-06-26 17:25:52,OUT_OF_WINDOW,NO_CHECKIN,,N
3630,100024.3,2026-06-26,,2026-06-26 18:36:47,OUT_OF_WINDOW,AFTER_CUTOFF,276.8,N
3631,100070.2,2026-06-26,,2026-06-26 18:45:04,OUT_OF_WINDOW,NO_CHECKIN,,N
3632,100126.3,2026-06-26,,2026-06-26 18:57:01,OUT_OF_WINDOW,AFTER_CUTOFF,1737,N
3633,100015.3,2026-06-26,,2026-06-26 17:51:26,OUT_OF_WINDOW,NO_CHECKIN,,N
3634,100011.3,2026-06-27,,2026-06-26 19:15:53,OUT_OF_WINDOW,BEFORE_CHECKIN,631.1,N
3635,100070.2,2026-06-27,,2026-06-26 19:45:08,OUT_OF_WINDOW,BEFORE_CHECKIN,793.9,N
3636,100015.3,2026-06-27,,2026-06-26 19:52:00,OUT_OF_WINDOW,NO_CHECKIN,,N
3639,100055.3,2026-06-27,,2026-06-26 19:56:02,OUT_OF_WINDOW,AFTER_CUTOFF,26,N
3641,100011.3,2026-06-27,,2026-06-26 21:26:06,OUT_OF_WINDOW,BEFORE_CHECKIN,500.9,N
3642,100015.3,2026-06-27,,2026-06-26 22:02:13,OUT_OF_WINDOW,NO_CHECKIN,,N
3643,100070.2,2026-06-27,,2026-06-26 20:45:11,OUT_OF_WINDOW,BEFORE_CHECKIN,733.8,N
3645,100070.2,2026-06-27,,2026-06-26 22:03:35,OUT_OF_WINDOW,BEFORE_CHECKIN,655.4,N
3648,100070.2,2026-06-27,,2026-06-26 22:43:34,OUT_OF_WINDOW,BEFORE_CHECKIN,615.4,N
3649,100070.2,2026-06-27,,2026-06-26 22:52:56,OUT_OF_WINDOW,BEFORE_CHECKIN,606.1,N
3650,100126.3,2026-06-27,,2026-06-26 20:58:42,OUT_OF_WINDOW,BEFORE_CHECKIN,398.3,N
3652,100126.3,2026-06-27,,2026-06-26 22:59:29,OUT_OF_WINDOW,BEFORE_CHECKIN,277.5,N
3653,100070.2,2026-06-27,,2026-06-26 23:53:37,OUT_OF_WINDOW,BEFORE_CHECKIN,545.4,N
3654,100015.3,2026-06-27,,2026-06-27 00:40:33,OUT_OF_WINDOW,NO_CHECKIN,,N
3655,100011.3,2026-06-27,,2026-06-27 00:57:51,OUT_OF_WINDOW,BEFORE_CHECKIN,289.2,N
3656,100070.2,2026-06-27,,2026-06-27 01:04:10,OUT_OF_WINDOW,BEFORE_CHECKIN,474.8,N
3659,100015.3,2026-06-27,,2026-06-27 02:50:00,OUT_OF_WINDOW,NO_CHECKIN,,N
3675,100011.3,2026-06-27,,2026-06-27 04:02:33,OUT_OF_WINDOW,BEFORE_CHECKIN,104.5,N
3676,100032.2,2026-06-24,,2026-06-24 17:25:09,OUT_OF_WINDOW,AFTER_CUTOFF,85.2,N
3678,100032.2,2026-06-26,,2026-06-25 19:21:53,OUT_OF_WINDOW,NO_CHECKIN,,N
3679,100032.2,2026-06-24,,2026-06-24 17:25:09,OUT_OF_WINDOW,AFTER_CUTOFF,85.2,N
3681,100032.2,2026-06-26,,2026-06-25 19:21:53,OUT_OF_WINDOW,NO_CHECKIN,,N
3691,100070.2,2026-06-27,,2026-06-27 04:34:04,OUT_OF_WINDOW,BEFORE_CHECKIN,264.9,N
3736,100070.2,2026-06-27,,2026-06-27 05:50:05,OUT_OF_WINDOW,BEFORE_CHECKIN,188.9,N
3737,100133.3,2026-06-27,,2026-06-27 05:50:57,OUT_OF_WINDOW,BEFORE_CHECKIN,11.1,N
3756,100055.3,2026-06-27,,2026-06-26 19:56:02,OUT_OF_WINDOW,AFTER_CUTOFF,26,N
3759,100055.3,2026-06-27,,2026-06-26 22:31:47,OUT_OF_WINDOW,AFTER_CUTOFF,181.8,N
3763,100055.3,2026-06-27,,2026-06-27 00:33:54,OUT_OF_WINDOW,AFTER_CUTOFF,303.9,N
3768,100055.3,2026-06-27,,2026-06-27 02:34:54,OUT_OF_WINDOW,AFTER_CUTOFF,424.9,N
3774,100055.3,2026-06-27,,2026-06-27 04:35:26,OUT_OF_WINDOW,AFTER_CUTOFF,545.4,N
3781,100055.3,2026-06-27,,2026-06-27 06:36:03,OUT_OF_WINDOW,AFTER_CUTOFF,666.1,N
3783,100074.3,2026-06-27,,2026-06-27 06:40:37,OUT_OF_WINDOW,NO_CHECKIN,,N
3785,100070.2,2026-06-27,,2026-06-27 06:52:45,OUT_OF_WINDOW,BEFORE_CHECKIN,126.3,N
3800,100070.2,2026-06-27,,2026-06-27 07:54:43,OUT_OF_WINDOW,BEFORE_CHECKIN,64.3,N
3810,100055.3,2026-06-27,,2026-06-27 08:36:18,OUT_OF_WINDOW,AFTER_CUTOFF,786.3,N
3811,100070.2,2026-06-27,,2026-06-27 08:54:48,OUT_OF_WINDOW,BEFORE_CHECKIN,4.2,N
3824,100133.3,2026-06-27,,2026-06-27 10:33:35,OUT_OF_WINDOW,AFTER_CHECKOUT,27.6,N
3825,100055.3,2026-06-27,,2026-06-27 10:37:59,OUT_OF_WINDOW,AFTER_CUTOFF,908,N
3827,100126.3,2026-06-27,,2026-06-27 11:05:02,OUT_OF_WINDOW,AFTER_CHECKOUT,16,N
3833,100055.3,2026-06-27,,2026-06-27 12:38:20,OUT_OF_WINDOW,AFTER_CUTOFF,1028.3,N
3834,100091.3,2026-06-27,,2026-06-27 06:21:03,OUT_OF_WINDOW,NO_CHECKIN,,N
3836,100091.3,2026-06-27,,2026-06-27 10:47:40,OUT_OF_WINDOW,NO_CHECKIN,,N
3839,100091.3,2026-06-27,,2026-06-27 12:47:45,OUT_OF_WINDOW,NO_CHECKIN,,N
3848,100053.2,2026-06-27,,2026-06-27 13:57:08,OUT_OF_WINDOW,BEFORE_CHECKIN,2.9,N
3861,100046.3,2026-06-27,,2026-06-27 14:38:25,OUT_OF_WINDOW,AFTER_CUTOFF,38.4,N
3863,100055.3,2026-06-27,,2026-06-27 14:39:32,OUT_OF_WINDOW,AFTER_CUTOFF,1149.5,N
3864,100126.3,2026-06-27,,2026-06-27 13:05:19,OUT_OF_WINDOW,AFTER_CHECKOUT,136.3,N
3866,100126.3,2026-06-27,,2026-06-27 15:06:03,OUT_OF_WINDOW,AFTER_CHECKOUT,257.1,N
3871,100011.3,2026-06-27,,2026-06-27 16:21:03,OUT_OF_WINDOW,AFTER_CUTOFF,141.1,N
3872,100046.3,2026-06-27,,2026-06-27 16:42:08,OUT_OF_WINDOW,AFTER_CUTOFF,162.1,N
3873,100055.3,2026-06-27,,2026-06-27 16:42:47,OUT_OF_WINDOW,AFTER_CUTOFF,1272.8,N
3876,100091.3,2026-06-27,,2026-06-27 15:01:10,OUT_OF_WINDOW,NO_CHECKIN,,N
3878,100091.3,2026-06-27,,2026-06-27 17:03:02,OUT_OF_WINDOW,NO_CHECKIN,,N
3880,100133.3,2026-06-27,,2026-06-27 17:03:30,OUT_OF_WINDOW,AFTER_CHECKOUT,417.5,N
3882,100126.3,2026-06-27,,2026-06-27 17:06:50,OUT_OF_WINDOW,AFTER_CHECKOUT,377.8,N
3883,100101.3,2026-06-27,,2026-06-27 17:10:17,OUT_OF_WINDOW,AFTER_CUTOFF,160.3,N
3884,100133.3,2026-06-27,,2026-06-27 17:15:17,OUT_OF_WINDOW,AFTER_CHECKOUT,429.3,N
3885,100109.3,2026-06-27,,2026-06-27 17:16:35,OUT_OF_WINDOW,AFTER_CUTOFF,166.6,N
3886,100108.3,2026-06-27,,2026-06-27 17:20:34,OUT_OF_WINDOW,AFTER_CUTOFF,170.6,N
3888,100100.3,2026-06-27,,2026-06-27 17:25:35,OUT_OF_WINDOW,AFTER_CHECKOUT,21.6,N
3889,100107.3,2026-06-27,,2026-06-27 17:27:30,OUT_OF_WINDOW,AFTER_CHECKOUT,5.5,N
3891,100100.3,2026-06-27,,2026-06-27 17:34:41,OUT_OF_WINDOW,AFTER_CHECKOUT,30.7,N
3893,100133.3,2026-06-27,,2026-06-27 17:40:00,OUT_OF_WINDOW,AFTER_CHECKOUT,454,N
3894,100076.3,2026-06-27,,2026-06-27 17:40:42,OUT_OF_WINDOW,AFTER_CUTOFF,220.7,N
3899,100034.2,2026-06-27,,2026-06-27 18:12:15,OUT_OF_WINDOW,AFTER_CUTOFF,132.3,N
3901,100011.3,2026-06-27,,2026-06-27 18:25:31,OUT_OF_WINDOW,AFTER_CUTOFF,265.5,N
3903,100046.3,2026-06-27,,2026-06-27 18:42:38,OUT_OF_WINDOW,AFTER_CUTOFF,282.6,N
3911,100011.3,2026-06-28,,2026-06-27 20:30:46,OUT_OF_WINDOW,AFTER_CUTOFF,390.8,N
3912,100055.3,2026-06-27,,2026-06-27 18:45:58,OUT_OF_WINDOW,AFTER_CUTOFF,1396,N
3914,100055.3,2026-06-28,,2026-06-27 20:53:36,OUT_OF_WINDOW,NO_CHECKIN,,N
3915,100041.3,2026-06-28,,2026-06-27 21:57:05,OUT_OF_WINDOW,NO_CHECKIN,,N
3916,100046.3,2026-06-28,,2026-06-27 20:43:43,OUT_OF_WINDOW,AFTER_CUTOFF,403.7,N
3918,100046.3,2026-06-28,,2026-06-27 22:58:58,OUT_OF_WINDOW,AFTER_CUTOFF,539,N
3919,100011.3,2026-06-28,,2026-06-27 23:42:35,OUT_OF_WINDOW,AFTER_CUTOFF,582.6,N
3923,100046.3,2026-06-28,,2026-06-28 01:49:01,OUT_OF_WINDOW,AFTER_CUTOFF,709,N
3924,100107.3,2026-06-28,,2026-06-28 01:49:42,OUT_OF_WINDOW,AFTER_CHECKOUT,507.7,N
3927,100089.3,2026-06-28,,2026-06-28 02:00:42,OUT_OF_WINDOW,BEFORE_CHECKIN,14.3,N
3929,100089.3,2026-06-28,,2026-06-28 02:00:42,OUT_OF_WINDOW,BEFORE_CHECKIN,14.3,N
3932,100107.3,2026-06-28,,2026-06-28 02:40:26,OUT_OF_WINDOW,AFTER_CHECKOUT,558.4,N
3938,100046.3,2026-06-28,,2026-06-28 03:52:14,OUT_OF_WINDOW,AFTER_CUTOFF,832.2,N
3939,100069.3,2026-06-28,,2026-06-28 04:22:57,OUT_OF_WINDOW,AFTER_CUTOFF,863,N
3944,100055.3,2026-06-28,,2026-06-28 04:35:31,OUT_OF_WINDOW,NO_CHECKIN,,N
3950,100091.3,2026-06-28,,2026-06-28 03:56:23,OUT_OF_WINDOW,NO_CHECKIN,,N
3955,100046.3,2026-06-28,,2026-06-28 06:01:47,OUT_OF_WINDOW,AFTER_CUTOFF,961.8,N
3956,100011.3,2026-06-28,,2026-06-28 03:43:33,OUT_OF_WINDOW,AFTER_CUTOFF,823.6,N
3958,100011.3,2026-06-28,,2026-06-28 06:53:22,OUT_OF_WINDOW,AFTER_CUTOFF,1013.4,N
3960,100046.3,2026-06-28,,2026-06-28 08:10:59,OUT_OF_WINDOW,AFTER_CUTOFF,1091,N
3962,100091.3,2026-06-28,,2026-06-28 05:57:11,OUT_OF_WINDOW,NO_CHECKIN,,N
3964,100091.3,2026-06-28,,2026-06-28 08:12:58,OUT_OF_WINDOW,NO_CHECKIN,,N
3965,100126.3,2026-06-28,,2026-06-27 19:07:12,OUT_OF_WINDOW,AFTER_CHECKOUT,498.2,N
3967,100126.3,2026-06-28,,2026-06-28 06:25:07,OUT_OF_WINDOW,AFTER_CHECKOUT,1176.1,N
3970,100126.3,2026-06-28,,2026-06-28 08:25:09,OUT_OF_WINDOW,AFTER_CHECKOUT,1296.2,N
3971,100055.3,2026-06-28,,2026-06-28 06:39:03,OUT_OF_WINDOW,NO_CHECKIN,,N
3973,100055.3,2026-06-28,,2026-06-28 08:40:34,OUT_OF_WINDOW,NO_CHECKIN,,N
3974,100011.3,2026-06-28,,2026-06-28 08:54:05,OUT_OF_WINDOW,AFTER_CUTOFF,1134.1,N
3979,100091.3,2026-06-28,,2026-06-28 10:13:02,OUT_OF_WINDOW,NO_CHECKIN,,N
3981,100046.3,2026-06-28,,2026-06-28 10:28:40,OUT_OF_WINDOW,AFTER_CUTOFF,1228.7,N
3982,100011.3,2026-06-28,,2026-06-28 10:55:18,OUT_OF_WINDOW,AFTER_CUTOFF,1255.3,N
3983,100046.3,2026-06-28,,2026-06-28 12:29:17,OUT_OF_WINDOW,AFTER_CUTOFF,1349.3,N
3984,100126.3,2026-06-28,,2026-06-28 10:25:11,OUT_OF_WINDOW,AFTER_CHECKOUT,1416.2,N
3986,100126.3,2026-06-28,,2026-06-28 12:30:15,OUT_OF_WINDOW,AFTER_CHECKOUT,1541.3,N
3987,100011.3,2026-06-28,,2026-06-28 13:01:01,OUT_OF_WINDOW,AFTER_CUTOFF,1381,N
3990,100126.3,2026-06-28,,2026-06-28 14:34:15,OUT_OF_WINDOW,AFTER_CHECKOUT,1665.3,N
3991,100046.3,2026-06-28,,2026-06-28 14:38:33,OUT_OF_WINDOW,AFTER_CUTOFF,1478.6,N
3992,100011.3,2026-06-28,,2026-06-28 15:02:15,OUT_OF_WINDOW,AFTER_CUTOFF,1502.3,N
3995,100091.3,2026-06-28,,2026-06-28 12:19:55,OUT_OF_WINDOW,NO_CHECKIN,,N
3997,100091.3,2026-06-28,,2026-06-28 14:20:39,OUT_OF_WINDOW,NO_CHECKIN,,N
4000,100091.3,2026-06-28,,2026-06-28 16:20:58,OUT_OF_WINDOW,NO_CHECKIN,,N
4003,100126.3,2026-06-28,,2026-06-28 16:34:34,OUT_OF_WINDOW,AFTER_CHECKOUT,1785.6,N
4004,100046.3,2026-06-28,,2026-06-28 16:39:28,OUT_OF_WINDOW,AFTER_CUTOFF,1599.5,N
4006,100133.3,2026-06-28,,2026-06-28 16:51:43,OUT_OF_WINDOW,AFTER_CHECKOUT,6.7,N
4009,100011.3,2026-06-28,,2026-06-28 17:03:21,OUT_OF_WINDOW,AFTER_CUTOFF,1623.4,N
4015,100126.3,2026-06-28,,2026-06-28 18:40:47,OUT_OF_WINDOW,AFTER_CHECKOUT,1911.8,N
4016,100046.3,2026-06-28,,2026-06-28 18:41:59,OUT_OF_WINDOW,AFTER_CUTOFF,1722,N
4017,100055.3,2026-06-28,,2026-06-28 16:46:42,OUT_OF_WINDOW,NO_CHECKIN,,N
4019,100055.3,2026-06-28,,2026-06-28 18:48:01,OUT_OF_WINDOW,NO_CHECKIN,,N
4021,100011.3,2026-06-29,,2026-06-28 19:18:12,OUT_OF_WINDOW,BEFORE_CHECKIN,624.8,N
4024,100046.3,2026-06-29,,2026-06-28 20:43:46,OUT_OF_WINDOW,BEFORE_CHECKIN,568.2,N
4025,100126.3,2026-06-29,,2026-06-28 20:45:05,OUT_OF_WINDOW,BEFORE_CHECKIN,555.9,N
4026,100011.3,2026-06-29,,2026-06-28 21:31:24,OUT_OF_WINDOW,BEFORE_CHECKIN,491.6,N
4027,100011.3,2026-06-29,,2026-06-28 23:33:36,OUT_OF_WINDOW,BEFORE_CHECKIN,369.4,N
4028,100046.3,2026-06-29,,2026-06-29 00:11:24,OUT_OF_WINDOW,BEFORE_CHECKIN,360.6,N
4029,100057.3,2026-06-29,,2026-06-29 01:39:32,OUT_OF_WINDOW,BEFORE_CHECKIN,67.5,N
4030,100011.3,2026-06-29,,2026-06-29 01:41:22,OUT_OF_WINDOW,BEFORE_CHECKIN,241.6,N
4031,100073.3,2026-06-23,,2026-06-23 02:20:32,OUT_OF_WINDOW,AFTER_CHECKOUT,795.5,N
4034,100133.3,2026-06-29,,2026-06-29 02:04:36,OUT_OF_WINDOW,BEFORE_CHECKIN,459.4,N
4036,100046.3,2026-06-29,,2026-06-29 02:11:26,OUT_OF_WINDOW,BEFORE_CHECKIN,240.6,N
4056,100058.3,2026-06-29,,2026-06-29 03:24:35,OUT_OF_WINDOW,BEFORE_CHECKIN,78.4,N
4058,100011.3,2026-06-29,,2026-06-29 03:45:54,OUT_OF_WINDOW,BEFORE_CHECKIN,117.1,N
4071,100107.3,2026-06-29,,2026-06-29 04:25:59,OUT_OF_WINDOW,BEFORE_CHECKIN,740,N
4075,100055.3,2026-06-29,,2026-06-28 21:36:23,OUT_OF_WINDOW,BEFORE_CHECKIN,423.6,N
4077,100055.3,2026-06-29,,2026-06-28 23:46:05,OUT_OF_WINDOW,BEFORE_CHECKIN,293.9,N
4080,100055.3,2026-06-29,,2026-06-29 01:46:59,OUT_OF_WINDOW,BEFORE_CHECKIN,173,N
4084,100055.3,2026-06-29,,2026-06-29 03:47:07,OUT_OF_WINDOW,BEFORE_CHECKIN,52.9,N
4089,100124.3,2026-06-29,,2026-06-29 04:47:13,OUT_OF_WINDOW,BEFORE_CHECKIN,433.8,N
4095,100046.3,2026-06-29,,2026-06-29 04:55:04,OUT_OF_WINDOW,BEFORE_CHECKIN,76.9,N
4142,100126.3,2026-06-29,,2026-06-29 02:04:13,OUT_OF_WINDOW,BEFORE_CHECKIN,236.8,N
4144,100126.3,2026-06-29,,2026-06-29 04:07:22,OUT_OF_WINDOW,BEFORE_CHECKIN,113.6,N
4145,100126.3,2026-06-29,,2026-06-29 02:04:13,OUT_OF_WINDOW,BEFORE_CHECKIN,236.8,N
4147,100126.3,2026-06-29,,2026-06-29 04:07:22,OUT_OF_WINDOW,BEFORE_CHECKIN,113.6,N
4148,100126.3,2026-06-29,,2026-06-29 02:04:13,OUT_OF_WINDOW,BEFORE_CHECKIN,236.8,N
4150,100126.3,2026-06-29,,2026-06-29 04:07:22,OUT_OF_WINDOW,BEFORE_CHECKIN,113.6,N
4169,100009.3,2026-06-29,,2026-06-29 06:55:01,OUT_OF_WINDOW,NO_CHECKIN,,N
4170,100009.3,2026-06-29,,2026-06-29 06:56:22,OUT_OF_WINDOW,NO_CHECKIN,,N
4184,100009.3,2026-06-29,,2026-06-29 07:41:38,OUT_OF_WINDOW,NO_CHECKIN,,N
4189,100001.1,2026-06-29,,2026-06-29 08:06:00,OUT_OF_WINDOW,AFTER_CHECKOUT,220,N
4205,100009.3,2026-06-29,,2026-06-29 09:43:54,OUT_OF_WINDOW,NO_CHECKIN,,N
4206,100009.3,2026-06-29,,2026-06-29 09:43:54,OUT_OF_WINDOW,NO_CHECKIN,,N
4209,100091.3,2026-06-28,,2026-06-28 18:32:02,OUT_OF_WINDOW,NO_CHECKIN,,N
4211,100091.3,2026-06-29,,2026-06-29 05:56:56,OUT_OF_WINDOW,NO_CHECKIN,,N
4214,100091.3,2026-06-29,,2026-06-29 08:13:54,OUT_OF_WINDOW,NO_CHECKIN,,N
4218,100091.3,2026-06-29,,2026-06-29 10:14:13,OUT_OF_WINDOW,NO_CHECKIN,,N
4222,100019.3,2026-06-16,,2026-06-16 10:57:08,OUT_OF_WINDOW,NO_CHECKIN,,N
4223,100019.3,2026-06-29,,2026-06-29 10:48:45,OUT_OF_WINDOW,BEFORE_CHECKIN,3.3,N
4224,100019.3,2026-06-16,,2026-06-16 10:57:08,OUT_OF_WINDOW,NO_CHECKIN,,N
4244,100009.3,2026-06-29,,2026-06-29 13:11:03,OUT_OF_WINDOW,NO_CHECKIN,,N
4256,100062.3,2026-06-27,,2026-06-27 14:44:37,OUT_OF_WINDOW,AFTER_CHECKOUT,5.6,N
4258,100072.3,2026-06-29,,2026-06-29 14:19:17,OUT_OF_WINDOW,AFTER_CHECKOUT,5.3,N
4262,100062.3,2026-06-29,,2026-06-29 14:33:29,OUT_OF_WINDOW,AFTER_CHECKOUT,5.5,N
4263,100046.3,2026-06-29,,2026-06-29 14:37:12,OUT_OF_WINDOW,AFTER_CUTOFF,37.2,N
4267,100063.3,2026-06-21,,2026-06-21 15:19:01,OUT_OF_WINDOW,AFTER_CUTOFF,1519,N
4268,100063.3,2026-06-21,,2026-06-21 15:19:01,OUT_OF_WINDOW,AFTER_CUTOFF,1519,N
4270,100063.3,2026-06-29,,2026-06-29 15:01:31,OUT_OF_WINDOW,AFTER_CHECKOUT,17.5,N
4280,100655.1,2026-06-29,,2026-06-29 16:17:56,OUT_OF_WINDOW,AFTER_CUTOFF,77.9,N
4282,100100.3,2026-06-29,,2026-06-29 16:27:21,OUT_OF_WINDOW,AFTER_CUTOFF,374.4,N
4283,100091.3,2026-06-29,,2026-06-29 12:19:27,OUT_OF_WINDOW,NO_CHECKIN,,N
4285,100091.3,2026-06-29,,2026-06-29 14:26:47,OUT_OF_WINDOW,NO_CHECKIN,,N
4288,100091.3,2026-06-29,,2026-06-29 16:30:13,OUT_OF_WINDOW,NO_CHECKIN,,N
4289,100110.3,2026-06-29,,2026-06-29 16:30:55,OUT_OF_WINDOW,AFTER_CUTOFF,120.9,N
4291,100046.3,2026-06-29,,2026-06-29 16:44:24,OUT_OF_WINDOW,AFTER_CUTOFF,164.4,N
4292,100107.3,2026-06-29,,2026-06-29 16:45:33,OUT_OF_WINDOW,BEFORE_CHECKIN,0.5,N
4293,100107.3,2026-06-29,,2026-06-29 16:46:17,OUT_OF_WINDOW,AFTER_CUTOFF,136.3,N
4302,100091.3,2026-06-29,,2026-06-29 18:30:23,OUT_OF_WINDOW,NO_CHECKIN,,N
4305,100652.1,2026-06-29,,2026-06-29 18:41:00,OUT_OF_WINDOW,AFTER_CUTOFF,221,N
4306,100046.3,2026-06-30,,2026-06-29 19:14:41,OUT_OF_WINDOW,AFTER_CUTOFF,314.7,N
4311,100107.3,2026-06-30,,2026-06-29 20:20:38,OUT_OF_WINDOW,BEFORE_CHECKIN,44.4,N
4313,100046.3,2026-06-30,,2026-06-29 21:16:00,OUT_OF_WINDOW,AFTER_CUTOFF,436,N
4319,100100.3,2026-06-30,,2026-06-30 02:12:24,OUT_OF_WINDOW,BEFORE_CHECKIN,833.6,N
4322,100100.3,2026-06-30,,2026-06-30 02:44:12,OUT_OF_WINDOW,BEFORE_CHECKIN,801.8,N
4327,100002.1,2026-06-30,,2026-06-30 04:54:57,OUT_OF_WINDOW,AFTER_CHECKOUT,1187,N
4336,100009.3,2026-06-30,,2026-06-30 03:08:39,OUT_OF_WINDOW,BEFORE_CHECKIN,112.4,N
4338,100008.3,2026-06-30,,2026-06-30 05:01:56,OUT_OF_WINDOW,BEFORE_CHECKIN,5.1,N
4353,100046.3,2026-06-30,,2026-06-30 03:11:58,OUT_OF_WINDOW,AFTER_CUTOFF,792,N
4355,100046.3,2026-06-30,,2026-06-30 05:12:17,OUT_OF_WINDOW,AFTER_CUTOFF,912.3,N
4374,100126.3,2026-06-29,,2026-06-29 13:49:11,OUT_OF_WINDOW,AFTER_CHECKOUT,150.2,N
4383,100055.3,2026-06-30,2026-06-29,2026-06-29 19:25:31,,,,
4386,100055.3,2026-06-30,,2026-06-29 22:58:21,OUT_OF_WINDOW,AFTER_CUTOFF,208.4,N
4390,100055.3,2026-06-30,,2026-06-30 03:39:16,OUT_OF_WINDOW,BEFORE_CHECKIN,157.7,N
4395,100055.3,2026-06-30,,2026-06-30 05:40:24,OUT_OF_WINDOW,BEFORE_CHECKIN,36.6,N
4414,100024.3,2026-06-30,,2026-06-30 04:19:21,OUT_OF_WINDOW,AFTER_CHECKOUT,602.4,N
4426,100046.3,2026-06-30,,2026-06-30 07:15:42,OUT_OF_WINDOW,AFTER_CUTOFF,1035.7,N
4444,100046.3,2026-06-30,,2026-06-30 09:17:24,OUT_OF_WINDOW,AFTER_CUTOFF,1157.4,N
4464,100046.3,2026-06-30,,2026-06-30 11:24:42,OUT_OF_WINDOW,AFTER_CUTOFF,1284.7,N
4477,100046.3,2026-06-30,,2026-06-30 13:25:57,OUT_OF_WINDOW,AFTER_CUTOFF,1406,N
4489,100094.3,2026-06-30,,2026-06-30 14:09:37,OUT_OF_WINDOW,AFTER_CUTOFF,9.6,N
4490,100089.3,2026-06-30,,2026-06-30 14:10:03,OUT_OF_WINDOW,AFTER_CUTOFF,10.1,N
4491,100089.3,2026-06-30,,2026-06-30 14:10:03,OUT_OF_WINDOW,AFTER_CUTOFF,10.1,N
4507,100023.3,2026-06-30,,2026-06-30 04:25:20,OUT_OF_WINDOW,BEFORE_CHECKIN,633.7,N
4509,100023.3,2026-06-30,,2026-06-30 06:28:06,OUT_OF_WINDOW,BEFORE_CHECKIN,510.9,N
4510,100023.3,2026-06-30,,2026-06-30 14:59:37,OUT_OF_WINDOW,AFTER_CUTOFF,59.6,N
4511,100023.3,2026-06-30,,2026-06-30 14:59:47,OUT_OF_WINDOW,AFTER_CUTOFF,59.8,N
4512,100069.3,2026-06-30,,2026-06-30 15:06:32,OUT_OF_WINDOW,AFTER_CUTOFF,66.5,N
4513,100046.3,2026-06-30,,2026-06-30 15:31:38,OUT_OF_WINDOW,AFTER_CUTOFF,1531.6,N
4516,100097.3,2026-06-30,,2026-06-30 15:59:13,OUT_OF_WINDOW,AFTER_CUTOFF,119.2,N
4517,100655.1,2026-06-30,,2026-06-30 16:00:29,OUT_OF_WINDOW,AFTER_CUTOFF,60.5,N
4518,100084.3,2026-06-30,,2026-06-30 16:05:01,OUT_OF_WINDOW,AFTER_CUTOFF,125,N
4519,100656.1,2026-06-30,,2026-06-30 16:05:32,OUT_OF_WINDOW,AFTER_CUTOFF,65.5,N
4520,100096.3,2026-06-30,,2026-06-30 16:06:08,OUT_OF_WINDOW,AFTER_CUTOFF,126.1,N
4521,100100.3,2026-06-30,,2026-06-30 16:06:12,OUT_OF_WINDOW,AFTER_CUTOFF,96.2,N
4522,100011.3,2026-06-30,,2026-06-30 16:10:04,OUT_OF_WINDOW,AFTER_CUTOFF,130.1,N
4524,100650.1,2026-06-30,,2026-06-30 16:14:16,OUT_OF_WINDOW,AFTER_CUTOFF,74.3,N
4525,100097.3,2026-06-30,,2026-06-30 16:18:28,OUT_OF_WINDOW,AFTER_CUTOFF,138.5,N
4526,100083.3,2026-06-30,,2026-06-30 16:21:01,OUT_OF_WINDOW,AFTER_CUTOFF,141,N
4527,100022.2,2026-06-30,,2026-06-30 16:27:22,OUT_OF_WINDOW,AFTER_CUTOFF,27.4,N
4532,100054.3,2026-06-30,,2026-06-30 04:34:40,OUT_OF_WINDOW,AFTER_CUTOFF,544.7,N
4535,100054.3,2026-06-30,,2026-06-30 04:34:40,OUT_OF_WINDOW,AFTER_CUTOFF,544.7,N
4541,100100.3,2026-06-30,,2026-06-30 17:04:42,OUT_OF_WINDOW,AFTER_CUTOFF,154.7,N
4542,100023.2,2026-06-30,,2026-06-30 17:05:26,OUT_OF_WINDOW,AFTER_CUTOFF,65.4,N
4543,100110.3,2026-06-30,,2026-06-30 17:07:24,OUT_OF_WINDOW,AFTER_CUTOFF,157.4,N
4545,100003.2,2026-06-30,,2026-06-30 17:41:00,OUT_OF_WINDOW,AFTER_CUTOFF,101,N
4548,100046.3,2026-06-30,,2026-06-30 17:49:17,OUT_OF_WINDOW,AFTER_CUTOFF,1669.3,N
4549,100011.3,2026-06-30,,2026-06-30 18:10:25,OUT_OF_WINDOW,AFTER_CUTOFF,250.4,N
4550,100088.3,2026-06-30,,2026-06-30 18:11:18,OUT_OF_WINDOW,AFTER_CUTOFF,251.3,N
4554,100067.2,2026-06-30,,2026-06-30 18:36:58,OUT_OF_WINDOW,AFTER_CUTOFF,157,N
4555,100079.3,2026-06-30,,2026-06-30 18:36:59,OUT_OF_WINDOW,AFTER_CUTOFF,277,N
4556,100097.3,2026-06-30,,2026-06-30 18:38:33,OUT_OF_WINDOW,AFTER_CUTOFF,278.6,N
4557,100080.3,2026-06-30,,2026-06-30 18:38:54,OUT_OF_WINDOW,AFTER_CUTOFF,278.9,N
4562,100011.3,2026-07-01,,2026-06-30 20:10:39,OUT_OF_WINDOW,AFTER_CUTOFF,370.7,N
4563,100024.3,2026-07-01,,2026-06-30 19:24:37,OUT_OF_WINDOW,BEFORE_CHECKIN,702.4,N
4565,100046.3,2026-07-01,,2026-06-30 20:06:13,OUT_OF_WINDOW,BEFORE_CHECKIN,695.8,N
4567,100046.3,2026-07-01,,2026-06-30 22:08:23,OUT_OF_WINDOW,BEFORE_CHECKIN,573.6,N
4568,100097.3,2026-07-01,,2026-06-30 20:53:35,OUT_OF_WINDOW,AFTER_CUTOFF,413.6,N
4569,100097.3,2026-07-01,,2026-06-30 23:18:35,OUT_OF_WINDOW,BEFORE_CHECKIN,274.4,N
4570,100046.3,2026-07-01,,2026-07-01 00:09:42,OUT_OF_WINDOW,BEFORE_CHECKIN,452.3,N
4571,100011.3,2026-07-01,,2026-06-30 22:10:49,OUT_OF_WINDOW,BEFORE_CHECKIN,480.2,N
4573,100011.3,2026-07-01,,2026-07-01 00:13:06,OUT_OF_WINDOW,BEFORE_CHECKIN,357.9,N
4574,100097.3,2026-07-01,,2026-07-01 01:18:38,OUT_OF_WINDOW,BEFORE_CHECKIN,154.4,N
4580,100046.3,2026-07-01,,2026-07-01 02:10:59,OUT_OF_WINDOW,BEFORE_CHECKIN,331,N
4583,100011.3,2026-07-01,,2026-07-01 02:13:46,OUT_OF_WINDOW,BEFORE_CHECKIN,237.2,N
4596,100080.3,2026-06-29,,2026-06-29 18:46:44,OUT_OF_WINDOW,AFTER_CHECKOUT,5.7,N
4598,100080.3,2026-06-30,,2026-06-30 03:56:36,OUT_OF_WINDOW,AFTER_CHECKOUT,555.6,N
4601,100080.3,2026-06-30,,2026-06-30 06:02:56,OUT_OF_WINDOW,AFTER_CHECKOUT,681.9,N
4605,100080.3,2026-06-30,,2026-06-30 11:32:38,OUT_OF_WINDOW,BEFORE_CHECKIN,425.4,N
4610,100080.3,2026-06-30,,2026-06-30 13:39:31,OUT_OF_WINDOW,BEFORE_CHECKIN,298.5,N
4616,100080.3,2026-06-30,,2026-06-30 15:57:46,OUT_OF_WINDOW,BEFORE_CHECKIN,160.2,N
4623,100080.3,2026-06-30,,2026-06-30 18:11:39,OUT_OF_WINDOW,BEFORE_CHECKIN,26.4,N
4626,100097.3,2026-07-01,,2026-07-01 03:38:39,OUT_OF_WINDOW,BEFORE_CHECKIN,14.4,N
4644,100046.3,2026-07-01,,2026-07-01 04:14:37,OUT_OF_WINDOW,BEFORE_CHECKIN,207.4,N
4674,100011.3,2026-07-01,,2026-07-01 05:08:14,OUT_OF_WINDOW,BEFORE_CHECKIN,62.8,N
4741,100046.3,2026-07-01,,2026-07-01 06:28:24,OUT_OF_WINDOW,BEFORE_CHECKIN,73.6,N
4745,100002.1,2026-07-01,,2026-07-01 14:00:00,OUT_OF_WINDOW,NO_CHECKIN,,N
4767,100047.3,2026-07-01,,2026-07-01 09:56:35,OUT_OF_WINDOW,NO_CHECKIN,,N
4803,100062.3,2026-06-30,,2026-06-30 14:41:26,OUT_OF_WINDOW,AFTER_CHECKOUT,5.4,N
4807,100062.3,2026-07-01,,2026-07-01 14:28:21,OUT_OF_WINDOW,AFTER_CHECKOUT,5.4,N
4812,100063.3,2026-07-01,,2026-07-01 14:48:14,OUT_OF_WINDOW,AFTER_CHECKOUT,6.2,N
4814,100064.3,2026-07-01,,2026-07-01 15:00:38,OUT_OF_WINDOW,AFTER_CHECKOUT,137.6,N
4815,100091.3,2026-07-01,,2026-07-01 15:02:21,OUT_OF_WINDOW,AFTER_CUTOFF,62.4,N
4821,100080.3,2026-07-01,,2026-07-01 14:28:46,OUT_OF_WINDOW,AFTER_CUTOFF,28.8,N
4826,100047.3,2026-07-01,,2026-07-01 16:06:18,OUT_OF_WINDOW,NO_CHECKIN,,N
4827,100134.3,2026-07-01,,2026-07-01 16:15:19,OUT_OF_WINDOW,AFTER_CUTOFF,105.3,N
4829,100100.3,2026-07-01,,2026-07-01 16:28:53,OUT_OF_WINDOW,AFTER_CUTOFF,118.9,N
4830,100080.3,2026-07-01,,2026-07-01 16:34:48,OUT_OF_WINDOW,AFTER_CUTOFF,154.8,N
4836,100064.3,2026-07-01,,2026-07-01 17:01:19,OUT_OF_WINDOW,AFTER_CHECKOUT,258.3,N
4845,100076.3,2026-07-01,,2026-07-01 17:51:16,OUT_OF_WINDOW,AFTER_CHECKOUT,5.3,N
4848,100046.3,2026-07-01,,2026-07-01 18:14:26,OUT_OF_WINDOW,AFTER_CUTOFF,14.4,N
4852,100064.3,2026-07-02,,2026-07-01 19:11:01,OUT_OF_WINDOW,BEFORE_CHECKIN,341,N
4853,100047.3,2026-07-01,,2026-07-01 18:07:12,OUT_OF_WINDOW,NO_CHECKIN,,N
4855,100047.3,2026-07-02,,2026-07-01 20:44:28,OUT_OF_WINDOW,BEFORE_CHECKIN,343.5,N
4856,100076.3,2026-07-02,,2026-07-01 20:47:11,OUT_OF_WINDOW,AFTER_CHECKOUT,181.2,N
4857,100046.3,2026-07-02,,2026-07-01 20:16:56,OUT_OF_WINDOW,AFTER_CUTOFF,136.9,N
4859,100046.3,2026-07-02,,2026-07-01 22:18:34,OUT_OF_WINDOW,AFTER_CUTOFF,258.6,N
4860,100047.3,2026-07-02,,2026-07-01 22:44:50,OUT_OF_WINDOW,BEFORE_CHECKIN,223.2,N
4861,100076.3,2026-07-02,,2026-07-01 23:01:57,OUT_OF_WINDOW,BEFORE_CHECKIN,146.1,N
4862,100064.3,2026-07-02,,2026-07-01 23:59:09,OUT_OF_WINDOW,BEFORE_CHECKIN,52.9,N
4863,100046.3,2026-07-02,,2026-07-02 00:18:48,OUT_OF_WINDOW,AFTER_CUTOFF,378.8,N
4864,100047.3,2026-07-02,,2026-07-02 00:51:07,OUT_OF_WINDOW,BEFORE_CHECKIN,96.9,N
4867,100076.3,2026-07-02,,2026-07-02 01:06:08,OUT_OF_WINDOW,BEFORE_CHECKIN,21.9,N
4869,100057.3,2026-07-02,,2026-07-02 01:25:40,OUT_OF_WINDOW,BEFORE_CHECKIN,46.3,N
4875,100096.3,2026-07-02,,2026-07-02 02:00:22,OUT_OF_WINDOW,BEFORE_CHECKIN,107.6,N
4879,100015.3,2026-07-02,,2026-07-02 02:26:01,OUT_OF_WINDOW,NO_CHECKIN,,N
4882,100080.3,2026-07-01,,2026-07-01 18:48:08,OUT_OF_WINDOW,AFTER_CUTOFF,288.1,N
4885,100010.3,2026-07-01,,2026-07-01 15:21:09,OUT_OF_WINDOW,AFTER_CHECKOUT,234.2,N
4886,100010.3,2026-07-02,,2026-07-02 02:49:44,OUT_OF_WINDOW,BEFORE_CHECKIN,3.3,N
4888,100068.3,2026-07-02,,2026-07-02 02:57:52,OUT_OF_WINDOW,AFTER_CHECKOUT,718.9,N
4900,100067.2,2026-07-02,,2026-07-02 03:18:46,OUT_OF_WINDOW,BEFORE_CHECKIN,2.2,N
4903,100046.3,2026-07-02,,2026-07-02 02:18:51,OUT_OF_WINDOW,AFTER_CUTOFF,498.9,N
4922,100011.3,2026-07-02,,2026-07-02 04:12:54,OUT_OF_WINDOW,AFTER_CHECKOUT,1101.9,N
4932,100046.3,2026-07-02,,2026-07-02 04:25:53,OUT_OF_WINDOW,AFTER_CUTOFF,625.9,N
4976,100011.3,2026-07-02,,2026-07-02 06:14:43,OUT_OF_WINDOW,AFTER_CHECKOUT,1223.7,N
4981,100099.3,2026-07-02,,2026-07-02 06:22:06,OUT_OF_WINDOW,NO_CHECKIN,,N
4987,100107.3,2026-07-02,,2026-07-02 07:00:13,OUT_OF_WINDOW,AFTER_CHECKOUT,877.2,N
4998,100099.3,2026-07-02,,2026-07-02 07:17:04,OUT_OF_WINDOW,NO_CHECKIN,,N
5006,100002.1,2026-07-01,,2026-07-01 09:00:00,OUT_OF_WINDOW,NO_CHECKIN,,N
5008,100002.1,2026-07-01,,2026-07-01 09:05:00,OUT_OF_WINDOW,NO_CHECKIN,,N
5024,100046.3,2026-07-02,,2026-07-02 06:25:59,OUT_OF_WINDOW,AFTER_CUTOFF,746,N
5026,100046.3,2026-07-02,,2026-07-02 08:41:47,OUT_OF_WINDOW,AFTER_CUTOFF,881.8,N
5029,100046.3,2026-07-02,,2026-07-02 10:43:24,OUT_OF_WINDOW,AFTER_CUTOFF,1003.4,N
5030,100047.3,2026-07-02,,2026-07-02 04:48:33,OUT_OF_WINDOW,AFTER_CHECKOUT,41.6,N
5032,100047.3,2026-07-02,,2026-07-02 10:57:32,OUT_OF_WINDOW,AFTER_CHECKOUT,410.5,N
5036,100126.3,2026-07-02,,2026-07-02 11:43:19,OUT_OF_WINDOW,AFTER_CHECKOUT,5.3,N
5046,100011.3,2026-07-02,,2026-07-02 08:34:13,OUT_OF_WINDOW,AFTER_CHECKOUT,1363.2,N
5048,100011.3,2026-07-02,,2026-07-02 10:39:35,OUT_OF_WINDOW,AFTER_CHECKOUT,1488.6,N
5051,100011.3,2026-07-02,,2026-07-02 12:41:32,OUT_OF_WINDOW,AFTER_CHECKOUT,1610.5,N
5052,100046.3,2026-07-02,,2026-07-02 12:44:14,OUT_OF_WINDOW,AFTER_CUTOFF,1124.2,N
5053,100047.3,2026-07-02,,2026-07-02 12:58:04,OUT_OF_WINDOW,AFTER_CHECKOUT,531.1,N
5060,100066.3,2026-07-02,,2026-07-02 13:17:58,OUT_OF_WINDOW,AFTER_CHECKOUT,8,N
5062,100064.3,2026-07-02,,2026-07-02 13:31:34,OUT_OF_WINDOW,AFTER_CHECKOUT,43.6,N
5077,100084.3,2026-07-02,,2026-07-02 16:07:13,OUT_OF_WINDOW,BEFORE_CHECKIN,10.8,N
5078,100084.3,2026-07-02,,2026-07-02 16:18:08,OUT_OF_WINDOW,AFTER_CUTOFF,138.1,N
5079,100083.3,2026-07-02,,2026-07-02 16:23:16,OUT_OF_WINDOW,AFTER_CUTOFF,143.3,N
5082,100080.3,2026-07-02,,2026-07-02 10:52:37,OUT_OF_WINDOW,AFTER_CUTOFF,1252.6,N
5084,100080.3,2026-07-02,,2026-07-02 13:02:04,OUT_OF_WINDOW,AFTER_CUTOFF,1382.1,N
5087,100080.3,2026-07-02,,2026-07-02 15:02:09,OUT_OF_WINDOW,AFTER_CUTOFF,1502.2,N
5088,100011.3,2026-07-02,,2026-07-02 14:41:59,OUT_OF_WINDOW,AFTER_CHECKOUT,1731,N
5090,100011.3,2026-07-02,,2026-07-02 16:42:38,OUT_OF_WINDOW,AFTER_CHECKOUT,1851.6,N
5091,100080.3,2026-07-02,,2026-07-02 10:52:37,OUT_OF_WINDOW,AFTER_CUTOFF,1252.6,N
5093,100080.3,2026-07-02,,2026-07-02 13:02:04,OUT_OF_WINDOW,AFTER_CUTOFF,1382.1,N
5096,100080.3,2026-07-02,,2026-07-02 15:02:09,OUT_OF_WINDOW,AFTER_CUTOFF,1502.2,N
5103,100046.3,2026-07-02,,2026-07-02 14:46:42,OUT_OF_WINDOW,AFTER_CUTOFF,1246.7,N
5105,100046.3,2026-07-02,,2026-07-02 16:55:34,OUT_OF_WINDOW,AFTER_CUTOFF,1375.6,N
5106,100101.3,2026-07-02,,2026-07-02 16:58:55,OUT_OF_WINDOW,AFTER_CUTOFF,148.9,N
5107,100080.3,2026-07-02,,2026-07-02 17:02:19,OUT_OF_WINDOW,AFTER_CUTOFF,1622.3,N
5110,100065.3,2026-07-02,,2026-07-02 17:03:39,OUT_OF_WINDOW,AFTER_CUTOFF,183.7,N
5112,100134.3,2026-07-02,,2026-07-02 17:06:50,OUT_OF_WINDOW,AFTER_CUTOFF,156.8,N
5115,100076.2,2026-07-02,,2026-07-02 17:29:05,OUT_OF_WINDOW,AFTER_CUTOFF,89.1,N
5116,100071.3,2026-07-02,,2026-07-02 17:30:46,OUT_OF_WINDOW,AFTER_CUTOFF,210.8,N
5117,100064.3,2026-07-02,,2026-07-02 15:34:42,OUT_OF_WINDOW,AFTER_CHECKOUT,166.7,N
5119,100064.3,2026-07-02,,2026-07-02 17:37:39,OUT_OF_WINDOW,AFTER_CHECKOUT,289.7,N
5619,100011.3,2026-07-02,,2026-07-02 18:47:31,OUT_OF_WINDOW,AFTER_CHECKOUT,1976.5,N
5620,100046.3,2026-07-03,,2026-07-02 19:04:51,OUT_OF_WINDOW,NO_CHECKIN,,N
5621,100047.3,2026-07-02,,2026-07-02 14:58:21,OUT_OF_WINDOW,AFTER_CHECKOUT,651.4,N
5623,100047.3,2026-07-02,,2026-07-02 17:00:56,OUT_OF_WINDOW,AFTER_CHECKOUT,773.9,N
5626,100047.3,2026-07-03,,2026-07-02 19:05:42,OUT_OF_WINDOW,BEFORE_CHECKIN,503.3,N
5628,100064.3,2026-07-03,,2026-07-02 19:38:08,OUT_OF_WINDOW,BEFORE_CHECKIN,307.9,N
5629,100055.3,2026-07-03,,2026-07-02 20:17:27,OUT_OF_WINDOW,AFTER_CUTOFF,47.5,N
5630,100057.3,2026-07-03,,2026-07-02 20:31:41,OUT_OF_WINDOW,AFTER_CUTOFF,61.7,N
5631,100011.3,2026-07-03,,2026-07-02 20:48:18,OUT_OF_WINDOW,NO_CHECKIN,,N
5632,100100.3,2026-07-03,,2026-07-02 20:50:43,OUT_OF_WINDOW,NO_CHECKIN,,N
5634,100100.3,2026-07-03,,2026-07-02 21:01:01,OUT_OF_WINDOW,NO_CHECKIN,,N
5635,100013.3,2026-07-03,,2026-07-02 21:02:32,OUT_OF_WINDOW,AFTER_CUTOFF,362.5,N
5636,100014.2,2026-07-03,,2026-07-02 21:32:35,OUT_OF_WINDOW,AFTER_CUTOFF,332.6,N
5637,100064.3,2026-07-03,,2026-07-02 21:41:25,OUT_OF_WINDOW,BEFORE_CHECKIN,184.6,N
5638,100046.3,2026-07-03,,2026-07-02 22:09:15,OUT_OF_WINDOW,NO_CHECKIN,,N
5639,100011.3,2026-07-03,,2026-07-02 22:55:02,OUT_OF_WINDOW,NO_CHECKIN,,N
5640,100013.3,2026-07-03,,2026-07-02 23:03:14,OUT_OF_WINDOW,BEFORE_CHECKIN,286.8,N
5641,100064.3,2026-07-03,,2026-07-02 23:41:57,OUT_OF_WINDOW,BEFORE_CHECKIN,64.1,N
5643,100011.3,2026-07-03,,2026-07-03 00:56:35,OUT_OF_WINDOW,NO_CHECKIN,,N
5645,100013.3,2026-07-03,,2026-07-03 01:03:22,OUT_OF_WINDOW,BEFORE_CHECKIN,166.6,N
5646,100091.3,2026-07-03,,2026-07-03 01:25:54,OUT_OF_WINDOW,BEFORE_CHECKIN,141.1,N
5650,100096.3,2026-07-03,,2026-07-03 01:59:53,OUT_OF_WINDOW,BEFORE_CHECKIN,122.1,N
5654,100046.3,2026-07-03,,2026-07-03 00:19:37,OUT_OF_WINDOW,NO_CHECKIN,,N
5656,100046.3,2026-07-03,,2026-07-03 02:20:14,OUT_OF_WINDOW,NO_CHECKIN,,N
5658,100057.3,2026-07-03,,2026-07-03 02:46:57,OUT_OF_WINDOW,BEFORE_CHECKIN,80.1,N
5661,100069.3,2026-07-02,,2026-07-02 14:52:09,OUT_OF_WINDOW,AFTER_CUTOFF,52.2,N
5667,100055.3,2026-07-03,,2026-07-02 23:25:29,OUT_OF_WINDOW,BEFORE_CHECKIN,221.5,N
5669,100055.3,2026-07-03,,2026-07-03 01:25:34,OUT_OF_WINDOW,BEFORE_CHECKIN,101.4,N
5711,100011.3,2026-07-03,,2026-07-03 04:23:16,OUT_OF_WINDOW,NO_CHECKIN,,N
5715,100132.3,2026-07-03,,2026-07-03 04:26:31,OUT_OF_WINDOW,AFTER_CHECKOUT,690.5,N
5717,100100.3,2026-07-03,,2026-07-03 04:33:01,OUT_OF_WINDOW,NO_CHECKIN,,N
5725,100076.3,2026-07-02,,2026-07-02 15:03:40,OUT_OF_WINDOW,AFTER_CUTOFF,63.7,N
5730,100065.3,2026-07-02,,2026-07-02 15:02:00,OUT_OF_WINDOW,AFTER_CUTOFF,62,N
5732,100065.3,2026-07-03,,2026-07-03 04:42:15,OUT_OF_WINDOW,AFTER_CUTOFF,882.3,N
5734,100046.3,2026-07-03,,2026-07-03 04:43:57,OUT_OF_WINDOW,NO_CHECKIN,,N
5779,100002.1,2026-07-03,,2026-07-03 05:56:00,OUT_OF_WINDOW,BEFORE_CHECKIN,71,N
5787,100028.3,2026-07-03,,2026-07-03 06:21:41,OUT_OF_WINDOW,BEFORE_CHECKIN,111.3,N
5791,100011.3,2026-07-03,,2026-07-03 06:29:57,OUT_OF_WINDOW,NO_CHECKIN,,N
5801,100002.1,2026-07-03,,2026-07-03 07:01:20,OUT_OF_WINDOW,BEFORE_CHECKIN,5.7,N
5810,100011.3,2026-07-03,,2026-07-03 07:22:20,OUT_OF_WINDOW,NO_CHECKIN,,N
5978,100011.3,2026-07-03,,2026-07-03 09:23:23,OUT_OF_WINDOW,NO_CHECKIN,,N
5995,100024.3,2026-07-02,,2026-07-02 16:16:38,OUT_OF_WINDOW,AFTER_CUTOFF,136.6,N
6004,100011.3,2026-07-03,,2026-07-03 11:24:08,OUT_OF_WINDOW,NO_CHECKIN,,N
6005,100660.1,2026-07-03,,2026-07-03 11:24:27,OUT_OF_WINDOW,AFTER_CHECKOUT,262.5,N
6012,100126.3,2026-07-03,,2026-07-03 12:22:24,OUT_OF_WINDOW,AFTER_CHECKOUT,8.4,N
6019,100011.3,2026-07-03,,2026-07-03 13:24:53,OUT_OF_WINDOW,NO_CHECKIN,,N
6039,100046.3,2026-07-03,,2026-07-03 08:30:39,OUT_OF_WINDOW,NO_CHECKIN,,N
6041,100046.3,2026-07-03,,2026-07-03 10:36:07,OUT_OF_WINDOW,NO_CHECKIN,,N
6044,100046.3,2026-07-03,,2026-07-03 12:36:32,OUT_OF_WINDOW,NO_CHECKIN,,N
6048,100046.3,2026-07-03,,2026-07-03 14:59:33,OUT_OF_WINDOW,NO_CHECKIN,,N
6049,100081.3,2026-07-03,,2026-07-03 15:07:20,OUT_OF_WINDOW,AFTER_CUTOFF,67.3,N
6050,100064.3,2026-07-03,,2026-07-03 13:12:20,OUT_OF_WINDOW,AFTER_CHECKOUT,19.3,N
6052,100064.3,2026-07-03,,2026-07-03 15:22:36,OUT_OF_WINDOW,AFTER_CHECKOUT,149.6,N
6054,100011.3,2026-07-03,,2026-07-03 15:29:52,OUT_OF_WINDOW,NO_CHECKIN,,N
6055,100089.3,2026-07-03,,2026-07-03 15:39:53,OUT_OF_WINDOW,AFTER_CHECKOUT,90.9,N
6065,100046.3,2026-07-03,,2026-07-03 17:17:20,OUT_OF_WINDOW,NO_CHECKIN,,N
6066,100076.2,2026-07-03,,2026-07-03 17:28:50,OUT_OF_WINDOW,AFTER_CUTOFF,88.8,N
6067,100064.3,2026-07-03,,2026-07-03 17:30:43,OUT_OF_WINDOW,AFTER_CHECKOUT,277.7,N
6068,100011.3,2026-07-03,,2026-07-03 17:30:51,OUT_OF_WINDOW,NO_CHECKIN,,N
6074,100024.3,2026-07-04,,2026-07-03 19:15:05,OUT_OF_WINDOW,AFTER_CUTOFF,315.1,N
6075,100140.3,2026-07-04,,2026-07-03 19:22:17,OUT_OF_WINDOW,AFTER_CUTOFF,322.3,N
6076,100064.3,2026-07-04,,2026-07-03 19:40:03,OUT_OF_WINDOW,BEFORE_CHECKIN,305,N
6077,100011.3,2026-07-04,,2026-07-03 19:47:28,OUT_OF_WINDOW,BEFORE_CHECKIN,572.5,N
6078,100047.3,2026-07-04,,2026-07-03 20:39:00,OUT_OF_WINDOW,BEFORE_CHECKIN,384,N
6079,100064.3,2026-07-04,,2026-07-03 21:40:14,OUT_OF_WINDOW,BEFORE_CHECKIN,184.8,N
6080,100011.3,2026-07-04,,2026-07-03 21:59:19,OUT_OF_WINDOW,BEFORE_CHECKIN,440.7,N
6081,100064.3,2026-07-04,,2026-07-03 23:40:15,OUT_OF_WINDOW,BEFORE_CHECKIN,64.8,N
6082,100011.3,2026-07-04,,2026-07-04 00:01:50,OUT_OF_WINDOW,BEFORE_CHECKIN,318.2,N
6088,100091.3,2026-07-04,,2026-07-04 02:01:44,OUT_OF_WINDOW,BEFORE_CHECKIN,101.3,N
6091,100011.3,2026-07-04,,2026-07-04 02:04:46,OUT_OF_WINDOW,BEFORE_CHECKIN,195.2,N
6099,100072.3,2026-07-05,,2026-07-05 03:02:51,OUT_OF_WINDOW,AFTER_CHECKOUT,774.9,N
6102,100048.3,2026-07-04,,2026-07-03 19:32:08,OUT_OF_WINDOW,NO_CHECKIN,,N
6103,100048.3,2026-07-04,,2026-07-04 03:06:25,OUT_OF_WINDOW,NO_CHECKIN,,N
6111,100096.3,2026-07-03,,2026-07-03 16:55:41,OUT_OF_WINDOW,AFTER_CHECKOUT,5.7,N
6112,100096.3,2026-07-04,,2026-07-04 03:32:01,OUT_OF_WINDOW,AFTER_CHECKOUT,642,N
6117,100046.3,2026-07-04,,2026-07-03 19:26:08,OUT_OF_WINDOW,NO_CHECKIN,,N
6119,100046.3,2026-07-04,,2026-07-03 23:13:58,OUT_OF_WINDOW,NO_CHECKIN,,N
6122,100046.3,2026-07-04,,2026-07-04 01:34:35,OUT_OF_WINDOW,NO_CHECKIN,,N
6126,100046.3,2026-07-04,,2026-07-04 03:39:31,OUT_OF_WINDOW,NO_CHECKIN,,N
6130,100126.3,2026-07-03,,2026-07-03 14:23:03,OUT_OF_WINDOW,AFTER_CHECKOUT,129.1,N
6142,100011.3,2026-07-04,,2026-07-04 04:06:35,OUT_OF_WINDOW,BEFORE_CHECKIN,73.4,N
6145,100065.3,2026-07-04,,2026-07-04 04:13:31,OUT_OF_WINDOW,BEFORE_CHECKIN,21.5,N
6150,100062.3,2026-07-03,,2026-07-03 14:41:52,OUT_OF_WINDOW,AFTER_CHECKOUT,5.9,N
6155,100099.3,2026-07-04,,2026-07-04 04:43:53,OUT_OF_WINDOW,NO_CHECKIN,,N
6173,100048.3,2026-07-04,,2026-07-04 05:09:27,OUT_OF_WINDOW,NO_CHECKIN,,N
6187,100015.3,2026-07-04,,2026-07-04 05:24:45,OUT_OF_WINDOW,NO_CHECKIN,,N
6218,100028.3,2026-07-04,,2026-07-04 07:15:46,OUT_OF_WINDOW,BEFORE_CHECKIN,59.2,N
6266,100046.3,2026-07-04,,2026-07-04 05:51:29,OUT_OF_WINDOW,NO_CHECKIN,,N
6268,100046.3,2026-07-04,,2026-07-04 08:00:01,OUT_OF_WINDOW,NO_CHECKIN,,N
6271,100046.3,2026-07-04,,2026-07-04 10:07:53,OUT_OF_WINDOW,NO_CHECKIN,,N
6289,100064.3,2026-07-04,,2026-07-04 13:19:40,OUT_OF_WINDOW,AFTER_CHECKOUT,30.7,N
6292,100126.3,2026-07-04,,2026-07-04 11:40:07,OUT_OF_WINDOW,AFTER_CHECKOUT,23.1,N
6294,100126.3,2026-07-04,,2026-07-04 13:41:17,OUT_OF_WINDOW,AFTER_CHECKOUT,144.3,N
6295,100064.3,2026-07-04,,2026-07-04 13:41:20,OUT_OF_WINDOW,AFTER_CHECKOUT,52.3,N
6301,100080.3,2026-07-04,,2026-07-04 14:04:47,OUT_OF_WINDOW,AFTER_CUTOFF,4.8,N
6304,100046.3,2026-07-04,,2026-07-04 14:11:43,OUT_OF_WINDOW,NO_CHECKIN,,N
6323,100096.3,2026-07-04,,2026-07-04 15:05:28,OUT_OF_WINDOW,BEFORE_CHECKIN,72.5,N
6324,100011.3,2026-07-04,,2026-07-04 15:39:14,OUT_OF_WINDOW,AFTER_CUTOFF,39.2,N
6326,100064.3,2026-07-04,,2026-07-04 15:41:24,OUT_OF_WINDOW,AFTER_CHECKOUT,172.4,N
6327,100126.3,2026-07-04,,2026-07-04 15:41:37,OUT_OF_WINDOW,AFTER_CHECKOUT,264.6,N
6332,100083.3,2026-07-04,,2026-07-04 16:11:16,OUT_OF_WINDOW,NO_CHECKIN,,N
6333,100046.3,2026-07-04,,2026-07-04 16:11:57,OUT_OF_WINDOW,NO_CHECKIN,,N
6335,100096.3,2026-07-04,,2026-07-04 16:18:27,OUT_OF_WINDOW,AFTER_CUTOFF,138.5,N
6342,100007.2,2026-07-04,,2026-07-04 17:26:34,OUT_OF_WINDOW,AFTER_CUTOFF,86.6,N
6344,100064.3,2026-07-04,,2026-07-04 17:44:49,OUT_OF_WINDOW,AFTER_CHECKOUT,295.8,N
6346,100046.3,2026-07-04,,2026-07-04 18:13:10,OUT_OF_WINDOW,NO_CHECKIN,,N
6347,100047.3,2026-07-04,,2026-07-04 18:14:29,OUT_OF_WINDOW,AFTER_CUTOFF,14.5,N
6348,100132.3,2026-07-04,,2026-07-04 18:24:01,OUT_OF_WINDOW,AFTER_CUTOFF,234,N
6350,100064.3,2026-07-05,,2026-07-04 19:44:52,OUT_OF_WINDOW,AFTER_CHECKOUT,415.9,N
6351,100011.3,2026-07-04,,2026-07-04 17:50:24,OUT_OF_WINDOW,AFTER_CUTOFF,170.4,N
6353,100011.3,2026-07-05,,2026-07-04 20:02:49,OUT_OF_WINDOW,AFTER_CUTOFF,302.8,N
6354,100047.3,2026-07-05,,2026-07-04 20:16:14,OUT_OF_WINDOW,AFTER_CUTOFF,136.2,N
6355,100064.3,2026-07-05,,2026-07-04 21:45:27,OUT_OF_WINDOW,AFTER_CHECKOUT,536.5,N
6356,100047.3,2026-07-05,,2026-07-04 22:16:21,OUT_OF_WINDOW,AFTER_CUTOFF,256.4,N
6357,100013.2,2026-07-05,,2026-07-04 22:17:12,OUT_OF_WINDOW,AFTER_CUTOFF,377.2,N
6358,100011.3,2026-07-05,,2026-07-04 22:47:39,OUT_OF_WINDOW,AFTER_CUTOFF,467.7,N
6359,100046.3,2026-07-05,,2026-07-04 20:19:42,OUT_OF_WINDOW,NO_CHECKIN,,N
6361,100046.3,2026-07-05,,2026-07-04 23:15:58,OUT_OF_WINDOW,NO_CHECKIN,,N
6362,100064.3,2026-07-05,,2026-07-04 23:45:29,OUT_OF_WINDOW,AFTER_CHECKOUT,656.5,N
6363,100047.3,2026-07-05,,2026-07-05 00:16:53,OUT_OF_WINDOW,AFTER_CUTOFF,376.9,N
6364,100011.3,2026-07-05,,2026-07-05 00:48:40,OUT_OF_WINDOW,AFTER_CUTOFF,588.7,N
6366,100046.3,2026-07-05,,2026-07-05 01:17:32,OUT_OF_WINDOW,NO_CHECKIN,,N
6367,100064.3,2026-07-05,,2026-07-05 01:45:30,OUT_OF_WINDOW,AFTER_CHECKOUT,776.5,N
6370,100047.3,2026-07-05,,2026-07-05 02:16:56,OUT_OF_WINDOW,AFTER_CUTOFF,496.9,N
6372,100063.3,2026-07-05,,2026-07-05 03:04:08,OUT_OF_WINDOW,AFTER_CUTOFF,784.1,N
6375,100096.3,2026-07-05,,2026-07-05 03:35:50,OUT_OF_WINDOW,BEFORE_CHECKIN,770.2,N
6377,100046.3,2026-07-05,,2026-07-05 03:36:52,OUT_OF_WINDOW,NO_CHECKIN,,N
6382,100064.3,2026-07-05,,2026-07-05 03:46:01,OUT_OF_WINDOW,AFTER_CHECKOUT,897,N
6387,100011.3,2026-07-05,,2026-07-05 04:16:00,OUT_OF_WINDOW,AFTER_CUTOFF,796,N
6389,100080.3,2026-07-05,,2026-07-04 19:03:57,OUT_OF_WINDOW,AFTER_CUTOFF,304,N
6391,100047.3,2026-07-05,,2026-07-05 04:21:10,OUT_OF_WINDOW,AFTER_CUTOFF,621.2,N
6400,100046.3,2026-07-05,,2026-07-05 05:37:02,OUT_OF_WINDOW,NO_CHECKIN,,N
6403,100064.3,2026-07-05,,2026-07-05 05:53:53,OUT_OF_WINDOW,AFTER_CHECKOUT,1024.9,N
6404,100011.3,2026-07-05,,2026-07-05 06:17:47,OUT_OF_WINDOW,AFTER_CUTOFF,917.8,N
6406,100047.3,2026-07-05,,2026-07-05 06:25:58,OUT_OF_WINDOW,AFTER_CUTOFF,746,N
6408,100064.3,2026-07-05,,2026-07-05 07:53:59,OUT_OF_WINDOW,AFTER_CHECKOUT,1145,N
6409,100011.3,2026-07-05,,2026-07-05 08:21:04,OUT_OF_WINDOW,AFTER_CUTOFF,1041.1,N
6410,100047.3,2026-07-05,,2026-07-05 08:30:20,OUT_OF_WINDOW,AFTER_CUTOFF,870.3,N
6411,100046.3,2026-07-05,,2026-07-05 07:37:29,OUT_OF_WINDOW,NO_CHECKIN,,N
6413,100046.3,2026-07-05,,2026-07-05 09:43:36,OUT_OF_WINDOW,NO_CHECKIN,,N
6414,100064.3,2026-07-05,,2026-07-05 09:54:00,OUT_OF_WINDOW,AFTER_CHECKOUT,1265,N
6419,100011.3,2026-07-05,,2026-07-05 10:33:47,OUT_OF_WINDOW,AFTER_CUTOFF,1173.8,N
6420,100046.3,2026-07-05,,2026-07-05 11:44:32,OUT_OF_WINDOW,NO_CHECKIN,,N
6421,100064.3,2026-07-05,,2026-07-05 11:59:41,OUT_OF_WINDOW,AFTER_CHECKOUT,1390.7,N
6428,100047.3,2026-07-05,,2026-07-05 10:32:29,OUT_OF_WINDOW,AFTER_CUTOFF,992.5,N
6430,100047.3,2026-07-05,,2026-07-05 12:32:49,OUT_OF_WINDOW,AFTER_CUTOFF,1112.8,N
6431,100046.3,2026-07-05,,2026-07-05 13:59:35,OUT_OF_WINDOW,NO_CHECKIN,,N
6432,100047.3,2026-07-05,,2026-07-05 14:34:04,OUT_OF_WINDOW,AFTER_CUTOFF,1234.1,N
6433,100064.3,2026-07-05,,2026-07-05 14:35:01,OUT_OF_WINDOW,AFTER_CHECKOUT,1546,N
6434,100011.3,2026-07-05,,2026-07-05 12:35:13,OUT_OF_WINDOW,AFTER_CUTOFF,1295.2,N
6436,100011.3,2026-07-05,,2026-07-05 14:45:32,OUT_OF_WINDOW,AFTER_CUTOFF,1425.5,N
6438,100063.3,2026-07-05,,2026-07-05 15:00:00,OUT_OF_WINDOW,AFTER_CUTOFF,1500,N
6439,100096.3,2026-07-05,,2026-07-05 05:36:50,OUT_OF_WINDOW,BEFORE_CHECKIN,649.2,N
6441,100096.3,2026-07-05,,2026-07-05 08:08:04,OUT_OF_WINDOW,BEFORE_CHECKIN,497.9,N
6444,100096.3,2026-07-05,,2026-07-05 11:06:33,OUT_OF_WINDOW,BEFORE_CHECKIN,319.5,N
6448,100096.3,2026-07-05,,2026-07-05 13:31:50,OUT_OF_WINDOW,BEFORE_CHECKIN,174.2,N
6453,100096.3,2026-07-05,,2026-07-05 15:41:14,OUT_OF_WINDOW,BEFORE_CHECKIN,44.8,N
6458,100080.3,2026-07-05,,2026-07-05 10:18:37,OUT_OF_WINDOW,BEFORE_CHECKIN,458.4,N
6460,100080.3,2026-07-05,,2026-07-05 12:22:11,OUT_OF_WINDOW,BEFORE_CHECKIN,334.8,N
6463,100080.3,2026-07-05,,2026-07-05 16:34:07,OUT_OF_WINDOW,BEFORE_CHECKIN,82.9,N
6464,100064.3,2026-07-05,,2026-07-05 16:35:30,OUT_OF_WINDOW,AFTER_CHECKOUT,1666.5,N
6469,100011.3,2026-07-05,,2026-07-05 16:47:18,OUT_OF_WINDOW,AFTER_CUTOFF,1547.3,N
6476,100046.3,2026-07-05,,2026-07-05 18:24:15,OUT_OF_WINDOW,NO_CHECKIN,,N
6477,100064.3,2026-07-05,,2026-07-05 18:48:22,OUT_OF_WINDOW,AFTER_CHECKOUT,1799.4,N
6478,100047.3,2026-07-05,,2026-07-05 16:40:07,OUT_OF_WINDOW,AFTER_CUTOFF,1360.1,N
6480,100047.3,2026-07-05,,2026-07-05 18:49:04,OUT_OF_WINDOW,AFTER_CUTOFF,1489.1,N
6481,100011.3,2026-07-05,,2026-07-05 18:52:08,OUT_OF_WINDOW,AFTER_CUTOFF,1672.1,N
6485,100064.3,2026-07-06,,2026-07-05 20:48:26,OUT_OF_WINDOW,BEFORE_CHECKIN,244.6,N
6486,100011.3,2026-07-06,,2026-07-05 21:08:28,OUT_OF_WINDOW,BEFORE_CHECKIN,782.5,N
6487,100046.3,2026-07-06,,2026-07-05 22:22:17,OUT_OF_WINDOW,NO_CHECKIN,,N
6488,100064.3,2026-07-06,,2026-07-05 22:48:28,OUT_OF_WINDOW,BEFORE_CHECKIN,124.5,N
6489,100011.3,2026-07-06,,2026-07-05 23:55:33,OUT_OF_WINDOW,BEFORE_CHECKIN,615.5,N
6493,100046.3,2026-07-06,,2026-07-06 01:14:55,OUT_OF_WINDOW,NO_CHECKIN,,N
6498,100011.3,2026-07-06,,2026-07-06 01:56:02,OUT_OF_WINDOW,BEFORE_CHECKIN,495,N
6504,100080.3,2026-07-06,2026-07-05,2026-07-05 19:03:51,,,,
6506,100010.3,2026-07-06,,2026-07-06 02:51:13,OUT_OF_WINDOW,BEFORE_CHECKIN,5.8,N
6507,100068.3,2026-07-06,,2026-07-06 02:56:48,OUT_OF_WINDOW,BEFORE_CHECKIN,6.2,N
6516,100015.3,2026-07-06,,2026-07-06 03:13:19,OUT_OF_WINDOW,NO_CHECKIN,,N
6518,100046.3,2026-07-06,,2026-07-06 03:15:13,OUT_OF_WINDOW,NO_CHECKIN,,N
6535,100080.3,2026-07-06,2026-07-05,2026-07-06 03:51:00,,,,
6553,100071.3,2026-07-06,,2026-07-06 04:23:51,OUT_OF_WINDOW,AFTER_CHECKOUT,45.9,N
6560,100099.3,2026-07-06,,2026-07-06 04:32:07,OUT_OF_WINDOW,NO_CHECKIN,,N
6561,100001.3,2026-07-06,,2026-07-06 04:34:35,OUT_OF_WINDOW,BEFORE_CHECKIN,448.4,N
6563,100062.3,2026-07-04,,2026-07-04 14:33:29,OUT_OF_WINDOW,AFTER_CHECKOUT,5.5,N
6583,100046.3,2026-07-06,,2026-07-06 05:17:52,OUT_OF_WINDOW,NO_CHECKIN,,N
6620,100011.3,2026-07-06,,2026-07-06 04:45:01,OUT_OF_WINDOW,BEFORE_CHECKIN,326,N
6622,100011.3,2026-07-06,,2026-07-06 06:47:28,OUT_OF_WINDOW,BEFORE_CHECKIN,203.5,N
6630,100015.3,2026-07-06,,2026-07-06 07:20:57,OUT_OF_WINDOW,NO_CHECKIN,,N
6632,100046.3,2026-07-06,,2026-07-06 07:25:04,OUT_OF_WINDOW,NO_CHECKIN,,N
6646,100660.1,2026-07-01,,2026-07-01 09:00:00,OUT_OF_WINDOW,AFTER_CUTOFF,1080,N
6648,100660.1,2026-07-01,,2026-07-01 09:05:00,OUT_OF_WINDOW,AFTER_CUTOFF,1085,N
6649,100011.3,2026-07-06,,2026-07-06 08:53:40,OUT_OF_WINDOW,BEFORE_CHECKIN,77.3,N
6672,100046.3,2026-07-06,,2026-07-06 09:30:36,OUT_OF_WINDOW,NO_CHECKIN,,N
6674,100046.3,2026-07-06,,2026-07-06 11:30:55,OUT_OF_WINDOW,NO_CHECKIN,,N
6684,100132.3,2026-07-05,,2026-07-05 17:22:28,OUT_OF_WINDOW,AFTER_CUTOFF,1612.5,N
6686,100132.3,2026-07-06,,2026-07-06 02:32:16,OUT_OF_WINDOW,BEFORE_CHECKIN,603.7,N
6689,100132.3,2026-07-06,,2026-07-06 04:34:58,OUT_OF_WINDOW,BEFORE_CHECKIN,481,N
6693,100132.3,2026-07-06,,2026-07-06 07:29:53,OUT_OF_WINDOW,BEFORE_CHECKIN,306.1,N
6698,100132.3,2026-07-06,,2026-07-06 09:36:35,OUT_OF_WINDOW,BEFORE_CHECKIN,179.4,N
6704,100132.3,2026-07-06,,2026-07-06 12:02:04,OUT_OF_WINDOW,BEFORE_CHECKIN,33.9,N
6714,100066.3,2026-07-06,,2026-07-06 13:14:41,OUT_OF_WINDOW,AFTER_CHECKOUT,9.7,N
6715,100066.3,2026-07-06,,2026-07-06 13:23:15,OUT_OF_WINDOW,AFTER_CHECKOUT,18.3,N
6716,100046.3,2026-07-06,,2026-07-06 13:33:03,OUT_OF_WINDOW,NO_CHECKIN,,N
6727,100084.3,2026-07-06,,2026-07-06 14:03:52,OUT_OF_WINDOW,AFTER_CUTOFF,3.9,N
6741,100064.3,2026-07-06,,2026-07-06 12:46:58,OUT_OF_WINDOW,AFTER_CHECKOUT,20,N
6743,100064.3,2026-07-06,,2026-07-06 14:52:08,OUT_OF_WINDOW,AFTER_CHECKOUT,145.1,N
6744,100068.3,2026-07-06,,2026-07-06 14:55:51,OUT_OF_WINDOW,AFTER_CHECKOUT,7.9,N
6745,100071.3,2026-07-06,,2026-07-06 14:57:40,OUT_OF_WINDOW,AFTER_CHECKOUT,679.7,N
6748,100046.3,2026-07-06,,2026-07-06 15:48:28,OUT_OF_WINDOW,NO_CHECKIN,,N
6749,100080.3,2026-07-06,,2026-07-06 14:31:45,OUT_OF_WINDOW,AFTER_CUTOFF,31.8,N
6754,100080.3,2026-07-06,,2026-07-06 16:31:51,OUT_OF_WINDOW,AFTER_CUTOFF,151.9,N
6759,100064.3,2026-07-06,,2026-07-06 16:52:36,OUT_OF_WINDOW,AFTER_CHECKOUT,265.6,N
6760,100011.3,2026-07-06,,2026-07-06 16:58:56,OUT_OF_WINDOW,AFTER_CUTOFF,118.9,N
6768,100046.3,2026-07-06,,2026-07-06 17:48:49,OUT_OF_WINDOW,NO_CHECKIN,,N
6770,100023.3,2026-07-06,,2026-07-06 14:04:19,OUT_OF_WINDOW,AFTER_CUTOFF,4.3,N
6772,100023.3,2026-07-06,,2026-07-06 18:05:00,OUT_OF_WINDOW,AFTER_CUTOFF,245,N
6775,100024.3,2026-07-06,,2026-07-06 16:13:25,OUT_OF_WINDOW,AFTER_CUTOFF,133.4,N
6778,100024.3,2026-07-06,,2026-07-06 18:13:48,OUT_OF_WINDOW,AFTER_CUTOFF,253.8,N
6779,100096.3,2026-07-06,,2026-07-06 18:30:07,OUT_OF_WINDOW,AFTER_CUTOFF,270.1,N
6782,100064.3,2026-07-07,,2026-07-06 19:02:26,OUT_OF_WINDOW,AFTER_CHECKOUT,395.4,N
6783,100011.3,2026-07-07,,2026-07-06 19:07:07,OUT_OF_WINDOW,AFTER_CUTOFF,247.1,N
6784,100058.2,2026-07-07,,2026-07-06 19:11:24,OUT_OF_WINDOW,AFTER_CUTOFF,191.4,N
6787,100046.3,2026-07-07,,2026-07-06 19:51:18,OUT_OF_WINDOW,NO_CHECKIN,,N
6788,100023.3,2026-07-07,,2026-07-06 20:05:18,OUT_OF_WINDOW,AFTER_CUTOFF,365.3,N
6789,100064.3,2026-07-07,,2026-07-06 21:07:50,OUT_OF_WINDOW,AFTER_CHECKOUT,520.8,N
6790,100011.3,2026-07-07,,2026-07-06 22:05:53,OUT_OF_WINDOW,AFTER_CUTOFF,425.9,N
6796,100062.3,2026-07-07,,2026-07-07 03:52:06,OUT_OF_WINDOW,BEFORE_CHECKIN,66.9,N
6830,100047.3,2026-07-07,,2026-07-07 03:16:44,OUT_OF_WINDOW,AFTER_CUTOFF,556.7,N
6833,100047.3,2026-07-07,,2026-07-07 05:25:32,OUT_OF_WINDOW,AFTER_CUTOFF,685.5,N
6838,100064.3,2026-07-07,,2026-07-06 23:07:51,OUT_OF_WINDOW,AFTER_CHECKOUT,640.9,N
6840,100064.3,2026-07-07,,2026-07-07 01:08:30,OUT_OF_WINDOW,AFTER_CHECKOUT,761.5,N
6843,100064.3,2026-07-07,,2026-07-07 03:17:26,OUT_OF_WINDOW,AFTER_CHECKOUT,890.4,N
6847,100064.3,2026-07-07,,2026-07-07 05:31:55,OUT_OF_WINDOW,AFTER_CHECKOUT,1024.9,N
6851,100011.3,2026-07-07,,2026-07-07 00:06:15,OUT_OF_WINDOW,BEFORE_CHECKIN,329.8,N
6853,100011.3,2026-07-07,,2026-07-07 02:08:28,OUT_OF_WINDOW,BEFORE_CHECKIN,207.5,N
6856,100011.3,2026-07-07,,2026-07-07 04:17:13,OUT_OF_WINDOW,BEFORE_CHECKIN,78.8,N
6863,100073.3,2026-07-07,,2026-07-07 02:01:57,OUT_OF_WINDOW,BEFORE_CHECKIN,693.1,N
6865,100073.3,2026-07-07,,2026-07-07 02:03:20,OUT_OF_WINDOW,BEFORE_CHECKIN,691.7,N
6866,100073.3,2026-07-07,,2026-07-07 05:48:44,OUT_OF_WINDOW,BEFORE_CHECKIN,466.3,N
6879,100046.3,2026-07-07,,2026-07-06 22:20:20,OUT_OF_WINDOW,NO_CHECKIN,,N
6881,100046.3,2026-07-07,,2026-07-07 00:21:50,OUT_OF_WINDOW,NO_CHECKIN,,N
6884,100046.3,2026-07-07,,2026-07-07 02:42:14,OUT_OF_WINDOW,NO_CHECKIN,,N
6888,100046.3,2026-07-07,,2026-07-07 04:46:23,OUT_OF_WINDOW,NO_CHECKIN,,N
6893,100046.3,2026-07-07,,2026-07-07 06:46:47,OUT_OF_WINDOW,NO_CHECKIN,,N
6902,100002.1,2026-07-07,,2026-07-07 07:11:04,OUT_OF_WINDOW,NO_CHECKIN,,N
6910,100064.3,2026-07-07,,2026-07-07 07:33:22,OUT_OF_WINDOW,AFTER_CHECKOUT,1146.4,N
6920,100046.3,2026-07-07,,2026-07-07 08:58:38,OUT_OF_WINDOW,NO_CHECKIN,,N
6963,100064.3,2026-07-07,,2026-07-07 09:33:30,OUT_OF_WINDOW,AFTER_CHECKOUT,1266.5,N
6965,100064.3,2026-07-07,,2026-07-07 11:44:00,OUT_OF_WINDOW,AFTER_CHECKOUT,1397,N
6968,100064.3,2026-07-07,,2026-07-07 13:52:21,OUT_OF_WINDOW,AFTER_CHECKOUT,1525.4,N
6971,100072.3,2026-07-08,,2026-07-08 02:11:33,OUT_OF_WINDOW,BEFORE_CHECKIN,13.5,N
6978,100071.3,2026-07-07,,2026-07-07 02:00:11,OUT_OF_WINDOW,BEFORE_CHECKIN,720.8,N
6984,100089.3,2026-07-07,,2026-07-07 14:01:26,OUT_OF_WINDOW,BEFORE_CHECKIN,2.6,N
6987,100089.3,2026-07-07,,2026-07-07 14:04:47,OUT_OF_WINDOW,AFTER_CUTOFF,4.8,N
6988,100094.3,2026-07-07,,2026-07-07 14:05:12,OUT_OF_WINDOW,AFTER_CUTOFF,5.2,N
6989,100061.3,2026-07-07,,2026-07-07 14:05:47,OUT_OF_WINDOW,AFTER_CUTOFF,5.8,N
6994,100066.2,2026-07-07,,2026-07-07 14:25:20,OUT_OF_WINDOW,AFTER_CHECKOUT,16.3,N
7002,100001.3,2026-07-07,,2026-07-07 03:11:48,OUT_OF_WINDOW,BEFORE_CHECKIN,695.2,N
7003,100001.3,2026-07-07,,2026-07-07 14:43:56,OUT_OF_WINDOW,BEFORE_CHECKIN,3.1,N
7004,100001.3,2026-07-07,,2026-07-07 14:47:16,OUT_OF_WINDOW,AFTER_CUTOFF,47.3,N
7008,100069.3,2026-07-07,,2026-07-07 02:56:29,OUT_OF_WINDOW,AFTER_CHECKOUT,720.5,N
7011,100069.3,2026-07-07,,2026-07-07 02:56:29,OUT_OF_WINDOW,AFTER_CHECKOUT,720.5,N
7014,100069.3,2026-07-07,,2026-07-07 15:03:44,OUT_OF_WINDOW,AFTER_CUTOFF,63.7,N
7015,100046.3,2026-07-07,,2026-07-07 08:58:38,OUT_OF_WINDOW,NO_CHECKIN,,N
7017,100046.3,2026-07-07,,2026-07-07 10:59:21,OUT_OF_WINDOW,NO_CHECKIN,,N
7020,100046.3,2026-07-07,,2026-07-07 15:13:24,OUT_OF_WINDOW,NO_CHECKIN,,N
7021,100080.3,2026-07-07,,2026-07-07 03:35:04,OUT_OF_WINDOW,AFTER_CUTOFF,815.1,N
7022,100080.3,2026-07-07,,2026-07-07 15:14:31,OUT_OF_WINDOW,AFTER_CUTOFF,1514.5,N
7023,100650.1,2026-07-07,,2026-07-07 15:14:52,OUT_OF_WINDOW,AFTER_CUTOFF,14.9,N
7024,100091.3,2026-07-07,,2026-07-07 15:27:27,OUT_OF_WINDOW,AFTER_CUTOFF,87.5,N
7025,100081.3,2026-07-07,,2026-07-07 15:28:00,OUT_OF_WINDOW,AFTER_CUTOFF,88,N
7026,100091.3,2026-07-07,,2026-07-07 03:22:35,OUT_OF_WINDOW,BEFORE_CHECKIN,724.4,N
7028,100091.3,2026-07-07,,2026-07-07 15:33:05,OUT_OF_WINDOW,AFTER_CUTOFF,93.1,N
7031,100079.3,2026-07-07,,2026-07-07 15:49:03,OUT_OF_WINDOW,AFTER_CUTOFF,109.1,N
7032,100064.3,2026-07-07,,2026-07-07 15:52:59,OUT_OF_WINDOW,AFTER_CHECKOUT,1646,N
7034,100011.3,2026-07-07,,2026-07-07 16:01:13,OUT_OF_WINDOW,AFTER_CUTOFF,61.2,N
7035,100651.1,2026-07-07,,2026-07-07 16:03:26,OUT_OF_WINDOW,AFTER_CUTOFF,63.4,N
7037,100023.2,2026-07-07,,2026-07-07 16:14:29,OUT_OF_WINDOW,AFTER_CUTOFF,14.5,N
7038,100005.2,2026-07-07,,2026-07-07 16:15:44,OUT_OF_WINDOW,AFTER_CUTOFF,15.7,N
7043,100046.3,2026-07-07,,2026-07-07 17:19:39,OUT_OF_WINDOW,NO_CHECKIN,,N
7044,100080.3,2026-07-06,,2026-07-06 18:40:21,OUT_OF_WINDOW,AFTER_CUTOFF,280.4,N
7046,100080.3,2026-07-07,,2026-07-07 09:24:30,OUT_OF_WINDOW,AFTER_CUTOFF,1164.5,N
7049,100080.3,2026-07-07,,2026-07-07 11:37:10,OUT_OF_WINDOW,AFTER_CUTOFF,1297.2,N
7053,100080.3,2026-07-07,,2026-07-07 14:00:38,OUT_OF_WINDOW,AFTER_CUTOFF,1440.6,N
7058,100080.3,2026-07-07,,2026-07-07 16:08:27,OUT_OF_WINDOW,AFTER_CUTOFF,1568.5,N
7060,100091.3,2026-07-07,,2026-07-07 17:33:35,OUT_OF_WINDOW,AFTER_CUTOFF,213.6,N
7061,100078.3,2026-07-07,,2026-07-07 17:36:20,OUT_OF_WINDOW,AFTER_CUTOFF,216.3,N
7062,100088.3,2026-07-07,,2026-07-07 17:40:02,OUT_OF_WINDOW,AFTER_CUTOFF,220,N
7064,100064.3,2026-07-07,,2026-07-07 17:54:50,OUT_OF_WINDOW,AFTER_CHECKOUT,1767.8,N
7065,100067.2,2026-07-07,,2026-07-07 17:56:05,OUT_OF_WINDOW,AFTER_CUTOFF,116.1,N
7066,100025.2,2026-07-07,,2026-07-07 17:56:39,OUT_OF_WINDOW,AFTER_CUTOFF,116.7,N
7069,100020.3,2026-07-07,,2026-07-07 16:00:44,OUT_OF_WINDOW,AFTER_CUTOFF,120.7,N
7072,100020.3,2026-07-07,,2026-07-07 18:00:57,OUT_OF_WINDOW,AFTER_CUTOFF,241,N
7073,100011.3,2026-07-07,,2026-07-07 18:04:27,OUT_OF_WINDOW,AFTER_CUTOFF,184.5,N
7074,100080.3,2026-07-07,,2026-07-07 18:09:05,OUT_OF_WINDOW,AFTER_CUTOFF,1689.1,N
7075,100004.2,2026-07-07,,2026-07-07 18:10:35,OUT_OF_WINDOW,AFTER_CUTOFF,130.6,N
7076,100024.3,2026-07-07,,2026-07-07 18:27:55,OUT_OF_WINDOW,AFTER_CUTOFF,1707.9,N
7079,100058.2,2026-07-07,,2026-07-07 04:09:23,OUT_OF_WINDOW,AFTER_CUTOFF,729.4,N
7080,100058.2,2026-07-07,,2026-07-07 18:35:26,OUT_OF_WINDOW,AFTER_CUTOFF,155.4,N
7081,100003.2,2026-07-07,,2026-07-07 18:46:01,OUT_OF_WINDOW,AFTER_CUTOFF,166,N
7082,100080.3,2026-07-07,,2026-07-07 18:55:23,OUT_OF_WINDOW,AFTER_CUTOFF,1735.4,N
7083,100046.3,2026-07-08,,2026-07-07 19:19:52,OUT_OF_WINDOW,NO_CHECKIN,,N
7085,100091.3,2026-07-07,,2026-07-07 17:33:35,OUT_OF_WINDOW,AFTER_CUTOFF,213.6,N
7087,100091.3,2026-07-08,,2026-07-07 19:34:07,OUT_OF_WINDOW,AFTER_CUTOFF,334.1,N
7090,100020.3,2026-07-08,,2026-07-07 20:01:08,OUT_OF_WINDOW,AFTER_CUTOFF,361.1,N
7092,100024.3,2026-07-08,,2026-07-07 20:47:42,OUT_OF_WINDOW,BEFORE_CHECKIN,624.3,N
7093,100015.3,2026-07-08,,2026-07-07 21:02:54,OUT_OF_WINDOW,NO_CHECKIN,,N
7094,100091.3,2026-07-08,,2026-07-07 21:34:13,OUT_OF_WINDOW,BEFORE_CHECKIN,374.8,N
7095,100011.3,2026-07-08,,2026-07-07 22:41:41,OUT_OF_WINDOW,AFTER_CUTOFF,461.7,N
7096,100015.3,2026-07-08,,2026-07-07 23:05:04,OUT_OF_WINDOW,NO_CHECKIN,,N
7097,100064.3,2026-07-08,,2026-07-08 00:12:05,OUT_OF_WINDOW,BEFORE_CHECKIN,36.9,N
7098,100011.3,2026-07-08,,2026-07-08 00:47:40,OUT_OF_WINDOW,AFTER_CUTOFF,587.7,N
7101,100015.3,2026-07-08,,2026-07-08 01:05:22,OUT_OF_WINDOW,NO_CHECKIN,,N
7104,100091.3,2026-07-08,,2026-07-07 23:49:03,OUT_OF_WINDOW,BEFORE_CHECKIN,240,N
7106,100091.3,2026-07-08,,2026-07-08 01:49:33,OUT_OF_WINDOW,BEFORE_CHECKIN,119.5,N
7107,100094.3,2026-07-07,,2026-07-07 01:53:01,OUT_OF_WINDOW,AFTER_CHECKOUT,709,N
7109,100094.3,2026-07-07,,2026-07-07 03:56:58,OUT_OF_WINDOW,BEFORE_CHECKIN,608,N
7121,100048.3,2026-07-07,,2026-07-07 03:12:57,OUT_OF_WINDOW,NO_CHECKIN,,N
7122,100048.3,2026-07-08,,2026-07-08 02:50:28,OUT_OF_WINDOW,NO_CHECKIN,,N
7124,100057.3,2026-07-07,,2026-07-07 01:21:21,OUT_OF_WINDOW,AFTER_CUTOFF,351.4,N
7126,100057.3,2026-07-07,,2026-07-07 01:21:25,OUT_OF_WINDOW,AFTER_CUTOFF,351.4,N
7129,100057.3,2026-07-07,,2026-07-07 01:21:31,OUT_OF_WINDOW,AFTER_CUTOFF,351.5,N
7133,100057.3,2026-07-07,,2026-07-07 01:21:37,OUT_OF_WINDOW,AFTER_CUTOFF,351.6,N
7144,100011.3,2026-07-08,,2026-07-08 03:15:31,OUT_OF_WINDOW,AFTER_CUTOFF,735.5,N
7145,100080.3,2026-07-08,,2026-07-08 03:19:05,OUT_OF_WINDOW,BEFORE_CHECKIN,14.9,N
7173,100046.3,2026-07-08,,2026-07-07 22:09:12,OUT_OF_WINDOW,NO_CHECKIN,,N
7175,100046.3,2026-07-08,,2026-07-08 00:09:46,OUT_OF_WINDOW,NO_CHECKIN,,N
7178,100046.3,2026-07-08,,2026-07-08 02:10:15,OUT_OF_WINDOW,NO_CHECKIN,,N
7182,100046.3,2026-07-08,,2026-07-08 04:13:14,OUT_OF_WINDOW,NO_CHECKIN,,N
7186,100140.3,2026-07-07,,2026-07-07 04:26:16,OUT_OF_WINDOW,AFTER_CHECKOUT,974.3,N
7194,100660.1,2026-07-08,,2026-07-08 04:50:46,OUT_OF_WINDOW,AFTER_CUTOFF,830.8,N
7222,100011.3,2026-07-08,,2026-07-08 05:18:33,OUT_OF_WINDOW,AFTER_CUTOFF,858.6,N
7238,100046.3,2026-07-08,,2026-07-08 06:15:23,OUT_OF_WINDOW,NO_CHECKIN,,N
7269,100046.3,2026-07-08,,2026-07-08 08:20:24,OUT_OF_WINDOW,NO_CHECKIN,,N
7273,100011.3,2026-07-08,,2026-07-08 07:25:47,OUT_OF_WINDOW,AFTER_CUTOFF,985.8,N
7275,100011.3,2026-07-08,,2026-07-08 09:26:31,OUT_OF_WINDOW,AFTER_CUTOFF,1106.5,N
7284,100010.3,2026-07-07,,2026-07-07 02:53:57,OUT_OF_WINDOW,BEFORE_CHECKIN,572.1,N
7286,100010.3,2026-07-07,,2026-07-07 12:22:35,OUT_OF_WINDOW,BEFORE_CHECKIN,3.4,N
7290,100046.3,2026-07-08,,2026-07-08 08:20:24,OUT_OF_WINDOW,NO_CHECKIN,,N
7292,100046.3,2026-07-08,,2026-07-08 10:25:45,OUT_OF_WINDOW,NO_CHECKIN,,N
7295,100046.3,2026-07-08,,2026-07-08 12:26:17,OUT_OF_WINDOW,NO_CHECKIN,,N
7307,100011.3,2026-07-08,,2026-07-08 11:28:13,OUT_OF_WINDOW,AFTER_CUTOFF,1228.2,N
7309,100011.3,2026-07-08,,2026-07-08 13:38:45,OUT_OF_WINDOW,AFTER_CUTOFF,1358.8,N
7318,100084.3,2026-07-08,,2026-07-08 14:05:57,OUT_OF_WINDOW,AFTER_CUTOFF,6,N
7319,100062.3,2026-07-07,,2026-07-07 14:39:21,OUT_OF_WINDOW,AFTER_CHECKOUT,5.4,N
7336,100068.3,2026-07-08,,2026-07-08 14:56:42,OUT_OF_WINDOW,AFTER_CUTOFF,56.7,N
7337,100080.3,2026-07-08,,2026-07-08 15:04:35,OUT_OF_WINDOW,AFTER_CUTOFF,64.6,N
7345,100011.3,2026-07-08,,2026-07-08 15:41:02,OUT_OF_WINDOW,AFTER_CUTOFF,1481,N
7347,100071.3,2026-07-08,,2026-07-08 15:51:57,OUT_OF_WINDOW,AFTER_CHECKOUT,111,N
7358,100080.3,2026-07-08,,2026-07-08 14:11:08,OUT_OF_WINDOW,AFTER_CUTOFF,11.1,N
7363,100080.3,2026-07-08,,2026-07-08 16:11:42,OUT_OF_WINDOW,AFTER_CUTOFF,131.7,N
7365,100064.3,2026-07-08,,2026-07-08 16:32:25,OUT_OF_WINDOW,AFTER_CHECKOUT,229.4,N
7394,100091.3,2026-07-08,,2026-07-08 15:23:33,OUT_OF_WINDOW,AFTER_CUTOFF,83.6,N
7400,100091.3,2026-07-08,,2026-07-08 17:23:37,OUT_OF_WINDOW,AFTER_CUTOFF,203.6,N
7402,100011.3,2026-07-08,,2026-07-08 17:42:55,OUT_OF_WINDOW,AFTER_CUTOFF,1602.9,N
7404,100080.3,2026-07-08,,2026-07-08 18:10:56,OUT_OF_WINDOW,AFTER_CUTOFF,250.9,N
7411,100046.3,2026-07-08,,2026-07-08 14:26:20,OUT_OF_WINDOW,NO_CHECKIN,,N
7413,100046.3,2026-07-08,,2026-07-08 18:35:26,OUT_OF_WINDOW,NO_CHECKIN,,N
7414,100064.3,2026-07-08,,2026-07-08 18:40:49,OUT_OF_WINDOW,AFTER_CHECKOUT,357.8,N
7416,100011.3,2026-07-09,,2026-07-08 19:46:40,OUT_OF_WINDOW,BEFORE_CHECKIN,819.3,N
7417,100091.3,2026-07-09,,2026-07-08 19:23:54,OUT_OF_WINDOW,AFTER_CUTOFF,323.9,N
7419,100091.3,2026-07-09,,2026-07-08 21:25:19,OUT_OF_WINDOW,BEFORE_CHECKIN,368.7,N
7420,100091.3,2026-07-09,,2026-07-08 19:23:54,OUT_OF_WINDOW,AFTER_CUTOFF,323.9,N
7422,100091.3,2026-07-09,,2026-07-08 21:25:19,OUT_OF_WINDOW,BEFORE_CHECKIN,368.7,N
7425,100091.3,2026-07-09,,2026-07-08 21:25:51,OUT_OF_WINDOW,BEFORE_CHECKIN,368.2,N
7426,100011.3,2026-07-09,,2026-07-08 22:01:53,OUT_OF_WINDOW,BEFORE_CHECKIN,684.1,N
7431,100011.3,2026-07-09,,2026-07-09 01:44:32,OUT_OF_WINDOW,BEFORE_CHECKIN,461.5,N
7440,100091.3,2026-07-09,,2026-07-09 00:42:28,OUT_OF_WINDOW,BEFORE_CHECKIN,171.5,N
7442,100091.3,2026-07-09,,2026-07-09 02:43:08,OUT_OF_WINDOW,BEFORE_CHECKIN,50.9,N
7443,100048.3,2026-07-09,,2026-07-09 02:49:09,OUT_OF_WINDOW,NO_CHECKIN,,N
7458,100048.3,2026-07-09,,2026-07-09 03:12:02,OUT_OF_WINDOW,NO_CHECKIN,,N
7475,100080.3,2026-07-09,,2026-07-09 03:41:11,OUT_OF_WINDOW,AFTER_CUTOFF,821.2,N
7488,100011.3,2026-07-09,,2026-07-09 01:48:32,OUT_OF_WINDOW,BEFORE_CHECKIN,457.5,N
7490,100011.3,2026-07-09,,2026-07-09 04:08:34,OUT_OF_WINDOW,BEFORE_CHECKIN,317.4,N
7499,100080.3,2026-07-09,,2026-07-09 04:26:38,OUT_OF_WINDOW,BEFORE_CHECKIN,828.4,N
7511,100046.3,2026-07-09,,2026-07-08 22:04:36,OUT_OF_WINDOW,NO_CHECKIN,,N
7513,100046.3,2026-07-09,,2026-07-09 00:54:17,OUT_OF_WINDOW,NO_CHECKIN,,N
7516,100046.3,2026-07-09,,2026-07-09 02:55:10,OUT_OF_WINDOW,NO_CHECKIN,,N
7520,100046.3,2026-07-09,,2026-07-09 04:55:39,OUT_OF_WINDOW,NO_CHECKIN,,N
7571,100024.3,2026-07-09,,2026-07-09 06:43:24,OUT_OF_WINDOW,BEFORE_CHECKIN,18.6,N
7574,100046.3,2026-07-09,,2026-07-09 06:57:34,OUT_OF_WINDOW,NO_CHECKIN,,N
7581,100024.3,2026-07-09,,2026-07-09 06:43:24,OUT_OF_WINDOW,BEFORE_CHECKIN,18.6,N
7596,100011.3,2026-07-09,,2026-07-09 06:09:14,OUT_OF_WINDOW,BEFORE_CHECKIN,196.8,N
7598,100011.3,2026-07-09,,2026-07-09 08:16:15,OUT_OF_WINDOW,BEFORE_CHECKIN,69.8,N
7606,100028.3,2026-07-05,,2026-07-05 09:54:33,OUT_OF_WINDOW,AFTER_CUTOFF,1194.6,N
7609,100046.3,2026-07-09,,2026-07-09 06:57:34,OUT_OF_WINDOW,NO_CHECKIN,,N
7611,100046.3,2026-07-09,,2026-07-09 08:58:41,OUT_OF_WINDOW,NO_CHECKIN,,N
7621,100080.3,2026-07-09,,2026-07-09 06:00:13,OUT_OF_WINDOW,BEFORE_CHECKIN,734.8,N
7623,100080.3,2026-07-09,,2026-07-09 10:09:15,OUT_OF_WINDOW,BEFORE_CHECKIN,485.8,N
7630,100046.3,2026-07-09,,2026-07-09 11:06:04,OUT_OF_WINDOW,NO_CHECKIN,,N
7637,100126.3,2026-07-09,,2026-07-09 11:40:14,OUT_OF_WINDOW,AFTER_CHECKOUT,5.2,N
7639,100660.1,2026-07-09,,2026-07-09 12:08:19,OUT_OF_WINDOW,NO_CHECKIN,,N
7642,100080.3,2026-07-09,,2026-07-09 12:25:55,OUT_OF_WINDOW,BEFORE_CHECKIN,349.1,N
7647,100046.3,2026-07-09,,2026-07-09 13:07:11,OUT_OF_WINDOW,NO_CHECKIN,,N
7650,100058.2,2026-07-09,,2026-07-09 13:12:12,OUT_OF_WINDOW,BEFORE_CHECKIN,322.8,N
7655,100084.3,2026-07-09,,2026-07-09 14:02:20,OUT_OF_WINDOW,AFTER_CUTOFF,2.3,N
7667,100015.3,2026-07-09,,2026-07-09 05:24:22,OUT_OF_WINDOW,NO_CHECKIN,,N
7668,100015.3,2026-07-09,,2026-07-09 14:43:34,OUT_OF_WINDOW,NO_CHECKIN,,N
7706,100091.3,2026-07-09,,2026-07-09 15:09:39,OUT_OF_WINDOW,AFTER_CHECKOUT,12.7,N
7707,100064.3,2026-07-09,,2026-07-09 15:10:58,OUT_OF_WINDOW,AFTER_CHECKOUT,144,N
7709,100011.3,2026-07-09,,2026-07-09 15:34:28,OUT_OF_WINDOW,AFTER_CUTOFF,34.5,N
7711,100046.3,2026-07-09,,2026-07-09 15:41:14,OUT_OF_WINDOW,NO_CHECKIN,,N
7712,100655.1,2026-07-09,,2026-07-09 16:07:13,OUT_OF_WINDOW,AFTER_CUTOFF,67.2,N
7713,100070.2,2026-07-09,,2026-07-09 16:33:53,OUT_OF_WINDOW,AFTER_CUTOFF,33.9,N
7720,100064.3,2026-07-09,,2026-07-09 17:11:31,OUT_OF_WINDOW,AFTER_CHECKOUT,264.5,N
7721,100091.3,2026-07-09,,2026-07-09 17:17:01,OUT_OF_WINDOW,AFTER_CHECKOUT,140,N
7722,100011.3,2026-07-09,,2026-07-09 17:38:56,OUT_OF_WINDOW,AFTER_CUTOFF,158.9,N
7723,100080.3,2026-07-09,,2026-07-09 14:32:34,OUT_OF_WINDOW,BEFORE_CHECKIN,222.4,N
7725,100080.3,2026-07-09,,2026-07-09 16:32:39,OUT_OF_WINDOW,BEFORE_CHECKIN,102.4,N
7726,100126.3,2026-07-09,,2026-07-09 15:41:58,OUT_OF_WINDOW,AFTER_CHECKOUT,247,N
7728,100126.3,2026-07-09,,2026-07-09 17:46:46,OUT_OF_WINDOW,AFTER_CHECKOUT,371.8,N
7729,100046.3,2026-07-09,,2026-07-09 17:49:06,OUT_OF_WINDOW,NO_CHECKIN,,N
7731,100080.3,2026-07-09,,2026-07-09 18:15:46,OUT_OF_WINDOW,AFTER_CUTOFF,255.8,N
7733,100080.3,2026-07-09,,2026-07-09 18:22:24,OUT_OF_WINDOW,AFTER_CUTOFF,262.4,N
7735,100080.3,2026-07-09,,2026-07-09 18:32:44,OUT_OF_WINDOW,AFTER_CUTOFF,272.7,N
7736,100058.2,2026-07-09,,2026-07-09 18:35:28,OUT_OF_WINDOW,AFTER_CUTOFF,155.5,N
7738,100064.3,2026-07-10,,2026-07-09 19:12:06,OUT_OF_WINDOW,BEFORE_CHECKIN,339.9,N
7741,100011.3,2026-07-10,,2026-07-09 19:39:50,OUT_OF_WINDOW,AFTER_CUTOFF,279.8,N
7742,100070.2,2026-07-09,,2026-07-09 17:37:08,OUT_OF_WINDOW,AFTER_CUTOFF,97.1,N
7744,100070.2,2026-07-09,,2026-07-09 18:39:14,OUT_OF_WINDOW,AFTER_CUTOFF,159.2,N
7747,100070.2,2026-07-10,,2026-07-09 19:42:40,OUT_OF_WINDOW,AFTER_CUTOFF,222.7,N
7748,100126.3,2026-07-10,,2026-07-09 19:46:59,OUT_OF_WINDOW,BEFORE_CHECKIN,462,N
7749,100046.3,2026-07-10,,2026-07-09 19:53:53,OUT_OF_WINDOW,NO_CHECKIN,,N
7752,100080.3,2026-07-10,,2026-07-09 20:24:18,OUT_OF_WINDOW,AFTER_CUTOFF,384.3,N
7753,100070.2,2026-07-10,,2026-07-09 20:43:19,OUT_OF_WINDOW,AFTER_CUTOFF,283.3,N
7754,100064.3,2026-07-10,,2026-07-09 21:13:25,OUT_OF_WINDOW,BEFORE_CHECKIN,218.6,N
7755,100011.3,2026-07-10,,2026-07-09 21:40:06,OUT_OF_WINDOW,AFTER_CUTOFF,400.1,N
7756,100080.3,2026-07-10,,2026-07-09 22:24:24,OUT_OF_WINDOW,BEFORE_CHECKIN,347.6,N
7757,100070.2,2026-07-10,,2026-07-09 21:46:25,OUT_OF_WINDOW,AFTER_CUTOFF,346.4,N
7759,100070.2,2026-07-10,,2026-07-09 22:46:38,OUT_OF_WINDOW,AFTER_CUTOFF,406.6,N
7760,100064.3,2026-07-10,,2026-07-09 23:14:04,OUT_OF_WINDOW,BEFORE_CHECKIN,97.9,N
7761,100080.3,2026-07-10,,2026-07-10 00:25:25,OUT_OF_WINDOW,BEFORE_CHECKIN,226.6,N
7762,100070.2,2026-07-10,,2026-07-10 00:50:23,OUT_OF_WINDOW,BEFORE_CHECKIN,498.6,N
7767,100011.3,2026-07-10,,2026-07-09 23:41:53,OUT_OF_WINDOW,AFTER_CUTOFF,521.9,N
7769,100011.3,2026-07-10,,2026-07-10 01:43:01,OUT_OF_WINDOW,AFTER_CUTOFF,643,N
7770,100096.3,2026-07-10,,2026-07-10 01:53:39,OUT_OF_WINDOW,BEFORE_CHECKIN,122.4,N
7776,100071.3,2026-07-09,,2026-07-09 14:08:05,OUT_OF_WINDOW,AFTER_CHECKOUT,7.1,N
7780,100080.3,2026-07-10,,2026-07-10 02:25:30,OUT_OF_WINDOW,BEFORE_CHECKIN,106.5,N
7781,100126.3,2026-07-10,,2026-07-10 02:26:05,OUT_OF_WINDOW,BEFORE_CHECKIN,62.9,N
7784,100010.3,2026-07-10,,2026-07-10 02:39:29,OUT_OF_WINDOW,BEFORE_CHECKIN,3.5,N
7788,100048.3,2026-07-10,,2026-07-10 02:54:21,OUT_OF_WINDOW,NO_CHECKIN,,N
7790,100068.3,2026-07-10,,2026-07-10 02:55:49,OUT_OF_WINDOW,AFTER_CHECKOUT,722.8,N
7793,100068.3,2026-07-10,,2026-07-10 03:02:36,OUT_OF_WINDOW,AFTER_CHECKOUT,729.6,N
7801,100046.3,2026-07-10,,2026-07-09 23:19:09,OUT_OF_WINDOW,NO_CHECKIN,,N
7803,100046.3,2026-07-10,,2026-07-10 01:33:05,OUT_OF_WINDOW,NO_CHECKIN,,N
7806,100046.3,2026-07-10,,2026-07-10 03:44:00,OUT_OF_WINDOW,NO_CHECKIN,,N
7815,100070.2,2026-07-10,,2026-07-10 02:50:48,OUT_OF_WINDOW,BEFORE_CHECKIN,378.2,N
7817,100070.2,2026-07-10,,2026-07-10 03:52:43,OUT_OF_WINDOW,BEFORE_CHECKIN,316.3,N
7822,100011.3,2026-07-10,,2026-07-10 04:02:57,OUT_OF_WINDOW,AFTER_CUTOFF,783,N
7843,100070.2,2026-07-10,,2026-07-10 04:52:58,OUT_OF_WINDOW,BEFORE_CHECKIN,256,N
7850,100068.3,2026-07-10,,2026-07-10 05:12:09,OUT_OF_WINDOW,AFTER_CHECKOUT,859.2,N
7867,100046.3,2026-07-10,,2026-07-10 05:44:22,OUT_OF_WINDOW,NO_CHECKIN,,N
7870,100070.2,2026-07-10,,2026-07-10 05:53:16,OUT_OF_WINDOW,BEFORE_CHECKIN,195.7,N
7875,100011.3,2026-07-10,,2026-07-10 06:10:55,OUT_OF_WINDOW,AFTER_CUTOFF,910.9,N
7883,100068.3,2026-07-10,,2026-07-10 07:12:14,OUT_OF_WINDOW,AFTER_CHECKOUT,979.2,N
7895,100070.2,2026-07-10,,2026-07-10 06:55:04,OUT_OF_WINDOW,BEFORE_CHECKIN,133.9,N
7897,100070.2,2026-07-10,,2026-07-10 08:05:05,OUT_OF_WINDOW,BEFORE_CHECKIN,63.9,N
7900,100070.2,2026-07-10,,2026-07-10 09:05:13,OUT_OF_WINDOW,BEFORE_CHECKIN,3.8,N
7904,100068.3,2026-07-10,,2026-07-10 09:29:14,OUT_OF_WINDOW,AFTER_CHECKOUT,1116.2,N
7917,100011.3,2026-07-10,,2026-07-10 08:39:57,OUT_OF_WINDOW,AFTER_CUTOFF,1060,N
7919,100011.3,2026-07-10,,2026-07-10 10:48:43,OUT_OF_WINDOW,AFTER_CUTOFF,1188.7,N
7928,100068.3,2026-07-10,,2026-07-10 11:30:10,OUT_OF_WINDOW,AFTER_CHECKOUT,1237.2,N
7932,100046.3,2026-07-10,,2026-07-10 07:44:26,OUT_OF_WINDOW,NO_CHECKIN,,N
7934,100046.3,2026-07-10,,2026-07-10 09:53:56,OUT_OF_WINDOW,NO_CHECKIN,,N
7937,100046.3,2026-07-10,,2026-07-10 12:14:30,OUT_OF_WINDOW,NO_CHECKIN,,N
7942,100011.3,2026-07-10,,2026-07-10 12:56:54,OUT_OF_WINDOW,AFTER_CUTOFF,1316.9,N
7945,100064.3,2026-07-10,,2026-07-10 13:25:24,OUT_OF_WINDOW,AFTER_CHECKOUT,33.4,N
7950,100068.3,2026-07-10,,2026-07-10 13:43:54,OUT_OF_WINDOW,AFTER_CHECKOUT,1370.9,N
7960,100046.3,2026-07-10,,2026-07-10 14:14:40,OUT_OF_WINDOW,NO_CHECKIN,,N
7977,100080.3,2026-07-10,,2026-07-10 15:10:34,OUT_OF_WINDOW,AFTER_CUTOFF,70.6,N
7996,100091.3,2026-07-10,,2026-07-10 15:29:53,OUT_OF_WINDOW,AFTER_CHECKOUT,5.9,N
8001,100068.3,2026-07-10,,2026-07-10 15:44:56,OUT_OF_WINDOW,AFTER_CHECKOUT,1491.9,N
8002,100655.1,2026-07-10,,2026-07-10 16:00:19,OUT_OF_WINDOW,AFTER_CUTOFF,60.3,N
8003,100084.3,2026-07-10,,2026-07-10 16:12:23,OUT_OF_WINDOW,AFTER_CHECKOUT,8.4,N
8005,100046.3,2026-07-10,,2026-07-10 16:17:23,OUT_OF_WINDOW,NO_CHECKIN,,N
8008,100080.3,2026-07-10,,2026-07-10 14:28:14,OUT_OF_WINDOW,AFTER_CUTOFF,28.2,N
8011,100080.3,2026-07-10,,2026-07-10 16:28:45,OUT_OF_WINDOW,AFTER_CUTOFF,148.8,N
8015,100075.2,2026-07-10,,2026-07-10 17:00:17,OUT_OF_WINDOW,AFTER_CUTOFF,60.3,N
8018,100011.3,2026-07-10,,2026-07-10 15:05:56,OUT_OF_WINDOW,AFTER_CUTOFF,1445.9,N
8020,100011.3,2026-07-10,,2026-07-10 17:12:04,OUT_OF_WINDOW,AFTER_CUTOFF,1572.1,N
8022,100091.3,2026-07-10,,2026-07-10 17:30:48,OUT_OF_WINDOW,AFTER_CHECKOUT,126.8,N
8023,100068.3,2026-07-10,,2026-07-10 17:55:49,OUT_OF_WINDOW,AFTER_CHECKOUT,1622.8,N
8038,100012.3,2026-07-10,,2026-07-10 16:55:45,OUT_OF_WINDOW,AFTER_CUTOFF,115.8,N
8040,100080.3,2026-07-10,,2026-07-10 18:40:52,OUT_OF_WINDOW,AFTER_CUTOFF,280.9,N
8041,100012.3,2026-07-10,,2026-07-10 18:57:17,OUT_OF_WINDOW,AFTER_CUTOFF,237.3,N
8042,100068.3,2026-07-11,,2026-07-10 19:56:20,OUT_OF_WINDOW,BEFORE_CHECKIN,425.7,N
8043,100012.3,2026-07-11,,2026-07-10 21:00:38,OUT_OF_WINDOW,AFTER_CUTOFF,360.6,N
8044,100068.3,2026-07-11,,2026-07-10 21:56:21,OUT_OF_WINDOW,BEFORE_CHECKIN,305.7,N
8045,100068.3,2026-07-11,,2026-07-10 23:56:59,OUT_OF_WINDOW,BEFORE_CHECKIN,185,N
8046,100011.3,2026-07-11,,2026-07-10 20:52:17,OUT_OF_WINDOW,NO_CHECKIN,,N
8048,100011.3,2026-07-11,,2026-07-11 00:53:15,OUT_OF_WINDOW,NO_CHECKIN,,N
8050,100091.3,2026-07-11,,2026-07-10 19:31:11,OUT_OF_WINDOW,AFTER_CHECKOUT,247.2,N
8052,100091.3,2026-07-11,,2026-07-10 21:31:51,OUT_OF_WINDOW,BEFORE_CHECKIN,357.2,N
8055,100091.3,2026-07-11,,2026-07-10 23:43:00,OUT_OF_WINDOW,BEFORE_CHECKIN,226,N
8059,100091.3,2026-07-11,,2026-07-11 01:43:22,OUT_OF_WINDOW,BEFORE_CHECKIN,105.6,N
8064,100068.3,2026-07-11,,2026-07-11 02:02:34,OUT_OF_WINDOW,BEFORE_CHECKIN,59.4,N
8069,100072.3,2026-07-12,,2026-07-12 02:13:51,OUT_OF_WINDOW,AFTER_CHECKOUT,723.9,N
8082,100048.3,2026-07-11,,2026-07-11 03:00:43,OUT_OF_WINDOW,NO_CHECKIN,,N
8088,100046.3,2026-07-10,,2026-07-10 18:31:24,OUT_OF_WINDOW,NO_CHECKIN,,N
8090,100046.3,2026-07-11,,2026-07-10 21:44:35,OUT_OF_WINDOW,NO_CHECKIN,,N
8093,100046.3,2026-07-11,,2026-07-11 01:00:40,OUT_OF_WINDOW,NO_CHECKIN,,N
8097,100046.3,2026-07-11,,2026-07-11 03:07:10,OUT_OF_WINDOW,NO_CHECKIN,,N
8102,100067.3,2026-07-11,,2026-07-11 03:36:05,OUT_OF_WINDOW,BEFORE_CHECKIN,40.9,N
8126,100080.3,2026-07-11,,2026-07-11 03:45:49,OUT_OF_WINDOW,AFTER_CUTOFF,825.8,N
8149,100057.3,2026-07-11,,2026-07-11 02:11:20,OUT_OF_WINDOW,BEFORE_CHECKIN,128.7,N
8160,100080.3,2026-07-11,,2026-07-11 04:26:21,OUT_OF_WINDOW,AFTER_CUTOFF,866.4,N
8161,100011.3,2026-07-11,,2026-07-11 04:26:34,OUT_OF_WINDOW,NO_CHECKIN,,N
8196,100012.3,2026-07-11,,2026-07-11 05:56:37,OUT_OF_WINDOW,AFTER_CUTOFF,896.6,N
8202,100055.3,2026-07-11,,2026-07-10 20:34:33,OUT_OF_WINDOW,AFTER_CUTOFF,64.6,N
8205,100055.3,2026-07-11,,2026-07-11 00:09:01,OUT_OF_WINDOW,AFTER_CUTOFF,279,N
8209,100055.3,2026-07-11,,2026-07-11 04:06:06,OUT_OF_WINDOW,AFTER_CUTOFF,516.1,N
8214,100055.3,2026-07-11,,2026-07-11 06:06:54,OUT_OF_WINDOW,AFTER_CUTOFF,636.9,N
8227,100011.3,2026-07-11,,2026-07-11 06:27:05,OUT_OF_WINDOW,NO_CHECKIN,,N
8248,100012.3,2026-07-11,,2026-07-11 07:57:08,OUT_OF_WINDOW,AFTER_CUTOFF,1017.1,N
8249,100055.3,2026-07-11,,2026-07-11 08:07:14,OUT_OF_WINDOW,AFTER_CUTOFF,757.2,N
8269,100011.3,2026-07-11,,2026-07-11 08:35:38,OUT_OF_WINDOW,NO_CHECKIN,,N
8271,100011.3,2026-07-11,,2026-07-11 10:40:25,OUT_OF_WINDOW,NO_CHECKIN,,N
8279,100015.3,2026-07-11,,2026-07-11 11:45:05,OUT_OF_WINDOW,NO_CHECKIN,,N
8284,100046.3,2026-07-11,,2026-07-11 07:13:39,OUT_OF_WINDOW,NO_CHECKIN,,N
8286,100046.3,2026-07-11,,2026-07-11 07:13:48,OUT_OF_WINDOW,NO_CHECKIN,,N
8289,100046.3,2026-07-11,,2026-07-11 09:33:52,OUT_OF_WINDOW,NO_CHECKIN,,N
8293,100046.3,2026-07-11,,2026-07-11 11:34:02,OUT_OF_WINDOW,NO_CHECKIN,,N
8298,100046.3,2026-07-11,,2026-07-11 13:34:24,OUT_OF_WINDOW,NO_CHECKIN,,N
8316,100071.3,2026-07-11,,2026-07-11 14:36:37,OUT_OF_WINDOW,AFTER_CHECKOUT,111.6,N
8353,100091.3,2026-07-11,,2026-07-11 15:54:28,OUT_OF_WINDOW,AFTER_CUTOFF,114.5,N
8355,100084.3,2026-07-11,,2026-07-11 16:02:46,OUT_OF_WINDOW,AFTER_CUTOFF,122.8,N
8357,100068.3,2026-07-11,,2026-07-11 16:36:07,OUT_OF_WINDOW,AFTER_CHECKOUT,108.1,N
8366,100091.3,2026-07-11,,2026-07-11 17:54:46,OUT_OF_WINDOW,AFTER_CUTOFF,234.8,N
8367,100080.3,2026-07-11,,2026-07-11 09:35:19,OUT_OF_WINDOW,AFTER_CUTOFF,1175.3,N
8369,100080.3,2026-07-11,,2026-07-11 11:47:42,OUT_OF_WINDOW,AFTER_CUTOFF,1307.7,N
8372,100080.3,2026-07-11,,2026-07-11 13:59:00,OUT_OF_WINDOW,AFTER_CUTOFF,1439,N
8376,100080.3,2026-07-11,,2026-07-11 16:01:38,OUT_OF_WINDOW,AFTER_CUTOFF,1561.6,N
8378,100046.3,2026-07-11,,2026-07-11 16:06:10,OUT_OF_WINDOW,NO_CHECKIN,,N
8380,100046.3,2026-07-11,,2026-07-11 18:06:16,OUT_OF_WINDOW,NO_CHECKIN,,N
8381,100080.3,2026-07-11,,2026-07-11 18:02:06,OUT_OF_WINDOW,AFTER_CUTOFF,1682.1,N
8382,100012.3,2026-07-11,,2026-07-11 18:29:28,OUT_OF_WINDOW,AFTER_CUTOFF,1649.5,N
8385,100091.3,2026-07-12,,2026-07-11 19:55:19,OUT_OF_WINDOW,AFTER_CUTOFF,355.3,N
8386,100046.3,2026-07-12,,2026-07-11 20:06:18,OUT_OF_WINDOW,NO_CHECKIN,,N
8387,100011.3,2026-07-11,,2026-07-11 12:50:04,OUT_OF_WINDOW,NO_CHECKIN,,N
8389,100011.3,2026-07-11,,2026-07-11 14:57:53,OUT_OF_WINDOW,NO_CHECKIN,,N
8392,100011.3,2026-07-11,,2026-07-11 17:25:50,OUT_OF_WINDOW,NO_CHECKIN,,N
8396,100011.3,2026-07-12,,2026-07-11 20:12:47,OUT_OF_WINDOW,NO_CHECKIN,,N
8397,100068.3,2026-07-12,,2026-07-11 20:54:53,OUT_OF_WINDOW,AFTER_CHECKOUT,366.9,N
8398,100091.3,2026-07-12,,2026-07-11 21:56:38,OUT_OF_WINDOW,AFTER_CUTOFF,476.6,N
8399,100068.3,2026-07-12,,2026-07-11 22:54:57,OUT_OF_WINDOW,AFTER_CHECKOUT,487,N
8400,100046.3,2026-07-12,,2026-07-11 23:02:26,OUT_OF_WINDOW,NO_CHECKIN,,N
8401,100011.3,2026-07-12,,2026-07-11 23:09:52,OUT_OF_WINDOW,NO_CHECKIN,,N
8402,100091.3,2026-07-12,,2026-07-11 23:57:03,OUT_OF_WINDOW,AFTER_CUTOFF,597.1,N
8403,100068.3,2026-07-12,,2026-07-12 00:54:59,OUT_OF_WINDOW,AFTER_CHECKOUT,607,N
8404,100046.3,2026-07-12,,2026-07-12 01:04:47,OUT_OF_WINDOW,NO_CHECKIN,,N
8405,100011.3,2026-07-12,,2026-07-12 01:10:26,OUT_OF_WINDOW,NO_CHECKIN,,N
8407,100067.3,2026-07-12,,2026-07-12 01:18:46,OUT_OF_WINDOW,AFTER_CUTOFF,678.8,N
8409,100091.3,2026-07-12,,2026-07-12 01:57:20,OUT_OF_WINDOW,AFTER_CUTOFF,717.3,N
8411,100064.3,2026-07-12,,2026-07-12 02:08:40,OUT_OF_WINDOW,NO_CHECKIN,,N
8415,100068.3,2026-07-12,,2026-07-12 03:04:28,OUT_OF_WINDOW,AFTER_CHECKOUT,736.5,N
8417,100046.3,2026-07-12,,2026-07-12 03:05:38,OUT_OF_WINDOW,NO_CHECKIN,,N
8418,100080.3,2026-07-11,,2026-07-11 18:47:07,OUT_OF_WINDOW,AFTER_CUTOFF,1727.1,N
8427,100091.3,2026-07-12,,2026-07-12 04:00:36,OUT_OF_WINDOW,AFTER_CUTOFF,840.6,N
8431,100068.3,2026-07-12,,2026-07-12 05:04:36,OUT_OF_WINDOW,AFTER_CHECKOUT,856.6,N
8432,100011.3,2026-07-12,,2026-07-12 05:11:40,OUT_OF_WINDOW,NO_CHECKIN,,N
8433,100046.3,2026-07-12,,2026-07-12 05:20:28,OUT_OF_WINDOW,NO_CHECKIN,,N
8436,100015.3,2026-07-12,,2026-07-12 06:20:25,OUT_OF_WINDOW,NO_CHECKIN,,N
8438,100068.3,2026-07-12,,2026-07-12 07:05:05,OUT_OF_WINDOW,AFTER_CHECKOUT,977.1,N
8442,100028.3,2026-07-12,,2026-07-12 08:11:12,OUT_OF_WINDOW,NO_CHECKIN,,N
8443,100011.3,2026-07-12,,2026-07-12 08:39:22,OUT_OF_WINDOW,NO_CHECKIN,,N
8444,100068.3,2026-07-12,,2026-07-12 09:11:25,OUT_OF_WINDOW,AFTER_CHECKOUT,1103.4,N
8445,100046.3,2026-07-12,,2026-07-12 09:29:47,OUT_OF_WINDOW,NO_CHECKIN,,N
8451,100068.3,2026-07-12,,2026-07-12 11:58:21,OUT_OF_WINDOW,AFTER_CHECKOUT,1270.4,N
8454,100055.3,2026-07-11,,2026-07-11 10:12:39,OUT_OF_WINDOW,AFTER_CUTOFF,882.7,N
8456,100055.3,2026-07-12,,2026-07-12 07:14:26,OUT_OF_WINDOW,NO_CHECKIN,,N
8459,100055.3,2026-07-12,,2026-07-12 09:16:46,OUT_OF_WINDOW,NO_CHECKIN,,N
8463,100055.3,2026-07-12,,2026-07-12 11:19:24,OUT_OF_WINDOW,NO_CHECKIN,,N
8468,100055.3,2026-07-12,,2026-07-12 13:22:25,OUT_OF_WINDOW,NO_CHECKIN,,N
8469,100046.3,2026-07-12,,2026-07-12 11:34:58,OUT_OF_WINDOW,NO_CHECKIN,,N
8471,100046.3,2026-07-12,,2026-07-12 13:49:22,OUT_OF_WINDOW,NO_CHECKIN,,N
8472,100068.3,2026-07-12,,2026-07-12 14:02:16,OUT_OF_WINDOW,AFTER_CHECKOUT,1394.3,N
8477,100011.3,2026-07-12,,2026-07-12 10:51:35,OUT_OF_WINDOW,NO_CHECKIN,,N
8479,100011.3,2026-07-12,,2026-07-12 12:53:34,OUT_OF_WINDOW,NO_CHECKIN,,N
8482,100011.3,2026-07-12,,2026-07-12 15:00:19,OUT_OF_WINDOW,NO_CHECKIN,,N
8483,100067.3,2026-07-12,,2026-07-12 15:11:07,OUT_OF_WINDOW,AFTER_CUTOFF,1511.1,N
8486,100001.1,2026-07-12,,2026-07-12 15:17:01,OUT_OF_WINDOW,NO_CHECKIN,,N
8487,100046.3,2026-07-12,,2026-07-12 15:51:40,OUT_OF_WINDOW,NO_CHECKIN,,N
8488,100068.3,2026-07-12,,2026-07-12 16:02:33,OUT_OF_WINDOW,AFTER_CHECKOUT,1514.6,N
8490,100080.3,2026-07-12,,2026-07-12 08:15:43,OUT_OF_WINDOW,NO_CHECKIN,,N
8492,100080.3,2026-07-12,,2026-07-12 10:19:59,OUT_OF_WINDOW,NO_CHECKIN,,N
8495,100080.3,2026-07-12,,2026-07-12 12:34:26,OUT_OF_WINDOW,NO_CHECKIN,,N
8499,100080.3,2026-07-12,,2026-07-12 14:35:45,OUT_OF_WINDOW,NO_CHECKIN,,N
8504,100046.3,2026-07-12,,2026-07-12 18:08:04,OUT_OF_WINDOW,NO_CHECKIN,,N
8505,100068.3,2026-07-12,,2026-07-12 18:20:53,OUT_OF_WINDOW,AFTER_CHECKOUT,1652.9,N
8506,100091.3,2026-07-12,,2026-07-12 06:09:46,OUT_OF_WINDOW,AFTER_CUTOFF,969.8,N
8508,100091.3,2026-07-12,,2026-07-12 18:50:35,OUT_OF_WINDOW,AFTER_CUTOFF,1730.6,N
8509,100011.3,2026-07-12,,2026-07-12 17:02:46,OUT_OF_WINDOW,NO_CHECKIN,,N
8511,100011.3,2026-07-13,,2026-07-12 19:03:09,OUT_OF_WINDOW,BEFORE_CHECKIN,739.9,N
8512,100068.3,2026-07-13,,2026-07-12 20:20:58,OUT_OF_WINDOW,BEFORE_CHECKIN,394,N
8513,100091.3,2026-07-13,,2026-07-12 20:51:35,OUT_OF_WINDOW,BEFORE_CHECKIN,407.4,N
8514,100011.3,2026-07-13,,2026-07-12 21:10:46,OUT_OF_WINDOW,BEFORE_CHECKIN,612.2,N
8515,100055.3,2026-07-12,,2026-07-12 15:28:59,OUT_OF_WINDOW,NO_CHECKIN,,N
8517,100055.3,2026-07-12,,2026-07-12 17:47:08,OUT_OF_WINDOW,NO_CHECKIN,,N
8520,100055.3,2026-07-13,,2026-07-12 21:26:01,OUT_OF_WINDOW,BEFORE_CHECKIN,426,N
8521,100068.3,2026-07-13,,2026-07-12 22:21:00,OUT_OF_WINDOW,BEFORE_CHECKIN,274,N
8522,100091.3,2026-07-13,,2026-07-12 22:51:42,OUT_OF_WINDOW,BEFORE_CHECKIN,287.3,N
8523,100046.3,2026-07-13,,2026-07-12 21:10:49,OUT_OF_WINDOW,BEFORE_CHECKIN,417.2,N
8525,100046.3,2026-07-13,,2026-07-12 23:12:51,OUT_OF_WINDOW,BEFORE_CHECKIN,295.2,N
8526,100011.3,2026-07-13,,2026-07-12 23:54:09,OUT_OF_WINDOW,BEFORE_CHECKIN,448.9,N
8527,100068.3,2026-07-13,,2026-07-13 00:24:42,OUT_OF_WINDOW,BEFORE_CHECKIN,150.3,N
8528,100046.3,2026-07-13,,2026-07-13 01:15:58,OUT_OF_WINDOW,BEFORE_CHECKIN,172,N
8530,100011.3,2026-07-13,,2026-07-13 02:00:09,OUT_OF_WINDOW,BEFORE_CHECKIN,322.9,N
8533,100068.3,2026-07-13,,2026-07-13 02:27:27,OUT_OF_WINDOW,BEFORE_CHECKIN,27.6,N
8551,100091.3,2026-07-13,,2026-07-13 00:52:49,OUT_OF_WINDOW,BEFORE_CHECKIN,166.2,N
8553,100091.3,2026-07-13,,2026-07-13 02:57:10,OUT_OF_WINDOW,BEFORE_CHECKIN,41.8,N
8556,100048.3,2026-07-13,,2026-07-13 02:59:13,OUT_OF_WINDOW,NO_CHECKIN,,N
8557,100084.3,2026-07-12,,2026-07-12 16:37:13,OUT_OF_WINDOW,AFTER_CUTOFF,1597.2,N
8576,100058.2,2026-07-13,,2026-07-13 03:57:50,OUT_OF_WINDOW,NO_CHECKIN,,N
8577,100096.3,2026-07-13,,2026-07-13 03:57:48,OUT_OF_WINDOW,BEFORE_CHECKIN,736.2,N
8579,100096.3,2026-07-13,,2026-07-13 03:57:49,OUT_OF_WINDOW,BEFORE_CHECKIN,736.2,N
8583,100058.2,2026-07-13,,2026-07-13 04:03:39,OUT_OF_WINDOW,NO_CHECKIN,,N
8585,100015.3,2026-07-13,,2026-07-13 04:04:14,OUT_OF_WINDOW,NO_CHECKIN,,N
8591,100046.3,2026-07-13,,2026-07-13 03:43:55,OUT_OF_WINDOW,BEFORE_CHECKIN,24.1,N
8603,100055.3,2026-07-13,,2026-07-13 02:24:41,OUT_OF_WINDOW,BEFORE_CHECKIN,127.3,N
8605,100011.3,2026-07-13,,2026-07-13 04:32:21,OUT_OF_WINDOW,BEFORE_CHECKIN,170.7,N
8610,100041.3,2026-07-13,,2026-07-13 04:35:53,OUT_OF_WINDOW,BEFORE_CHECKIN,4.1,N
8622,100014.2,2026-07-13,,2026-07-13 04:54:33,OUT_OF_WINDOW,BEFORE_CHECKIN,9.5,N
8625,100044.2,2026-07-13,,2026-07-13 05:01:54,OUT_OF_WINDOW,BEFORE_CHECKIN,18.1,N
8663,100011.3,2026-07-13,,2026-07-13 06:40:30,OUT_OF_WINDOW,BEFORE_CHECKIN,42.5,N
8686,100028.3,2026-07-12,,2026-07-12 08:11:12,OUT_OF_WINDOW,NO_CHECKIN,,N
8702,100015.3,2026-07-13,,2026-07-13 08:17:37,OUT_OF_WINDOW,NO_CHECKIN,,N
8704,100015.3,2026-07-13,,2026-07-13 10:18:46,OUT_OF_WINDOW,NO_CHECKIN,,N
8712,100015.3,2026-07-13,,2026-07-13 12:19:40,OUT_OF_WINDOW,NO_CHECKIN,,N
8743,100015.3,2026-07-13,,2026-07-13 14:20:27,OUT_OF_WINDOW,NO_CHECKIN,,N
8745,100126.3,2026-07-13,,2026-07-13 12:28:11,OUT_OF_WINDOW,AFTER_CHECKOUT,7.2,N
8747,100126.3,2026-07-13,,2026-07-13 14:28:36,OUT_OF_WINDOW,AFTER_CHECKOUT,127.6,N
8775,100091.3,2026-07-13,,2026-07-13 15:35:17,OUT_OF_WINDOW,AFTER_CHECKOUT,6.3,N
8781,100096.3,2026-07-13,,2026-07-13 16:14:52,OUT_OF_WINDOW,AFTER_CUTOFF,134.9,N
8782,100015.3,2026-07-13,,2026-07-13 16:24:42,OUT_OF_WINDOW,NO_CHECKIN,,N
8783,100084.3,2026-07-13,,2026-07-13 03:50:21,OUT_OF_WINDOW,NO_CHECKIN,,N
8785,100084.3,2026-07-13,,2026-07-13 06:08:36,OUT_OF_WINDOW,NO_CHECKIN,,N
8788,100084.3,2026-07-13,,2026-07-13 08:09:39,OUT_OF_WINDOW,NO_CHECKIN,,N
8792,100084.3,2026-07-13,,2026-07-13 10:10:51,OUT_OF_WINDOW,NO_CHECKIN,,N
8797,100084.3,2026-07-13,,2026-07-13 12:10:57,OUT_OF_WINDOW,NO_CHECKIN,,N
8803,100084.3,2026-07-13,,2026-07-13 14:20:19,OUT_OF_WINDOW,NO_CHECKIN,,N
8810,100084.3,2026-07-13,,2026-07-13 16:25:11,OUT_OF_WINDOW,NO_CHECKIN,,N
8830,100064.3,2026-07-13,,2026-07-13 15:24:39,OUT_OF_WINDOW,AFTER_CUTOFF,84.7,N
8833,100064.3,2026-07-13,,2026-07-13 17:25:12,OUT_OF_WINDOW,AFTER_CUTOFF,205.2,N
8835,100091.3,2026-07-13,,2026-07-13 15:35:17,OUT_OF_WINDOW,AFTER_CHECKOUT,6.3,N
8837,100091.3,2026-07-13,,2026-07-13 17:35:32,OUT_OF_WINDOW,AFTER_CHECKOUT,126.5,N
8838,100013.2,2026-07-13,,2026-07-13 17:50:32,OUT_OF_WINDOW,AFTER_CUTOFF,110.5,N
8839,100028.3,2026-07-13,,2026-07-13 18:00:38,OUT_OF_WINDOW,AFTER_CUTOFF,240.6,N
8840,100011.3,2026-07-13,,2026-07-13 16:00:34,OUT_OF_WINDOW,AFTER_CUTOFF,60.6,N
8842,100011.3,2026-07-13,,2026-07-13 18:04:32,OUT_OF_WINDOW,AFTER_CUTOFF,184.5,N
8856,100047.3,2026-07-14,,2026-07-13 19:01:43,OUT_OF_WINDOW,AFTER_CUTOFF,61.7,N
8857,100004.2,2026-07-14,,2026-07-13 19:10:16,OUT_OF_WINDOW,AFTER_CUTOFF,190.3,N
8858,100004.2,2026-07-14,,2026-07-13 19:10:16,OUT_OF_WINDOW,AFTER_CUTOFF,190.3,N
8859,100064.3,2026-07-14,,2026-07-13 19:25:35,OUT_OF_WINDOW,BEFORE_CHECKIN,323.4,N
8860,100084.3,2026-07-14,,2026-07-13 19:27:48,OUT_OF_WINDOW,BEFORE_CHECKIN,490.2,N
8861,100091.3,2026-07-14,,2026-07-13 19:35:40,OUT_OF_WINDOW,AFTER_CHECKOUT,246.7,N
8862,100011.3,2026-07-14,,2026-07-13 20:04:55,OUT_OF_WINDOW,AFTER_CUTOFF,304.9,N
8865,100046.3,2026-07-13,,2026-07-13 18:23:54,OUT_OF_WINDOW,AFTER_CUTOFF,23.9,N
8868,100046.3,2026-07-14,,2026-07-13 20:25:24,OUT_OF_WINDOW,AFTER_CUTOFF,145.4,N
8869,100064.3,2026-07-14,,2026-07-13 21:35:56,OUT_OF_WINDOW,BEFORE_CHECKIN,193.1,N
8870,100091.3,2026-07-14,,2026-07-13 21:36:15,OUT_OF_WINDOW,AFTER_CHECKOUT,367.3,N
8871,100011.3,2026-07-14,,2026-07-13 22:05:48,OUT_OF_WINDOW,AFTER_CUTOFF,425.8,N
8872,100091.3,2026-07-14,,2026-07-13 23:36:47,OUT_OF_WINDOW,AFTER_CHECKOUT,487.8,N
8873,100064.3,2026-07-14,,2026-07-13 23:49:19,OUT_OF_WINDOW,BEFORE_CHECKIN,59.7,N
8874,100046.3,2026-07-14,,2026-07-13 23:58:10,OUT_OF_WINDOW,BEFORE_CHECKIN,250.8,N
8877,100011.3,2026-07-14,,2026-07-14 01:06:30,OUT_OF_WINDOW,AFTER_CUTOFF,606.5,N
8878,100091.3,2026-07-14,,2026-07-13 23:36:47,OUT_OF_WINDOW,AFTER_CHECKOUT,487.8,N
8880,100091.3,2026-07-14,,2026-07-14 01:41:52,OUT_OF_WINDOW,AFTER_CHECKOUT,612.9,N
8881,100046.3,2026-07-14,,2026-07-14 01:59:59,OUT_OF_WINDOW,BEFORE_CHECKIN,129,N
8897,100057.3,2026-07-14,,2026-07-14 03:26:26,OUT_OF_WINDOW,AFTER_CUTOFF,476.4,N
8905,100091.3,2026-07-14,,2026-07-14 03:42:14,OUT_OF_WINDOW,BEFORE_CHECKIN,660.8,N
8915,100058.2,2026-07-14,,2026-07-14 04:02:24,OUT_OF_WINDOW,BEFORE_CHECKIN,776.6,N
8916,100058.2,2026-07-14,,2026-07-14 04:02:24,OUT_OF_WINDOW,BEFORE_CHECKIN,776.6,N
8917,100046.3,2026-07-14,,2026-07-14 04:03:20,OUT_OF_WINDOW,BEFORE_CHECKIN,5.7,N
8928,100011.3,2026-07-14,,2026-07-14 04:24:42,OUT_OF_WINDOW,AFTER_CUTOFF,804.7,N
9013,100011.3,2026-07-14,,2026-07-14 06:25:13,OUT_OF_WINDOW,AFTER_CUTOFF,925.2,N
9015,100011.3,2026-07-14,,2026-07-14 08:26:34,OUT_OF_WINDOW,AFTER_CUTOFF,1046.6,N
9016,100055.3,2026-07-14,,2026-07-14 03:07:35,OUT_OF_WINDOW,AFTER_CUTOFF,457.6,N
9018,100055.3,2026-07-14,,2026-07-14 08:53:26,OUT_OF_WINDOW,AFTER_CUTOFF,803.4,N
9027,100011.3,2026-07-14,,2026-07-14 10:26:55,OUT_OF_WINDOW,AFTER_CUTOFF,1166.9,N
9055,100011.3,2026-07-14,,2026-07-14 12:28:43,OUT_OF_WINDOW,AFTER_CUTOFF,1288.7,N
9079,100083.3,2026-07-14,,2026-07-14 14:22:09,OUT_OF_WINDOW,AFTER_CUTOFF,22.2,N
9080,100011.3,2026-07-14,,2026-07-14 14:29:41,OUT_OF_WINDOW,AFTER_CUTOFF,1409.7,N
9082,100091.3,2026-07-14,,2026-07-14 07:01:22,OUT_OF_WINDOW,BEFORE_CHECKIN,461.6,N
9084,100091.3,2026-07-14,,2026-07-14 09:10:26,OUT_OF_WINDOW,BEFORE_CHECKIN,332.6,N
9087,100091.3,2026-07-14,,2026-07-14 11:10:31,OUT_OF_WINDOW,BEFORE_CHECKIN,212.5,N
9091,100091.3,2026-07-14,,2026-07-14 13:30:25,OUT_OF_WINDOW,BEFORE_CHECKIN,72.6,N
9092,100091.3,2026-07-14,,2026-07-14 14:43:37,OUT_OF_WINDOW,AFTER_CUTOFF,43.6,N
9093,100091.3,2026-07-14,,2026-07-14 14:49:22,OUT_OF_WINDOW,AFTER_CUTOFF,49.4,N
9095,100055.3,2026-07-14,,2026-07-14 12:56:41,OUT_OF_WINDOW,AFTER_CUTOFF,1046.7,N
9097,100055.3,2026-07-14,,2026-07-14 15:02:07,OUT_OF_WINDOW,AFTER_CUTOFF,1172.1,N
9100,100055.3,2026-07-14,,2026-07-14 15:02:38,OUT_OF_WINDOW,AFTER_CUTOFF,1172.6,N
9105,100011.3,2026-07-14,,2026-07-14 16:32:52,OUT_OF_WINDOW,AFTER_CUTOFF,1532.9,N
9107,100091.3,2026-07-14,,2026-07-14 16:54:31,OUT_OF_WINDOW,AFTER_CUTOFF,174.5,N
9108,100058.2,2026-07-14,,2026-07-14 16:59:45,OUT_OF_WINDOW,AFTER_CUTOFF,59.8,N
9112,100084.3,2026-07-14,,2026-07-14 14:59:52,OUT_OF_WINDOW,AFTER_CUTOFF,59.9,N
9115,100084.3,2026-07-14,,2026-07-14 17:00:17,OUT_OF_WINDOW,AFTER_CUTOFF,180.3,N
9123,100078.3,2026-07-14,,2026-07-14 17:36:13,OUT_OF_WINDOW,AFTER_CUTOFF,216.2,N
9127,100046.3,2026-07-14,,2026-07-14 18:32:38,OUT_OF_WINDOW,AFTER_CUTOFF,32.6,N
9128,100011.3,2026-07-14,,2026-07-14 18:39:19,OUT_OF_WINDOW,AFTER_CUTOFF,1659.3,N
9130,100091.3,2026-07-14,,2026-07-14 18:55:54,OUT_OF_WINDOW,AFTER_CUTOFF,295.9,N
9131,100046.3,2026-07-15,,2026-07-14 20:34:16,OUT_OF_WINDOW,AFTER_CUTOFF,154.3,N
9132,100011.3,2026-07-15,,2026-07-14 20:42:28,OUT_OF_WINDOW,NO_CHECKIN,,N
9133,100091.3,2026-07-14,,2026-07-14 18:55:54,OUT_OF_WINDOW,AFTER_CUTOFF,295.9,N
9135,100091.3,2026-07-15,,2026-07-14 20:56:16,OUT_OF_WINDOW,AFTER_CUTOFF,416.3,N
9136,100013.2,2026-07-15,,2026-07-14 21:57:14,OUT_OF_WINDOW,AFTER_CUTOFF,357.2,N
9137,100011.3,2026-07-15,,2026-07-14 22:45:17,OUT_OF_WINDOW,NO_CHECKIN,,N
9138,100091.3,2026-07-15,,2026-07-14 22:56:52,OUT_OF_WINDOW,AFTER_CUTOFF,536.9,N
9139,100046.3,2026-07-15,,2026-07-14 23:13:38,OUT_OF_WINDOW,AFTER_CUTOFF,313.6,N
9140,100064.3,2026-07-14,,2026-07-14 13:07:02,OUT_OF_WINDOW,AFTER_CHECKOUT,21,N
9142,100064.3,2026-07-15,,2026-07-15 00:16:48,OUT_OF_WINDOW,BEFORE_CHECKIN,35.2,N
9144,100091.3,2026-07-15,,2026-07-15 00:57:04,OUT_OF_WINDOW,AFTER_CUTOFF,657.1,N
9147,100046.3,2026-07-15,,2026-07-15 01:13:52,OUT_OF_WINDOW,BEFORE_CHECKIN,204.1,N
9157,100011.3,2026-07-15,,2026-07-15 02:28:47,OUT_OF_WINDOW,NO_CHECKIN,,N
9158,100057.3,2026-07-14,,2026-07-14 15:29:26,OUT_OF_WINDOW,AFTER_CUTOFF,1199.4,N
9160,100057.3,2026-07-15,,2026-07-15 02:34:33,OUT_OF_WINDOW,BEFORE_CHECKIN,313.5,N
9166,100091.3,2026-07-15,,2026-07-15 02:57:16,OUT_OF_WINDOW,AFTER_CUTOFF,777.3,N
9177,100046.3,2026-07-15,,2026-07-15 03:19:08,OUT_OF_WINDOW,BEFORE_CHECKIN,78.9,N
9206,100055.3,2026-07-14,,2026-07-14 12:56:41,OUT_OF_WINDOW,AFTER_CUTOFF,1046.7,N
9208,100055.3,2026-07-14,,2026-07-14 15:02:07,OUT_OF_WINDOW,AFTER_CUTOFF,1172.1,N
9211,100055.3,2026-07-14,,2026-07-14 15:02:38,OUT_OF_WINDOW,AFTER_CUTOFF,1172.6,N
9215,100055.3,2026-07-15,,2026-07-14 19:24:55,OUT_OF_WINDOW,NO_CHECKIN,,N
9220,100055.3,2026-07-15,,2026-07-14 23:49:59,OUT_OF_WINDOW,NO_CHECKIN,,N
9226,100055.3,2026-07-15,,2026-07-15 04:29:29,OUT_OF_WINDOW,NO_CHECKIN,,N
9228,100011.3,2026-07-15,,2026-07-15 04:31:14,OUT_OF_WINDOW,NO_CHECKIN,,N
9281,100011.3,2026-07-15,,2026-07-15 06:48:26,OUT_OF_WINDOW,NO_CHECKIN,,N
9303,100011.3,2026-07-15,,2026-07-15 08:50:58,OUT_OF_WINDOW,NO_CHECKIN,,N
9319,100011.3,2026-07-15,,2026-07-15 10:51:29,OUT_OF_WINDOW,NO_CHECKIN,,N
9326,100126.3,2026-07-15,,2026-07-15 12:14:00,OUT_OF_WINDOW,AFTER_CHECKOUT,22,N
9357,100084.3,2026-07-15,,2026-07-15 14:34:55,OUT_OF_WINDOW,AFTER_CUTOFF,34.9,N
9360,100011.3,2026-07-15,,2026-07-15 14:57:26,OUT_OF_WINDOW,NO_CHECKIN,,N
9362,100064.3,2026-07-15,,2026-07-15 12:50:17,OUT_OF_WINDOW,AFTER_CHECKOUT,5.3,N
9364,100064.3,2026-07-15,,2026-07-15 15:01:14,OUT_OF_WINDOW,AFTER_CHECKOUT,136.2,N
9367,100091.3,2026-07-15,,2026-07-15 05:00:10,OUT_OF_WINDOW,AFTER_CUTOFF,900.2,N
9369,100091.3,2026-07-15,,2026-07-15 07:00:26,OUT_OF_WINDOW,AFTER_CUTOFF,1020.4,N
9372,100091.3,2026-07-15,,2026-07-15 09:00:30,OUT_OF_WINDOW,AFTER_CUTOFF,1140.5,N
9376,100091.3,2026-07-15,,2026-07-15 11:00:42,OUT_OF_WINDOW,AFTER_CUTOFF,1260.7,N
9381,100091.3,2026-07-15,,2026-07-15 13:31:02,OUT_OF_WINDOW,AFTER_CUTOFF,1411,N
9387,100091.3,2026-07-15,,2026-07-15 15:31:06,OUT_OF_WINDOW,AFTER_CUTOFF,1531.1,N
9388,100055.3,2026-07-15,,2026-07-15 10:59:39,OUT_OF_WINDOW,NO_CHECKIN,,N
9390,100055.3,2026-07-15,,2026-07-15 13:40:06,OUT_OF_WINDOW,NO_CHECKIN,,N
9393,100055.3,2026-07-15,,2026-07-15 15:41:22,OUT_OF_WINDOW,NO_CHECKIN,,N
9394,100091.3,2026-07-15,,2026-07-15 05:00:10,OUT_OF_WINDOW,AFTER_CUTOFF,900.2,N
9396,100091.3,2026-07-15,,2026-07-15 07:00:26,OUT_OF_WINDOW,AFTER_CUTOFF,1020.4,N
9399,100091.3,2026-07-15,,2026-07-15 09:00:30,OUT_OF_WINDOW,AFTER_CUTOFF,1140.5,N
9403,100091.3,2026-07-15,,2026-07-15 11:00:42,OUT_OF_WINDOW,AFTER_CUTOFF,1260.7,N
9408,100091.3,2026-07-15,,2026-07-15 13:31:02,OUT_OF_WINDOW,AFTER_CUTOFF,1411,N
9414,100091.3,2026-07-15,,2026-07-15 15:31:06,OUT_OF_WINDOW,AFTER_CUTOFF,1531.1,N
9421,100064.3,2026-07-15,,2026-07-15 17:01:45,OUT_OF_WINDOW,AFTER_CHECKOUT,256.8,N
9422,100084.3,2026-07-15,,2026-07-14 19:11:13,OUT_OF_WINDOW,AFTER_CUTOFF,311.2,N
9424,100084.3,2026-07-15,,2026-07-15 17:02:31,OUT_OF_WINDOW,AFTER_CUTOFF,182.5,N
9426,100011.3,2026-07-15,,2026-07-15 17:06:22,OUT_OF_WINDOW,NO_CHECKIN,,N
9429,100055.3,2026-07-15,,2026-07-15 17:42:50,OUT_OF_WINDOW,NO_CHECKIN,,N
9433,100047.3,2026-07-15,,2026-07-15 18:46:33,OUT_OF_WINDOW,AFTER_CUTOFF,46.6,N
9434,100046.3,2026-07-16,,2026-07-15 19:02:59,OUT_OF_WINDOW,AFTER_CUTOFF,63,N
9435,100084.3,2026-07-16,,2026-07-15 19:03:34,OUT_OF_WINDOW,AFTER_CUTOFF,303.6,N
9436,100011.3,2026-07-16,,2026-07-15 19:17:57,OUT_OF_WINDOW,NO_CHECKIN,,N
9437,100055.3,2026-07-16,,2026-07-15 19:51:38,OUT_OF_WINDOW,NO_CHECKIN,,N
9438,100064.3,2026-07-16,,2026-07-15 21:08:20,OUT_OF_WINDOW,AFTER_CHECKOUT,503.3,N
9439,100011.3,2026-07-16,,2026-07-15 21:28:05,OUT_OF_WINDOW,NO_CHECKIN,,N
9440,100047.3,2026-07-16,,2026-07-15 21:42:48,OUT_OF_WINDOW,AFTER_CUTOFF,222.8,N
9441,100091.3,2026-07-15,,2026-07-15 17:42:04,OUT_OF_WINDOW,AFTER_CUTOFF,1662.1,N
9443,100091.3,2026-07-16,,2026-07-15 19:42:18,OUT_OF_WINDOW,NO_CHECKIN,,N
9446,100091.3,2026-07-16,,2026-07-15 21:43:52,OUT_OF_WINDOW,NO_CHECKIN,,N
9447,100064.3,2026-07-16,,2026-07-15 23:08:21,OUT_OF_WINDOW,AFTER_CHECKOUT,623.4,N
9448,100011.3,2026-07-16,,2026-07-15 23:58:01,OUT_OF_WINDOW,NO_CHECKIN,,N
9449,100046.3,2026-07-16,,2026-07-15 21:38:29,OUT_OF_WINDOW,AFTER_CUTOFF,218.5,N
9451,100046.3,2026-07-16,,2026-07-16 00:40:58,OUT_OF_WINDOW,AFTER_CUTOFF,401,N
9452,100064.3,2026-07-16,,2026-07-16 01:13:00,OUT_OF_WINDOW,AFTER_CHECKOUT,748,N
9453,100091.3,2026-07-16,,2026-07-15 23:45:13,OUT_OF_WINDOW,NO_CHECKIN,,N
9455,100091.3,2026-07-16,,2026-07-16 01:46:40,OUT_OF_WINDOW,NO_CHECKIN,,N
9456,100011.3,2026-07-16,,2026-07-16 02:01:03,OUT_OF_WINDOW,NO_CHECKIN,,N
9475,100046.3,2026-07-16,,2026-07-16 03:13:41,OUT_OF_WINDOW,BEFORE_CHECKIN,357.3,N
9476,100064.3,2026-07-16,,2026-07-16 03:13:51,OUT_OF_WINDOW,AFTER_CHECKOUT,868.9,N
9495,100011.3,2026-07-16,,2026-07-16 04:20:28,OUT_OF_WINDOW,NO_CHECKIN,,N
9497,100124.3,2026-07-15,,2026-07-15 04:17:27,OUT_OF_WINDOW,BEFORE_CHECKIN,9.6,N
9525,100013.3,2026-07-16,,2026-07-16 05:13:12,OUT_OF_WINDOW,NO_CHECKIN,,N
9536,100064.3,2026-07-16,,2026-07-16 05:22:24,OUT_OF_WINDOW,AFTER_CHECKOUT,997.4,N
9538,100046.3,2026-07-16,,2026-07-16 05:23:02,OUT_OF_WINDOW,BEFORE_CHECKIN,228,N
9548,100011.3,2026-07-16,,2026-07-16 06:21:54,OUT_OF_WINDOW,NO_CHECKIN,,N
9565,100064.3,2026-07-16,,2026-07-16 07:27:43,OUT_OF_WINDOW,AFTER_CHECKOUT,1122.7,N
9568,100046.3,2026-07-16,,2026-07-16 07:41:18,OUT_OF_WINDOW,BEFORE_CHECKIN,89.7,N
9575,100011.3,2026-07-16,,2026-07-16 08:22:07,OUT_OF_WINDOW,NO_CHECKIN,,N
9577,100055.3,2026-07-16,,2026-07-15 22:08:15,OUT_OF_WINDOW,NO_CHECKIN,,N
9579,100055.3,2026-07-16,,2026-07-16 00:08:57,OUT_OF_WINDOW,NO_CHECKIN,,N
9582,100055.3,2026-07-16,,2026-07-16 02:19:08,OUT_OF_WINDOW,NO_CHECKIN,,N
9586,100055.3,2026-07-16,,2026-07-16 04:20:22,OUT_OF_WINDOW,NO_CHECKIN,,N
9591,100055.3,2026-07-16,,2026-07-16 06:46:34,OUT_OF_WINDOW,NO_CHECKIN,,N
9597,100055.3,2026-07-16,,2026-07-16 09:05:42,OUT_OF_WINDOW,NO_CHECKIN,,N
9639,100064.3,2026-07-16,,2026-07-16 09:39:58,OUT_OF_WINDOW,AFTER_CHECKOUT,1255,N
9641,100064.3,2026-07-16,,2026-07-16 11:40:31,OUT_OF_WINDOW,AFTER_CHECKOUT,1375.5,N
9644,100126.3,2026-07-16,,2026-07-16 12:17:25,OUT_OF_WINDOW,AFTER_CHECKOUT,10.4,N
9650,100064.3,2026-07-16,,2026-07-16 13:40:32,OUT_OF_WINDOW,AFTER_CHECKOUT,1495.5,N
9654,100001.2,2026-07-16,,2026-07-16 05:09:56,OUT_OF_WINDOW,BEFORE_CHECKIN,3.1,N
9660,100126.3,2026-07-16,,2026-07-16 14:17:47,OUT_OF_WINDOW,AFTER_CHECKOUT,130.8,N
9663,100011.3,2026-07-16,,2026-07-16 14:29:35,OUT_OF_WINDOW,NO_CHECKIN,,N
9666,100096.3,2026-07-16,,2026-07-16 14:33:57,OUT_OF_WINDOW,AFTER_CUTOFF,34,N
9670,100068.3,2026-07-16,,2026-07-16 14:51:16,OUT_OF_WINDOW,AFTER_CHECKOUT,8.3,N
9672,100091.3,2026-07-16,,2026-07-16 03:46:44,OUT_OF_WINDOW,NO_CHECKIN,,N
9674,100091.3,2026-07-16,,2026-07-16 15:06:49,OUT_OF_WINDOW,NO_CHECKIN,,N
9678,100064.3,2026-07-16,,2026-07-16 15:40:34,OUT_OF_WINDOW,AFTER_CHECKOUT,1615.6,N
9683,100084.3,2026-07-16,,2026-07-16 14:23:19,OUT_OF_WINDOW,AFTER_CUTOFF,1463.3,N
9685,100084.3,2026-07-16,,2026-07-16 16:23:39,OUT_OF_WINDOW,AFTER_CUTOFF,1583.7,N
9687,100064.3,2026-07-16,,2026-07-16 16:44:11,OUT_OF_WINDOW,AFTER_CHECKOUT,1679.2,N
9691,100091.3,2026-07-16,,2026-07-16 17:09:09,OUT_OF_WINDOW,NO_CHECKIN,,N
9699,100070.2,2026-07-16,,2026-07-16 16:49:37,OUT_OF_WINDOW,AFTER_CHECKOUT,5.6,N
9701,100070.2,2026-07-16,,2026-07-16 17:50:04,OUT_OF_WINDOW,AFTER_CHECKOUT,66.1,N
9702,100064.3,2026-07-16,,2026-07-16 17:54:52,OUT_OF_WINDOW,AFTER_CHECKOUT,1749.9,N
9704,100047.2,2026-07-16,,2026-07-16 17:04:04,OUT_OF_WINDOW,AFTER_CHECKOUT,6.1,N
9706,100047.2,2026-07-16,,2026-07-16 18:05:03,OUT_OF_WINDOW,AFTER_CHECKOUT,67.1,N
9707,100126.3,2026-07-16,,2026-07-16 16:18:49,OUT_OF_WINDOW,AFTER_CHECKOUT,251.8,N
9709,100126.3,2026-07-16,,2026-07-16 18:19:20,OUT_OF_WINDOW,AFTER_CHECKOUT,372.3,N
9710,100084.3,2026-07-16,,2026-07-16 18:23:48,OUT_OF_WINDOW,AFTER_CUTOFF,1703.8,N
9712,100047.2,2026-07-17,,2026-07-16 19:08:09,OUT_OF_WINDOW,AFTER_CHECKOUT,130.2,N
9713,100086.3,2026-07-17,,2026-07-16 19:11:33,OUT_OF_WINDOW,AFTER_CUTOFF,311.6,N
9714,100091.3,2026-07-17,,2026-07-16 19:19:49,OUT_OF_WINDOW,NO_CHECKIN,,N
9715,100046.3,2026-07-17,,2026-07-16 19:36:36,OUT_OF_WINDOW,AFTER_CUTOFF,96.6,N
9716,100064.3,2026-07-17,,2026-07-16 19:55:29,OUT_OF_WINDOW,BEFORE_CHECKIN,292.5,N
9717,100126.3,2026-07-17,,2026-07-16 20:19:23,OUT_OF_WINDOW,BEFORE_CHECKIN,382.6,N
9718,100047.2,2026-07-17,,2026-07-16 20:29:04,OUT_OF_WINDOW,AFTER_CHECKOUT,211.1,N
9719,100011.3,2026-07-16,,2026-07-16 18:48:34,OUT_OF_WINDOW,NO_CHECKIN,,N
9721,100011.3,2026-07-17,,2026-07-16 21:07:01,OUT_OF_WINDOW,NO_CHECKIN,,N
9722,100055.3,2026-07-16,,2026-07-16 11:08:29,OUT_OF_WINDOW,NO_CHECKIN,,N
9724,100055.3,2026-07-16,,2026-07-16 13:11:45,OUT_OF_WINDOW,NO_CHECKIN,,N
9727,100055.3,2026-07-16,,2026-07-16 16:40:06,OUT_OF_WINDOW,NO_CHECKIN,,N
9731,100055.3,2026-07-16,,2026-07-16 18:40:13,OUT_OF_WINDOW,NO_CHECKIN,,N
9736,100055.3,2026-07-17,,2026-07-16 21:12:37,OUT_OF_WINDOW,NO_CHECKIN,,N
9737,100091.3,2026-07-17,,2026-07-16 21:20:02,OUT_OF_WINDOW,NO_CHECKIN,,N
9738,100047.2,2026-07-17,,2026-07-16 21:34:10,OUT_OF_WINDOW,AFTER_CHECKOUT,276.2,N
9739,100064.3,2026-07-17,,2026-07-16 21:55:30,OUT_OF_WINDOW,BEFORE_CHECKIN,172.5,N
9740,100070.2,2026-07-17,,2026-07-16 22:13:28,OUT_OF_WINDOW,AFTER_CHECKOUT,329.5,N
9741,100126.3,2026-07-17,,2026-07-16 22:21:57,OUT_OF_WINDOW,BEFORE_CHECKIN,260.1,N
9742,100047.2,2026-07-17,,2026-07-16 22:35:02,OUT_OF_WINDOW,AFTER_CHECKOUT,337,N
9743,100046.3,2026-07-17,,2026-07-16 23:00:02,OUT_OF_WINDOW,AFTER_CUTOFF,300,N
9744,100011.3,2026-07-17,,2026-07-16 23:08:10,OUT_OF_WINDOW,NO_CHECKIN,,N
9745,100070.2,2026-07-17,,2026-07-16 23:13:42,OUT_OF_WINDOW,AFTER_CHECKOUT,389.7,N
9746,100091.3,2026-07-17,,2026-07-16 23:21:31,OUT_OF_WINDOW,NO_CHECKIN,,N
9747,100047.2,2026-07-17,,2026-07-16 23:36:40,OUT_OF_WINDOW,AFTER_CHECKOUT,398.7,N
9748,100064.3,2026-07-17,,2026-07-16 23:55:33,OUT_OF_WINDOW,BEFORE_CHECKIN,52.5,N
9749,100070.2,2026-07-17,,2026-07-17 00:15:01,OUT_OF_WINDOW,AFTER_CHECKOUT,451,N
9752,100046.3,2026-07-17,,2026-07-17 01:11:35,OUT_OF_WINDOW,AFTER_CUTOFF,431.6,N
9753,100011.3,2026-07-17,,2026-07-17 01:22:05,OUT_OF_WINDOW,NO_CHECKIN,,N
9754,100091.3,2026-07-17,,2026-07-17 01:22:36,OUT_OF_WINDOW,NO_CHECKIN,,N
9755,100047.2,2026-07-17,,2026-07-17 00:37:32,OUT_OF_WINDOW,BEFORE_CHECKIN,422.5,N
9757,100047.2,2026-07-17,,2026-07-17 01:50:02,OUT_OF_WINDOW,BEFORE_CHECKIN,350,N
9760,100050.3,2026-07-17,,2026-07-17 02:12:08,OUT_OF_WINDOW,BEFORE_CHECKIN,192.9,N
9775,100046.3,2026-07-17,,2026-07-17 03:13:56,OUT_OF_WINDOW,AFTER_CUTOFF,553.9,N
9776,100068.3,2026-07-17,,2026-07-17 03:17:49,OUT_OF_WINDOW,BEFORE_CHECKIN,687.2,N
9778,100091.3,2026-07-17,,2026-07-17 03:22:43,OUT_OF_WINDOW,NO_CHECKIN,,N
9779,100011.3,2026-07-17,,2026-07-17 03:23:40,OUT_OF_WINDOW,NO_CHECKIN,,N
9788,100047.2,2026-07-17,,2026-07-17 03:54:57,OUT_OF_WINDOW,BEFORE_CHECKIN,225.1,N
9800,100140.3,2026-07-17,,2026-07-17 04:35:11,OUT_OF_WINDOW,BEFORE_CHECKIN,49.8,N
9802,100070.2,2026-07-17,,2026-07-17 01:20:04,OUT_OF_WINDOW,BEFORE_CHECKIN,480.9,N
9804,100070.2,2026-07-17,,2026-07-17 02:35:17,OUT_OF_WINDOW,BEFORE_CHECKIN,405.7,N
9807,100070.2,2026-07-17,,2026-07-17 03:42:25,OUT_OF_WINDOW,BEFORE_CHECKIN,338.6,N
9811,100070.2,2026-07-17,,2026-07-17 04:42:46,OUT_OF_WINDOW,BEFORE_CHECKIN,278.2,N
9814,100047.2,2026-07-17,,2026-07-17 04:56:52,OUT_OF_WINDOW,BEFORE_CHECKIN,163.1,N
9822,100046.3,2026-07-17,,2026-07-17 05:14:07,OUT_OF_WINDOW,AFTER_CUTOFF,674.1,N
9839,100011.3,2026-07-17,,2026-07-17 05:40:59,OUT_OF_WINDOW,NO_CHECKIN,,N
9841,100070.2,2026-07-17,,2026-07-17 05:43:08,OUT_OF_WINDOW,BEFORE_CHECKIN,217.9,N
9845,100047.2,2026-07-17,,2026-07-17 06:03:22,OUT_OF_WINDOW,BEFORE_CHECKIN,96.6,N
9846,100055.3,2026-07-17,,2026-07-16 23:59:57,OUT_OF_WINDOW,NO_CHECKIN,,N
9848,100055.3,2026-07-17,,2026-07-17 02:00:21,OUT_OF_WINDOW,NO_CHECKIN,,N
9851,100055.3,2026-07-17,,2026-07-17 04:04:36,OUT_OF_WINDOW,NO_CHECKIN,,N
9855,100055.3,2026-07-17,,2026-07-17 06:05:12,OUT_OF_WINDOW,NO_CHECKIN,,N
9862,100070.2,2026-07-17,,2026-07-17 06:45:29,OUT_OF_WINDOW,BEFORE_CHECKIN,155.5,N
9867,100047.2,2026-07-17,,2026-07-17 07:18:30,OUT_OF_WINDOW,BEFORE_CHECKIN,21.5,N
9868,100046.3,2026-07-17,,2026-07-17 07:18:27,OUT_OF_WINDOW,AFTER_CUTOFF,798.5,N
9874,100011.3,2026-07-17,,2026-07-17 07:42:03,OUT_OF_WINDOW,NO_CHECKIN,,N
9878,100070.2,2026-07-17,,2026-07-17 07:50:21,OUT_OF_WINDOW,BEFORE_CHECKIN,90.7,N
9879,100055.3,2026-07-17,,2026-07-17 08:21:07,OUT_OF_WINDOW,NO_CHECKIN,,N
9883,100070.2,2026-07-17,,2026-07-17 08:55:04,OUT_OF_WINDOW,BEFORE_CHECKIN,25.9,N
9888,100046.3,2026-07-17,,2026-07-17 09:19:03,OUT_OF_WINDOW,AFTER_CUTOFF,919.1,N
9898,100011.3,2026-07-17,,2026-07-17 09:55:58,OUT_OF_WINDOW,NO_CHECKIN,,N
9899,100055.3,2026-07-17,,2026-07-17 10:28:28,OUT_OF_WINDOW,NO_CHECKIN,,N
9916,100055.3,2026-07-17,,2026-07-17 12:40:55,OUT_OF_WINDOW,NO_CHECKIN,,N
9920,100068.3,2026-07-17,,2026-07-17 05:17:51,OUT_OF_WINDOW,BEFORE_CHECKIN,567.2,N
9922,100068.3,2026-07-17,,2026-07-17 07:17:53,OUT_OF_WINDOW,BEFORE_CHECKIN,447.1,N
9925,100068.3,2026-07-17,,2026-07-17 09:17:55,OUT_OF_WINDOW,BEFORE_CHECKIN,327.1,N
9929,100068.3,2026-07-17,,2026-07-17 11:18:07,OUT_OF_WINDOW,BEFORE_CHECKIN,206.9,N
9934,100068.3,2026-07-17,,2026-07-17 13:28:43,OUT_OF_WINDOW,BEFORE_CHECKIN,76.3,N
9946,100068.3,2026-07-17,,2026-07-17 14:45:29,OUT_OF_WINDOW,AFTER_CUTOFF,45.5,N
9962,100126.3,2026-07-17,,2026-07-17 13:16:20,OUT_OF_WINDOW,AFTER_CHECKOUT,132.3,N
9968,100126.3,2026-07-17,,2026-07-17 15:16:34,OUT_OF_WINDOW,AFTER_CHECKOUT,252.6,N
9969,100068.3,2026-07-17,,2026-07-17 15:29:13,OUT_OF_WINDOW,AFTER_CUTOFF,89.2,N
9970,100046.3,2026-07-17,,2026-07-17 13:34:19,OUT_OF_WINDOW,AFTER_CUTOFF,1174.3,N
9972,100046.3,2026-07-17,,2026-07-17 15:34:47,OUT_OF_WINDOW,AFTER_CUTOFF,1294.8,N
9976,100055.3,2026-07-17,,2026-07-17 14:40:57,OUT_OF_WINDOW,NO_CHECKIN,,N
9978,100055.3,2026-07-17,,2026-07-17 16:42:02,OUT_OF_WINDOW,NO_CHECKIN,,N
9981,100015.2,2026-07-17,,2026-07-17 17:07:58,OUT_OF_WINDOW,AFTER_CUTOFF,68,N
9985,100046.3,2026-07-17,,2026-07-17 17:35:35,OUT_OF_WINDOW,AFTER_CUTOFF,1415.6,N
9987,100058.2,2026-07-17,,2026-07-17 18:09:38,OUT_OF_WINDOW,AFTER_CHECKOUT,151.6,N
9988,100058.2,2026-07-17,,2026-07-17 18:10:08,OUT_OF_WINDOW,AFTER_CHECKOUT,152.1,N
9989,100091.3,2026-07-17,,2026-07-17 05:36:34,OUT_OF_WINDOW,NO_CHECKIN,,N
9991,100091.3,2026-07-17,,2026-07-17 07:44:12,OUT_OF_WINDOW,NO_CHECKIN,,N
9994,100091.3,2026-07-17,,2026-07-17 09:45:32,OUT_OF_WINDOW,NO_CHECKIN,,N
9998,100091.3,2026-07-17,,2026-07-17 11:56:53,OUT_OF_WINDOW,NO_CHECKIN,,N
10003,100091.3,2026-07-17,,2026-07-17 14:04:09,OUT_OF_WINDOW,NO_CHECKIN,,N
10009,100091.3,2026-07-17,,2026-07-17 16:11:14,OUT_OF_WINDOW,NO_CHECKIN,,N
10016,100091.3,2026-07-17,,2026-07-17 18:13:27,OUT_OF_WINDOW,NO_CHECKIN,,N
10018,100011.3,2026-07-17,,2026-07-17 12:33:22,OUT_OF_WINDOW,NO_CHECKIN,,N
10020,100011.3,2026-07-17,,2026-07-17 14:34:29,OUT_OF_WINDOW,NO_CHECKIN,,N
10023,100011.3,2026-07-17,,2026-07-17 16:37:44,OUT_OF_WINDOW,NO_CHECKIN,,N
10027,100011.3,2026-07-17,,2026-07-17 18:42:14,OUT_OF_WINDOW,NO_CHECKIN,,N
10028,100055.3,2026-07-17,,2026-07-17 18:46:56,OUT_OF_WINDOW,NO_CHECKIN,,N
10030,100046.3,2026-07-18,,2026-07-17 19:41:58,OUT_OF_WINDOW,BEFORE_CHECKIN,509,N
10031,100091.3,2026-07-18,,2026-07-17 20:53:43,OUT_OF_WINDOW,NO_CHECKIN,,N
10033,100013.3,2026-07-18,,2026-07-17 21:00:33,OUT_OF_WINDOW,AFTER_CUTOFF,360.6,N
10035,100013.3,2026-07-18,,2026-07-17 21:19:46,OUT_OF_WINDOW,AFTER_CUTOFF,379.8,N
10036,100011.3,2026-07-18,,2026-07-17 22:17:32,OUT_OF_WINDOW,NO_CHECKIN,,N
10037,100046.3,2026-07-18,,2026-07-17 22:43:29,OUT_OF_WINDOW,BEFORE_CHECKIN,327.5,N
10038,100091.3,2026-07-18,,2026-07-17 22:54:45,OUT_OF_WINDOW,NO_CHECKIN,,N
10039,100013.3,2026-07-18,,2026-07-17 23:20:42,OUT_OF_WINDOW,AFTER_CUTOFF,500.7,N
10040,100068.3,2026-07-18,,2026-07-18 00:21:24,OUT_OF_WINDOW,BEFORE_CHECKIN,227.6,N
10041,100046.3,2026-07-18,,2026-07-18 00:44:47,OUT_OF_WINDOW,BEFORE_CHECKIN,206.2,N
10042,100091.3,2026-07-18,,2026-07-18 01:08:35,OUT_OF_WINDOW,NO_CHECKIN,,N
10047,100013.3,2026-07-18,,2026-07-18 02:11:03,OUT_OF_WINDOW,AFTER_CUTOFF,671.1,N
10050,100068.3,2026-07-18,,2026-07-18 02:21:54,OUT_OF_WINDOW,BEFORE_CHECKIN,107.1,N
10051,100015.3,2026-07-18,,2026-07-18 02:45:21,OUT_OF_WINDOW,BEFORE_CHECKIN,141.7,N
10052,100046.3,2026-07-18,,2026-07-18 02:52:07,OUT_OF_WINDOW,BEFORE_CHECKIN,78.9,N
10059,100091.3,2026-07-18,,2026-07-18 03:08:57,OUT_OF_WINDOW,NO_CHECKIN,,N
10110,100055.3,2026-07-18,,2026-07-17 22:41:04,OUT_OF_WINDOW,NO_CHECKIN,,N
10112,100055.3,2026-07-18,,2026-07-18 00:41:40,OUT_OF_WINDOW,NO_CHECKIN,,N
10115,100055.3,2026-07-18,,2026-07-18 05:05:57,OUT_OF_WINDOW,NO_CHECKIN,,N
10140,100084.3,2026-07-17,,2026-07-17 06:02:36,OUT_OF_WINDOW,NO_CHECKIN,,N
10142,100084.3,2026-07-17,,2026-07-17 08:22:37,OUT_OF_WINDOW,NO_CHECKIN,,N
10145,100084.3,2026-07-17,,2026-07-17 10:43:49,OUT_OF_WINDOW,NO_CHECKIN,,N
10149,100084.3,2026-07-17,,2026-07-17 12:59:52,OUT_OF_WINDOW,NO_CHECKIN,,N
10154,100084.3,2026-07-17,,2026-07-17 15:07:27,OUT_OF_WINDOW,NO_CHECKIN,,N
10160,100084.3,2026-07-17,,2026-07-17 17:09:09,OUT_OF_WINDOW,NO_CHECKIN,,N
10190,100055.3,2026-07-18,,2026-07-18 07:18:15,OUT_OF_WINDOW,NO_CHECKIN,,N
10205,100013.3,2026-07-18,,2026-07-18 09:25:07,OUT_OF_WINDOW,AFTER_CUTOFF,1105.1,N
10227,100126.3,2026-07-18,,2026-07-18 10:57:10,OUT_OF_WINDOW,AFTER_CHECKOUT,6.2,N
10231,100055.3,2026-07-18,,2026-07-18 09:30:02,OUT_OF_WINDOW,NO_CHECKIN,,N
10233,100055.3,2026-07-18,,2026-07-18 11:30:21,OUT_OF_WINDOW,NO_CHECKIN,,N
10241,100064.3,2026-07-18,,2026-07-18 13:01:10,OUT_OF_WINDOW,AFTER_CHECKOUT,15.2,N
10246,100073.3,2026-07-18,,2026-07-18 13:48:28,OUT_OF_WINDOW,AFTER_CHECKOUT,47.5,N
10247,100073.3,2026-07-18,,2026-07-18 13:48:28,OUT_OF_WINDOW,AFTER_CHECKOUT,47.5,N
10249,100073.3,2026-07-18,,2026-07-18 13:48:33,OUT_OF_WINDOW,AFTER_CHECKOUT,47.6,N
10262,100084.3,2026-07-18,,2026-07-18 14:18:59,OUT_OF_WINDOW,AFTER_CUTOFF,19,N
10273,100084.3,2026-07-18,,2026-07-18 15:07:30,OUT_OF_WINDOW,AFTER_CUTOFF,67.5,N
10274,100091.3,2026-07-18,,2026-07-18 15:09:58,OUT_OF_WINDOW,NO_CHECKIN,,N
10277,100015.2,2026-07-18,,2026-07-18 16:12:36,OUT_OF_WINDOW,AFTER_CUTOFF,12.6,N
10280,100068.3,2026-07-18,,2026-07-18 16:25:59,OUT_OF_WINDOW,AFTER_CUTOFF,146,N
10291,100055.3,2026-07-18,,2026-07-18 15:47:07,OUT_OF_WINDOW,NO_CHECKIN,,N
10293,100055.3,2026-07-18,,2026-07-18 17:47:16,OUT_OF_WINDOW,NO_CHECKIN,,N
10294,100068.3,2026-07-18,,2026-07-18 18:30:19,OUT_OF_WINDOW,AFTER_CUTOFF,270.3,N
10296,100046.3,2026-07-18,,2026-07-18 18:44:38,OUT_OF_WINDOW,AFTER_CUTOFF,44.6,N
10298,100068.3,2026-07-19,,2026-07-18 20:30:24,OUT_OF_WINDOW,AFTER_CUTOFF,390.4,N
10299,100091.3,2026-07-18,,2026-07-18 17:13:32,OUT_OF_WINDOW,NO_CHECKIN,,N
10301,100091.3,2026-07-19,,2026-07-18 19:13:54,OUT_OF_WINDOW,NO_CHECKIN,,N
10304,100091.3,2026-07-19,,2026-07-18 21:14:15,OUT_OF_WINDOW,NO_CHECKIN,,N
10305,100068.3,2026-07-19,,2026-07-18 22:30:26,OUT_OF_WINDOW,AFTER_CUTOFF,510.4,N
10306,100055.3,2026-07-19,,2026-07-18 20:30:45,OUT_OF_WINDOW,NO_CHECKIN,,N
10308,100055.3,2026-07-19,,2026-07-18 22:32:53,OUT_OF_WINDOW,NO_CHECKIN,,N
10309,100091.3,2026-07-19,,2026-07-18 23:15:16,OUT_OF_WINDOW,NO_CHECKIN,,N
10310,100013.3,2026-07-19,,2026-07-18 23:26:09,OUT_OF_WINDOW,NO_CHECKIN,,N
10311,100046.3,2026-07-19,,2026-07-18 20:51:11,OUT_OF_WINDOW,AFTER_CUTOFF,171.2,N
10313,100046.3,2026-07-19,,2026-07-18 23:59:40,OUT_OF_WINDOW,AFTER_CUTOFF,359.7,N
10314,100068.3,2026-07-19,,2026-07-19 00:31:06,OUT_OF_WINDOW,AFTER_CUTOFF,631.1,N
10317,100046.3,2026-07-19,,2026-07-19 02:04:46,OUT_OF_WINDOW,AFTER_CUTOFF,484.8,N
10321,100068.3,2026-07-19,,2026-07-19 02:33:55,OUT_OF_WINDOW,AFTER_CUTOFF,753.9,N
10323,100091.3,2026-07-19,,2026-07-19 03:20:38,OUT_OF_WINDOW,NO_CHECKIN,,N
10332,100046.3,2026-07-19,,2026-07-19 04:05:16,OUT_OF_WINDOW,AFTER_CUTOFF,605.3,N
10339,100068.3,2026-07-19,,2026-07-19 04:34:25,OUT_OF_WINDOW,AFTER_CUTOFF,874.4,N
10341,100091.3,2026-07-19,,2026-07-19 05:20:41,OUT_OF_WINDOW,NO_CHECKIN,,N
10342,100055.3,2026-07-19,,2026-07-19 01:02:31,OUT_OF_WINDOW,NO_CHECKIN,,N
10344,100055.3,2026-07-19,,2026-07-19 04:06:35,OUT_OF_WINDOW,NO_CHECKIN,,N
10347,100055.3,2026-07-19,,2026-07-19 06:06:38,OUT_OF_WINDOW,NO_CHECKIN,,N
10348,100068.3,2026-07-19,,2026-07-19 06:34:56,OUT_OF_WINDOW,AFTER_CUTOFF,994.9,N
10349,100046.3,2026-07-19,,2026-07-19 06:16:40,OUT_OF_WINDOW,AFTER_CUTOFF,736.7,N
10351,100046.3,2026-07-19,,2026-07-19 08:17:22,OUT_OF_WINDOW,AFTER_CUTOFF,857.4,N
10352,100068.3,2026-07-19,,2026-07-19 08:40:37,OUT_OF_WINDOW,AFTER_CUTOFF,1120.6,N
10354,100055.3,2026-07-19,,2026-07-19 10:07:16,OUT_OF_WINDOW,NO_CHECKIN,,N
10361,100046.3,2026-07-19,,2026-07-19 10:22:51,OUT_OF_WINDOW,AFTER_CUTOFF,982.9,N
10362,100068.3,2026-07-19,,2026-07-19 11:34:00,OUT_OF_WINDOW,AFTER_CUTOFF,1294,N
10363,100046.3,2026-07-19,,2026-07-19 12:27:58,OUT_OF_WINDOW,AFTER_CUTOFF,1108,N
10366,100046.3,2026-07-19,,2026-07-19 14:28:18,OUT_OF_WINDOW,AFTER_CUTOFF,1228.3,N
10367,100068.3,2026-07-19,,2026-07-19 15:34:51,OUT_OF_WINDOW,AFTER_CUTOFF,1534.9,N
10370,100091.3,2026-07-19,,2026-07-19 11:37:04,OUT_OF_WINDOW,NO_CHECKIN,,N
10372,100091.3,2026-07-19,,2026-07-19 13:52:03,OUT_OF_WINDOW,NO_CHECKIN,,N
10377,100046.3,2026-07-19,,2026-07-19 16:37:12,OUT_OF_WINDOW,AFTER_CUTOFF,1357.2,N
10378,100013.3,2026-07-19,,2026-07-19 17:44:13,OUT_OF_WINDOW,NO_CHECKIN,,N
10379,100013.3,2026-07-19,,2026-07-19 17:44:13,OUT_OF_WINDOW,NO_CHECKIN,,N
10381,100013.3,2026-07-19,,2026-07-19 17:45:04,OUT_OF_WINDOW,NO_CHECKIN,,N
10383,100055.3,2026-07-19,,2026-07-19 12:12:26,OUT_OF_WINDOW,NO_CHECKIN,,N
10385,100055.3,2026-07-19,,2026-07-19 14:22:36,OUT_OF_WINDOW,NO_CHECKIN,,N
10388,100055.3,2026-07-19,,2026-07-19 16:22:56,OUT_OF_WINDOW,NO_CHECKIN,,N
10392,100055.3,2026-07-19,,2026-07-19 18:25:08,OUT_OF_WINDOW,NO_CHECKIN,,N
10394,100046.3,2026-07-19,,2026-07-19 18:40:43,OUT_OF_WINDOW,AFTER_CUTOFF,1480.7,N
10396,100068.3,2026-07-20,,2026-07-19 19:35:48,OUT_OF_WINDOW,NO_CHECKIN,,N
10397,100096.3,2026-07-19,,2026-07-19 16:00:02,OUT_OF_WINDOW,AFTER_CHECKOUT,8,N
10399,100096.3,2026-07-19,,2026-07-19 18:01:07,OUT_OF_WINDOW,AFTER_CHECKOUT,129.1,N
10402,100096.3,2026-07-20,,2026-07-19 20:01:50,OUT_OF_WINDOW,AFTER_CHECKOUT,249.8,N
10403,100055.3,2026-07-20,,2026-07-19 20:26:47,OUT_OF_WINDOW,NO_CHECKIN,,N
10404,100068.3,2026-07-20,,2026-07-19 21:37:03,OUT_OF_WINDOW,NO_CHECKIN,,N
10405,100046.3,2026-07-20,,2026-07-19 22:29:03,OUT_OF_WINDOW,NO_CHECKIN,,N
10406,100096.3,2026-07-20,,2026-07-19 23:22:06,OUT_OF_WINDOW,BEFORE_CHECKIN,286.9,N
10407,100068.3,2026-07-20,,2026-07-19 23:37:45,OUT_OF_WINDOW,NO_CHECKIN,,N
10408,100046.3,2026-07-20,,2026-07-20 00:29:16,OUT_OF_WINDOW,NO_CHECKIN,,N
10417,100046.3,2026-07-20,,2026-07-20 02:29:46,OUT_OF_WINDOW,NO_CHECKIN,,N
10421,100069.3,2026-07-18,,2026-07-18 05:42:36,OUT_OF_WINDOW,AFTER_CHECKOUT,894.6,N
10441,100015.3,2026-07-20,,2026-07-20 03:21:12,OUT_OF_WINDOW,NO_CHECKIN,,N
10442,100096.3,2026-07-20,,2026-07-20 01:22:18,OUT_OF_WINDOW,BEFORE_CHECKIN,166.7,N
10444,100096.3,2026-07-20,,2026-07-20 03:22:22,OUT_OF_WINDOW,BEFORE_CHECKIN,46.6,N
10479,100046.3,2026-07-20,,2026-07-20 04:32:00,OUT_OF_WINDOW,NO_CHECKIN,,N
10482,100048.2,2026-07-20,,2026-07-20 04:37:27,OUT_OF_WINDOW,BEFORE_CHECKIN,48.6,N
10492,100017.3,2026-07-15,,2026-07-15 04:44:03,OUT_OF_WINDOW,NO_CHECKIN,,N
10499,100015.3,2026-07-20,,2026-07-20 05:07:18,OUT_OF_WINDOW,NO_CHECKIN,,N
10535,100046.3,2026-07-20,,2026-07-20 06:32:11,OUT_OF_WINDOW,NO_CHECKIN,,N
10548,100055.3,2026-07-20,,2026-07-20 04:01:53,OUT_OF_WINDOW,NO_CHECKIN,,N
10550,100055.3,2026-07-20,,2026-07-20 06:01:56,OUT_OF_WINDOW,NO_CHECKIN,,N
10553,100055.3,2026-07-20,,2026-07-20 08:03:27,OUT_OF_WINDOW,NO_CHECKIN,,N
10561,100046.3,2026-07-20,,2026-07-20 06:32:11,OUT_OF_WINDOW,NO_CHECKIN,,N
10563,100046.3,2026-07-20,,2026-07-20 08:32:48,OUT_OF_WINDOW,NO_CHECKIN,,N
10580,100055.3,2026-07-20,,2026-07-20 10:06:41,OUT_OF_WINDOW,NO_CHECKIN,,N
10582,100046.3,2026-07-20,,2026-07-20 10:35:16,OUT_OF_WINDOW,NO_CHECKIN,,N
10590,100055.3,2026-07-20,,2026-07-20 12:07:20,OUT_OF_WINDOW,NO_CHECKIN,,N
10592,100046.3,2026-07-20,,2026-07-20 12:35:40,OUT_OF_WINDOW,NO_CHECKIN,,N
10608,100046.3,2026-07-20,,2026-07-20 14:36:47,OUT_OF_WINDOW,NO_CHECKIN,,N
10674,100072.3,2026-07-20,,2026-07-20 14:26:08,OUT_OF_WINDOW,AFTER_CHECKOUT,7.1,N
10675,100064.3,2026-07-20,,2026-07-20 12:49:15,OUT_OF_WINDOW,AFTER_CHECKOUT,5.3,N
10677,100064.3,2026-07-20,,2026-07-20 14:49:32,OUT_OF_WINDOW,AFTER_CHECKOUT,125.5,N
10678,100096.3,2026-07-20,,2026-07-20 14:50:47,OUT_OF_WINDOW,AFTER_CUTOFF,50.8,N
10679,100081.3,2026-07-20,,2026-07-20 14:54:22,OUT_OF_WINDOW,AFTER_CUTOFF,54.4,N
10680,100063.3,2026-07-20,,2026-07-20 15:03:08,OUT_OF_WINDOW,AFTER_CHECKOUT,15.1,N
10681,100084.3,2026-07-18,,2026-07-18 17:17:30,OUT_OF_WINDOW,AFTER_CUTOFF,197.5,N
10683,100084.3,2026-07-19,,2026-07-18 19:24:54,OUT_OF_WINDOW,AFTER_CUTOFF,324.9,N
10686,100084.3,2026-07-19,,2026-07-19 06:14:26,OUT_OF_WINDOW,BEFORE_CHECKIN,575.6,N
10690,100084.3,2026-07-19,,2026-07-19 08:14:30,OUT_OF_WINDOW,BEFORE_CHECKIN,455.5,N
10695,100084.3,2026-07-19,,2026-07-19 10:14:45,OUT_OF_WINDOW,BEFORE_CHECKIN,335.3,N
10701,100084.3,2026-07-19,,2026-07-19 12:22:26,OUT_OF_WINDOW,BEFORE_CHECKIN,207.6,N
10708,100084.3,2026-07-19,,2026-07-19 14:35:01,OUT_OF_WINDOW,BEFORE_CHECKIN,75,N
10746,100084.3,2026-07-20,,2026-07-20 15:20:44,OUT_OF_WINDOW,AFTER_CUTOFF,80.7,N
10749,100055.3,2026-07-20,,2026-07-20 14:09:05,OUT_OF_WINDOW,NO_CHECKIN,,N
10751,100055.3,2026-07-20,,2026-07-20 16:14:53,OUT_OF_WINDOW,NO_CHECKIN,,N
10758,100096.3,2026-07-20,,2026-07-20 16:16:58,OUT_OF_WINDOW,AFTER_CUTOFF,137,N
10760,100036.2,2026-07-20,,2026-07-20 16:27:10,OUT_OF_WINDOW,AFTER_CUTOFF,27.2,N
10761,100046.3,2026-07-20,,2026-07-20 16:46:48,OUT_OF_WINDOW,NO_CHECKIN,,N
10765,100064.3,2026-07-20,,2026-07-20 16:49:41,OUT_OF_WINDOW,AFTER_CHECKOUT,245.7,N
10772,100084.3,2026-07-20,,2026-07-20 17:21:10,OUT_OF_WINDOW,AFTER_CUTOFF,201.2,N
10777,100046.3,2026-07-20,,2026-07-20 18:46:53,OUT_OF_WINDOW,NO_CHECKIN,,N
10780,100064.3,2026-07-21,,2026-07-20 19:02:38,OUT_OF_WINDOW,AFTER_CHECKOUT,378.6,N
10785,100047.3,2026-07-21,,2026-07-20 20:02:49,OUT_OF_WINDOW,AFTER_CUTOFF,122.8,N
10787,100047.3,2026-07-21,,2026-07-20 22:04:21,OUT_OF_WINDOW,AFTER_CUTOFF,244.4,N
10790,100047.3,2026-07-21,,2026-07-21 02:39:04,OUT_OF_WINDOW,BEFORE_CHECKIN,488.9,N
10794,100047.3,2026-07-21,,2026-07-21 04:48:13,OUT_OF_WINDOW,BEFORE_CHECKIN,359.8,N
10801,100126.3,2026-07-21,,2026-07-21 05:01:45,OUT_OF_WINDOW,BEFORE_CHECKIN,44.3,N
10804,100046.3,2026-07-21,,2026-07-20 21:44:52,OUT_OF_WINDOW,BEFORE_CHECKIN,445.1,N
10806,100046.3,2026-07-21,,2026-07-20 23:45:22,OUT_OF_WINDOW,BEFORE_CHECKIN,324.6,N
10809,100046.3,2026-07-21,,2026-07-21 02:14:48,OUT_OF_WINDOW,BEFORE_CHECKIN,175.2,N
10814,100015.3,2026-07-21,,2026-07-20 22:52:30,OUT_OF_WINDOW,NO_CHECKIN,,N
10816,100015.3,2026-07-21,,2026-07-21 04:06:38,OUT_OF_WINDOW,NO_CHECKIN,,N
10842,100015.3,2026-07-21,,2026-07-21 05:55:03,OUT_OF_WINDOW,NO_CHECKIN,,N
10892,100064.3,2026-07-21,,2026-07-20 21:02:42,OUT_OF_WINDOW,AFTER_CHECKOUT,498.7,N
10894,100064.3,2026-07-21,,2026-07-20 23:17:41,OUT_OF_WINDOW,BEFORE_CHECKIN,601.3,N
10897,100064.3,2026-07-21,,2026-07-21 01:19:58,OUT_OF_WINDOW,BEFORE_CHECKIN,479,N
10901,100064.3,2026-07-21,,2026-07-21 03:29:05,OUT_OF_WINDOW,BEFORE_CHECKIN,349.9,N
10912,100057.3,2026-07-21,,2026-07-21 10:04:05,OUT_OF_WINDOW,AFTER_CUTOFF,874.1,N
10915,100076.3,2026-07-20,,2026-07-20 16:00:01,OUT_OF_WINDOW,AFTER_CUTOFF,120,N
10917,100076.3,2026-07-21,,2026-07-21 04:24:20,OUT_OF_WINDOW,AFTER_CUTOFF,864.3,N
10920,100076.3,2026-07-21,,2026-07-21 10:41:55,OUT_OF_WINDOW,AFTER_CUTOFF,1241.9,N
10927,100072.3,2026-07-21,,2026-07-21 02:27:49,OUT_OF_WINDOW,AFTER_CHECKOUT,728.8,N
10928,100072.3,2026-07-21,,2026-07-21 02:27:49,OUT_OF_WINDOW,AFTER_CHECKOUT,728.8,N
10930,100072.3,2026-07-21,,2026-07-21 11:03:47,OUT_OF_WINDOW,BEFORE_CHECKIN,221.2,N
10955,100124.3,2026-07-21,,2026-07-21 04:12:38,OUT_OF_WINDOW,BEFORE_CHECKIN,35.4,N
10959,100089.3,2026-07-21,,2026-07-21 03:58:45,OUT_OF_WINDOW,AFTER_CUTOFF,838.8,N
10966,100015.3,2026-07-21,,2026-07-21 12:32:39,OUT_OF_WINDOW,NO_CHECKIN,,N
10969,100073.3,2026-07-21,,2026-07-21 02:39:49,OUT_OF_WINDOW,BEFORE_CHECKIN,631.2,N
10970,100073.3,2026-07-21,,2026-07-21 12:49:03,OUT_OF_WINDOW,BEFORE_CHECKIN,22,N
10981,100064.3,2026-07-21,,2026-07-21 13:11:32,OUT_OF_WINDOW,AFTER_CHECKOUT,22.5,N
10986,100064.3,2026-07-21,,2026-07-21 13:40:15,OUT_OF_WINDOW,AFTER_CHECKOUT,51.3,N
10994,100057.3,2026-07-21,,2026-07-21 12:04:30,OUT_OF_WINDOW,AFTER_CUTOFF,994.5,N
10996,100057.3,2026-07-21,,2026-07-21 14:04:32,OUT_OF_WINDOW,AFTER_CUTOFF,1114.5,N
10999,100057.3,2026-07-21,,2026-07-21 14:04:38,OUT_OF_WINDOW,AFTER_CUTOFF,1114.6,N
11003,100057.3,2026-07-21,,2026-07-21 14:04:44,OUT_OF_WINDOW,AFTER_CUTOFF,1114.7,N
11011,100072.3,2026-07-21,,2026-07-21 14:45:09,OUT_OF_WINDOW,AFTER_CUTOFF,45.2,N
11025,100084.3,2026-07-21,,2026-07-21 03:56:48,OUT_OF_WINDOW,AFTER_CUTOFF,836.8,N
11027,100084.3,2026-07-21,,2026-07-21 06:21:37,OUT_OF_WINDOW,AFTER_CUTOFF,981.6,N
11030,100084.3,2026-07-21,,2026-07-21 08:27:48,OUT_OF_WINDOW,AFTER_CUTOFF,1107.8,N
11034,100084.3,2026-07-21,,2026-07-21 13:06:51,OUT_OF_WINDOW,AFTER_CUTOFF,1386.9,N
11039,100084.3,2026-07-21,,2026-07-21 15:20:14,OUT_OF_WINDOW,AFTER_CUTOFF,1520.2,N
11040,100126.3,2026-07-21,,2026-07-21 11:21:39,OUT_OF_WINDOW,AFTER_CHECKOUT,19.7,N
11042,100126.3,2026-07-21,,2026-07-21 13:22:24,OUT_OF_WINDOW,AFTER_CHECKOUT,140.4,N
11045,100126.3,2026-07-21,,2026-07-21 15:22:59,OUT_OF_WINDOW,AFTER_CHECKOUT,261,N
11046,100096.3,2026-07-20,,2026-07-20 18:17:15,OUT_OF_WINDOW,AFTER_CUTOFF,257.3,N
11048,100096.3,2026-07-21,,2026-07-20 20:17:32,OUT_OF_WINDOW,AFTER_CUTOFF,377.5,N
11051,100096.3,2026-07-21,,2026-07-20 22:17:52,OUT_OF_WINDOW,AFTER_CUTOFF,497.9,N
11055,100096.3,2026-07-21,,2026-07-21 00:24:18,OUT_OF_WINDOW,AFTER_CUTOFF,624.3,N
11060,100096.3,2026-07-21,,2026-07-21 02:30:10,OUT_OF_WINDOW,AFTER_CUTOFF,750.2,N
11066,100096.3,2026-07-21,,2026-07-21 04:31:12,OUT_OF_WINDOW,AFTER_CUTOFF,871.2,N
11073,100096.3,2026-07-21,,2026-07-21 11:25:26,OUT_OF_WINDOW,AFTER_CUTOFF,1285.4,N
11081,100096.3,2026-07-21,,2026-07-21 13:25:56,OUT_OF_WINDOW,AFTER_CUTOFF,1405.9,N
11090,100096.3,2026-07-21,,2026-07-21 15:26:12,OUT_OF_WINDOW,AFTER_CUTOFF,1526.2,N
11093,100064.3,2026-07-21,,2026-07-21 16:25:53,OUT_OF_WINDOW,AFTER_CHECKOUT,216.9,N
11094,100088.3,2026-07-21,,2026-07-21 16:52:51,OUT_OF_WINDOW,AFTER_CUTOFF,172.9,N
11099,100078.3,2026-07-21,,2026-07-21 17:32:27,OUT_OF_WINDOW,AFTER_CUTOFF,212.5,N
11100,100004.2,2026-07-21,,2026-07-21 17:34:58,OUT_OF_WINDOW,AFTER_CUTOFF,95,N
11101,100006.2,2026-07-21,,2026-07-21 17:38:17,OUT_OF_WINDOW,AFTER_CUTOFF,98.3,N
11102,100023.2,2026-07-21,,2026-07-21 17:39:35,OUT_OF_WINDOW,AFTER_CUTOFF,99.6,N
11105,100067.2,2026-07-21,,2026-07-21 18:53:40,OUT_OF_WINDOW,AFTER_CUTOFF,173.7,N
11109,100047.3,2026-07-22,,2026-07-21 19:08:42,OUT_OF_WINDOW,AFTER_CUTOFF,68.7,N
11110,100126.3,2026-07-21,,2026-07-21 17:30:38,OUT_OF_WINDOW,AFTER_CHECKOUT,388.6,N
11112,100126.3,2026-07-22,,2026-07-21 19:30:56,OUT_OF_WINDOW,BEFORE_CHECKIN,458.1,N
11113,100096.3,2026-07-21,,2026-07-21 17:40:32,OUT_OF_WINDOW,AFTER_CUTOFF,1660.5,N
11115,100096.3,2026-07-22,,2026-07-21 19:42:21,OUT_OF_WINDOW,NO_CHECKIN,,N
11118,100046.3,2026-07-22,,2026-07-21 19:49:24,OUT_OF_WINDOW,AFTER_CUTOFF,109.4,N
11119,100064.3,2026-07-21,,2026-07-21 18:34:48,OUT_OF_WINDOW,AFTER_CHECKOUT,345.8,N
11121,100064.3,2026-07-22,,2026-07-21 20:42:56,OUT_OF_WINDOW,BEFORE_CHECKIN,250.1,N
11122,100047.3,2026-07-22,,2026-07-21 21:13:59,OUT_OF_WINDOW,AFTER_CUTOFF,194,N
11123,100096.3,2026-07-22,,2026-07-21 21:42:44,OUT_OF_WINDOW,NO_CHECKIN,,N
11124,100126.3,2026-07-22,,2026-07-21 21:56:11,OUT_OF_WINDOW,BEFORE_CHECKIN,312.8,N
11125,100064.3,2026-07-22,,2026-07-21 22:58:35,OUT_OF_WINDOW,BEFORE_CHECKIN,114.4,N
11126,100046.3,2026-07-22,,2026-07-21 23:12:16,OUT_OF_WINDOW,BEFORE_CHECKIN,293.7,N
11128,100047.3,2026-07-22,,2026-07-22 01:15:58,OUT_OF_WINDOW,BEFORE_CHECKIN,123,N
11129,100058.3,2026-07-22,,2026-07-22 01:19:15,OUT_OF_WINDOW,BEFORE_CHECKIN,4.8,N
11131,100046.3,2026-07-22,,2026-07-22 01:24:44,OUT_OF_WINDOW,BEFORE_CHECKIN,161.3,N
11133,100096.3,2026-07-22,,2026-07-21 23:42:53,OUT_OF_WINDOW,NO_CHECKIN,,N
11135,100096.3,2026-07-22,,2026-07-22 01:44:39,OUT_OF_WINDOW,NO_CHECKIN,,N
11141,100126.3,2026-07-22,,2026-07-22 02:10:02,OUT_OF_WINDOW,BEFORE_CHECKIN,59,N
11142,100094.3,2026-07-21,,2026-07-21 02:08:23,OUT_OF_WINDOW,AFTER_CHECKOUT,677.4,N
11146,100024.3,2026-07-19,,2026-07-19 03:50:41,OUT_OF_WINDOW,NO_CHECKIN,,N
11148,100024.3,2026-07-22,,2026-07-22 02:48:12,OUT_OF_WINDOW,NO_CHECKIN,,N
11165,100046.3,2026-07-22,,2026-07-22 03:26:07,OUT_OF_WINDOW,BEFORE_CHECKIN,39.9,N
11168,100096.3,2026-07-22,,2026-07-22 03:44:59,OUT_OF_WINDOW,NO_CHECKIN,,N
11169,100055.3,2026-07-20,,2026-07-20 18:22:36,OUT_OF_WINDOW,NO_CHECKIN,,N
11184,100015.3,2026-07-22,,2026-07-22 04:02:27,OUT_OF_WINDOW,NO_CHECKIN,,N
11194,100140.3,2026-07-21,,2026-07-21 04:16:06,OUT_OF_WINDOW,AFTER_CUTOFF,856.1,N
11243,100660.1,2026-07-22,,2026-07-22 05:53:10,OUT_OF_WINDOW,BEFORE_CHECKIN,39.8,N
11245,100055.3,2026-07-22,,2026-07-22 05:54:04,OUT_OF_WINDOW,AFTER_CHECKOUT,54.1,N
11304,100055.3,2026-07-22,,2026-07-22 07:54:37,OUT_OF_WINDOW,AFTER_CHECKOUT,174.6,N
11306,100055.3,2026-07-22,,2026-07-22 09:55:32,OUT_OF_WINDOW,AFTER_CHECKOUT,295.5,N
11307,100055.3,2026-07-22,,2026-07-22 07:54:37,OUT_OF_WINDOW,AFTER_CHECKOUT,174.6,N
11309,100055.3,2026-07-22,,2026-07-22 09:55:32,OUT_OF_WINDOW,AFTER_CHECKOUT,295.5,N
11312,100055.3,2026-07-22,,2026-07-22 09:56:07,OUT_OF_WINDOW,AFTER_CHECKOUT,296.1,N
11322,100052.2,2026-07-22,,2026-07-22 10:48:59,OUT_OF_WINDOW,NO_CHECKIN,,N
11346,100064.3,2026-07-22,,2026-07-22 12:58:54,OUT_OF_WINDOW,AFTER_CHECKOUT,12.9,N
11353,100064.3,2026-07-22,,2026-07-22 13:54:31,OUT_OF_WINDOW,AFTER_CHECKOUT,68.5,N
11355,100055.3,2026-07-22,,2026-07-22 11:57:45,OUT_OF_WINDOW,AFTER_CHECKOUT,417.8,N
11357,100055.3,2026-07-22,,2026-07-22 13:58:11,OUT_OF_WINDOW,AFTER_CHECKOUT,538.2,N
11362,100029.2,2026-07-20,,2026-07-20 05:20:24,OUT_OF_WINDOW,BEFORE_CHECKIN,70.6,N
11388,100066.3,2026-07-22,,2026-07-22 14:48:48,OUT_OF_WINDOW,AFTER_CHECKOUT,98.8,N
11397,100064.3,2026-07-22,,2026-07-22 15:55:01,OUT_OF_WINDOW,AFTER_CHECKOUT,189,N
11398,100055.3,2026-07-22,,2026-07-22 16:01:22,OUT_OF_WINDOW,AFTER_CHECKOUT,661.4,N
11400,100055.3,2026-07-22,,2026-07-22 16:02:14,OUT_OF_WINDOW,AFTER_CHECKOUT,662.2,N
11404,100011.3,2026-07-22,,2026-07-22 16:43:46,OUT_OF_WINDOW,AFTER_CUTOFF,103.8,N
11406,100096.3,2026-07-22,,2026-07-22 05:47:21,OUT_OF_WINDOW,NO_CHECKIN,,N
11408,100096.3,2026-07-22,,2026-07-22 07:47:27,OUT_OF_WINDOW,NO_CHECKIN,,N
11411,100096.3,2026-07-22,,2026-07-22 09:47:31,OUT_OF_WINDOW,NO_CHECKIN,,N
11415,100096.3,2026-07-22,,2026-07-22 11:55:31,OUT_OF_WINDOW,NO_CHECKIN,,N
11420,100096.3,2026-07-22,,2026-07-22 15:01:08,OUT_OF_WINDOW,NO_CHECKIN,,N
11426,100096.3,2026-07-22,,2026-07-22 17:02:09,OUT_OF_WINDOW,NO_CHECKIN,,N
11434,100015.2,2026-07-22,,2026-07-22 17:29:38,OUT_OF_WINDOW,AFTER_CUTOFF,89.6,N
11437,100055.3,2026-07-22,,2026-07-22 18:03:29,OUT_OF_WINDOW,AFTER_CHECKOUT,783.5,N
11442,100084.3,2026-07-22,,2026-07-22 05:47:58,OUT_OF_WINDOW,NO_CHECKIN,,N
11444,100084.3,2026-07-22,,2026-07-22 07:52:31,OUT_OF_WINDOW,NO_CHECKIN,,N
11447,100084.3,2026-07-22,,2026-07-22 10:10:43,OUT_OF_WINDOW,NO_CHECKIN,,N
11451,100084.3,2026-07-22,,2026-07-22 12:22:51,OUT_OF_WINDOW,NO_CHECKIN,,N
11456,100084.3,2026-07-22,,2026-07-22 14:24:19,OUT_OF_WINDOW,NO_CHECKIN,,N
11462,100084.3,2026-07-22,,2026-07-22 16:41:16,OUT_OF_WINDOW,NO_CHECKIN,,N
11469,100084.3,2026-07-22,,2026-07-22 18:41:25,OUT_OF_WINDOW,NO_CHECKIN,,N
11470,100011.3,2026-07-22,,2026-07-22 18:46:04,OUT_OF_WINDOW,AFTER_CUTOFF,226.1,N
11472,100047.3,2026-07-23,,2026-07-22 19:04:35,OUT_OF_WINDOW,AFTER_CUTOFF,64.6,N
11473,100064.3,2026-07-22,,2026-07-22 17:55:28,OUT_OF_WINDOW,AFTER_CHECKOUT,309.5,N
11475,100064.3,2026-07-23,,2026-07-22 20:08:52,OUT_OF_WINDOW,BEFORE_CHECKIN,284.1,N
11476,100096.3,2026-07-23,,2026-07-22 19:02:16,OUT_OF_WINDOW,BEFORE_CHECKIN,1251.7,N
11478,100096.3,2026-07-23,,2026-07-22 21:02:22,OUT_OF_WINDOW,BEFORE_CHECKIN,1131.6,N
11479,100047.3,2026-07-23,,2026-07-22 21:09:09,OUT_OF_WINDOW,AFTER_CUTOFF,189.2,N
11480,100064.3,2026-07-23,,2026-07-22 22:09:23,OUT_OF_WINDOW,BEFORE_CHECKIN,163.6,N
11481,100064.3,2026-07-23,,2026-07-23 00:09:25,OUT_OF_WINDOW,BEFORE_CHECKIN,43.6,N
11482,100011.3,2026-07-23,,2026-07-23 00:37:39,OUT_OF_WINDOW,BEFORE_CHECKIN,331.4,N
11483,100047.3,2026-07-23,,2026-07-23 00:44:41,OUT_OF_WINDOW,BEFORE_CHECKIN,119.3,N
11486,100096.3,2026-07-23,,2026-07-22 23:05:16,OUT_OF_WINDOW,BEFORE_CHECKIN,1008.7,N
11488,100096.3,2026-07-23,,2026-07-22 23:05:24,OUT_OF_WINDOW,BEFORE_CHECKIN,1008.6,N
11491,100096.3,2026-07-23,,2026-07-23 01:07:12,OUT_OF_WINDOW,BEFORE_CHECKIN,886.8,N
11499,100097.3,2026-07-23,,2026-07-23 02:26:10,OUT_OF_WINDOW,BEFORE_CHECKIN,150.8,N
11503,100011.3,2026-07-23,,2026-07-23 02:43:40,OUT_OF_WINDOW,BEFORE_CHECKIN,205.3,N
11512,100096.3,2026-07-23,,2026-07-23 03:07:33,OUT_OF_WINDOW,BEFORE_CHECKIN,766.5,N
11526,100096.3,2026-07-22,,2026-07-22 16:00:15,OUT_OF_WINDOW,NO_CHECKIN,,N
11528,100096.3,2026-07-23,,2026-07-23 03:53:16,OUT_OF_WINDOW,BEFORE_CHECKIN,720.7,N
11537,100055.3,2026-07-23,,2026-07-22 20:08:35,OUT_OF_WINDOW,BEFORE_CHECKIN,475.4,N
11549,100058.2,2026-07-23,,2026-07-23 04:18:53,OUT_OF_WINDOW,AFTER_CHECKOUT,656.9,N
11574,100011.3,2026-07-23,,2026-07-23 05:00:04,OUT_OF_WINDOW,BEFORE_CHECKIN,68.9,N
11608,100126.3,2026-07-23,,2026-07-23 04:16:43,OUT_OF_WINDOW,BEFORE_CHECKIN,93.3,N
11615,100017.3,2026-07-23,,2026-07-23 06:33:16,OUT_OF_WINDOW,BEFORE_CHECKIN,84.7,N
11616,100023.3,2026-07-23,,2026-07-23 06:33:47,OUT_OF_WINDOW,NO_CHECKIN,,N
11618,100016.3,2026-07-23,,2026-07-23 06:33:59,OUT_OF_WINDOW,NO_CHECKIN,,N
11704,100067.3,2026-07-21,,2026-07-21 04:02:45,OUT_OF_WINDOW,BEFORE_CHECKIN,321.3,N
11711,100068.3,2026-07-23,,2026-07-23 14:42:33,OUT_OF_WINDOW,AFTER_CUTOFF,42.6,N
11718,100064.3,2026-07-23,,2026-07-23 15:44:37,OUT_OF_WINDOW,AFTER_CUTOFF,104.6,N
11720,100014.3,2026-07-23,,2026-07-23 15:53:23,OUT_OF_WINDOW,AFTER_CUTOFF,53.4,N
11721,100084.3,2026-07-23,,2026-07-23 15:53:29,OUT_OF_WINDOW,AFTER_CUTOFF,113.5,N
11722,100096.3,2026-07-23,,2026-07-23 15:54:39,OUT_OF_WINDOW,AFTER_CUTOFF,114.7,N
11723,100071.3,2026-07-23,,2026-07-23 16:00:28,OUT_OF_WINDOW,AFTER_CHECKOUT,111.5,N
11730,100011.3,2026-07-23,,2026-07-23 16:50:42,OUT_OF_WINDOW,AFTER_CUTOFF,110.7,N
11737,100058.3,2026-07-23,,2026-07-23 01:07:54,OUT_OF_WINDOW,BEFORE_CHECKIN,14.1,N
11741,100058.2,2026-07-23,,2026-07-23 18:16:08,OUT_OF_WINDOW,AFTER_CUTOFF,136.1,N
11744,100011.3,2026-07-23,,2026-07-23 18:55:08,OUT_OF_WINDOW,AFTER_CUTOFF,235.1,N
11751,100046.3,2026-07-24,,2026-07-23 19:36:26,OUT_OF_WINDOW,AFTER_CUTOFF,96.4,N
11752,100011.3,2026-07-24,,2026-07-23 21:09:38,OUT_OF_WINDOW,AFTER_CUTOFF,369.6,N
11753,100046.3,2026-07-24,,2026-07-23 22:27:52,OUT_OF_WINDOW,AFTER_CUTOFF,267.9,N
11754,100011.3,2026-07-24,,2026-07-24 00:01:23,OUT_OF_WINDOW,AFTER_CUTOFF,541.4,N
11755,100064.3,2026-07-24,,2026-07-24 00:34:34,OUT_OF_WINDOW,BEFORE_CHECKIN,46.4,N
11756,100046.3,2026-07-24,,2026-07-24 01:09:26,OUT_OF_WINDOW,AFTER_CUTOFF,429.4,N
11762,100011.3,2026-07-24,,2026-07-24 02:02:16,OUT_OF_WINDOW,AFTER_CUTOFF,662.3,N
11763,100067.3,2026-07-24,,2026-07-24 02:12:23,OUT_OF_WINDOW,AFTER_CUTOFF,732.4,N
11788,100069.3,2026-07-24,,2026-07-24 03:01:31,OUT_OF_WINDOW,BEFORE_CHECKIN,3.5,N
11793,100050.3,2026-07-24,,2026-07-24 03:13:08,OUT_OF_WINDOW,AFTER_CUTOFF,553.1,N
11814,100011.3,2026-07-24,,2026-07-24 04:05:12,OUT_OF_WINDOW,AFTER_CUTOFF,785.2,N
11855,100046.3,2026-07-24,,2026-07-24 03:16:01,OUT_OF_WINDOW,AFTER_CUTOFF,556,N
11857,100046.3,2026-07-24,,2026-07-24 05:17:53,OUT_OF_WINDOW,AFTER_CUTOFF,677.9,N
11861,100050.3,2026-07-24,,2026-07-24 05:24:04,OUT_OF_WINDOW,AFTER_CUTOFF,684.1,N
11883,100046.3,2026-07-24,,2026-07-24 07:17:57,OUT_OF_WINDOW,AFTER_CUTOFF,798,N
11898,100046.3,2026-07-24,,2026-07-24 09:18:25,OUT_OF_WINDOW,AFTER_CUTOFF,918.4,N
11908,100075.2,2026-07-23,,2026-07-23 18:02:28,OUT_OF_WINDOW,AFTER_CUTOFF,122.5,N
11922,100011.3,2026-07-24,,2026-07-24 06:10:00,OUT_OF_WINDOW,AFTER_CUTOFF,910,N
11924,100011.3,2026-07-24,,2026-07-24 08:20:15,OUT_OF_WINDOW,AFTER_CUTOFF,1040.3,N
11927,100011.3,2026-07-24,,2026-07-24 10:25:02,OUT_OF_WINDOW,AFTER_CUTOFF,1165,N
11932,100126.3,2026-07-24,,2026-07-24 11:16:03,OUT_OF_WINDOW,AFTER_CHECKOUT,11.1,N
11933,100046.3,2026-07-24,,2026-07-24 11:18:48,OUT_OF_WINDOW,AFTER_CUTOFF,1038.8,N
11944,100013.2,2026-07-24,,2026-07-24 12:24:11,OUT_OF_WINDOW,BEFORE_CHECKIN,99.8,N
11945,100011.3,2026-07-24,,2026-07-24 12:25:08,OUT_OF_WINDOW,AFTER_CUTOFF,1285.1,N
11985,100011.3,2026-07-24,,2026-07-24 14:27:38,OUT_OF_WINDOW,AFTER_CUTOFF,1407.6,N
11990,100068.3,2026-07-24,,2026-07-24 14:41:12,OUT_OF_WINDOW,AFTER_CUTOFF,41.2,N
11993,100064.3,2026-07-24,,2026-07-24 13:13:04,OUT_OF_WINDOW,AFTER_CHECKOUT,25.1,N
11995,100064.3,2026-07-24,,2026-07-24 15:31:06,OUT_OF_WINDOW,AFTER_CHECKOUT,163.1,N
12000,100011.3,2026-07-24,,2026-07-24 16:32:32,OUT_OF_WINDOW,AFTER_CUTOFF,1532.5,N
12002,100084.3,2026-07-23,,2026-07-23 05:55:22,OUT_OF_WINDOW,BEFORE_CHECKIN,597.6,N
12004,100084.3,2026-07-23,,2026-07-23 08:10:50,OUT_OF_WINDOW,BEFORE_CHECKIN,462.2,N
12007,100084.3,2026-07-23,,2026-07-23 12:17:28,OUT_OF_WINDOW,BEFORE_CHECKIN,215.5,N
12011,100084.3,2026-07-23,,2026-07-23 14:20:51,OUT_OF_WINDOW,BEFORE_CHECKIN,92.2,N
12016,100084.3,2026-07-23,,2026-07-23 16:56:53,OUT_OF_WINDOW,AFTER_CUTOFF,176.9,N
12022,100084.3,2026-07-24,,2026-07-23 19:00:01,OUT_OF_WINDOW,AFTER_CUTOFF,300,N
12029,100084.3,2026-07-24,,2026-07-24 01:36:29,OUT_OF_WINDOW,BEFORE_CHECKIN,144.5,N
12079,100084.3,2026-07-24,,2026-07-24 17:04:27,OUT_OF_WINDOW,AFTER_CHECKOUT,61.5,N
12082,100046.3,2026-07-24,,2026-07-24 15:20:08,OUT_OF_WINDOW,AFTER_CUTOFF,1280.1,N
12084,100046.3,2026-07-24,,2026-07-24 17:20:34,OUT_OF_WINDOW,AFTER_CUTOFF,1400.6,N
12085,100064.3,2026-07-24,,2026-07-24 17:31:11,OUT_OF_WINDOW,AFTER_CHECKOUT,283.2,N
12092,100046.3,2026-07-25,,2026-07-24 19:21:02,OUT_OF_WINDOW,BEFORE_CHECKIN,537,N
12093,100064.3,2026-07-25,,2026-07-24 19:31:25,OUT_OF_WINDOW,BEFORE_CHECKIN,322.6,N
12094,100047.3,2026-07-25,,2026-07-24 19:58:38,OUT_OF_WINDOW,AFTER_CUTOFF,118.6,N
12095,100011.3,2026-07-25,,2026-07-24 20:09:18,OUT_OF_WINDOW,NO_CHECKIN,,N
12096,100064.3,2026-07-25,,2026-07-24 21:31:56,OUT_OF_WINDOW,BEFORE_CHECKIN,202.1,N
12097,100015.3,2026-07-25,,2026-07-24 21:33:56,OUT_OF_WINDOW,AFTER_CUTOFF,393.9,N
12098,100015.3,2026-07-25,,2026-07-24 21:35:09,OUT_OF_WINDOW,AFTER_CUTOFF,395.2,N
12099,100047.3,2026-07-25,,2026-07-24 21:58:52,OUT_OF_WINDOW,AFTER_CUTOFF,238.9,N
12100,100011.3,2026-07-25,,2026-07-24 22:09:31,OUT_OF_WINDOW,NO_CHECKIN,,N
12101,100046.3,2026-07-25,,2026-07-24 22:22:02,OUT_OF_WINDOW,BEFORE_CHECKIN,356,N
12102,100064.3,2026-07-25,,2026-07-24 23:45:50,OUT_OF_WINDOW,BEFORE_CHECKIN,68.2,N
12103,100046.3,2026-07-25,,2026-07-25 00:36:45,OUT_OF_WINDOW,BEFORE_CHECKIN,221.3,N
12106,100011.3,2026-07-25,,2026-07-25 01:30:20,OUT_OF_WINDOW,NO_CHECKIN,,N
12110,100073.3,2026-07-24,,2026-07-24 13:22:48,OUT_OF_WINDOW,AFTER_CHECKOUT,10.8,N
12113,100073.3,2026-07-24,,2026-07-24 13:22:48,OUT_OF_WINDOW,AFTER_CHECKOUT,10.8,N
12120,100058.3,2026-07-25,,2026-07-25 02:06:56,OUT_OF_WINDOW,BEFORE_CHECKIN,54.1,N
12137,100046.3,2026-07-25,,2026-07-25 03:37:20,OUT_OF_WINDOW,BEFORE_CHECKIN,40.7,N
12138,100083.3,2026-07-21,,2026-07-20 23:38:19,OUT_OF_WINDOW,NO_CHECKIN,,N
12140,100083.3,2026-07-21,,2026-07-21 01:49:28,OUT_OF_WINDOW,NO_CHECKIN,,N
12150,100007.3,2026-07-25,,2026-07-25 03:30:39,OUT_OF_WINDOW,BEFORE_CHECKIN,27.4,N
12163,100015.3,2026-07-25,,2026-07-25 04:17:05,OUT_OF_WINDOW,BEFORE_CHECKIN,49.9,N
12186,100011.3,2026-07-25,,2026-07-25 05:02:11,OUT_OF_WINDOW,NO_CHECKIN,,N
12193,100023.3,2026-07-25,,2026-07-25 05:14:50,OUT_OF_WINDOW,AFTER_CUTOFF,914.8,N
12225,100005.3,2026-07-25,,2026-07-25 06:33:10,OUT_OF_WINDOW,NO_CHECKIN,,N
12233,100011.3,2026-07-25,,2026-07-25 07:02:13,OUT_OF_WINDOW,NO_CHECKIN,,N
12250,100023.3,2026-07-25,,2026-07-25 07:41:40,OUT_OF_WINDOW,AFTER_CUTOFF,1061.7,N
12255,100023.3,2026-07-25,,2026-07-25 08:27:20,OUT_OF_WINDOW,AFTER_CUTOFF,1107.3,N
12303,100070.2,2026-07-25,,2026-07-25 16:36:35,OUT_OF_WINDOW,AFTER_CUTOFF,36.6,N
12307,100070.2,2026-07-25,,2026-07-25 16:37:35,OUT_OF_WINDOW,AFTER_CUTOFF,37.6,N
12312,100070.2,2026-07-25,,2026-07-25 17:37:45,OUT_OF_WINDOW,AFTER_CUTOFF,97.8,N
12318,100070.2,2026-07-25,,2026-07-25 18:37:46,OUT_OF_WINDOW,AFTER_CUTOFF,157.8,N
12325,100070.2,2026-07-26,,2026-07-25 19:37:46,OUT_OF_WINDOW,AFTER_CUTOFF,217.8,N
12333,100070.2,2026-07-26,,2026-07-25 20:37:55,OUT_OF_WINDOW,AFTER_CUTOFF,277.9,N
12342,100070.2,2026-07-26,,2026-07-25 21:39:11,OUT_OF_WINDOW,AFTER_CUTOFF,339.2,N
12352,100070.2,2026-07-26,,2026-07-25 22:44:47,OUT_OF_WINDOW,AFTER_CUTOFF,404.8,N
12353,100064.3,2026-07-25,,2026-07-25 12:58:24,OUT_OF_WINDOW,AFTER_CHECKOUT,12.4,N
12355,100064.3,2026-07-25,,2026-07-25 15:01:12,OUT_OF_WINDOW,AFTER_CHECKOUT,135.2,N
12358,100064.3,2026-07-25,,2026-07-25 17:03:30,OUT_OF_WINDOW,AFTER_CHECKOUT,257.5,N
12362,100064.3,2026-07-26,,2026-07-25 19:03:46,OUT_OF_WINDOW,AFTER_CHECKOUT,377.8,N
12367,100064.3,2026-07-26,,2026-07-25 21:04:39,OUT_OF_WINDOW,AFTER_CHECKOUT,498.7,N
12373,100064.3,2026-07-26,,2026-07-25 23:09:57,OUT_OF_WINDOW,AFTER_CHECKOUT,624,N
12374,100011.3,2026-07-25,,2026-07-25 09:02:58,OUT_OF_WINDOW,NO_CHECKIN,,N
12376,100011.3,2026-07-25,,2026-07-25 11:06:08,OUT_OF_WINDOW,NO_CHECKIN,,N
12379,100011.3,2026-07-25,,2026-07-25 13:06:30,OUT_OF_WINDOW,NO_CHECKIN,,N
12383,100011.3,2026-07-25,,2026-07-25 15:14:08,OUT_OF_WINDOW,NO_CHECKIN,,N
12388,100011.3,2026-07-25,,2026-07-25 17:15:16,OUT_OF_WINDOW,NO_CHECKIN,,N
12394,100011.3,2026-07-26,,2026-07-25 19:19:09,OUT_OF_WINDOW,NO_CHECKIN,,N
12401,100011.3,2026-07-26,,2026-07-25 23:34:48,OUT_OF_WINDOW,NO_CHECKIN,,N
12402,100070.2,2026-07-26,,2026-07-26 00:25:17,OUT_OF_WINDOW,AFTER_CUTOFF,505.3,N
12404,100064.3,2026-07-26,,2026-07-26 01:14:59,OUT_OF_WINDOW,AFTER_CHECKOUT,749,N
12405,100011.3,2026-07-26,,2026-07-26 01:35:19,OUT_OF_WINDOW,NO_CHECKIN,,N
12406,100070.2,2026-07-26,,2026-07-26 01:51:46,OUT_OF_WINDOW,AFTER_CUTOFF,591.8,N
12407,100067.3,2026-07-25,,2026-07-25 15:38:11,OUT_OF_WINDOW,AFTER_CUTOFF,98.2,N
12409,100057.3,2026-07-26,,2026-07-26 02:16:17,OUT_OF_WINDOW,AFTER_CUTOFF,406.3,N
12412,100064.3,2026-07-26,,2026-07-26 03:15:58,OUT_OF_WINDOW,AFTER_CHECKOUT,870,N
12413,100083.3,2026-07-26,,2026-07-26 03:24:19,OUT_OF_WINDOW,NO_CHECKIN,,N
12419,100084.3,2026-07-25,,2026-07-25 01:29:58,OUT_OF_WINDOW,BEFORE_CHECKIN,177,N
12421,100084.3,2026-07-25,,2026-07-25 03:46:35,OUT_OF_WINDOW,BEFORE_CHECKIN,40.4,N
12439,100084.3,2026-07-25,,2026-07-25 15:22:19,OUT_OF_WINDOW,AFTER_CUTOFF,82.3,N
12446,100084.3,2026-07-25,,2026-07-25 17:22:51,OUT_OF_WINDOW,AFTER_CUTOFF,202.9,N
12454,100084.3,2026-07-26,,2026-07-25 19:23:01,OUT_OF_WINDOW,AFTER_CUTOFF,323,N
12463,100084.3,2026-07-26,,2026-07-26 03:58:32,OUT_OF_WINDOW,BEFORE_CHECKIN,18.5,N
12469,100070.2,2026-07-26,,2026-07-26 04:02:19,OUT_OF_WINDOW,AFTER_CUTOFF,722.3,N
12470,100058.2,2026-07-25,,2026-07-25 16:17:49,OUT_OF_WINDOW,AFTER_CUTOFF,17.8,N
12472,100058.2,2026-07-25,,2026-07-25 17:18:28,OUT_OF_WINDOW,AFTER_CUTOFF,78.5,N
12475,100058.2,2026-07-25,,2026-07-25 18:18:40,OUT_OF_WINDOW,AFTER_CUTOFF,138.7,N
12482,100011.3,2026-07-26,,2026-07-26 05:02:24,OUT_OF_WINDOW,NO_CHECKIN,,N
12483,100070.2,2026-07-26,,2026-07-26 05:10:21,OUT_OF_WINDOW,AFTER_CUTOFF,790.4,N
12484,100064.3,2026-07-26,,2026-07-26 05:16:37,OUT_OF_WINDOW,AFTER_CHECKOUT,990.6,N
12499,100055.3,2026-07-26,,2026-07-25 20:52:39,OUT_OF_WINDOW,AFTER_CUTOFF,82.7,N
12505,100055.3,2026-07-26,,2026-07-25 20:57:47,OUT_OF_WINDOW,AFTER_CUTOFF,87.8,N
12512,100055.3,2026-07-26,,2026-07-25 20:58:24,OUT_OF_WINDOW,AFTER_CUTOFF,88.4,N
12520,100055.3,2026-07-26,,2026-07-25 23:03:00,OUT_OF_WINDOW,AFTER_CUTOFF,213,N
12529,100055.3,2026-07-26,,2026-07-26 01:03:24,OUT_OF_WINDOW,BEFORE_CHECKIN,260.6,N
12543,100064.3,2026-07-26,,2026-07-26 07:16:39,OUT_OF_WINDOW,AFTER_CHECKOUT,1110.7,N
12544,100011.3,2026-07-26,,2026-07-26 07:19:06,OUT_OF_WINDOW,NO_CHECKIN,,N
12552,100015.3,2026-07-25,,2026-07-25 15:21:27,OUT_OF_WINDOW,AFTER_CUTOFF,21.5,N
12555,100015.3,2026-07-26,,2026-07-26 07:58:27,OUT_OF_WINDOW,AFTER_CUTOFF,1018.5,N
12562,100064.3,2026-07-26,,2026-07-26 09:16:44,OUT_OF_WINDOW,AFTER_CHECKOUT,1230.7,N
12563,100011.3,2026-07-26,,2026-07-26 09:34:06,OUT_OF_WINDOW,NO_CHECKIN,,N
12564,100069.2,2026-07-25,,2026-07-25 16:16:38,OUT_OF_WINDOW,AFTER_CUTOFF,16.6,N
12566,100071.2,2026-07-25,,2026-07-25 17:01:25,OUT_OF_WINDOW,AFTER_CUTOFF,61.4,N
12569,100064.3,2026-07-26,,2026-07-26 11:29:00,OUT_OF_WINDOW,AFTER_CHECKOUT,1363,N
12575,100011.3,2026-07-26,,2026-07-26 11:35:47,OUT_OF_WINDOW,NO_CHECKIN,,N
12577,100011.3,2026-07-26,,2026-07-26 13:38:47,OUT_OF_WINDOW,NO_CHECKIN,,N
12578,100064.3,2026-07-26,,2026-07-26 13:39:13,OUT_OF_WINDOW,AFTER_CHECKOUT,1493.2,N
12580,100064.3,2026-07-26,,2026-07-26 15:39:43,OUT_OF_WINDOW,AFTER_CHECKOUT,1613.7,N
12581,100067.3,2026-07-26,,2026-07-26 15:39:44,OUT_OF_WINDOW,AFTER_CUTOFF,1539.7,N
12582,100011.3,2026-07-26,,2026-07-26 15:40:36,OUT_OF_WINDOW,NO_CHECKIN,,N
12586,100005.2,2026-07-26,,2026-07-26 16:10:57,OUT_OF_WINDOW,AFTER_CHECKOUT,133,N
12587,100025.2,2026-07-25,,2026-07-25 18:36:36,OUT_OF_WINDOW,AFTER_CUTOFF,156.6,N
12589,100070.2,2026-07-26,,2026-07-26 06:30:03,OUT_OF_WINDOW,AFTER_CUTOFF,870.1,N
12591,100070.2,2026-07-26,,2026-07-26 09:07:18,OUT_OF_WINDOW,AFTER_CUTOFF,1027.3,N
12594,100070.2,2026-07-26,,2026-07-26 16:42:41,OUT_OF_WINDOW,AFTER_CUTOFF,1482.7,N
12596,100064.3,2026-07-26,,2026-07-26 17:40:14,OUT_OF_WINDOW,AFTER_CHECKOUT,1734.2,N
12597,100011.3,2026-07-26,,2026-07-26 17:50:28,OUT_OF_WINDOW,NO_CHECKIN,,N
12599,100070.2,2026-07-26,,2026-07-26 18:04:26,OUT_OF_WINDOW,AFTER_CUTOFF,1564.4,N
12615,100084.3,2026-07-26,,2026-07-26 16:58:31,OUT_OF_WINDOW,AFTER_CHECKOUT,56.5,N
12621,100084.3,2026-07-26,,2026-07-26 18:59:34,OUT_OF_WINDOW,AFTER_CHECKOUT,177.6,N
12622,100070.2,2026-07-27,,2026-07-26 19:05:01,OUT_OF_WINDOW,BEFORE_CHECKIN,719,N
12623,100064.3,2026-07-27,,2026-07-26 19:40:44,OUT_OF_WINDOW,BEFORE_CHECKIN,452.3,N
12624,100070.2,2026-07-27,,2026-07-26 20:06:13,OUT_OF_WINDOW,BEFORE_CHECKIN,657.8,N
12625,100011.3,2026-07-27,,2026-07-26 20:31:28,OUT_OF_WINDOW,BEFORE_CHECKIN,577.5,N
12627,100070.2,2026-07-27,,2026-07-26 21:10:04,OUT_OF_WINDOW,BEFORE_CHECKIN,593.9,N
12628,100064.3,2026-07-27,,2026-07-26 21:40:47,OUT_OF_WINDOW,BEFORE_CHECKIN,332.2,N
12629,100070.2,2026-07-27,,2026-07-26 22:12:02,OUT_OF_WINDOW,BEFORE_CHECKIN,532,N
12630,100011.3,2026-07-27,,2026-07-26 22:49:04,OUT_OF_WINDOW,BEFORE_CHECKIN,439.9,N
12631,100070.2,2026-07-27,,2026-07-26 23:13:00,OUT_OF_WINDOW,BEFORE_CHECKIN,471,N
12632,100064.3,2026-07-27,,2026-07-26 23:41:18,OUT_OF_WINDOW,BEFORE_CHECKIN,211.7,N
12633,100070.2,2026-07-27,,2026-07-27 00:13:08,OUT_OF_WINDOW,BEFORE_CHECKIN,410.9,N
12634,100015.3,2026-07-27,,2026-07-27 00:34:39,OUT_OF_WINDOW,BEFORE_CHECKIN,275.4,N
12635,100011.3,2026-07-27,,2026-07-27 00:51:13,OUT_OF_WINDOW,BEFORE_CHECKIN,317.8,N
12636,100070.2,2026-07-27,,2026-07-27 01:14:54,OUT_OF_WINDOW,BEFORE_CHECKIN,349.1,N
12638,100064.3,2026-07-27,,2026-07-27 01:44:15,OUT_OF_WINDOW,BEFORE_CHECKIN,88.8,N
12642,100071.3,2026-07-27,,2026-07-27 02:20:18,OUT_OF_WINDOW,BEFORE_CHECKIN,67.7,N
12643,100057.3,2026-07-26,,2026-07-26 09:28:12,OUT_OF_WINDOW,AFTER_CUTOFF,838.2,N
12645,100057.3,2026-07-26,,2026-07-26 12:50:25,OUT_OF_WINDOW,AFTER_CUTOFF,1040.4,N
12648,100057.3,2026-07-26,,2026-07-26 17:44:12,OUT_OF_WINDOW,AFTER_CUTOFF,1334.2,N
12650,100126.3,2026-07-25,,2026-07-25 11:34:34,OUT_OF_WINDOW,AFTER_CHECKOUT,18.6,N
12652,100010.3,2026-07-27,,2026-07-27 02:54:20,OUT_OF_WINDOW,BEFORE_CHECKIN,61.7,N
12661,100069.3,2026-07-25,,2026-07-25 14:48:50,OUT_OF_WINDOW,AFTER_CUTOFF,48.8,N
12664,100063.3,2026-07-27,,2026-07-27 03:21:54,OUT_OF_WINDOW,BEFORE_CHECKIN,683.1,N
12687,100047.3,2026-07-25,,2026-07-25 18:54:44,OUT_OF_WINDOW,AFTER_CUTOFF,54.7,N
12692,100047.3,2026-07-26,,2026-07-25 20:55:47,OUT_OF_WINDOW,AFTER_CUTOFF,175.8,N
12698,100047.3,2026-07-26,,2026-07-26 12:04:38,OUT_OF_WINDOW,AFTER_CUTOFF,1084.6,N
12705,100012.3,2026-07-25,,2026-07-25 16:27:31,OUT_OF_WINDOW,AFTER_CUTOFF,87.5,N
12720,100015.3,2026-07-27,,2026-07-27 04:10:35,OUT_OF_WINDOW,BEFORE_CHECKIN,59.4,N
12727,100055.3,2026-07-27,2026-07-26,2026-07-26 20:03:51,,,,
12736,100070.2,2026-07-27,,2026-07-27 03:19:35,OUT_OF_WINDOW,BEFORE_CHECKIN,224.4,N
12738,100070.2,2026-07-27,,2026-07-27 04:24:09,OUT_OF_WINDOW,BEFORE_CHECKIN,159.9,N
12746,100011.3,2026-07-27,,2026-07-27 04:37:23,OUT_OF_WINDOW,BEFORE_CHECKIN,91.6,N
12756,100057.2,2026-07-27,,2026-07-27 04:58:35,OUT_OF_WINDOW,BEFORE_CHECKIN,5.4,N
12772,100063.3,2026-07-27,,2026-07-27 05:24:56,OUT_OF_WINDOW,BEFORE_CHECKIN,560.1,N
12786,100070.2,2026-07-27,,2026-07-27 06:00:17,OUT_OF_WINDOW,BEFORE_CHECKIN,63.7,N
12800,100068.2,2026-07-25,,2026-07-25 17:00:14,OUT_OF_WINDOW,AFTER_CUTOFF,60.2,N
12811,100075.2,2026-07-25,,2026-07-25 17:16:34,OUT_OF_WINDOW,AFTER_CUTOFF,76.6,N
12814,100063.3,2026-07-27,,2026-07-27 07:33:51,OUT_OF_WINDOW,BEFORE_CHECKIN,431.2,N
12849,100063.3,2026-07-27,,2026-07-27 09:35:16,OUT_OF_WINDOW,BEFORE_CHECKIN,309.7,N
12869,100063.3,2026-07-27,,2026-07-27 11:36:43,OUT_OF_WINDOW,BEFORE_CHECKIN,188.3,N
12878,100064.3,2026-07-27,,2026-07-27 12:56:38,OUT_OF_WINDOW,AFTER_CHECKOUT,9.6,N
12883,100063.3,2026-07-27,,2026-07-27 13:37:42,OUT_OF_WINDOW,BEFORE_CHECKIN,67.3,N
12904,100068.3,2026-07-27,,2026-07-27 14:40:51,OUT_OF_WINDOW,AFTER_CUTOFF,40.9,N
12905,100072.3,2026-07-27,,2026-07-27 14:45:33,OUT_OF_WINDOW,AFTER_CHECKOUT,28.6,N
12906,100063.3,2026-07-27,,2026-07-27 14:45:49,OUT_OF_WINDOW,AFTER_CUTOFF,45.8,N
12908,100063.3,2026-07-27,,2026-07-27 15:00:21,OUT_OF_WINDOW,AFTER_CUTOFF,60.4,N
12909,100144.3,2026-07-27,,2026-07-27 15:00:44,OUT_OF_WINDOW,AFTER_CUTOFF,60.7,N
12920,100063.3,2026-07-27,,2026-07-27 15:38:50,OUT_OF_WINDOW,AFTER_CUTOFF,98.8,N
12921,100076.3,2026-07-27,,2026-07-27 15:52:19,OUT_OF_WINDOW,AFTER_CUTOFF,112.3,N
12923,100097.3,2026-07-27,,2026-07-27 16:01:33,OUT_OF_WINDOW,AFTER_CUTOFF,121.6,N
12924,100058.2,2026-07-27,,2026-07-27 16:05:56,OUT_OF_WINDOW,AFTER_CUTOFF,5.9,N
12926,100065.3,2026-07-27,,2026-07-27 16:36:53,OUT_OF_WINDOW,AFTER_CHECKOUT,5.9,N
12927,100075.3,2026-07-27,,2026-07-27 16:37:31,OUT_OF_WINDOW,AFTER_CUTOFF,157.5,N
12929,100011.3,2026-07-27,,2026-07-27 16:41:20,OUT_OF_WINDOW,AFTER_CUTOFF,101.3,N
12930,100007.2,2026-07-27,,2026-07-27 16:43:55,OUT_OF_WINDOW,AFTER_CUTOFF,43.9,N
12944,100063.3,2026-07-27,,2026-07-27 17:48:21,OUT_OF_WINDOW,AFTER_CUTOFF,228.4,N
12946,100076.3,2026-07-27,,2026-07-27 17:56:37,OUT_OF_WINDOW,AFTER_CUTOFF,236.6,N
12948,100047.3,2026-07-27,,2026-07-27 18:52:37,OUT_OF_WINDOW,AFTER_CUTOFF,52.6,N
12949,100011.3,2026-07-28,,2026-07-27 19:00:06,OUT_OF_WINDOW,AFTER_CUTOFF,240.1,N
12951,100046.3,2026-07-28,,2026-07-27 19:03:20,OUT_OF_WINDOW,AFTER_CUTOFF,63.3,N
12954,100055.3,2026-07-28,2026-07-27,2026-07-27 19:16:24,,,,
12955,100063.3,2026-07-28,,2026-07-27 19:59:36,OUT_OF_WINDOW,AFTER_CUTOFF,359.6,N
12958,100047.3,2026-07-28,,2026-07-27 20:53:50,OUT_OF_WINDOW,AFTER_CUTOFF,173.8,N
12959,100046.3,2026-07-28,,2026-07-27 21:12:19,OUT_OF_WINDOW,AFTER_CUTOFF,192.3,N
12960,100015.3,2026-07-28,,2026-07-27 21:21:33,OUT_OF_WINDOW,AFTER_CUTOFF,381.6,N
12961,100011.3,2026-07-28,,2026-07-27 21:33:11,OUT_OF_WINDOW,AFTER_CUTOFF,393.2,N
12962,100063.3,2026-07-28,,2026-07-27 22:00:17,OUT_OF_WINDOW,AFTER_CUTOFF,480.3,N
12963,100015.3,2026-07-28,,2026-07-27 23:21:41,OUT_OF_WINDOW,AFTER_CUTOFF,501.7,N
12964,100011.3,2026-07-28,,2026-07-27 23:39:19,OUT_OF_WINDOW,BEFORE_CHECKIN,404.7,N
12965,100063.3,2026-07-28,,2026-07-28 00:00:19,OUT_OF_WINDOW,AFTER_CUTOFF,600.3,N
12966,100046.3,2026-07-28,,2026-07-28 00:24:21,OUT_OF_WINDOW,BEFORE_CHECKIN,271.7,N
12968,100015.3,2026-07-28,,2026-07-28 01:22:06,OUT_OF_WINDOW,AFTER_CUTOFF,622.1,N
12969,100011.3,2026-07-28,,2026-07-28 01:40:05,OUT_OF_WINDOW,BEFORE_CHECKIN,283.9,N
12970,100063.3,2026-07-28,,2026-07-28 02:00:47,OUT_OF_WINDOW,AFTER_CUTOFF,720.8,N
12972,100066.3,2026-07-28,,2026-07-28 02:05:45,OUT_OF_WINDOW,BEFORE_CHECKIN,124.3,N
12974,100094.3,2026-07-25,,2026-07-25 14:51:55,OUT_OF_WINDOW,AFTER_CUTOFF,1491.9,N
12978,100046.3,2026-07-28,,2026-07-28 02:24:32,OUT_OF_WINDOW,BEFORE_CHECKIN,151.5,N
12983,100126.3,2026-07-27,,2026-07-27 11:16:08,OUT_OF_WINDOW,AFTER_CHECKOUT,11.1,N
12988,100013.2,2026-07-28,,2026-07-28 03:06:06,OUT_OF_WINDOW,NO_CHECKIN,,N
13017,100015.3,2026-07-28,,2026-07-28 04:15:05,OUT_OF_WINDOW,AFTER_CUTOFF,795.1,N
13032,100055.3,2026-07-28,,2026-07-27 21:16:54,OUT_OF_WINDOW,AFTER_CUTOFF,106.9,N
13034,100055.3,2026-07-28,,2026-07-28 03:52:23,OUT_OF_WINDOW,BEFORE_CHECKIN,53.6,N
13041,100046.3,2026-07-28,,2026-07-28 04:26:40,OUT_OF_WINDOW,BEFORE_CHECKIN,29.3,N
13059,100011.3,2026-07-28,,2026-07-28 05:25:13,OUT_OF_WINDOW,BEFORE_CHECKIN,58.8,N
13060,100023.3,2026-07-28,,2026-07-28 05:28:15,OUT_OF_WINDOW,BEFORE_CHECKIN,38.8,N
13077,100023.3,2026-07-25,,2026-07-25 14:39:31,OUT_OF_WINDOW,AFTER_CUTOFF,1479.5,N
13079,100023.3,2026-07-25,,2026-07-25 14:50:26,OUT_OF_WINDOW,AFTER_CUTOFF,1490.4,N
13082,100023.3,2026-07-26,,2026-07-26 09:32:57,OUT_OF_WINDOW,NO_CHECKIN,,N
13097,100015.3,2026-07-28,,2026-07-28 06:34:17,OUT_OF_WINDOW,AFTER_CUTOFF,934.3,N
13105,100124.3,2026-07-28,,2026-07-28 06:57:48,OUT_OF_WINDOW,AFTER_CHECKOUT,5.8,N
13163,100660.1,2026-07-27,,2026-07-27 04:15:45,OUT_OF_WINDOW,NO_CHECKIN,,N
13164,100660.1,2026-07-28,,2026-07-28 11:47:07,OUT_OF_WINDOW,BEFORE_CHECKIN,3.9,N
13168,100084.3,2026-07-27,,2026-07-27 01:36:30,OUT_OF_WINDOW,BEFORE_CHECKIN,131.5,N
13195,100084.3,2026-07-27,,2026-07-27 16:44:06,OUT_OF_WINDOW,AFTER_CHECKOUT,16.1,N
13203,100084.3,2026-07-27,,2026-07-27 18:47:38,OUT_OF_WINDOW,AFTER_CHECKOUT,139.6,N
13212,100084.3,2026-07-28,,2026-07-27 20:53:24,OUT_OF_WINDOW,AFTER_CHECKOUT,265.4,N
13222,100084.3,2026-07-28,,2026-07-28 01:36:31,OUT_OF_WINDOW,BEFORE_CHECKIN,152.5,N
13233,100084.3,2026-07-28,,2026-07-28 04:05:07,OUT_OF_WINDOW,BEFORE_CHECKIN,3.9,N
13278,100064.3,2026-07-28,,2026-07-28 12:57:57,OUT_OF_WINDOW,AFTER_CHECKOUT,11,N
13294,100067.3,2026-07-28,,2026-07-28 02:02:38,OUT_OF_WINDOW,NO_CHECKIN,,N
13295,100067.3,2026-07-28,,2026-07-28 13:42:02,OUT_OF_WINDOW,NO_CHECKIN,,N
13297,100067.3,2026-07-28,,2026-07-28 13:55:09,OUT_OF_WINDOW,NO_CHECKIN,,N
13307,100064.3,2026-07-28,,2026-07-28 14:46:46,OUT_OF_WINDOW,AFTER_CHECKOUT,119.8,N
13310,100072.3,2026-07-28,,2026-07-28 14:57:26,OUT_OF_WINDOW,AFTER_CHECKOUT,10.4,N
13326,100097.3,2026-07-28,,2026-07-28 15:51:58,OUT_OF_WINDOW,AFTER_CUTOFF,112,N
13327,100067.2,2026-07-28,,2026-07-28 16:00:17,OUT_OF_WINDOW,AFTER_CHECKOUT,430.3,N
13330,100084.3,2026-07-28,,2026-07-28 16:22:48,OUT_OF_WINDOW,AFTER_CHECKOUT,39.8,N
13335,100064.3,2026-07-28,,2026-07-28 16:46:49,OUT_OF_WINDOW,AFTER_CHECKOUT,239.8,N
13339,100068.2,2026-07-28,,2026-07-28 17:05:29,OUT_OF_WINDOW,AFTER_CUTOFF,65.5,N
13345,100064.3,2026-07-28,,2026-07-28 18:59:32,OUT_OF_WINDOW,AFTER_CHECKOUT,372.5,N
13349,100046.3,2026-07-29,,2026-07-28 19:57:53,OUT_OF_WINDOW,AFTER_CUTOFF,117.9,N
13351,100064.3,2026-07-29,,2026-07-28 21:00:02,OUT_OF_WINDOW,BEFORE_CHECKIN,234,N
13352,100046.3,2026-07-29,,2026-07-28 22:03:52,OUT_OF_WINDOW,AFTER_CUTOFF,243.9,N
13353,100064.3,2026-07-29,,2026-07-28 23:10:49,OUT_OF_WINDOW,BEFORE_CHECKIN,103.2,N
13354,100046.3,2026-07-29,,2026-07-29 00:40:18,OUT_OF_WINDOW,BEFORE_CHECKIN,227.7,N
13357,100058.3,2026-07-28,,2026-07-28 18:35:04,OUT_OF_WINDOW,AFTER_CHECKOUT,18.1,N
13361,100067.3,2026-07-29,,2026-07-29 02:00:52,OUT_OF_WINDOW,NO_CHECKIN,,N
13367,100046.3,2026-07-29,,2026-07-29 02:40:33,OUT_OF_WINDOW,BEFORE_CHECKIN,107.5,N
13376,100126.3,2026-07-28,,2026-07-28 11:08:38,OUT_OF_WINDOW,AFTER_CHECKOUT,7.6,N
13384,100076.3,2026-07-29,,2026-07-29 03:41:13,OUT_OF_WINDOW,BEFORE_CHECKIN,7.8,N
13388,100055.3,2026-07-29,2026-07-28,2026-07-28 19:14:56,,,,
13391,100055.3,2026-07-29,,2026-07-28 21:21:12,OUT_OF_WINDOW,AFTER_CUTOFF,111.2,N
13395,100055.3,2026-07-29,,2026-07-28 23:21:50,OUT_OF_WINDOW,AFTER_CUTOFF,231.8,N
13400,100055.3,2026-07-29,,2026-07-29 02:49:40,OUT_OF_WINDOW,BEFORE_CHECKIN,53.3,N
13435,100066.3,2026-07-28,,2026-07-28 13:16:26,OUT_OF_WINDOW,AFTER_CHECKOUT,11.4,N
13553,100006.3,2026-07-29,,2026-07-29 11:03:25,OUT_OF_WINDOW,NO_CHECKIN,,N
13568,100126.3,2026-07-30,,2026-07-30 03:09:48,OUT_OF_WINDOW,BEFORE_CHECKIN,433.2,N
13570,100126.3,2026-07-30,,2026-07-30 05:09:59,OUT_OF_WINDOW,BEFORE_CHECKIN,313,N
13573,100126.3,2026-07-30,,2026-07-30 07:13:24,OUT_OF_WINDOW,BEFORE_CHECKIN,189.6,N
13577,100126.3,2026-07-30,,2026-07-30 09:13:57,OUT_OF_WINDOW,BEFORE_CHECKIN,69.1,N
13599,100047.2,2026-07-29,,2026-07-29 16:38:58,OUT_OF_WINDOW,AFTER_CUTOFF,39,N
13605,100047.2,2026-07-29,,2026-07-29 17:42:28,OUT_OF_WINDOW,AFTER_CUTOFF,102.5,N
13612,100047.2,2026-07-29,,2026-07-29 18:43:14,OUT_OF_WINDOW,AFTER_CUTOFF,163.2,N
13620,100047.2,2026-07-30,,2026-07-29 19:43:44,OUT_OF_WINDOW,AFTER_CUTOFF,223.7,N
13629,100047.2,2026-07-30,,2026-07-29 20:44:07,OUT_OF_WINDOW,AFTER_CUTOFF,284.1,N
13639,100047.2,2026-07-30,,2026-07-29 21:59:52,OUT_OF_WINDOW,AFTER_CUTOFF,359.9,N
13650,100047.2,2026-07-30,,2026-07-30 00:00:19,OUT_OF_WINDOW,AFTER_CUTOFF,480.3,N
13662,100047.2,2026-07-30,,2026-07-30 01:01:39,OUT_OF_WINDOW,AFTER_CUTOFF,541.7,N
13675,100047.2,2026-07-30,,2026-07-30 02:09:38,OUT_OF_WINDOW,AFTER_CUTOFF,609.6,N
13689,100047.2,2026-07-30,,2026-07-30 04:10:14,OUT_OF_WINDOW,BEFORE_CHECKIN,611.8,N
13704,100047.2,2026-07-30,,2026-07-30 05:31:33,OUT_OF_WINDOW,BEFORE_CHECKIN,530.5,N
13720,100047.2,2026-07-30,,2026-07-30 06:31:57,OUT_OF_WINDOW,BEFORE_CHECKIN,470.1,N
13737,100047.2,2026-07-30,,2026-07-30 07:32:30,OUT_OF_WINDOW,BEFORE_CHECKIN,409.5,N
13755,100047.2,2026-07-30,,2026-07-30 08:39:55,OUT_OF_WINDOW,BEFORE_CHECKIN,342.1,N
13774,100047.2,2026-07-30,,2026-07-30 09:41:51,OUT_OF_WINDOW,BEFORE_CHECKIN,280.2,N
13794,100047.2,2026-07-30,,2026-07-30 10:42:50,OUT_OF_WINDOW,BEFORE_CHECKIN,219.2,N
13798,100050.2,2026-07-30,,2026-07-30 07:06:33,OUT_OF_WINDOW,AFTER_CUTOFF,906.6,N
13801,100050.2,2026-07-30,,2026-07-30 09:36:44,OUT_OF_WINDOW,AFTER_CUTOFF,1056.7,N
13805,100050.2,2026-07-30,,2026-07-30 10:57:42,OUT_OF_WINDOW,AFTER_CUTOFF,1137.7,N
13820,100070.2,2026-07-29,,2026-07-29 16:09:39,OUT_OF_WINDOW,AFTER_CUTOFF,9.7,N
13826,100070.2,2026-07-29,,2026-07-29 17:10:04,OUT_OF_WINDOW,AFTER_CUTOFF,70.1,N
13833,100070.2,2026-07-29,,2026-07-29 18:15:04,OUT_OF_WINDOW,AFTER_CUTOFF,135.1,N
13841,100070.2,2026-07-30,,2026-07-29 19:20:04,OUT_OF_WINDOW,AFTER_CUTOFF,200.1,N
13850,100070.2,2026-07-30,,2026-07-29 20:27:09,OUT_OF_WINDOW,AFTER_CUTOFF,267.2,N
13860,100070.2,2026-07-30,,2026-07-29 21:27:59,OUT_OF_WINDOW,AFTER_CUTOFF,328,N
13871,100070.2,2026-07-30,,2026-07-29 22:28:15,OUT_OF_WINDOW,AFTER_CUTOFF,388.3,N
13883,100070.2,2026-07-30,,2026-07-29 23:32:02,OUT_OF_WINDOW,AFTER_CUTOFF,452,N
13896,100070.2,2026-07-30,,2026-07-30 00:35:42,OUT_OF_WINDOW,AFTER_CUTOFF,515.7,N
13910,100070.2,2026-07-30,,2026-07-30 01:36:21,OUT_OF_WINDOW,AFTER_CUTOFF,576.4,N
13925,100070.2,2026-07-30,,2026-07-30 03:00:01,OUT_OF_WINDOW,AFTER_CUTOFF,660,N
13941,100070.2,2026-07-30,,2026-07-30 04:00:03,OUT_OF_WINDOW,AFTER_CUTOFF,720.1,N
13958,100070.2,2026-07-30,,2026-07-30 05:04:35,OUT_OF_WINDOW,BEFORE_CHECKIN,722.4,N
13976,100070.2,2026-07-30,,2026-07-30 06:06:42,OUT_OF_WINDOW,BEFORE_CHECKIN,660.3,N
13995,100070.2,2026-07-30,,2026-07-30 07:06:53,OUT_OF_WINDOW,BEFORE_CHECKIN,600.1,N
14015,100070.2,2026-07-30,,2026-07-30 08:10:04,OUT_OF_WINDOW,BEFORE_CHECKIN,536.9,N
14036,100070.2,2026-07-30,,2026-07-30 09:10:53,OUT_OF_WINDOW,BEFORE_CHECKIN,476.1,N
14058,100070.2,2026-07-30,,2026-07-30 10:14:39,OUT_OF_WINDOW,BEFORE_CHECKIN,412.4,N
14081,100070.2,2026-07-30,,2026-07-30 11:17:59,OUT_OF_WINDOW,BEFORE_CHECKIN,349,N
14082,100047.2,2026-07-30,,2026-07-30 11:43:07,OUT_OF_WINDOW,BEFORE_CHECKIN,158.9,N
14083,100048.2,2026-07-30,,2026-07-30 04:33:54,OUT_OF_WINDOW,AFTER_CUTOFF,753.9,N
14085,100048.2,2026-07-30,,2026-07-30 07:43:28,OUT_OF_WINDOW,AFTER_CUTOFF,943.5,N
14088,100011.3,2026-07-29,,2026-07-29 16:47:17,OUT_OF_WINDOW,AFTER_CUTOFF,107.3,N
14091,100011.3,2026-07-29,,2026-07-29 18:54:02,OUT_OF_WINDOW,AFTER_CUTOFF,234,N
14095,100011.3,2026-07-30,,2026-07-29 21:05:21,OUT_OF_WINDOW,AFTER_CUTOFF,365.4,N
14100,100011.3,2026-07-30,,2026-07-29 23:51:07,OUT_OF_WINDOW,AFTER_CUTOFF,531.1,N
14106,100011.3,2026-07-30,,2026-07-30 01:57:09,OUT_OF_WINDOW,AFTER_CUTOFF,657.2,N
14113,100011.3,2026-07-30,,2026-07-30 03:59:03,OUT_OF_WINDOW,AFTER_CUTOFF,779.1,N
14121,100011.3,2026-07-30,,2026-07-30 10:05:29,OUT_OF_WINDOW,AFTER_CUTOFF,1145.5,N
14130,100011.3,2026-07-30,,2026-07-30 12:14:17,OUT_OF_WINDOW,AFTER_CUTOFF,1274.3,N
14140,100046.3,2026-07-29,,2026-07-29 18:57:37,OUT_OF_WINDOW,AFTER_CUTOFF,57.6,N
14145,100046.3,2026-07-30,,2026-07-29 21:00:40,OUT_OF_WINDOW,AFTER_CUTOFF,180.7,N
14151,100046.3,2026-07-30,,2026-07-29 23:07:11,OUT_OF_WINDOW,AFTER_CUTOFF,307.2,N
14158,100046.3,2026-07-30,,2026-07-30 01:29:07,OUT_OF_WINDOW,AFTER_CUTOFF,449.1,N
14166,100046.3,2026-07-30,,2026-07-30 03:29:58,OUT_OF_WINDOW,AFTER_CUTOFF,570,N
14175,100046.3,2026-07-30,,2026-07-30 05:30:54,OUT_OF_WINDOW,AFTER_CUTOFF,690.9,N
14185,100046.3,2026-07-30,,2026-07-30 07:52:26,OUT_OF_WINDOW,AFTER_CUTOFF,832.4,N
14196,100046.3,2026-07-30,,2026-07-30 10:14:28,OUT_OF_WINDOW,AFTER_CUTOFF,974.5,N
14208,100046.3,2026-07-30,,2026-07-30 12:14:44,OUT_OF_WINDOW,AFTER_CUTOFF,1094.7,N
14210,100047.2,2026-07-30,,2026-07-30 12:45:38,OUT_OF_WINDOW,BEFORE_CHECKIN,96.4,N
14222,100066.3,2026-07-30,,2026-07-30 05:41:22,OUT_OF_WINDOW,BEFORE_CHECKIN,445.6,N
14231,100058.2,2026-07-30,,2026-07-30 13:10:15,OUT_OF_WINDOW,AFTER_CUTOFF,1270.3,N
14247,100055.3,2026-07-30,,2026-07-29 20:57:15,OUT_OF_WINDOW,AFTER_CUTOFF,87.3,N
14253,100055.3,2026-07-30,,2026-07-29 20:57:48,OUT_OF_WINDOW,AFTER_CUTOFF,87.8,N
14260,100055.3,2026-07-30,,2026-07-29 20:58:19,OUT_OF_WINDOW,AFTER_CUTOFF,88.3,N
14268,100055.3,2026-07-30,,2026-07-30 01:19:42,OUT_OF_WINDOW,AFTER_CUTOFF,349.7,N
14277,100055.3,2026-07-30,,2026-07-30 03:20:15,OUT_OF_WINDOW,AFTER_CUTOFF,470.3,N
14287,100055.3,2026-07-30,,2026-07-30 05:23:20,OUT_OF_WINDOW,AFTER_CUTOFF,593.3,N
14298,100055.3,2026-07-30,,2026-07-30 05:24:52,OUT_OF_WINDOW,AFTER_CUTOFF,594.9,N
14310,100055.3,2026-07-30,,2026-07-30 07:27:34,OUT_OF_WINDOW,AFTER_CUTOFF,717.6,N
14323,100055.3,2026-07-30,,2026-07-30 07:54:38,OUT_OF_WINDOW,AFTER_CUTOFF,744.6,N
14337,100055.3,2026-07-30,,2026-07-30 09:08:16,OUT_OF_WINDOW,AFTER_CUTOFF,818.3,N
14352,100055.3,2026-07-30,,2026-07-30 13:23:30,OUT_OF_WINDOW,AFTER_CUTOFF,1073.5,N
14353,100070.2,2026-07-30,,2026-07-30 13:25:36,OUT_OF_WINDOW,BEFORE_CHECKIN,221.4,N
14359,100003.2,2026-07-29,,2026-07-29 17:13:53,OUT_OF_WINDOW,AFTER_CUTOFF,73.9,N
14365,100036.2,2026-07-30,,2026-07-30 06:28:00,OUT_OF_WINDOW,BEFORE_CHECKIN,573,N
14371,100036.2,2026-07-30,,2026-07-30 06:28:00,OUT_OF_WINDOW,BEFORE_CHECKIN,573,N
14375,100036.2,2026-07-30,,2026-07-30 14:16:15,OUT_OF_WINDOW,BEFORE_CHECKIN,104.8,N
14378,100046.3,2026-07-30,,2026-07-30 14:19:56,OUT_OF_WINDOW,AFTER_CUTOFF,1219.9,N
14386,100064.3,2026-07-29,,2026-07-29 15:47:41,OUT_OF_WINDOW,AFTER_CUTOFF,107.7,N
14390,100064.3,2026-07-29,,2026-07-29 17:47:54,OUT_OF_WINDOW,AFTER_CUTOFF,227.9,N
14395,100064.3,2026-07-30,,2026-07-29 19:49:35,OUT_OF_WINDOW,AFTER_CUTOFF,349.6,N
14401,100064.3,2026-07-30,,2026-07-29 21:49:48,OUT_OF_WINDOW,AFTER_CUTOFF,469.8,N
14408,100064.3,2026-07-30,,2026-07-29 23:59:34,OUT_OF_WINDOW,AFTER_CUTOFF,599.6,N
14416,100064.3,2026-07-30,,2026-07-30 02:04:39,OUT_OF_WINDOW,AFTER_CUTOFF,724.7,N
14425,100064.3,2026-07-30,,2026-07-30 04:10:04,OUT_OF_WINDOW,AFTER_CUTOFF,850.1,N
14435,100064.3,2026-07-30,,2026-07-30 06:12:13,OUT_OF_WINDOW,AFTER_CUTOFF,972.2,N
14446,100064.3,2026-07-30,,2026-07-30 08:20:16,OUT_OF_WINDOW,AFTER_CUTOFF,1100.3,N
14458,100064.3,2026-07-30,,2026-07-30 10:22:23,OUT_OF_WINDOW,AFTER_CUTOFF,1222.4,N
14471,100064.3,2026-07-30,,2026-07-30 12:23:03,OUT_OF_WINDOW,AFTER_CUTOFF,1343.1,N
14485,100064.3,2026-07-30,,2026-07-30 14:23:36,OUT_OF_WINDOW,AFTER_CUTOFF,1463.6,N
14486,100011.2,2026-07-29,,2026-07-29 18:32:24,OUT_OF_WINDOW,AFTER_CUTOFF,152.4,N
14488,100011.2,2026-07-30,,2026-07-30 07:34:32,OUT_OF_WINDOW,BEFORE_CHECKIN,410.5,N
14494,100069.3,2026-07-29,,2026-07-29 14:13:43,OUT_OF_WINDOW,AFTER_CUTOFF,13.7,N
14496,100069.3,2026-07-30,,2026-07-30 03:07:46,OUT_OF_WINDOW,BEFORE_CHECKIN,623.2,N
14501,100144.3,2026-07-30,,2026-07-30 15:00:16,OUT_OF_WINDOW,AFTER_CUTOFF,60.3,N
14503,100006.2,2026-07-29,,2026-07-29 16:55:30,OUT_OF_WINDOW,AFTER_CUTOFF,55.5,N
14504,100046.2,2026-07-30,,2026-07-30 15:32:07,OUT_OF_WINDOW,NO_CHECKIN,,N
14505,100070.2,2026-07-30,,2026-07-30 14:29:06,OUT_OF_WINDOW,BEFORE_CHECKIN,157.9,N
14507,100070.2,2026-07-30,,2026-07-30 15:33:59,OUT_OF_WINDOW,BEFORE_CHECKIN,93,N
14508,100097.3,2026-07-30,,2026-07-30 15:49:49,OUT_OF_WINDOW,AFTER_CUTOFF,109.8,N
14509,100075.3,2026-07-30,,2026-07-30 15:54:31,OUT_OF_WINDOW,AFTER_CUTOFF,114.5,N
14515,100023.2,2026-07-29,,2026-07-29 16:54:40,OUT_OF_WINDOW,AFTER_CUTOFF,54.7,N
14519,100023.2,2026-07-30,,2026-07-29 21:19:29,OUT_OF_WINDOW,AFTER_CUTOFF,319.5,N
14524,100023.2,2026-07-30,,2026-07-30 04:06:54,OUT_OF_WINDOW,BEFORE_CHECKIN,709.1,N
14528,100096.3,2026-07-30,,2026-07-30 15:57:55,OUT_OF_WINDOW,AFTER_CUTOFF,117.9,N
14529,100655.1,2026-07-30,,2026-07-30 15:58:52,OUT_OF_WINDOW,AFTER_CUTOFF,58.9,N
14530,100084.3,2026-07-30,,2026-07-30 15:59:55,OUT_OF_WINDOW,AFTER_CUTOFF,119.9,N
14534,100064.3,2026-07-30,,2026-07-30 16:24:11,OUT_OF_WINDOW,AFTER_CUTOFF,1584.2,N
14535,100046.2,2026-07-30,,2026-07-30 16:32:08,OUT_OF_WINDOW,NO_CHECKIN,,N
14536,100070.2,2026-07-30,,2026-07-30 16:35:03,OUT_OF_WINDOW,BEFORE_CHECKIN,32,N
14537,100006.2,2026-07-30,,2026-07-30 16:37:09,OUT_OF_WINDOW,AFTER_CUTOFF,37.2,N
14538,100070.2,2026-07-30,,2026-07-30 17:07:21,OUT_OF_WINDOW,AFTER_CUTOFF,67.4,N
14539,100072.2,2026-07-30,,2026-07-30 17:19:11,OUT_OF_WINDOW,AFTER_CUTOFF,79.2,N
14540,100076.2,2026-07-29,,2026-07-29 17:34:45,OUT_OF_WINDOW,AFTER_CUTOFF,94.8,N
14542,100076.2,2026-07-29,,2026-07-29 17:35:07,OUT_OF_WINDOW,AFTER_CUTOFF,95.1,N
14543,100065.2,2026-07-30,,2026-07-30 17:33:03,OUT_OF_WINDOW,AFTER_CUTOFF,93.1,N
14544,100076.2,2026-07-30,,2026-07-30 17:33:16,OUT_OF_WINDOW,AFTER_CUTOFF,93.3,N
14545,100073.2,2026-07-30,,2026-07-30 17:34:23,OUT_OF_WINDOW,AFTER_CUTOFF,94.4,N
14546,100046.3,2026-07-30,,2026-07-30 16:22:27,OUT_OF_WINDOW,AFTER_CUTOFF,1342.5,N
14547,100088.3,2026-07-30,,2026-07-30 17:46:13,OUT_OF_WINDOW,AFTER_CUTOFF,226.2,N
14549,100004.2,2026-07-29,,2026-07-29 18:49:46,OUT_OF_WINDOW,NO_CHECKIN,,N
14550,100004.2,2026-07-29,,2026-07-29 18:49:46,OUT_OF_WINDOW,NO_CHECKIN,,N
14552,100004.2,2026-07-30,,2026-07-30 17:56:36,OUT_OF_WINDOW,NO_CHECKIN,,N
14553,100046.3,2026-07-30,,2026-07-30 18:23:02,OUT_OF_WINDOW,AFTER_CUTOFF,1463,N
14554,100064.3,2026-07-30,,2026-07-30 18:25:23,OUT_OF_WINDOW,AFTER_CUTOFF,1705.4,N
14555,100011.3,2026-07-30,,2026-07-30 14:25:20,OUT_OF_WINDOW,AFTER_CUTOFF,1405.3,N
14557,100011.3,2026-07-30,,2026-07-30 16:32:27,OUT_OF_WINDOW,AFTER_CUTOFF,1532.5,N
14560,100011.3,2026-07-30,,2026-07-30 18:37:52,OUT_OF_WINDOW,AFTER_CUTOFF,1657.9,N
14561,100032.2,2026-07-29,,2026-07-29 18:48:17,OUT_OF_WINDOW,AFTER_CUTOFF,168.3,N
14563,100032.2,2026-07-30,,2026-07-29 20:01:57,OUT_OF_WINDOW,AFTER_CUTOFF,242,N
14566,100032.2,2026-07-30,,2026-07-30 03:43:27,OUT_OF_WINDOW,AFTER_CUTOFF,703.5,N
14570,100032.2,2026-07-30,,2026-07-30 06:50:02,OUT_OF_WINDOW,BEFORE_CHECKIN,717,N
14571,100032.2,2026-07-30,,2026-07-30 18:46:47,OUT_OF_WINDOW,BEFORE_CHECKIN,0.2,N
14572,100032.2,2026-07-30,,2026-07-30 18:47:40,OUT_OF_WINDOW,AFTER_CUTOFF,167.7,N
14575,100067.2,2026-07-30,,2026-07-29 19:30:50,OUT_OF_WINDOW,AFTER_CUTOFF,210.8,N
14578,100067.2,2026-07-30,,2026-07-30 07:32:59,OUT_OF_WINDOW,AFTER_CUTOFF,933,N
14581,100064.3,2026-07-31,,2026-07-30 20:26:02,OUT_OF_WINDOW,BEFORE_CHECKIN,267,N
14582,100046.3,2026-07-31,,2026-07-30 20:37:57,OUT_OF_WINDOW,BEFORE_CHECKIN,444.1,N
14583,100011.3,2026-07-31,,2026-07-30 20:45:56,OUT_OF_WINDOW,BEFORE_CHECKIN,577.1,N
14586,100064.3,2026-07-31,,2026-07-30 22:33:43,OUT_OF_WINDOW,BEFORE_CHECKIN,139.3,N
14587,100011.3,2026-07-31,,2026-07-30 22:56:15,OUT_OF_WINDOW,BEFORE_CHECKIN,446.8,N
14588,100046.3,2026-07-31,,2026-07-30 23:41:43,OUT_OF_WINDOW,BEFORE_CHECKIN,260.3,N
14589,100064.3,2026-07-31,,2026-07-31 00:39:19,OUT_OF_WINDOW,BEFORE_CHECKIN,13.7,N
14591,100011.3,2026-07-31,,2026-07-31 00:58:50,OUT_OF_WINDOW,BEFORE_CHECKIN,324.2,N
14593,100046.3,2026-07-31,,2026-07-31 01:43:16,OUT_OF_WINDOW,BEFORE_CHECKIN,138.7,N
14597,100063.3,2026-07-30,,2026-07-30 02:09:27,OUT_OF_WINDOW,AFTER_CUTOFF,729.5,N
14598,100063.3,2026-07-31,,2026-07-31 02:11:58,OUT_OF_WINDOW,BEFORE_CHECKIN,47,N
14605,100011.3,2026-07-31,,2026-07-31 02:59:37,OUT_OF_WINDOW,BEFORE_CHECKIN,203.4,N
14607,100084.3,2026-07-28,,2026-07-28 18:40:08,OUT_OF_WINDOW,AFTER_CHECKOUT,177.1,N
14609,100084.3,2026-07-29,,2026-07-29 03:55:11,OUT_OF_WINDOW,BEFORE_CHECKIN,9.8,N
14621,100084.3,2026-07-29,,2026-07-29 14:35:04,OUT_OF_WINDOW,AFTER_CUTOFF,35.1,N
14627,100084.3,2026-07-29,,2026-07-29 16:35:45,OUT_OF_WINDOW,AFTER_CUTOFF,155.8,N
14634,100084.3,2026-07-30,,2026-07-30 01:32:41,OUT_OF_WINDOW,AFTER_CUTOFF,692.7,N
14642,100084.3,2026-07-30,,2026-07-30 03:48:49,OUT_OF_WINDOW,BEFORE_CHECKIN,730.2,N
14651,100084.3,2026-07-30,,2026-07-30 06:13:34,OUT_OF_WINDOW,BEFORE_CHECKIN,585.4,N
14661,100084.3,2026-07-30,,2026-07-30 08:14:42,OUT_OF_WINDOW,BEFORE_CHECKIN,464.3,N
14672,100084.3,2026-07-30,,2026-07-30 10:54:34,OUT_OF_WINDOW,BEFORE_CHECKIN,304.4,N
14684,100084.3,2026-07-30,,2026-07-30 13:09:40,OUT_OF_WINDOW,BEFORE_CHECKIN,169.3,N
14697,100084.3,2026-07-30,,2026-07-30 15:32:31,OUT_OF_WINDOW,BEFORE_CHECKIN,26.5,N
14711,100084.3,2026-07-30,,2026-07-30 17:32:36,OUT_OF_WINDOW,AFTER_CUTOFF,212.6,N
14726,100084.3,2026-07-31,,2026-07-31 01:05:28,OUT_OF_WINDOW,BEFORE_CHECKIN,172.5,N
14727,100084.3,2026-07-31,,2026-07-31 03:05:44,OUT_OF_WINDOW,BEFORE_CHECKIN,52.3,N
14729,100144.3,2026-07-31,,2026-07-31 03:13:02,OUT_OF_WINDOW,AFTER_CUTOFF,793,N
14734,100076.3,2026-07-30,,2026-07-30 03:45:49,OUT_OF_WINDOW,AFTER_CUTOFF,825.8,N
14736,100076.3,2026-07-30,,2026-07-30 07:50:47,OUT_OF_WINDOW,AFTER_CUTOFF,1070.8,N
14739,100076.3,2026-07-30,,2026-07-30 09:51:28,OUT_OF_WINDOW,AFTER_CUTOFF,1191.5,N
14742,100089.3,2026-07-29,,2026-07-29 16:11:07,OUT_OF_WINDOW,AFTER_CUTOFF,131.1,N
14743,100089.3,2026-07-31,,2026-07-31 03:47:54,OUT_OF_WINDOW,NO_CHECKIN,,N
14746,100012.3,2026-07-29,,2026-07-29 17:56:04,OUT_OF_WINDOW,AFTER_CUTOFF,176.1,N
14749,100012.3,2026-07-30,,2026-07-30 05:00:33,OUT_OF_WINDOW,AFTER_CUTOFF,840.6,N
14753,100012.3,2026-07-30,,2026-07-30 05:07:29,OUT_OF_WINDOW,AFTER_CUTOFF,847.5,N
14758,100012.3,2026-07-30,,2026-07-30 05:13:09,OUT_OF_WINDOW,AFTER_CUTOFF,853.2,N
14764,100012.3,2026-07-30,,2026-07-30 05:13:12,OUT_OF_WINDOW,AFTER_CUTOFF,853.2,N
14771,100012.3,2026-07-30,,2026-07-30 07:46:44,OUT_OF_WINDOW,AFTER_CUTOFF,1006.7,N
14779,100012.3,2026-07-30,,2026-07-30 07:47:27,OUT_OF_WINDOW,AFTER_CUTOFF,1007.5,N
14788,100012.3,2026-07-30,,2026-07-30 07:47:31,OUT_OF_WINDOW,AFTER_CUTOFF,1007.5,N
14798,100012.3,2026-07-30,,2026-07-30 09:55:31,OUT_OF_WINDOW,AFTER_CUTOFF,1135.5,N
14809,100012.3,2026-07-30,,2026-07-30 10:00:51,OUT_OF_WINDOW,AFTER_CUTOFF,1140.9,N
14813,100046.3,2026-07-31,,2026-07-31 03:44:48,OUT_OF_WINDOW,BEFORE_CHECKIN,17.2,N
14828,100001.3,2026-07-30,,2026-07-30 03:48:41,OUT_OF_WINDOW,AFTER_CUTOFF,828.7,N
14839,100052.2,2026-07-30,,2026-07-30 06:55:01,OUT_OF_WINDOW,AFTER_CUTOFF,895,N
14849,100011.3,2026-07-31,,2026-07-31 05:06:03,OUT_OF_WINDOW,BEFORE_CHECKIN,77,N
14856,100059.2,2026-07-30,,2026-07-30 09:25:50,OUT_OF_WINDOW,AFTER_CUTOFF,1045.8,N
14866,100040.2,2026-07-30,,2026-07-30 05:55:28,OUT_OF_WINDOW,AFTER_CUTOFF,835.5,N
14869,100057.2,2026-07-31,,2026-07-31 05:23:35,OUT_OF_WINDOW,NO_CHECKIN,,N
14875,100030.2,2026-07-30,,2026-07-30 05:08:37,OUT_OF_WINDOW,AFTER_CUTOFF,788.6,N
14878,100030.2,2026-07-30,,2026-07-30 06:35:16,OUT_OF_WINDOW,AFTER_CUTOFF,875.3,N
14882,100030.2,2026-07-30,,2026-07-30 10:10:26,OUT_OF_WINDOW,AFTER_CUTOFF,1090.4,N
14885,100013.2,2026-07-29,,2026-07-28 22:39:27,OUT_OF_WINDOW,NO_CHECKIN,,N
14890,100050.2,2026-07-31,,2026-07-31 00:19:05,OUT_OF_WINDOW,BEFORE_CHECKIN,327.9,N
14892,100050.2,2026-07-31,,2026-07-31 01:19:10,OUT_OF_WINDOW,BEFORE_CHECKIN,267.8,N
14895,100050.2,2026-07-31,,2026-07-31 02:19:45,OUT_OF_WINDOW,BEFORE_CHECKIN,207.3,N
14899,100050.2,2026-07-31,,2026-07-31 03:20:29,OUT_OF_WINDOW,BEFORE_CHECKIN,146.5,N
14906,100041.2,2026-07-29,,2026-07-29 18:52:47,OUT_OF_WINDOW,AFTER_CUTOFF,172.8,N
14910,100041.2,2026-07-29,,2026-07-29 18:52:49,OUT_OF_WINDOW,AFTER_CUTOFF,172.8,N
14915,100041.2,2026-07-30,,2026-07-30 04:54:56,OUT_OF_WINDOW,AFTER_CUTOFF,774.9,N
14931,100010.2,2026-07-29,,2026-07-29 16:23:56,OUT_OF_WINDOW,AFTER_CUTOFF,23.9,N
14933,100010.2,2026-07-29,,2026-07-29 18:11:39,OUT_OF_WINDOW,AFTER_CUTOFF,131.7,N
14936,100010.2,2026-07-30,,2026-07-30 05:24:46,OUT_OF_WINDOW,AFTER_CUTOFF,804.8,N
14937,100002.1,2026-07-31,,2026-07-31 06:32:23,OUT_OF_WINDOW,NO_CHECKIN,,N
14947,100047.2,2026-07-30,,2026-07-30 13:46:57,OUT_OF_WINDOW,BEFORE_CHECKIN,35.1,N
14956,100071.3,2026-07-29,,2026-07-29 15:28:16,OUT_OF_WINDOW,AFTER_CHECKOUT,741.3,N
14958,100071.3,2026-07-30,,2026-07-30 04:20:20,OUT_OF_WINDOW,AFTER_CHECKOUT,1513.3,N
14967,100071.3,2026-07-29,,2026-07-29 15:28:16,OUT_OF_WINDOW,AFTER_CHECKOUT,741.3,N
14969,100071.3,2026-07-30,,2026-07-30 04:20:20,OUT_OF_WINDOW,AFTER_CHECKOUT,1513.3,N
14973,100071.3,2026-07-29,,2026-07-29 15:28:16,OUT_OF_WINDOW,AFTER_CHECKOUT,741.3,N
14975,100071.3,2026-07-30,,2026-07-30 04:20:20,OUT_OF_WINDOW,AFTER_CHECKOUT,1513.3,N
14979,100071.3,2026-07-29,,2026-07-29 15:28:16,OUT_OF_WINDOW,AFTER_CHECKOUT,741.3,N
14981,100071.3,2026-07-30,,2026-07-30 04:20:20,OUT_OF_WINDOW,AFTER_CHECKOUT,1513.3,N
14985,100071.3,2026-07-29,,2026-07-29 15:28:16,OUT_OF_WINDOW,AFTER_CHECKOUT,741.3,N
14987,100071.3,2026-07-30,,2026-07-30 04:20:20,OUT_OF_WINDOW,AFTER_CHECKOUT,1513.3,N
14991,100071.3,2026-07-29,,2026-07-29 15:28:16,OUT_OF_WINDOW,AFTER_CHECKOUT,741.3,N
14993,100071.3,2026-07-30,,2026-07-30 04:20:20,OUT_OF_WINDOW,AFTER_CHECKOUT,1513.3,N
14997,100071.3,2026-07-29,,2026-07-29 15:28:16,OUT_OF_WINDOW,AFTER_CHECKOUT,741.3,N
14999,100071.3,2026-07-30,,2026-07-30 04:20:20,OUT_OF_WINDOW,AFTER_CHECKOUT,1513.3,N
15003,100071.3,2026-07-29,,2026-07-29 15:28:16,OUT_OF_WINDOW,AFTER_CHECKOUT,741.3,N
15005,100071.3,2026-07-30,,2026-07-30 04:20:20,OUT_OF_WINDOW,AFTER_CHECKOUT,1513.3,N
15009,100071.3,2026-07-29,,2026-07-29 15:28:16,OUT_OF_WINDOW,AFTER_CHECKOUT,741.3,N
15011,100071.3,2026-07-30,,2026-07-30 04:20:20,OUT_OF_WINDOW,AFTER_CHECKOUT,1513.3,N
15015,100071.3,2026-07-29,,2026-07-29 15:28:16,OUT_OF_WINDOW,AFTER_CHECKOUT,741.3,N
15017,100071.3,2026-07-30,,2026-07-30 04:20:20,OUT_OF_WINDOW,AFTER_CHECKOUT,1513.3,N
15025,100071.3,2026-07-29,,2026-07-29 15:28:16,OUT_OF_WINDOW,AFTER_CHECKOUT,741.3,N
15027,100071.3,2026-07-30,,2026-07-30 04:20:20,OUT_OF_WINDOW,AFTER_CHECKOUT,1513.3,N
15031,100071.3,2026-07-29,,2026-07-29 15:28:16,OUT_OF_WINDOW,AFTER_CHECKOUT,741.3,N
15033,100071.3,2026-07-30,,2026-07-30 04:20:20,OUT_OF_WINDOW,AFTER_CHECKOUT,1513.3,N
15045,100075.2,2026-07-29,,2026-07-29 16:55:51,OUT_OF_WINDOW,AFTER_CUTOFF,55.9,N
15046,100075.2,2026-07-31,,2026-07-31 09:00:36,OUT_OF_WINDOW,BEFORE_CHECKIN,503.4,N
15058,100075.2,2026-07-31,,2026-07-31 10:12:57,OUT_OF_WINDOW,BEFORE_CHECKIN,431.1,N
15063,100075.2,2026-07-31,,2026-07-31 11:13:54,OUT_OF_WINDOW,BEFORE_CHECKIN,370.1,N
15072,100073.3,2026-07-30,,2026-07-30 15:32:25,OUT_OF_WINDOW,AFTER_CUTOFF,92.4,N
15085,100066.3,2026-07-31,,2026-07-31 13:15:14,OUT_OF_WINDOW,AFTER_CHECKOUT,7.2,N
15100,100076.3,2026-07-31,,2026-07-31 14:22:12,OUT_OF_WINDOW,AFTER_CUTOFF,22.2,N
15101,100057.2,2026-07-31,,2026-07-31 14:28:25,OUT_OF_WINDOW,NO_CHECKIN,,N
15102,100064.3,2026-07-31,,2026-07-31 13:11:42,OUT_OF_WINDOW,AFTER_CHECKOUT,28.7,N
15105,100072.3,2026-07-31,,2026-07-31 14:55:46,OUT_OF_WINDOW,AFTER_CHECKOUT,46.8,N
15110,100064.3,2026-07-31,,2026-07-31 15:17:05,OUT_OF_WINDOW,AFTER_CHECKOUT,154.1,N
15113,100096.3,2026-07-31,,2026-07-31 16:23:41,OUT_OF_WINDOW,AFTER_CUTOFF,143.7,N
15114,100655.1,2026-07-31,,2026-07-31 16:25:47,OUT_OF_WINDOW,AFTER_CUTOFF,85.8,N
15123,100079.2,2026-07-31,,2026-07-31 17:10:18,OUT_OF_WINDOW,AFTER_CUTOFF,70.3,N
15124,100068.2,2026-07-29,,2026-07-29 16:59:48,OUT_OF_WINDOW,AFTER_CUTOFF,59.8,N
15125,100071.2,2026-07-29,,2026-07-29 17:02:54,OUT_OF_WINDOW,AFTER_CUTOFF,62.9,N
15129,100064.3,2026-07-31,,2026-07-31 17:20:55,OUT_OF_WINDOW,AFTER_CHECKOUT,277.9,N
15130,100075.2,2026-07-31,,2026-07-31 17:24:10,OUT_OF_WINDOW,AFTER_CUTOFF,84.2,N
15132,100075.2,2026-07-31,,2026-07-31 17:24:41,OUT_OF_WINDOW,AFTER_CUTOFF,84.7,N
15134,100073.2,2026-07-31,,2026-07-31 17:37:46,OUT_OF_WINDOW,AFTER_CUTOFF,97.8,N
15138,100046.3,2026-07-31,,2026-07-31 18:29:40,OUT_OF_WINDOW,AFTER_CUTOFF,29.7,N
15140,100047.3,2026-07-31,,2026-07-31 18:59:21,OUT_OF_WINDOW,AFTER_CUTOFF,59.4,N
15141,100064.3,2026-08-01,,2026-07-31 19:25:03,OUT_OF_WINDOW,BEFORE_CHECKIN,327,N
15142,100047.3,2026-08-01,,2026-07-31 19:48:06,OUT_OF_WINDOW,AFTER_CUTOFF,108.1,N
15143,100046.3,2026-08-01,,2026-07-31 20:30:14,OUT_OF_WINDOW,AFTER_CUTOFF,150.2,N
15144,100064.3,2026-08-01,,2026-07-31 21:25:38,OUT_OF_WINDOW,BEFORE_CHECKIN,206.4,N
15145,100047.3,2026-08-01,,2026-07-31 21:42:14,OUT_OF_WINDOW,AFTER_CUTOFF,222.2,N
15146,100046.3,2026-08-01,,2026-07-31 23:15:35,OUT_OF_WINDOW,BEFORE_CHECKIN,301.4,N
15147,100064.3,2026-08-01,,2026-07-31 23:35:05,OUT_OF_WINDOW,BEFORE_CHECKIN,76.9,N
15148,100047.3,2026-08-01,,2026-08-01 00:15:48,OUT_OF_WINDOW,AFTER_CUTOFF,375.8,N
15151,100046.3,2026-08-01,,2026-08-01 01:21:48,OUT_OF_WINDOW,BEFORE_CHECKIN,175.2,N
15153,100067.3,2026-08-01,,2026-08-01 01:57:57,OUT_OF_WINDOW,NO_CHECKIN,,N
15158,100047.3,2026-08-01,,2026-08-01 02:19:05,OUT_OF_WINDOW,AFTER_CUTOFF,499.1,N
15159,100076.3,2026-07-31,,2026-07-31 16:25:16,OUT_OF_WINDOW,AFTER_CUTOFF,145.3,N
15161,100076.3,2026-07-31,,2026-07-31 18:34:46,OUT_OF_WINDOW,AFTER_CUTOFF,274.8,N
15164,100076.3,2026-08-01,,2026-07-31 21:05:47,OUT_OF_WINDOW,BEFORE_CHECKIN,329.2,N
15168,100076.3,2026-08-01,,2026-07-31 23:50:39,OUT_OF_WINDOW,BEFORE_CHECKIN,164.4,N
15173,100076.3,2026-08-01,,2026-08-01 02:00:30,OUT_OF_WINDOW,BEFORE_CHECKIN,34.5,N
15183,100046.3,2026-08-01,,2026-08-01 03:25:17,OUT_OF_WINDOW,BEFORE_CHECKIN,51.7,N
15202,100013.3,2026-08-01,,2026-08-01 04:13:02,OUT_OF_WINDOW,AFTER_CUTOFF,793,N
15217,100047.3,2026-08-01,,2026-08-01 04:34:09,OUT_OF_WINDOW,AFTER_CUTOFF,634.2,N
15238,100057.3,2026-07-30,,2026-07-30 01:39:30,OUT_OF_WINDOW,AFTER_CUTOFF,369.5,N
15240,100057.3,2026-07-30,,2026-07-30 03:39:42,OUT_OF_WINDOW,AFTER_CUTOFF,489.7,N
15241,100057.3,2026-07-30,,2026-07-30 01:39:30,OUT_OF_WINDOW,AFTER_CUTOFF,369.5,N
15243,100057.3,2026-07-30,,2026-07-30 03:39:42,OUT_OF_WINDOW,AFTER_CUTOFF,489.7,N
15286,100047.3,2026-08-01,,2026-08-01 06:35:06,OUT_OF_WINDOW,AFTER_CUTOFF,755.1,N
15288,100047.3,2026-08-01,,2026-08-01 08:38:23,OUT_OF_WINDOW,AFTER_CUTOFF,878.4,N
15298,100047.3,2026-08-01,,2026-08-01 10:42:03,OUT_OF_WINDOW,AFTER_CUTOFF,1002.1,N
15307,100004.2,2026-08-01,,2026-08-01 12:13:40,OUT_OF_WINDOW,NO_CHECKIN,,N
15311,100047.3,2026-08-01,,2026-08-01 12:44:32,OUT_OF_WINDOW,AFTER_CUTOFF,1124.5,N
15326,100072.3,2026-08-01,,2026-08-01 14:31:50,OUT_OF_WINDOW,AFTER_CUTOFF,31.8,N
15327,100072.3,2026-08-01,,2026-08-01 14:46:48,OUT_OF_WINDOW,AFTER_CUTOFF,46.8,N
15332,100064.3,2026-08-01,,2026-08-01 12:51:01,OUT_OF_WINDOW,AFTER_CHECKOUT,6,N
15334,100064.3,2026-08-01,,2026-08-01 15:05:30,OUT_OF_WINDOW,AFTER_CHECKOUT,140.5,N
15339,100047.3,2026-08-01,,2026-08-01 14:44:36,OUT_OF_WINDOW,AFTER_CUTOFF,1244.6,N
15341,100047.3,2026-08-01,,2026-08-01 16:50:50,OUT_OF_WINDOW,AFTER_CUTOFF,1370.8,N
15347,100064.3,2026-08-01,,2026-08-01 17:05:36,OUT_OF_WINDOW,AFTER_CHECKOUT,260.6,N
15350,100015.2,2026-08-01,,2026-08-01 17:25:08,OUT_OF_WINDOW,AFTER_CUTOFF,85.1,N
15351,100076.2,2026-08-01,,2026-08-01 17:32:48,OUT_OF_WINDOW,AFTER_CUTOFF,92.8,N
15361,100064.3,2026-08-02,,2026-08-01 19:08:44,OUT_OF_WINDOW,AFTER_CHECKOUT,383.7,N
15362,100046.3,2026-08-02,,2026-08-01 19:14:51,OUT_OF_WINDOW,AFTER_CUTOFF,74.9,N
15364,100047.3,2026-08-02,,2026-08-01 20:49:10,OUT_OF_WINDOW,NO_CHECKIN,,N
15365,100064.3,2026-08-02,,2026-08-01 21:09:22,OUT_OF_WINDOW,AFTER_CHECKOUT,504.4,N
15366,100046.3,2026-08-02,,2026-08-01 22:40:39,OUT_OF_WINDOW,AFTER_CUTOFF,280.7,N
15367,100064.3,2026-08-02,,2026-08-01 23:09:24,OUT_OF_WINDOW,AFTER_CHECKOUT,624.4,N
15368,100046.3,2026-08-02,,2026-08-02 00:46:38,OUT_OF_WINDOW,AFTER_CUTOFF,406.6,N
15369,100047.3,2026-08-02,,2026-08-02 00:55:36,OUT_OF_WINDOW,NO_CHECKIN,,N
15370,100064.3,2026-08-02,,2026-08-02 01:10:24,OUT_OF_WINDOW,AFTER_CHECKOUT,745.4,N
15371,100046.3,2026-08-02,,2026-08-02 02:46:50,OUT_OF_WINDOW,AFTER_CUTOFF,526.8,N
15372,100057.3,2026-08-02,,2026-08-02 03:04:35,OUT_OF_WINDOW,AFTER_CUTOFF,454.6,N
15373,100057.3,2026-08-02,,2026-08-02 03:04:35,OUT_OF_WINDOW,AFTER_CUTOFF,454.6,N
15375,100057.3,2026-08-02,,2026-08-02 03:04:36,OUT_OF_WINDOW,AFTER_CUTOFF,454.6,N
15376,100064.3,2026-08-02,,2026-08-02 03:11:31,OUT_OF_WINDOW,AFTER_CHECKOUT,866.5,N
15377,100073.3,2026-08-02,,2026-08-02 03:44:09,OUT_OF_WINDOW,AFTER_CHECKOUT,874.2,N
15382,100069.3,2026-08-02,,2026-08-02 03:59:03,OUT_OF_WINDOW,AFTER_CHECKOUT,791.1,N
15384,100067.2,2026-08-02,,2026-08-02 04:02:57,OUT_OF_WINDOW,AFTER_CUTOFF,723,N
15398,100046.3,2026-08-02,,2026-08-02 04:49:47,OUT_OF_WINDOW,AFTER_CUTOFF,649.8,N
15399,100047.3,2026-08-02,,2026-08-02 05:06:31,OUT_OF_WINDOW,NO_CHECKIN,,N
15400,100064.3,2026-08-02,,2026-08-02 05:12:01,OUT_OF_WINDOW,AFTER_CHECKOUT,987,N
15410,100084.3,2026-07-31,,2026-07-31 17:00:47,OUT_OF_WINDOW,AFTER_CHECKOUT,40.8,N
15415,100084.3,2026-08-01,,2026-07-31 19:08:35,OUT_OF_WINDOW,AFTER_CHECKOUT,168.6,N
15421,100084.3,2026-08-01,,2026-08-01 01:36:31,OUT_OF_WINDOW,AFTER_CHECKOUT,556.5,N
15428,100084.3,2026-08-01,,2026-08-01 03:54:01,OUT_OF_WINDOW,AFTER_CHECKOUT,694,N
15436,100084.3,2026-08-01,,2026-08-01 08:15:17,OUT_OF_WINDOW,AFTER_CHECKOUT,955.3,N
15445,100084.3,2026-08-01,,2026-08-01 10:33:29,OUT_OF_WINDOW,AFTER_CHECKOUT,1093.5,N
15455,100084.3,2026-08-01,,2026-08-01 12:38:44,OUT_OF_WINDOW,AFTER_CHECKOUT,1218.7,N
15466,100084.3,2026-08-01,,2026-08-01 14:53:17,OUT_OF_WINDOW,AFTER_CHECKOUT,1353.3,N
15478,100084.3,2026-08-01,,2026-08-01 16:53:59,OUT_OF_WINDOW,AFTER_CHECKOUT,1474,N
15491,100084.3,2026-08-02,,2026-08-01 19:06:47,OUT_OF_WINDOW,NO_CHECKIN,,N
15505,100084.3,2026-08-02,,2026-08-01 21:59:13,OUT_OF_WINDOW,NO_CHECKIN,,N
15520,100084.3,2026-08-02,,2026-08-02 01:36:31,OUT_OF_WINDOW,NO_CHECKIN,,N
15536,100084.3,2026-08-02,,2026-08-02 03:39:12,OUT_OF_WINDOW,NO_CHECKIN,,N
15553,100084.3,2026-08-02,,2026-08-02 05:43:27,OUT_OF_WINDOW,NO_CHECKIN,,N
15554,100046.3,2026-08-02,,2026-08-02 07:01:25,OUT_OF_WINDOW,AFTER_CUTOFF,781.4,N
15555,100047.3,2026-08-02,,2026-08-02 07:07:12,OUT_OF_WINDOW,NO_CHECKIN,,N
15556,100064.3,2026-08-02,,2026-08-02 07:12:31,OUT_OF_WINDOW,AFTER_CHECKOUT,1107.5,N
15557,100046.3,2026-08-02,,2026-08-02 09:01:40,OUT_OF_WINDOW,AFTER_CUTOFF,901.7,N
15558,100028.3,2026-07-30,,2026-07-30 08:30:39,OUT_OF_WINDOW,AFTER_CUTOFF,1110.7,N
15562,100064.3,2026-08-02,,2026-08-02 09:29:35,OUT_OF_WINDOW,AFTER_CHECKOUT,1244.6,N
15568,100046.3,2026-08-02,,2026-08-02 11:16:07,OUT_OF_WINDOW,AFTER_CUTOFF,1036.1,N
15569,100047.3,2026-08-02,,2026-08-02 11:28:36,OUT_OF_WINDOW,NO_CHECKIN,,N
15570,100064.3,2026-08-02,,2026-08-02 11:33:13,OUT_OF_WINDOW,AFTER_CHECKOUT,1368.2,N
15573,100046.3,2026-08-02,,2026-08-02 13:16:16,OUT_OF_WINDOW,AFTER_CUTOFF,1156.3,N
15574,100064.3,2026-08-02,,2026-08-02 13:44:12,OUT_OF_WINDOW,AFTER_CHECKOUT,1499.2,N
15576,100046.3,2026-08-02,,2026-08-02 15:16:54,OUT_OF_WINDOW,AFTER_CUTOFF,1276.9,N
15577,100064.3,2026-08-02,,2026-08-02 15:44:45,OUT_OF_WINDOW,AFTER_CHECKOUT,1619.8,N
15578,100068.3,2026-08-02,,2026-08-02 16:06:07,OUT_OF_WINDOW,NO_CHECKIN,,N
15581,100047.3,2026-08-02,,2026-08-02 13:58:44,OUT_OF_WINDOW,NO_CHECKIN,,N
15583,100047.3,2026-08-02,,2026-08-02 16:20:44,OUT_OF_WINDOW,NO_CHECKIN,,N
15584,100046.3,2026-08-02,,2026-08-02 17:18:28,OUT_OF_WINDOW,AFTER_CUTOFF,1398.5,N
15587,100047.3,2026-08-02,,2026-08-02 18:22:15,OUT_OF_WINDOW,NO_CHECKIN,,N
15590,100046.3,2026-08-03,,2026-08-02 19:29:34,OUT_OF_WINDOW,BEFORE_CHECKIN,546.4,N
15591,100064.3,2026-08-02,,2026-08-02 17:44:47,OUT_OF_WINDOW,AFTER_CHECKOUT,1739.8,N
15593,100064.3,2026-08-03,,2026-08-02 19:45:17,OUT_OF_WINDOW,BEFORE_CHECKIN,313.7,N
15594,100047.3,2026-08-03,,2026-08-02 20:52:26,OUT_OF_WINDOW,BEFORE_CHECKIN,429.6,N
15595,100064.3,2026-08-03,,2026-08-02 21:45:21,OUT_OF_WINDOW,BEFORE_CHECKIN,193.7,N
15596,100047.3,2026-08-03,,2026-08-02 22:56:17,OUT_OF_WINDOW,BEFORE_CHECKIN,305.7,N
15597,100046.3,2026-08-03,,2026-08-02 23:13:09,OUT_OF_WINDOW,BEFORE_CHECKIN,322.9,N
15598,100064.3,2026-08-03,,2026-08-02 23:45:52,OUT_OF_WINDOW,BEFORE_CHECKIN,73.1,N
15599,100047.3,2026-08-03,,2026-08-03 00:56:55,OUT_OF_WINDOW,BEFORE_CHECKIN,185.1,N
15602,100046.3,2026-08-03,,2026-08-03 01:13:15,OUT_OF_WINDOW,BEFORE_CHECKIN,202.8,N
15608,100067.3,2026-08-03,,2026-08-03 02:19:21,OUT_OF_WINDOW,AFTER_CUTOFF,275.4,N
15610,100071.3,2026-08-01,,2026-08-01 15:53:35,OUT_OF_WINDOW,AFTER_CHECKOUT,12.6,N
15620,100050.3,2026-08-03,,2026-08-03 03:15:01,OUT_OF_WINDOW,NO_CHECKIN,,N
15628,100046.3,2026-08-03,,2026-08-03 03:29:29,OUT_OF_WINDOW,BEFORE_CHECKIN,66.5,N
15654,100124.3,2026-07-30,,2026-07-30 04:24:22,OUT_OF_WINDOW,AFTER_CUTOFF,864.4,N
15657,100050.2,2026-08-02,,2026-08-01 19:19:45,OUT_OF_WINDOW,NO_CHECKIN,,N
15659,100050.2,2026-08-02,,2026-08-02 02:14:43,OUT_OF_WINDOW,NO_CHECKIN,,N
15662,100050.2,2026-08-02,,2026-08-02 07:13:59,OUT_OF_WINDOW,NO_CHECKIN,,N
15701,100013.2,2026-08-03,,2026-08-02 21:36:01,OUT_OF_WINDOW,BEFORE_CHECKIN,503,N
15714,100660.1,2026-08-03,,2026-08-03 06:29:18,OUT_OF_WINDOW,NO_CHECKIN,,N
15782,100015.3,2026-08-03,,2026-08-03 14:03:30,OUT_OF_WINDOW,AFTER_CUTOFF,3.5,N
15799,100072.3,2026-08-03,,2026-08-03 14:44:48,OUT_OF_WINDOW,AFTER_CHECKOUT,26.8,N
15800,100068.3,2026-08-03,,2026-08-03 14:50:50,OUT_OF_WINDOW,AFTER_CHECKOUT,5.8,N
15802,100064.3,2026-08-03,,2026-08-03 12:54:05,OUT_OF_WINDOW,AFTER_CHECKOUT,5.1,N
15804,100064.3,2026-08-03,,2026-08-03 14:54:35,OUT_OF_WINDOW,AFTER_CHECKOUT,125.6,N
15809,100096.3,2026-08-03,,2026-08-03 15:58:33,OUT_OF_WINDOW,AFTER_CUTOFF,118.6,N
15810,100655.1,2026-08-03,,2026-08-03 15:59:14,OUT_OF_WINDOW,AFTER_CUTOFF,59.2,N
15811,100075.3,2026-08-03,,2026-08-03 16:10:12,OUT_OF_WINDOW,AFTER_CUTOFF,130.2,N
15816,100064.3,2026-08-03,,2026-08-03 16:54:41,OUT_OF_WINDOW,AFTER_CHECKOUT,245.7,N
15820,100126.3,2026-08-03,,2026-08-03 17:38:15,OUT_OF_WINDOW,AFTER_CUTOFF,218.3,N
15824,100046.3,2026-08-03,,2026-08-03 18:53:55,OUT_OF_WINDOW,AFTER_CUTOFF,53.9,N
15825,100064.3,2026-08-04,,2026-08-03 19:07:36,OUT_OF_WINDOW,BEFORE_CHECKIN,344.4,N
15826,100126.3,2026-08-04,,2026-08-03 19:38:36,OUT_OF_WINDOW,AFTER_CUTOFF,338.6,N
15827,100064.3,2026-08-04,,2026-08-03 21:09:01,OUT_OF_WINDOW,BEFORE_CHECKIN,223,N
15828,100015.3,2026-08-04,,2026-08-03 21:25:45,OUT_OF_WINDOW,AFTER_CUTOFF,445.8,N
15829,100047.3,2026-08-04,,2026-08-03 19:11:00,OUT_OF_WINDOW,AFTER_CUTOFF,71,N
15831,100047.3,2026-08-04,,2026-08-03 21:27:20,OUT_OF_WINDOW,AFTER_CUTOFF,207.3,N
15832,100015.3,2026-08-04,,2026-08-03 21:25:45,OUT_OF_WINDOW,AFTER_CUTOFF,445.8,N
15834,100015.3,2026-08-04,,2026-08-03 21:27:55,OUT_OF_WINDOW,AFTER_CUTOFF,447.9,N
15835,100064.3,2026-08-04,,2026-08-03 23:10:36,OUT_OF_WINDOW,BEFORE_CHECKIN,101.4,N
15836,100015.3,2026-08-04,,2026-08-03 23:29:30,OUT_OF_WINDOW,AFTER_CUTOFF,569.5,N
15837,100047.3,2026-08-04,,2026-08-04 00:28:01,OUT_OF_WINDOW,BEFORE_CHECKIN,159,N
15840,100015.3,2026-08-04,,2026-08-04 01:30:10,OUT_OF_WINDOW,AFTER_CUTOFF,690.2,N
15844,100072.3,2026-08-04,,2026-08-04 01:59:10,OUT_OF_WINDOW,AFTER_CHECKOUT,701.2,N
15846,100067.3,2026-08-04,,2026-08-04 02:05:32,OUT_OF_WINDOW,NO_CHECKIN,,N
15856,100126.3,2026-08-04,,2026-08-03 21:52:33,OUT_OF_WINDOW,BEFORE_CHECKIN,318.5,N
15878,100015.3,2026-08-04,,2026-08-04 04:04:20,OUT_OF_WINDOW,AFTER_CUTOFF,844.3,N
15884,100072.3,2026-08-04,,2026-08-04 04:07:34,OUT_OF_WINDOW,BEFORE_CHECKIN,600.4,N
15889,100067.3,2026-08-04,,2026-08-04 02:05:32,OUT_OF_WINDOW,NO_CHECKIN,,N
15903,100046.3,2026-08-04,,2026-08-03 22:34:05,OUT_OF_WINDOW,AFTER_CUTOFF,274.1,N
15905,100046.3,2026-08-04,,2026-08-04 00:49:05,OUT_OF_WINDOW,AFTER_CUTOFF,409.1,N
15908,100046.3,2026-08-04,,2026-08-04 03:07:57,OUT_OF_WINDOW,BEFORE_CHECKIN,543.1,N
15912,100046.3,2026-08-04,,2026-08-04 05:08:01,OUT_OF_WINDOW,BEFORE_CHECKIN,423,N
15923,100004.3,2026-08-04,,2026-08-04 05:24:28,OUT_OF_WINDOW,AFTER_CUTOFF,924.5,N
15973,100084.3,2026-08-02,,2026-08-02 09:52:41,OUT_OF_WINDOW,NO_CHECKIN,,N
15975,100084.3,2026-08-02,,2026-08-02 16:57:45,OUT_OF_WINDOW,NO_CHECKIN,,N
15993,100084.3,2026-08-03,,2026-08-03 16:43:26,OUT_OF_WINDOW,AFTER_CHECKOUT,38.4,N
16000,100084.3,2026-08-03,,2026-08-03 18:43:33,OUT_OF_WINDOW,AFTER_CHECKOUT,158.6,N
16008,100084.3,2026-08-04,,2026-08-03 21:09:38,OUT_OF_WINDOW,AFTER_CHECKOUT,304.6,N
16017,100084.3,2026-08-04,,2026-08-04 01:30:37,OUT_OF_WINDOW,BEFORE_CHECKIN,149.4,N
16027,100084.3,2026-08-04,,2026-08-04 03:43:09,OUT_OF_WINDOW,BEFORE_CHECKIN,16.9,N
16055,100046.3,2026-08-04,,2026-08-04 07:08:35,OUT_OF_WINDOW,BEFORE_CHECKIN,302.4,N
16057,100046.3,2026-08-04,,2026-08-04 09:08:53,OUT_OF_WINDOW,BEFORE_CHECKIN,182.1,N
16060,100046.3,2026-08-04,,2026-08-04 11:08:56,OUT_OF_WINDOW,BEFORE_CHECKIN,62.1,N
16066,100126.3,2026-08-04,,2026-08-04 11:44:09,OUT_OF_WINDOW,AFTER_CHECKOUT,6.2,N
16080,100072.3,2026-08-04,,2026-08-04 13:14:31,OUT_OF_WINDOW,BEFORE_CHECKIN,53.5,N
16084,100126.3,2026-08-04,,2026-08-04 13:44:39,OUT_OF_WINDOW,AFTER_CHECKOUT,126.7,N
16095,100072.3,2026-08-04,,2026-08-04 14:08:05,OUT_OF_WINDOW,AFTER_CUTOFF,8.1,N
16100,100076.3,2026-08-04,,2026-08-04 14:48:41,OUT_OF_WINDOW,AFTER_CUTOFF,48.7,N
16107,100072.3,2026-08-04,,2026-08-04 15:22:58,OUT_OF_WINDOW,AFTER_CUTOFF,83,N
16108,100064.3,2026-08-04,,2026-08-04 15:42:34,OUT_OF_WINDOW,AFTER_CUTOFF,102.6,N
16109,100126.3,2026-08-04,,2026-08-04 15:45:02,OUT_OF_WINDOW,AFTER_CHECKOUT,247,N
16110,100655.1,2026-08-04,,2026-08-04 15:55:32,OUT_OF_WINDOW,AFTER_CUTOFF,55.5,N
16112,100071.3,2026-08-04,,2026-08-04 16:13:37,OUT_OF_WINDOW,AFTER_CUTOFF,133.6,N
16115,100084.3,2026-08-04,,2026-08-04 16:23:56,OUT_OF_WINDOW,AFTER_CHECKOUT,29.9,N
16117,100011.3,2026-08-04,,2026-08-04 14:17:49,OUT_OF_WINDOW,AFTER_CUTOFF,17.8,N
16119,100011.3,2026-08-04,,2026-08-04 16:33:48,OUT_OF_WINDOW,AFTER_CUTOFF,153.8,N
16120,100076.3,2026-08-04,,2026-08-04 16:54:51,OUT_OF_WINDOW,AFTER_CUTOFF,174.9,N
16123,100064.3,2026-08-04,,2026-08-04 17:42:46,OUT_OF_WINDOW,AFTER_CUTOFF,222.8,N
16124,100126.3,2026-08-04,,2026-08-04 17:45:13,OUT_OF_WINDOW,AFTER_CHECKOUT,367.2,N
16125,100011.3,2026-08-04,,2026-08-04 18:42:22,OUT_OF_WINDOW,AFTER_CUTOFF,282.4,N
16128,100064.3,2026-08-05,,2026-08-04 19:42:52,OUT_OF_WINDOW,BEFORE_CHECKIN,311.1,N
16129,100046.3,2026-08-04,,2026-08-04 18:25:36,OUT_OF_WINDOW,AFTER_CUTOFF,25.6,N
16131,100046.3,2026-08-05,,2026-08-04 20:44:38,OUT_OF_WINDOW,AFTER_CUTOFF,164.6,N
16132,100011.3,2026-08-05,,2026-08-04 20:44:57,OUT_OF_WINDOW,AFTER_CUTOFF,405,N
16133,100013.3,2026-08-05,,2026-08-04 21:01:15,OUT_OF_WINDOW,AFTER_CUTOFF,421.3,N
16134,100064.3,2026-08-05,,2026-08-04 21:50:17,OUT_OF_WINDOW,BEFORE_CHECKIN,183.7,N
16135,100046.3,2026-08-05,,2026-08-04 22:46:05,OUT_OF_WINDOW,AFTER_CUTOFF,286.1,N
16136,100013.3,2026-08-05,,2026-08-04 23:01:46,OUT_OF_WINDOW,BEFORE_CHECKIN,313.2,N
16137,100011.3,2026-08-05,,2026-08-04 23:34:05,OUT_OF_WINDOW,AFTER_CUTOFF,574.1,N
16138,100064.3,2026-08-05,,2026-08-05 00:00:08,OUT_OF_WINDOW,BEFORE_CHECKIN,53.9,N
16141,100046.3,2026-08-05,,2026-08-05 01:13:58,OUT_OF_WINDOW,BEFORE_CHECKIN,181,N
16142,100011.3,2026-08-05,,2026-08-05 01:34:48,OUT_OF_WINDOW,AFTER_CUTOFF,694.8,N
16144,100072.3,2026-08-05,,2026-08-05 01:56:40,OUT_OF_WINDOW,BEFORE_CHECKIN,94.3,N
16156,100046.3,2026-08-05,,2026-08-05 03:18:01,OUT_OF_WINDOW,BEFORE_CHECKIN,57,N
16166,100144.3,2026-08-05,,2026-08-05 03:54:21,OUT_OF_WINDOW,BEFORE_CHECKIN,672.7,N
16167,100004.2,2026-08-05,,2026-08-05 03:54:24,OUT_OF_WINDOW,BEFORE_CHECKIN,5.6,N
16192,100076.3,2026-08-05,,2026-08-04 19:16:22,OUT_OF_WINDOW,AFTER_CUTOFF,316.4,N
16213,100011.3,2026-08-05,,2026-08-05 04:57:04,OUT_OF_WINDOW,AFTER_CUTOFF,897.1,N
16214,100055.3,2026-07-30,,2026-07-30 15:25:46,OUT_OF_WINDOW,AFTER_CUTOFF,1195.8,N
16216,100055.3,2026-07-30,,2026-07-30 17:28:39,OUT_OF_WINDOW,AFTER_CUTOFF,1318.7,N
16224,100005.3,2026-08-04,,2026-08-04 05:26:49,OUT_OF_WINDOW,AFTER_CUTOFF,926.8,N
16255,100011.3,2026-08-05,,2026-08-05 06:58:30,OUT_OF_WINDOW,AFTER_CUTOFF,1018.5,N
16285,100011.3,2026-08-05,,2026-08-05 09:04:37,OUT_OF_WINDOW,AFTER_CUTOFF,1144.6,N
16296,100084.3,2026-08-04,,2026-08-04 18:27:28,OUT_OF_WINDOW,AFTER_CHECKOUT,153.5,N
16298,100084.3,2026-08-05,,2026-08-05 01:30:37,OUT_OF_WINDOW,BEFORE_CHECKIN,157.4,N
16301,100084.3,2026-08-05,,2026-08-05 03:44:25,OUT_OF_WINDOW,BEFORE_CHECKIN,23.6,N
16348,100067.3,2026-08-05,,2026-08-05 14:15:48,OUT_OF_WINDOW,AFTER_CUTOFF,15.8,N
16349,100072.3,2026-08-05,,2026-08-05 14:43:55,OUT_OF_WINDOW,AFTER_CHECKOUT,43.9,N
16350,100063.3,2026-08-05,,2026-08-05 14:50:31,OUT_OF_WINDOW,AFTER_CHECKOUT,6.5,N
16353,100144.3,2026-08-05,,2026-08-05 15:04:15,OUT_OF_WINDOW,BEFORE_CHECKIN,2.8,N
16355,100144.3,2026-08-05,,2026-08-05 15:07:17,OUT_OF_WINDOW,AFTER_CUTOFF,67.3,N
16377,100064.3,2026-08-05,,2026-08-05 13:10:25,OUT_OF_WINDOW,AFTER_CHECKOUT,20.4,N
16379,100064.3,2026-08-05,,2026-08-05 15:10:52,OUT_OF_WINDOW,AFTER_CHECKOUT,140.9,N
16380,100011.3,2026-08-05,,2026-08-05 13:10:19,OUT_OF_WINDOW,AFTER_CUTOFF,1390.3,N
16382,100011.3,2026-08-05,,2026-08-05 15:12:57,OUT_OF_WINDOW,AFTER_CUTOFF,1513,N
16383,100126.3,2026-08-05,,2026-08-05 13:21:33,OUT_OF_WINDOW,AFTER_CHECKOUT,134.6,N
16385,100126.3,2026-08-05,,2026-08-05 15:21:36,OUT_OF_WINDOW,AFTER_CHECKOUT,254.6,N
16389,100655.1,2026-08-05,,2026-08-05 16:03:10,OUT_OF_WINDOW,AFTER_CUTOFF,63.2,N
16391,100096.3,2026-08-05,,2026-08-05 16:06:05,OUT_OF_WINDOW,AFTER_CUTOFF,126.1,N
16392,100070.2,2026-08-05,,2026-08-05 16:10:04,OUT_OF_WINDOW,AFTER_CUTOFF,10.1,N
16398,100084.3,2026-08-05,,2026-08-05 16:16:36,OUT_OF_WINDOW,AFTER_CHECKOUT,14.6,N
16404,100075.2,2026-08-05,,2026-08-05 17:02:17,OUT_OF_WINDOW,AFTER_CUTOFF,62.3,N
16406,100075.2,2026-08-05,,2026-08-05 17:09:10,OUT_OF_WINDOW,AFTER_CUTOFF,69.2,N
16407,100011.3,2026-08-05,,2026-08-05 17:21:57,OUT_OF_WINDOW,AFTER_CUTOFF,1642,N
16409,100084.3,2026-08-05,,2026-08-05 18:16:53,OUT_OF_WINDOW,AFTER_CHECKOUT,134.9,N
16410,100070.2,2026-08-05,,2026-08-05 17:13:14,OUT_OF_WINDOW,AFTER_CUTOFF,73.2,N
16412,100070.2,2026-08-05,,2026-08-05 18:19:22,OUT_OF_WINDOW,AFTER_CUTOFF,139.4,N
16414,100064.3,2026-08-05,,2026-08-05 17:19:14,OUT_OF_WINDOW,AFTER_CHECKOUT,269.2,N
16416,100064.3,2026-08-06,,2026-08-05 19:19:16,OUT_OF_WINDOW,BEFORE_CHECKIN,337.7,N
16417,100070.2,2026-08-06,,2026-08-05 19:24:39,OUT_OF_WINDOW,AFTER_CUTOFF,204.7,N
16419,100070.2,2026-08-06,,2026-08-05 20:25:00,OUT_OF_WINDOW,AFTER_CUTOFF,265,N
16422,100015.3,2026-08-06,,2026-08-05 21:05:25,OUT_OF_WINDOW,AFTER_CUTOFF,425.4,N
16423,100070.2,2026-08-06,,2026-08-05 21:26:18,OUT_OF_WINDOW,AFTER_CUTOFF,326.3,N
16424,100064.3,2026-08-06,,2026-08-05 21:27:54,OUT_OF_WINDOW,BEFORE_CHECKIN,209.1,N
16425,100046.3,2026-08-06,,2026-08-05 19:38:20,OUT_OF_WINDOW,AFTER_CUTOFF,98.3,N
16427,100046.3,2026-08-06,,2026-08-05 21:51:04,OUT_OF_WINDOW,AFTER_CUTOFF,231.1,N
16428,100011.3,2026-08-06,,2026-08-05 19:40:36,OUT_OF_WINDOW,BEFORE_CHECKIN,719.4,N
16430,100011.3,2026-08-06,,2026-08-05 21:58:54,OUT_OF_WINDOW,BEFORE_CHECKIN,581.1,N
16431,100070.2,2026-08-06,,2026-08-05 22:34:53,OUT_OF_WINDOW,AFTER_CUTOFF,394.9,N
16432,100015.3,2026-08-06,,2026-08-05 23:05:50,OUT_OF_WINDOW,BEFORE_CHECKIN,380.2,N
16433,100064.3,2026-08-06,,2026-08-05 23:38:46,OUT_OF_WINDOW,BEFORE_CHECKIN,78.2,N
16434,100070.2,2026-08-06,,2026-08-05 23:45:04,OUT_OF_WINDOW,AFTER_CUTOFF,465.1,N
16435,100046.3,2026-08-06,,2026-08-05 23:52:17,OUT_OF_WINDOW,BEFORE_CHECKIN,269.7,N
16436,100070.2,2026-08-06,,2026-08-06 00:50:19,OUT_OF_WINDOW,AFTER_CUTOFF,530.3,N
16438,100015.3,2026-08-06,,2026-08-06 01:06:00,OUT_OF_WINDOW,BEFORE_CHECKIN,260,N
16440,100011.3,2026-08-06,,2026-08-06 01:17:11,OUT_OF_WINDOW,BEFORE_CHECKIN,382.8,N
16442,100046.3,2026-08-06,,2026-08-06 01:52:38,OUT_OF_WINDOW,BEFORE_CHECKIN,149.4,N
16448,100126.3,2026-08-05,,2026-08-05 17:21:47,OUT_OF_WINDOW,AFTER_CHECKOUT,374.8,N
16450,100126.3,2026-08-06,,2026-08-05 19:23:24,OUT_OF_WINDOW,BEFORE_CHECKIN,471.6,N
16453,100126.3,2026-08-06,,2026-08-06 02:42:32,OUT_OF_WINDOW,BEFORE_CHECKIN,32.5,N
16462,100068.3,2026-08-06,,2026-08-06 03:02:59,OUT_OF_WINDOW,NO_CHECKIN,,N
16469,100079.3,2026-08-06,,2026-08-06 03:51:01,OUT_OF_WINDOW,BEFORE_CHECKIN,808,N
16478,100015.3,2026-08-06,,2026-08-06 04:10:28,OUT_OF_WINDOW,BEFORE_CHECKIN,75.5,N
16492,100046.3,2026-08-06,,2026-08-06 04:06:42,OUT_OF_WINDOW,BEFORE_CHECKIN,15.3,N
16495,100055.3,2026-08-06,,2026-08-05 21:39:35,OUT_OF_WINDOW,AFTER_CUTOFF,129.6,N
16497,100055.3,2026-08-06,,2026-08-05 23:40:05,OUT_OF_WINDOW,AFTER_CUTOFF,250.1,N
16500,100055.3,2026-08-06,,2026-08-06 03:42:04,OUT_OF_WINDOW,AFTER_CUTOFF,492.1,N
16506,100070.3,2026-08-06,,2026-08-06 04:40:28,OUT_OF_WINDOW,AFTER_CUTOFF,880.5,N
16509,100011.3,2026-08-06,,2026-08-06 04:41:45,OUT_OF_WINDOW,BEFORE_CHECKIN,178.3,N
16516,100070.2,2026-08-06,,2026-08-06 02:50:48,OUT_OF_WINDOW,AFTER_CUTOFF,650.8,N
16518,100070.2,2026-08-06,,2026-08-06 04:56:32,OUT_OF_WINDOW,AFTER_CUTOFF,776.5,N
16527,100068.3,2026-08-06,,2026-08-06 05:10:29,OUT_OF_WINDOW,NO_CHECKIN,,N
16546,100055.3,2026-08-06,,2026-08-06 05:42:05,OUT_OF_WINDOW,AFTER_CUTOFF,612.1,N
16566,100011.3,2026-08-06,,2026-08-06 06:42:06,OUT_OF_WINDOW,BEFORE_CHECKIN,57.9,N
16579,100055.3,2026-08-06,,2026-08-06 07:42:43,OUT_OF_WINDOW,AFTER_CUTOFF,732.7,N
16584,100068.3,2026-08-06,,2026-08-06 08:23:53,OUT_OF_WINDOW,NO_CHECKIN,,N
16586,100070.2,2026-08-06,,2026-08-06 06:32:56,OUT_OF_WINDOW,AFTER_CUTOFF,872.9,N
16588,100070.2,2026-08-06,,2026-08-06 07:44:54,OUT_OF_WINDOW,AFTER_CUTOFF,944.9,N
16591,100070.2,2026-08-06,,2026-08-06 08:45:42,OUT_OF_WINDOW,AFTER_CUTOFF,1005.7,N
16598,100055.3,2026-08-06,,2026-08-06 09:44:42,OUT_OF_WINDOW,AFTER_CUTOFF,854.7,N
16602,100070.2,2026-08-06,,2026-08-06 09:57:09,OUT_OF_WINDOW,AFTER_CUTOFF,1077.2,N
16603,100068.3,2026-08-06,,2026-08-06 10:23:55,OUT_OF_WINDOW,NO_CHECKIN,,N
16612,100070.2,2026-08-06,,2026-08-06 11:06:40,OUT_OF_WINDOW,AFTER_CUTOFF,1146.7,N
16614,100070.2,2026-08-06,,2026-08-06 12:13:12,OUT_OF_WINDOW,AFTER_CUTOFF,1213.2,N
16615,100068.3,2026-08-06,,2026-08-06 12:25:08,OUT_OF_WINDOW,NO_CHECKIN,,N
16625,100064.3,2026-08-06,,2026-08-06 13:38:09,OUT_OF_WINDOW,AFTER_CHECKOUT,69.2,N
16630,100070.2,2026-08-06,,2026-08-06 13:13:49,OUT_OF_WINDOW,AFTER_CUTOFF,1273.8,N
16632,100070.2,2026-08-06,,2026-08-06 14:14:08,OUT_OF_WINDOW,AFTER_CUTOFF,1334.1,N
16634,100089.3,2026-08-06,,2026-08-06 14:24:25,OUT_OF_WINDOW,AFTER_CUTOFF,24.4,N
16635,100126.3,2026-08-06,,2026-08-06 14:27:13,OUT_OF_WINDOW,AFTER_CHECKOUT,157.2,N
16656,100012.3,2026-08-06,,2026-08-06 14:30:37,OUT_OF_WINDOW,AFTER_CUTOFF,30.6,N
16657,100144.3,2026-08-05,,2026-08-05 15:04:15,OUT_OF_WINDOW,BEFORE_CHECKIN,2.8,N
16669,100076.3,2026-08-06,,2026-08-06 15:17:13,OUT_OF_WINDOW,AFTER_CUTOFF,77.2,N
16670,100064.3,2026-08-06,,2026-08-06 15:40:40,OUT_OF_WINDOW,AFTER_CHECKOUT,191.7,N
16674,100070.2,2026-08-06,,2026-08-06 15:15:42,OUT_OF_WINDOW,AFTER_CUTOFF,1395.7,N
16676,100070.2,2026-08-06,,2026-08-06 16:18:41,OUT_OF_WINDOW,AFTER_CUTOFF,1458.7,N
16677,100070.3,2026-08-06,,2026-08-06 16:26:31,OUT_OF_WINDOW,AFTER_CUTOFF,1586.5,N
16678,100126.3,2026-08-06,,2026-08-06 16:27:17,OUT_OF_WINDOW,AFTER_CHECKOUT,277.3,N
16679,100012.3,2026-08-06,,2026-08-06 16:32:32,OUT_OF_WINDOW,AFTER_CUTOFF,152.5,N
16682,100655.1,2026-08-06,,2026-08-06 16:56:33,OUT_OF_WINDOW,AFTER_CUTOFF,116.6,N
16685,100084.3,2026-08-06,,2026-08-06 01:30:36,OUT_OF_WINDOW,BEFORE_CHECKIN,162.4,N
16687,100084.3,2026-08-06,,2026-08-06 03:41:20,OUT_OF_WINDOW,BEFORE_CHECKIN,31.7,N
16712,100084.3,2026-08-06,,2026-08-06 17:01:57,OUT_OF_WINDOW,AFTER_CHECKOUT,7,N
16714,100079.3,2026-08-06,,2026-08-06 17:19:12,OUT_OF_WINDOW,AFTER_CUTOFF,199.2,N
16716,100078.3,2026-08-06,,2026-08-06 17:38:00,OUT_OF_WINDOW,AFTER_CUTOFF,218,N
16717,100064.3,2026-08-06,,2026-08-06 17:45:24,OUT_OF_WINDOW,AFTER_CHECKOUT,316.4,N
16718,100011.3,2026-08-06,,2026-08-06 18:15:47,OUT_OF_WINDOW,AFTER_CUTOFF,255.8,N
16720,100126.3,2026-08-06,,2026-08-06 18:27:58,OUT_OF_WINDOW,AFTER_CHECKOUT,398,N
16721,100012.3,2026-08-06,,2026-08-06 18:37:16,OUT_OF_WINDOW,AFTER_CUTOFF,277.3,N
16722,100070.2,2026-08-06,,2026-08-06 17:31:24,OUT_OF_WINDOW,AFTER_CUTOFF,1531.4,N
16724,100070.2,2026-08-06,,2026-08-06 18:38:44,OUT_OF_WINDOW,AFTER_CUTOFF,1598.7,N
16726,100046.3,2026-08-07,,2026-08-06 19:04:49,OUT_OF_WINDOW,AFTER_CUTOFF,64.8,N
16727,100070.2,2026-08-07,,2026-08-06 19:39:11,OUT_OF_WINDOW,BEFORE_CHECKIN,849.8,N
16728,100064.3,2026-08-07,,2026-08-06 19:45:25,OUT_OF_WINDOW,BEFORE_CHECKIN,309.6,N
16729,100011.3,2026-08-07,,2026-08-06 20:19:34,OUT_OF_WINDOW,AFTER_CUTOFF,379.6,N
16730,100070.2,2026-08-07,,2026-08-06 20:41:18,OUT_OF_WINDOW,BEFORE_CHECKIN,787.7,N
16733,100064.3,2026-08-07,,2026-08-06 21:45:55,OUT_OF_WINDOW,BEFORE_CHECKIN,189.1,N
16734,100046.3,2026-08-07,,2026-08-06 22:06:36,OUT_OF_WINDOW,AFTER_CUTOFF,246.6,N
16735,100070.2,2026-08-07,,2026-08-06 22:15:16,OUT_OF_WINDOW,BEFORE_CHECKIN,693.7,N
16736,100011.3,2026-08-07,,2026-08-06 22:22:31,OUT_OF_WINDOW,AFTER_CUTOFF,502.5,N
16737,100070.2,2026-08-07,,2026-08-06 23:20:05,OUT_OF_WINDOW,BEFORE_CHECKIN,628.9,N
16738,100064.3,2026-08-07,,2026-08-06 23:45:56,OUT_OF_WINDOW,BEFORE_CHECKIN,69.1,N
16739,100046.3,2026-08-07,,2026-08-07 00:07:51,OUT_OF_WINDOW,BEFORE_CHECKIN,293.2,N
16740,100070.2,2026-08-07,,2026-08-07 00:44:07,OUT_OF_WINDOW,BEFORE_CHECKIN,544.9,N
16743,100011.3,2026-08-07,,2026-08-07 01:12:57,OUT_OF_WINDOW,AFTER_CUTOFF,673,N
16744,100070.2,2026-08-07,,2026-08-07 01:51:33,OUT_OF_WINDOW,BEFORE_CHECKIN,477.5,N
16745,100089.3,2026-08-07,,2026-08-07 02:02:23,OUT_OF_WINDOW,AFTER_CUTOFF,722.4,N
16748,100046.3,2026-08-07,,2026-08-07 02:16:22,OUT_OF_WINDOW,BEFORE_CHECKIN,164.6,N
16749,100012.3,2026-08-07,,2026-08-07 02:18:57,OUT_OF_WINDOW,AFTER_CUTOFF,739,N
16757,100084.3,2026-08-07,,2026-08-06 19:17:29,OUT_OF_WINDOW,AFTER_CHECKOUT,142.5,N
16759,100084.3,2026-08-07,,2026-08-07 01:30:36,OUT_OF_WINDOW,BEFORE_CHECKIN,155.4,N
16761,100068.3,2026-08-07,,2026-08-07 03:04:05,OUT_OF_WINDOW,BEFORE_CHECKIN,693.9,N
16766,100126.3,2026-08-07,,2026-08-07 02:25:52,OUT_OF_WINDOW,BEFORE_CHECKIN,47.1,N
16768,100011.3,2026-08-07,,2026-08-07 03:15:47,OUT_OF_WINDOW,AFTER_CUTOFF,795.8,N
16772,100070.2,2026-08-07,,2026-08-07 02:59:56,OUT_OF_WINDOW,BEFORE_CHECKIN,409.1,N
16774,100070.2,2026-08-07,,2026-08-07 04:00:19,OUT_OF_WINDOW,BEFORE_CHECKIN,348.7,N
16782,100046.3,2026-08-07,,2026-08-07 04:20:53,OUT_OF_WINDOW,BEFORE_CHECKIN,40.1,N
16807,100068.3,2026-08-07,,2026-08-07 05:15:07,OUT_OF_WINDOW,BEFORE_CHECKIN,562.9,N
16808,100011.3,2026-08-07,,2026-08-07 05:17:04,OUT_OF_WINDOW,AFTER_CUTOFF,917.1,N
16832,100012.3,2026-08-07,,2026-08-07 04:21:18,OUT_OF_WINDOW,AFTER_CUTOFF,861.3,N
16834,100012.3,2026-08-07,,2026-08-07 04:22:46,OUT_OF_WINDOW,AFTER_CUTOFF,862.8,N
16837,100012.3,2026-08-07,,2026-08-07 06:23:50,OUT_OF_WINDOW,AFTER_CUTOFF,983.8,N
16848,100011.3,2026-08-07,,2026-08-07 07:19:18,OUT_OF_WINDOW,AFTER_CUTOFF,1039.3,N
16850,100068.3,2026-08-07,,2026-08-07 07:27:44,OUT_OF_WINDOW,BEFORE_CHECKIN,430.3,N
16854,100070.2,2026-08-07,,2026-08-07 05:46:49,OUT_OF_WINDOW,BEFORE_CHECKIN,242.2,N
16856,100070.2,2026-08-07,,2026-08-07 06:49:09,OUT_OF_WINDOW,BEFORE_CHECKIN,179.9,N
16859,100070.2,2026-08-07,,2026-08-07 07:52:57,OUT_OF_WINDOW,BEFORE_CHECKIN,116.1,N
16871,100011.3,2026-08-07,,2026-08-07 09:21:58,OUT_OF_WINDOW,AFTER_CUTOFF,1162,N
16872,100068.3,2026-08-07,,2026-08-07 09:28:45,OUT_OF_WINDOW,BEFORE_CHECKIN,309.3,N
16877,100070.2,2026-08-07,,2026-08-07 09:00:01,OUT_OF_WINDOW,BEFORE_CHECKIN,49,N
16890,100011.3,2026-08-07,,2026-08-07 11:22:06,OUT_OF_WINDOW,AFTER_CUTOFF,1282.1,N
16894,100068.3,2026-08-07,,2026-08-07 11:33:22,OUT_OF_WINDOW,BEFORE_CHECKIN,184.6,N
16914,100011.3,2026-08-07,,2026-08-07 13:45:27,OUT_OF_WINDOW,AFTER_CUTOFF,1425.5,N
16920,100068.3,2026-08-07,,2026-08-07 14:38:08,OUT_OF_WINDOW,AFTER_CUTOFF,38.1,N
16921,100064.3,2026-08-07,,2026-08-07 12:50:54,OUT_OF_WINDOW,AFTER_CHECKOUT,18.9,N
16923,100064.3,2026-08-07,,2026-08-07 14:51:24,OUT_OF_WINDOW,AFTER_CHECKOUT,139.4,N
16924,100063.3,2026-08-07,,2026-08-07 14:54:16,OUT_OF_WINDOW,AFTER_CHECKOUT,16.3,N
16929,100084.3,2026-08-07,,2026-08-07 03:53:13,OUT_OF_WINDOW,BEFORE_CHECKIN,12.8,N
16943,100084.3,2026-08-07,,2026-08-07 15:27:19,OUT_OF_WINDOW,AFTER_CUTOFF,87.3,N
16945,100011.3,2026-08-07,,2026-08-07 15:52:52,OUT_OF_WINDOW,AFTER_CUTOFF,1552.9,N
16948,100076.3,2026-08-07,,2026-08-07 15:55:36,OUT_OF_WINDOW,AFTER_CUTOFF,115.6,N
16950,100089.3,2026-08-07,,2026-08-07 16:06:03,OUT_OF_WINDOW,BEFORE_CHECKIN,1,N
16951,100089.3,2026-08-07,,2026-08-07 16:07:14,OUT_OF_WINDOW,AFTER_CUTOFF,127.2,N
16952,100021.2,2026-08-07,,2026-08-07 16:11:42,OUT_OF_WINDOW,AFTER_CUTOFF,11.7,N
16954,100070.3,2026-08-07,,2026-08-07 16:40:01,OUT_OF_WINDOW,NO_CHECKIN,,N
16955,100064.3,2026-08-07,,2026-08-07 16:51:30,OUT_OF_WINDOW,AFTER_CHECKOUT,259.5,N
16956,100015.3,2026-08-07,,2026-08-07 16:56:19,OUT_OF_WINDOW,AFTER_CUTOFF,176.3,N
16957,100015.3,2026-08-07,,2026-08-07 16:56:19,OUT_OF_WINDOW,AFTER_CUTOFF,176.3,N
16959,100015.3,2026-08-07,,2026-08-07 16:58:05,OUT_OF_WINDOW,AFTER_CUTOFF,178.1,N
16961,100011.3,2026-08-07,,2026-08-07 18:00:42,OUT_OF_WINDOW,AFTER_CUTOFF,1680.7,N
16962,100046.2,2026-08-07,,2026-08-07 18:36:55,OUT_OF_WINDOW,AFTER_CUTOFF,156.9,N
16964,100046.3,2026-08-08,,2026-08-07 19:17:10,OUT_OF_WINDOW,AFTER_CUTOFF,77.2,N
16965,100064.3,2026-08-08,,2026-08-07 20:52:07,OUT_OF_WINDOW,AFTER_CHECKOUT,500.1,N
16966,100195.1,2026-08-10,,2026-08-10 07:03:51,OUT_OF_WINDOW,NO_CHECKIN,,N
16990,100088.3,2026-08-10,,2026-08-10 15:22:03,OUT_OF_WINDOW,AFTER_CUTOFF,82.1,N
16994,100097.3,2026-08-10,,2026-08-10 15:53:20,OUT_OF_WINDOW,AFTER_CUTOFF,113.3,N
16995,100022.2,2026-08-10,,2026-08-10 16:05:49,OUT_OF_WINDOW,AFTER_CUTOFF,5.8,N
16996,100055.2,2026-08-10,,2026-08-10 16:29:23,OUT_OF_WINDOW,AFTER_CUTOFF,29.4,N
16997,100003.2,2026-08-10,,2026-08-10 16:42:15,OUT_OF_WINDOW,BEFORE_CHECKIN,19.8,N
16998,100003.2,2026-08-10,,2026-08-10 17:02:07,OUT_OF_WINDOW,AFTER_CUTOFF,62.1,N
16999,100071.2,2026-08-10,,2026-08-10 17:03:06,OUT_OF_WINDOW,AFTER_CUTOFF,63.1,N
17001,100070.2,2026-08-10,,2026-08-10 17:25:20,OUT_OF_WINDOW,AFTER_CUTOFF,85.3,N
17002,100069.2,2026-08-10,,2026-08-10 17:25:40,OUT_OF_WINDOW,AFTER_CUTOFF,85.7,N
17003,100076.2,2026-08-10,,2026-08-10 17:44:04,OUT_OF_WINDOW,AFTER_CUTOFF,104.1,N
17004,100078.3,2026-08-10,,2026-08-10 17:49:42,OUT_OF_WINDOW,AFTER_CUTOFF,229.7,N
17005,100004.2,2026-08-10,,2026-08-10 18:06:48,OUT_OF_WINDOW,AFTER_CUTOFF,126.8,N
17006,100652.1,2026-08-10,,2026-08-10 18:09:15,OUT_OF_WINDOW,AFTER_CUTOFF,189.3,N
17007,100067.2,2026-08-10,,2026-08-10 18:09:19,OUT_OF_WINDOW,AFTER_CUTOFF,129.3,N
17008,100032.2,2026-08-10,,2026-08-10 18:45:56,OUT_OF_WINDOW,BEFORE_CHECKIN,0.1,N
17010,100084.3,2026-08-11,,2026-08-10 19:29:19,OUT_OF_WINDOW,NO_CHECKIN,,N
17066,100195.1,2026-08-11,,2026-08-11 05:18:23,OUT_OF_WINDOW,NO_CHECKIN,,N
17079,100084.3,2026-08-11,,2026-08-11 03:44:04,OUT_OF_WINDOW,NO_CHECKIN,,N
17081,100084.3,2026-08-11,,2026-08-11 05:49:32,OUT_OF_WINDOW,NO_CHECKIN,,N
17130,100084.3,2026-08-11,,2026-08-11 12:11:17,OUT_OF_WINDOW,NO_CHECKIN,,N
17141,100044.2,2026-08-11,,2026-08-11 14:01:23,OUT_OF_WINDOW,AFTER_CHECKOUT,184.4,N
17153,100076.3,2026-08-11,,2026-08-11 15:27:39,OUT_OF_WINDOW,AFTER_CUTOFF,87.7,N
17159,100045.2,2026-08-11,,2026-08-11 16:08:46,OUT_OF_WINDOW,AFTER_CUTOFF,8.8,N
17161,100022.2,2026-08-11,,2026-08-11 16:16:37,OUT_OF_WINDOW,AFTER_CUTOFF,16.6,N
17163,100013.3,2026-08-11,,2026-08-11 16:35:02,OUT_OF_WINDOW,AFTER_CUTOFF,155,N
17164,100021.2,2026-08-11,,2026-08-11 16:43:40,OUT_OF_WINDOW,AFTER_CUTOFF,43.7,N
17169,100076.3,2026-08-11,,2026-08-11 17:27:47,OUT_OF_WINDOW,AFTER_CUTOFF,207.8,N
17172,100016.2,2026-08-11,,2026-08-11 18:00:18,OUT_OF_WINDOW,AFTER_CUTOFF,120.3,N
17175,100013.3,2026-08-12,,2026-08-11 21:25:53,OUT_OF_WINDOW,BEFORE_CHECKIN,405.1,N
17177,100013.3,2026-08-12,,2026-08-12 01:43:55,OUT_OF_WINDOW,BEFORE_CHECKIN,147.1,N
17179,100084.3,2026-08-11,,2026-08-11 14:35:42,OUT_OF_WINDOW,NO_CHECKIN,,N
17181,100084.3,2026-08-11,,2026-08-11 16:36:08,OUT_OF_WINDOW,NO_CHECKIN,,N
17184,100084.3,2026-08-11,,2026-08-11 18:55:08,OUT_OF_WINDOW,NO_CHECKIN,,N
17188,100084.3,2026-08-12,,2026-08-12 01:30:37,OUT_OF_WINDOW,NO_CHECKIN,,N
17198,100076.3,2026-08-12,,2026-08-11 20:11:20,OUT_OF_WINDOW,AFTER_CUTOFF,371.3,N
17200,100076.3,2026-08-12,,2026-08-11 22:12:37,OUT_OF_WINDOW,AFTER_CUTOFF,492.6,N
17203,100076.3,2026-08-12,,2026-08-12 01:34:54,OUT_OF_WINDOW,AFTER_CUTOFF,694.9,N
17207,100076.3,2026-08-12,,2026-08-12 03:34:55,OUT_OF_WINDOW,AFTER_CUTOFF,814.9,N
17247,100046.3,2026-08-12,,2026-08-11 19:21:49,OUT_OF_WINDOW,AFTER_CUTOFF,81.8,N
17252,100046.3,2026-08-12,,2026-08-11 22:14:17,OUT_OF_WINDOW,AFTER_CUTOFF,254.3,N
17258,100046.3,2026-08-12,,2026-08-12 00:14:46,OUT_OF_WINDOW,BEFORE_CHECKIN,270.2,N
17265,100046.3,2026-08-12,,2026-08-12 02:17:29,OUT_OF_WINDOW,BEFORE_CHECKIN,147.5,N
17273,100046.3,2026-08-12,,2026-08-12 04:17:42,OUT_OF_WINDOW,BEFORE_CHECKIN,27.3,N
17303,100076.3,2026-08-12,,2026-08-12 05:35:44,OUT_OF_WINDOW,AFTER_CUTOFF,935.7,N
17318,100012.3,2026-08-12,,2026-08-12 06:30:38,OUT_OF_WINDOW,BEFORE_CHECKIN,2.4,N
17340,100076.3,2026-08-12,,2026-08-12 07:40:31,OUT_OF_WINDOW,AFTER_CUTOFF,1060.5,N
17341,100195.1,2026-08-12,,2026-08-12 07:44:26,OUT_OF_WINDOW,NO_CHECKIN,,N
17358,100084.3,2026-08-12,,2026-08-12 03:45:01,OUT_OF_WINDOW,NO_CHECKIN,,N
17360,100084.3,2026-08-12,,2026-08-12 06:04:01,OUT_OF_WINDOW,NO_CHECKIN,,N
17363,100084.3,2026-08-12,,2026-08-12 10:39:58,OUT_OF_WINDOW,NO_CHECKIN,,N
17371,100076.3,2026-08-12,,2026-08-12 11:49:52,OUT_OF_WINDOW,AFTER_CUTOFF,1309.9,N
17390,100076.3,2026-08-12,,2026-08-12 13:50:18,OUT_OF_WINDOW,AFTER_CUTOFF,1430.3,N
17395,100029.2,2026-08-11,,2026-08-11 05:24:21,OUT_OF_WINDOW,BEFORE_CHECKIN,374.7,N
17406,100063.3,2026-08-12,,2026-08-12 14:47:22,OUT_OF_WINDOW,AFTER_CUTOFF,47.4,N
17411,100018.2,2026-08-12,,2026-08-12 16:22:36,OUT_OF_WINDOW,AFTER_CUTOFF,22.6,N
17413,100071.3,2026-08-12,,2026-08-12 16:42:20,OUT_OF_WINDOW,AFTER_CUTOFF,162.3,N
17417,100045.2,2026-08-12,,2026-08-12 16:45:45,OUT_OF_WINDOW,AFTER_CUTOFF,45.8,N
17419,100022.2,2026-08-12,,2026-08-12 16:58:43,OUT_OF_WINDOW,AFTER_CUTOFF,58.7,N
17421,100084.3,2026-08-12,,2026-08-12 12:50:33,OUT_OF_WINDOW,NO_CHECKIN,,N
17423,100084.3,2026-08-12,,2026-08-12 15:12:56,OUT_OF_WINDOW,NO_CHECKIN,,N
17426,100084.3,2026-08-12,,2026-08-12 17:14:52,OUT_OF_WINDOW,NO_CHECKIN,,N
17434,100046.3,2026-08-13,,2026-08-12 19:18:20,OUT_OF_WINDOW,AFTER_CUTOFF,78.3,N
17435,100076.3,2026-08-13,,2026-08-12 20:11:34,OUT_OF_WINDOW,NO_CHECKIN,,N
17437,100015.3,2026-08-12,,2026-08-12 14:25:31,OUT_OF_WINDOW,AFTER_CUTOFF,25.5,N
17439,100015.3,2026-08-13,,2026-08-12 21:42:53,OUT_OF_WINDOW,AFTER_CUTOFF,462.9,N
17440,100076.3,2026-08-13,,2026-08-12 22:11:36,OUT_OF_WINDOW,NO_CHECKIN,,N
17441,100015.3,2026-08-13,,2026-08-12 23:44:12,OUT_OF_WINDOW,BEFORE_CHECKIN,408.8,N
17444,100015.3,2026-08-13,,2026-08-13 01:45:50,OUT_OF_WINDOW,BEFORE_CHECKIN,287.2,N
17445,100046.3,2026-08-13,,2026-08-12 22:11:28,OUT_OF_WINDOW,AFTER_CUTOFF,251.5,N
17447,100046.3,2026-08-13,,2026-08-13 00:12:01,OUT_OF_WINDOW,BEFORE_CHECKIN,221,N
17450,100046.3,2026-08-13,,2026-08-13 02:12:04,OUT_OF_WINDOW,BEFORE_CHECKIN,100.9,N
17451,100084.3,2026-08-13,,2026-08-12 19:19:39,OUT_OF_WINDOW,NO_CHECKIN,,N
17460,100005.2,2026-08-13,,2026-08-13 03:52:41,OUT_OF_WINDOW,BEFORE_CHECKIN,11.3,N
17479,100015.3,2026-08-13,,2026-08-13 04:21:09,OUT_OF_WINDOW,BEFORE_CHECKIN,131.9,N
17484,100006.3,2026-08-12,,2026-08-12 15:43:58,OUT_OF_WINDOW,AFTER_CUTOFF,104,N
17485,100006.3,2026-08-13,,2026-08-13 04:39:28,OUT_OF_WINDOW,AFTER_CUTOFF,879.5,N
17527,100195.1,2026-08-13,,2026-08-13 06:28:47,OUT_OF_WINDOW,NO_CHECKIN,,N
17603,100071.2,2026-08-13,,2026-08-13 16:58:34,OUT_OF_WINDOW,AFTER_CUTOFF,58.6,N
17605,100013.2,2026-08-13,,2026-08-13 18:43:16,OUT_OF_WINDOW,AFTER_CUTOFF,163.3,N
17610,100046.3,2026-08-13,,2026-08-13 18:33:36,OUT_OF_WINDOW,AFTER_CUTOFF,33.6,N
17613,100046.3,2026-08-14,,2026-08-13 20:36:08,OUT_OF_WINDOW,AFTER_CUTOFF,156.1,N
17614,100015.3,2026-08-14,,2026-08-14 00:16:51,OUT_OF_WINDOW,AFTER_CUTOFF,616.9,N
17617,100126.3,2026-08-13,,2026-08-13 17:08:54,OUT_OF_WINDOW,NO_CHECKIN,,N
17619,100126.3,2026-08-14,,2026-08-14 01:44:08,OUT_OF_WINDOW,BEFORE_CHECKIN,89.9,N
17620,100015.3,2026-08-14,,2026-08-14 02:17:14,OUT_OF_WINDOW,AFTER_CUTOFF,737.2,N
17621,100071.3,2026-08-14,,2026-08-14 02:29:44,OUT_OF_WINDOW,AFTER_CHECKOUT,616.7,N
17625,100015.3,2026-08-14,,2026-08-14 04:19:12,OUT_OF_WINDOW,AFTER_CUTOFF,859.2,N
17629,100046.3,2026-08-14,,2026-08-13 23:26:33,OUT_OF_WINDOW,AFTER_CUTOFF,326.6,N
17631,100046.3,2026-08-14,,2026-08-14 01:47:01,OUT_OF_WINDOW,AFTER_CUTOFF,467,N
17634,100046.3,2026-08-14,,2026-08-14 03:54:37,OUT_OF_WINDOW,AFTER_CUTOFF,594.6,N
17638,100046.3,2026-08-14,,2026-08-14 05:56:59,OUT_OF_WINDOW,AFTER_CUTOFF,717,N
17646,100084.3,2026-08-13,,2026-08-13 03:48:49,OUT_OF_WINDOW,NO_CHECKIN,,N
17648,100084.3,2026-08-13,,2026-08-13 06:16:21,OUT_OF_WINDOW,NO_CHECKIN,,N
17651,100084.3,2026-08-13,,2026-08-13 08:39:32,OUT_OF_WINDOW,NO_CHECKIN,,N
17655,100084.3,2026-08-13,,2026-08-13 13:20:46,OUT_OF_WINDOW,NO_CHECKIN,,N
17660,100084.3,2026-08-14,,2026-08-14 07:56:35,OUT_OF_WINDOW,NO_CHECKIN,,N
17666,100084.3,2026-08-14,,2026-08-14 09:56:55,OUT_OF_WINDOW,NO_CHECKIN,,N
17678,100015.3,2026-08-14,,2026-08-14 09:29:21,OUT_OF_WINDOW,AFTER_CUTOFF,1169.4,N
17680,100015.3,2026-08-14,,2026-08-14 11:44:08,OUT_OF_WINDOW,AFTER_CUTOFF,1304.1,N
17690,100071.3,2026-08-14,,2026-08-14 14:07:56,OUT_OF_WINDOW,BEFORE_CHECKIN,0.1,N
17691,100071.3,2026-08-14,,2026-08-14 14:08:26,OUT_OF_WINDOW,AFTER_CUTOFF,8.4,N
17693,100046.3,2026-08-14,,2026-08-14 08:58:34,OUT_OF_WINDOW,AFTER_CUTOFF,898.6,N
17695,100046.3,2026-08-14,,2026-08-14 11:01:46,OUT_OF_WINDOW,AFTER_CUTOFF,1021.8,N
17698,100046.3,2026-08-14,,2026-08-14 13:02:52,OUT_OF_WINDOW,AFTER_CUTOFF,1142.9,N
17702,100046.3,2026-08-14,,2026-08-14 15:06:02,OUT_OF_WINDOW,AFTER_CUTOFF,1266,N
17705,100055.2,2026-08-14,,2026-08-14 16:19:30,OUT_OF_WINDOW,AFTER_CUTOFF,19.5,N
17714,100055.2,2026-08-14,,2026-08-14 17:23:33,OUT_OF_WINDOW,AFTER_CUTOFF,83.6,N
17715,100055.2,2026-08-14,,2026-08-14 18:23:38,OUT_OF_WINDOW,AFTER_CUTOFF,143.6,N
17716,100055.2,2026-08-15,,2026-08-14 19:24:48,OUT_OF_WINDOW,AFTER_CUTOFF,204.8,N
17717,100055.2,2026-08-15,,2026-08-14 20:25:18,OUT_OF_WINDOW,AFTER_CUTOFF,265.3,N
17718,100070.2,2026-08-14,,2026-08-14 17:40:03,OUT_OF_WINDOW,AFTER_CHECKOUT,20.1,N
17720,100070.2,2026-08-14,,2026-08-14 18:41:38,OUT_OF_WINDOW,AFTER_CHECKOUT,81.6,N
17723,100070.2,2026-08-15,,2026-08-14 19:47:11,OUT_OF_WINDOW,AFTER_CHECKOUT,147.2,N
17727,100070.2,2026-08-15,,2026-08-14 20:57:09,OUT_OF_WINDOW,AFTER_CHECKOUT,217.2,N
17728,100055.2,2026-08-15,,2026-08-14 21:26:01,OUT_OF_WINDOW,AFTER_CUTOFF,326,N
17729,100046.3,2026-08-14,,2026-08-14 17:23:21,OUT_OF_WINDOW,AFTER_CUTOFF,1403.4,N
17731,100046.3,2026-08-15,,2026-08-14 19:27:32,OUT_OF_WINDOW,BEFORE_CHECKIN,564.5,N
17734,100046.3,2026-08-15,,2026-08-14 21:48:20,OUT_OF_WINDOW,BEFORE_CHECKIN,423.7,N
17735,100070.2,2026-08-15,,2026-08-14 21:57:41,OUT_OF_WINDOW,AFTER_CHECKOUT,277.7,N
17736,100055.2,2026-08-15,,2026-08-14 22:26:04,OUT_OF_WINDOW,AFTER_CUTOFF,386.1,N
17737,100015.3,2026-08-14,,2026-08-14 13:44:16,OUT_OF_WINDOW,AFTER_CUTOFF,1424.3,N
17739,100015.3,2026-08-15,,2026-08-14 22:41:23,OUT_OF_WINDOW,BEFORE_CHECKIN,390.6,N
17742,100015.3,2026-08-15,,2026-08-14 22:43:34,OUT_OF_WINDOW,BEFORE_CHECKIN,388.4,N
17743,100015.3,2026-08-14,,2026-08-14 13:44:16,OUT_OF_WINDOW,AFTER_CUTOFF,1424.3,N
17745,100015.3,2026-08-15,,2026-08-14 22:41:23,OUT_OF_WINDOW,BEFORE_CHECKIN,390.6,N
17748,100015.3,2026-08-15,,2026-08-14 22:43:34,OUT_OF_WINDOW,BEFORE_CHECKIN,388.4,N
17752,100015.3,2026-08-15,,2026-08-14 22:46:16,OUT_OF_WINDOW,BEFORE_CHECKIN,385.7,N
17753,100070.2,2026-08-15,,2026-08-14 22:58:49,OUT_OF_WINDOW,AFTER_CHECKOUT,338.8,N
17754,100055.2,2026-08-15,,2026-08-14 23:26:52,OUT_OF_WINDOW,AFTER_CUTOFF,446.9,N
17755,100046.3,2026-08-15,,2026-08-14 23:49:46,OUT_OF_WINDOW,BEFORE_CHECKIN,302.2,N
17756,100070.2,2026-08-15,,2026-08-15 00:00:00,OUT_OF_WINDOW,AFTER_CHECKOUT,400,N
17757,100015.3,2026-08-15,,2026-08-15 00:46:25,OUT_OF_WINDOW,BEFORE_CHECKIN,265.6,N
17758,100070.2,2026-08-15,,2026-08-15 01:00:09,OUT_OF_WINDOW,BEFORE_CHECKIN,366.9,N
17759,100055.2,2026-08-15,,2026-08-15 01:27:49,OUT_OF_WINDOW,BEFORE_CHECKIN,343.2,N
17760,100046.3,2026-08-15,,2026-08-15 01:49:55,OUT_OF_WINDOW,BEFORE_CHECKIN,182.1,N
17761,100070.2,2026-08-15,,2026-08-15 02:00:53,OUT_OF_WINDOW,BEFORE_CHECKIN,306.1,N
17766,100055.2,2026-08-15,,2026-08-15 03:28:19,OUT_OF_WINDOW,BEFORE_CHECKIN,222.7,N
17769,100046.3,2026-08-15,,2026-08-15 03:49:58,OUT_OF_WINDOW,BEFORE_CHECKIN,62,N
17779,100070.2,2026-08-15,,2026-08-15 04:05:05,OUT_OF_WINDOW,BEFORE_CHECKIN,181.9,N
17827,100055.2,2026-08-15,,2026-08-15 06:27:39,OUT_OF_WINDOW,BEFORE_CHECKIN,43.4,N
17832,100070.2,2026-08-15,,2026-08-15 06:05:35,OUT_OF_WINDOW,BEFORE_CHECKIN,61.4,N
17903,100126.3,2026-08-15,,2026-08-15 15:47:43,OUT_OF_WINDOW,AFTER_CUTOFF,107.7,N
17905,100070.2,2026-08-15,,2026-08-15 16:17:10,OUT_OF_WINDOW,AFTER_CUTOFF,17.2,N
17906,100010.2,2026-08-15,,2026-08-15 16:25:18,OUT_OF_WINDOW,AFTER_CUTOFF,25.3,N
17909,100066.2,2026-08-15,,2026-08-15 17:01:14,OUT_OF_WINDOW,AFTER_CUTOFF,61.2,N
17912,100067.2,2026-08-15,,2026-08-15 17:56:54,OUT_OF_WINDOW,AFTER_CHECKOUT,11.9,N
17913,100070.2,2026-08-15,,2026-08-15 17:17:15,OUT_OF_WINDOW,AFTER_CUTOFF,77.3,N
17915,100070.2,2026-08-15,,2026-08-15 18:20:01,OUT_OF_WINDOW,AFTER_CUTOFF,140,N
17916,100006.2,2026-08-15,,2026-08-15 18:20:19,OUT_OF_WINDOW,AFTER_CUTOFF,140.3,N
17918,100070.2,2026-08-16,,2026-08-15 19:20:08,OUT_OF_WINDOW,AFTER_CUTOFF,200.1,N
17921,100046.3,2026-08-16,,2026-08-15 19:31:23,OUT_OF_WINDOW,AFTER_CUTOFF,91.4,N
17922,100070.2,2026-08-16,,2026-08-15 20:20:18,OUT_OF_WINDOW,AFTER_CUTOFF,260.3,N
17924,100046.3,2026-08-16,,2026-08-15 22:19:43,OUT_OF_WINDOW,AFTER_CUTOFF,259.7,N
17926,100046.3,2026-08-16,,2026-08-16 00:25:31,OUT_OF_WINDOW,AFTER_CUTOFF,385.5,N
17928,100084.3,2026-08-14,,2026-08-14 11:57:00,OUT_OF_WINDOW,NO_CHECKIN,,N
17930,100084.3,2026-08-14,,2026-08-14 14:07:59,OUT_OF_WINDOW,NO_CHECKIN,,N
17933,100084.3,2026-08-14,,2026-08-14 16:28:55,OUT_OF_WINDOW,NO_CHECKIN,,N
17937,100084.3,2026-08-14,,2026-08-14 18:29:17,OUT_OF_WINDOW,NO_CHECKIN,,N
17942,100084.3,2026-08-15,,2026-08-14 23:54:20,OUT_OF_WINDOW,NO_CHECKIN,,N
17948,100084.3,2026-08-15,,2026-08-15 01:54:42,OUT_OF_WINDOW,NO_CHECKIN,,N
17955,100084.3,2026-08-15,,2026-08-15 12:20:40,OUT_OF_WINDOW,NO_CHECKIN,,N
17957,100046.3,2026-08-16,,2026-08-16 02:26:16,OUT_OF_WINDOW,AFTER_CUTOFF,506.3,N
17968,100046.3,2026-08-16,,2026-08-16 04:32:00,OUT_OF_WINDOW,AFTER_CUTOFF,632,N
17969,100070.2,2026-08-16,,2026-08-15 21:20:21,OUT_OF_WINDOW,AFTER_CUTOFF,320.4,N
17971,100070.2,2026-08-16,,2026-08-15 22:25:06,OUT_OF_WINDOW,AFTER_CUTOFF,385.1,N
17974,100070.2,2026-08-16,,2026-08-16 01:44:26,OUT_OF_WINDOW,AFTER_CUTOFF,584.4,N
17978,100070.2,2026-08-16,,2026-08-16 02:49:09,OUT_OF_WINDOW,AFTER_CUTOFF,649.2,N
17983,100070.2,2026-08-16,,2026-08-16 04:03:21,OUT_OF_WINDOW,AFTER_CUTOFF,723.4,N
17989,100070.2,2026-08-16,,2026-08-16 05:07:10,OUT_OF_WINDOW,AFTER_CUTOFF,787.2,N
17991,100046.3,2026-08-16,,2026-08-16 06:32:26,OUT_OF_WINDOW,AFTER_CUTOFF,752.4,N
17992,100126.3,2026-08-15,,2026-08-15 17:51:40,OUT_OF_WINDOW,AFTER_CUTOFF,231.7,N
17994,100126.3,2026-08-16,,2026-08-16 02:37:38,OUT_OF_WINDOW,AFTER_CUTOFF,757.6,N
17997,100126.3,2026-08-16,,2026-08-16 04:47:11,OUT_OF_WINDOW,AFTER_CUTOFF,887.2,N
18001,100126.3,2026-08-16,,2026-08-16 06:47:16,OUT_OF_WINDOW,AFTER_CUTOFF,1007.3,N
18002,100069.3,2026-08-16,,2026-08-16 06:49:04,OUT_OF_WINDOW,AFTER_CUTOFF,1009.1,N
18003,100046.3,2026-08-16,,2026-08-16 08:33:57,OUT_OF_WINDOW,AFTER_CUTOFF,874,N
18004,100126.3,2026-08-16,,2026-08-16 08:49:46,OUT_OF_WINDOW,AFTER_CUTOFF,1129.8,N
18011,100046.3,2026-08-16,,2026-08-16 10:39:15,OUT_OF_WINDOW,AFTER_CUTOFF,999.3,N
18013,100126.3,2026-08-16,,2026-08-16 10:50:12,OUT_OF_WINDOW,AFTER_CUTOFF,1250.2,N
18014,100046.3,2026-08-16,,2026-08-16 12:39:52,OUT_OF_WINDOW,AFTER_CUTOFF,1119.9,N
18015,100126.3,2026-08-16,,2026-08-16 12:56:38,OUT_OF_WINDOW,AFTER_CUTOFF,1376.6,N
18017,100084.3,2026-08-16,,2026-08-16 03:42:54,OUT_OF_WINDOW,NO_CHECKIN,,N
18019,100084.3,2026-08-16,,2026-08-16 05:44:38,OUT_OF_WINDOW,NO_CHECKIN,,N
18022,100084.3,2026-08-16,,2026-08-16 07:55:35,OUT_OF_WINDOW,NO_CHECKIN,,N
18026,100084.3,2026-08-16,,2026-08-16 09:57:27,OUT_OF_WINDOW,NO_CHECKIN,,N
18031,100084.3,2026-08-16,,2026-08-16 12:04:43,OUT_OF_WINDOW,NO_CHECKIN,,N
18037,100084.3,2026-08-16,,2026-08-16 14:05:37,OUT_OF_WINDOW,NO_CHECKIN,,N
18038,100046.3,2026-08-16,,2026-08-16 14:40:33,OUT_OF_WINDOW,AFTER_CUTOFF,1240.6,N
18039,100126.3,2026-08-16,,2026-08-16 14:57:42,OUT_OF_WINDOW,AFTER_CUTOFF,1497.7,N
18042,100084.3,2026-08-16,,2026-08-16 16:06:11,OUT_OF_WINDOW,NO_CHECKIN,,N
18043,100070.2,2026-08-16,,2026-08-16 09:40:47,OUT_OF_WINDOW,AFTER_CUTOFF,1060.8,N
18045,100070.2,2026-08-16,,2026-08-16 11:05:04,OUT_OF_WINDOW,AFTER_CUTOFF,1145.1,N
18048,100070.2,2026-08-16,,2026-08-16 12:15:05,OUT_OF_WINDOW,AFTER_CUTOFF,1215.1,N
18052,100070.2,2026-08-16,,2026-08-16 13:30:05,OUT_OF_WINDOW,AFTER_CUTOFF,1290.1,N
18057,100070.2,2026-08-16,,2026-08-16 14:40:03,OUT_OF_WINDOW,AFTER_CUTOFF,1360.1,N
18063,100070.2,2026-08-16,,2026-08-16 15:43:57,OUT_OF_WINDOW,AFTER_CUTOFF,1424,N
18070,100070.2,2026-08-16,,2026-08-16 16:44:29,OUT_OF_WINDOW,AFTER_CUTOFF,1484.5,N
18071,100046.3,2026-08-16,,2026-08-16 17:11:39,OUT_OF_WINDOW,AFTER_CUTOFF,1391.7,N
18072,100070.2,2026-08-16,,2026-08-16 17:44:42,OUT_OF_WINDOW,AFTER_CUTOFF,1544.7,N
18073,100084.3,2026-08-16,,2026-08-16 18:06:54,OUT_OF_WINDOW,NO_CHECKIN,,N
18074,100070.2,2026-08-16,,2026-08-16 18:44:51,OUT_OF_WINDOW,AFTER_CUTOFF,1604.9,N
18075,100126.3,2026-08-16,,2026-08-16 16:59:15,OUT_OF_WINDOW,AFTER_CUTOFF,1619.3,N
18077,100126.3,2026-08-17,,2026-08-16 19:04:59,OUT_OF_WINDOW,BEFORE_CHECKIN,494,N
18078,100046.3,2026-08-17,,2026-08-16 19:11:59,OUT_OF_WINDOW,BEFORE_CHECKIN,539,N
18079,100070.2,2026-08-17,,2026-08-16 19:45:38,OUT_OF_WINDOW,BEFORE_CHECKIN,1277.4,N
18080,100070.2,2026-08-17,,2026-08-16 20:46:11,OUT_OF_WINDOW,BEFORE_CHECKIN,1216.8,N
18081,100070.2,2026-08-17,,2026-08-16 21:48:23,OUT_OF_WINDOW,BEFORE_CHECKIN,1154.6,N
18082,100070.2,2026-08-17,,2026-08-16 22:50:05,OUT_OF_WINDOW,BEFORE_CHECKIN,1092.9,N
18088,100024.2,2026-08-17,,2026-08-16 23:53:53,OUT_OF_WINDOW,NO_CHECKIN,,N
18089,100070.2,2026-08-17,,2026-08-17 00:15:17,OUT_OF_WINDOW,BEFORE_CHECKIN,1007.7,N
18113,100046.3,2026-08-17,,2026-08-16 21:51:05,OUT_OF_WINDOW,BEFORE_CHECKIN,379.9,N
18115,100046.3,2026-08-17,,2026-08-17 00:22:26,OUT_OF_WINDOW,BEFORE_CHECKIN,228.6,N
18118,100046.3,2026-08-17,,2026-08-17 02:22:28,OUT_OF_WINDOW,BEFORE_CHECKIN,108.5,N
18122,100015.3,2026-08-17,,2026-08-17 04:11:31,OUT_OF_WINDOW,BEFORE_CHECKIN,68.5,N
18162,100070.2,2026-08-17,,2026-08-17 05:49:50,OUT_OF_WINDOW,BEFORE_CHECKIN,673.2,N
18179,100070.2,2026-08-17,,2026-08-17 06:57:34,OUT_OF_WINDOW,BEFORE_CHECKIN,605.4,N
18263,100012.3,2026-08-17,,2026-08-17 15:07:14,OUT_OF_WINDOW,AFTER_CUTOFF,67.2,N
18267,100126.3,2026-08-17,,2026-08-17 15:49:13,OUT_OF_WINDOW,AFTER_CUTOFF,109.2,N
18269,100097.3,2026-08-17,,2026-08-17 16:13:44,OUT_OF_WINDOW,AFTER_CUTOFF,133.7,N
18274,100070.2,2026-08-17,,2026-08-17 17:03:16,OUT_OF_WINDOW,AFTER_CUTOFF,63.3,N
18277,100084.3,2026-08-17,,2026-08-17 03:34:56,OUT_OF_WINDOW,NO_CHECKIN,,N
18279,100084.3,2026-08-17,,2026-08-17 07:47:09,OUT_OF_WINDOW,NO_CHECKIN,,N
18282,100084.3,2026-08-17,,2026-08-17 10:29:12,OUT_OF_WINDOW,NO_CHECKIN,,N
18286,100084.3,2026-08-17,,2026-08-17 12:33:48,OUT_OF_WINDOW,NO_CHECKIN,,N
18291,100084.3,2026-08-17,,2026-08-17 14:35:50,OUT_OF_WINDOW,NO_CHECKIN,,N
18297,100084.3,2026-08-17,,2026-08-17 16:36:21,OUT_OF_WINDOW,NO_CHECKIN,,N
18301,100046.3,2026-08-17,,2026-08-17 18:25:17,OUT_OF_WINDOW,AFTER_CUTOFF,25.3,N
18303,100084.3,2026-08-17,,2026-08-17 18:37:18,OUT_OF_WINDOW,NO_CHECKIN,,N
18305,100084.3,2026-08-17,,2026-08-17 18:38:03,OUT_OF_WINDOW,NO_CHECKIN,,N
18310,100084.3,2026-08-18,,2026-08-18 01:04:33,OUT_OF_WINDOW,NO_CHECKIN,,N
18314,100067.3,2026-08-17,,2026-08-17 14:52:43,OUT_OF_WINDOW,AFTER_CHECKOUT,13.7,N
18316,100126.3,2026-08-17,,2026-08-17 17:53:21,OUT_OF_WINDOW,AFTER_CUTOFF,233.4,N
18318,100126.3,2026-08-18,,2026-08-17 19:56:20,OUT_OF_WINDOW,AFTER_CUTOFF,356.3,N
18337,100046.3,2026-08-18,,2026-08-17 20:29:30,OUT_OF_WINDOW,AFTER_CUTOFF,149.5,N
18339,100046.3,2026-08-18,,2026-08-17 22:30:01,OUT_OF_WINDOW,AFTER_CUTOFF,270,N
18342,100046.3,2026-08-18,,2026-08-18 00:30:32,OUT_OF_WINDOW,BEFORE_CHECKIN,234.5,N
18346,100046.3,2026-08-18,,2026-08-18 03:05:04,OUT_OF_WINDOW,BEFORE_CHECKIN,79.9,N
18348,100015.3,2026-08-18,,2026-08-18 04:25:54,OUT_OF_WINDOW,BEFORE_CHECKIN,44.1,N
18359,100076.3,2026-08-13,,2026-08-13 00:12:24,OUT_OF_WINDOW,NO_CHECKIN,,N
18361,100076.3,2026-08-13,,2026-08-13 02:13:55,OUT_OF_WINDOW,NO_CHECKIN,,N
18398,100012.3,2026-08-18,,2026-08-18 04:28:41,OUT_OF_WINDOW,BEFORE_CHECKIN,123.3,N
18507,100126.3,2026-08-18,,2026-08-18 15:35:10,OUT_OF_WINDOW,AFTER_CUTOFF,95.2,N
18509,100015.3,2026-08-18,,2026-08-18 16:00:31,OUT_OF_WINDOW,AFTER_CUTOFF,120.5,N
18510,100084.3,2026-08-18,,2026-08-18 03:21:26,OUT_OF_WINDOW,NO_CHECKIN,,N
18512,100084.3,2026-08-18,,2026-08-18 05:30:21,OUT_OF_WINDOW,NO_CHECKIN,,N
18515,100084.3,2026-08-18,,2026-08-18 09:32:15,OUT_OF_WINDOW,NO_CHECKIN,,N
18519,100084.3,2026-08-18,,2026-08-18 11:38:17,OUT_OF_WINDOW,NO_CHECKIN,,N
18524,100084.3,2026-08-18,,2026-08-18 14:00:22,OUT_OF_WINDOW,NO_CHECKIN,,N
18530,100084.3,2026-08-18,,2026-08-18 16:03:31,OUT_OF_WINDOW,NO_CHECKIN,,N
18534,100071.3,2026-08-18,,2026-08-18 16:10:37,OUT_OF_WINDOW,AFTER_CUTOFF,130.6,N
18537,100068.2,2026-08-18,,2026-08-18 16:42:35,OUT_OF_WINDOW,AFTER_CUTOFF,42.6,N
18539,100047.2,2026-08-18,,2026-08-18 16:58:25,OUT_OF_WINDOW,AFTER_CUTOFF,58.4,N
18541,100078.3,2026-08-18,,2026-08-18 17:40:00,OUT_OF_WINDOW,AFTER_CUTOFF,220,N
18542,100014.2,2026-08-18,,2026-08-18 17:47:51,OUT_OF_WINDOW,NO_CHECKIN,,N
18543,100023.2,2026-08-18,,2026-08-18 18:02:09,OUT_OF_WINDOW,AFTER_CHECKOUT,170.2,N
18544,100067.2,2026-08-18,,2026-08-18 18:10:05,OUT_OF_WINDOW,AFTER_CHECKOUT,2.1,N
18545,100047.2,2026-08-18,,2026-08-18 18:03:41,OUT_OF_WINDOW,AFTER_CUTOFF,123.7,N
18547,100047.2,2026-08-19,,2026-08-18 19:04:29,OUT_OF_WINDOW,AFTER_CUTOFF,184.5,N
18548,100068.2,2026-08-19,,2026-08-18 19:46:06,OUT_OF_WINDOW,AFTER_CUTOFF,226.1,N
18549,100047.2,2026-08-19,,2026-08-18 20:13:46,OUT_OF_WINDOW,AFTER_CUTOFF,253.8,N
18550,100047.2,2026-08-19,,2026-08-18 21:20:06,OUT_OF_WINDOW,AFTER_CUTOFF,320.1,N
18560,100046.3,2026-08-19,,2026-08-18 19:00:44,OUT_OF_WINDOW,AFTER_CUTOFF,60.7,N
18565,100046.3,2026-08-19,,2026-08-18 21:58:29,OUT_OF_WINDOW,AFTER_CUTOFF,238.5,N
18566,100047.2,2026-08-19,,2026-08-18 23:29:25,OUT_OF_WINDOW,AFTER_CUTOFF,449.4,N
18567,100046.3,2026-08-19,,2026-08-19 00:19:28,OUT_OF_WINDOW,BEFORE_CHECKIN,238.5,N
18569,100047.2,2026-08-19,,2026-08-19 01:27:08,OUT_OF_WINDOW,AFTER_CUTOFF,567.1,N
18571,100084.3,2026-08-18,,2026-08-18 18:32:10,OUT_OF_WINDOW,NO_CHECKIN,,N
18573,100084.3,2026-08-19,,2026-08-19 00:56:24,OUT_OF_WINDOW,NO_CHECKIN,,N
18578,100047.2,2026-08-19,,2026-08-19 02:33:09,OUT_OF_WINDOW,AFTER_CUTOFF,633.2,N
18583,100046.3,2026-08-19,,2026-08-19 03:09:17,OUT_OF_WINDOW,BEFORE_CHECKIN,68.7,N
18584,100047.2,2026-08-19,,2026-08-19 03:35:03,OUT_OF_WINDOW,AFTER_CUTOFF,695.1,N
18585,100126.3,2026-08-18,,2026-08-18 18:04:51,OUT_OF_WINDOW,AFTER_CUTOFF,244.9,N
18587,100126.3,2026-08-19,,2026-08-19 03:45:19,OUT_OF_WINDOW,AFTER_CUTOFF,825.3,N
18589,100067.2,2026-08-19,,2026-08-19 03:51:58,OUT_OF_WINDOW,BEFORE_CHECKIN,20,N
18595,100024.2,2026-08-17,,2026-08-17 01:19:50,OUT_OF_WINDOW,NO_CHECKIN,,N
18597,100024.2,2026-08-17,,2026-08-17 03:10:01,OUT_OF_WINDOW,NO_CHECKIN,,N
18600,100024.2,2026-08-19,,2026-08-19 03:56:31,OUT_OF_WINDOW,BEFORE_CHECKIN,81.5,N
18637,100126.3,2026-08-19,,2026-08-19 05:45:48,OUT_OF_WINDOW,AFTER_CUTOFF,945.8,N
18643,100047.2,2026-08-19,,2026-08-19 04:46:01,OUT_OF_WINDOW,AFTER_CUTOFF,766,N
18645,100047.2,2026-08-19,,2026-08-19 06:08:16,OUT_OF_WINDOW,AFTER_CUTOFF,848.3,N
18646,100050.2,2026-08-19,,2026-08-19 06:09:27,OUT_OF_WINDOW,AFTER_CUTOFF,849.5,N
18654,100078.3,2026-08-18,,2026-08-18 17:56:11,OUT_OF_WINDOW,AFTER_CUTOFF,236.2,N
18656,100078.3,2026-08-19,,2026-08-19 06:55:20,OUT_OF_WINDOW,AFTER_CUTOFF,1015.3,N
18657,100068.2,2026-08-19,,2026-08-19 06:55:30,OUT_OF_WINDOW,BEFORE_CHECKIN,26.5,N
18664,100047.2,2026-08-19,,2026-08-19 07:14:54,OUT_OF_WINDOW,AFTER_CUTOFF,914.9,N
18668,100072.2,2026-08-19,,2026-08-19 07:36:33,OUT_OF_WINDOW,AFTER_CUTOFF,936.6,N
18669,100072.2,2026-08-19,,2026-08-19 07:36:33,OUT_OF_WINDOW,AFTER_CUTOFF,936.6,N
18670,100126.3,2026-08-19,,2026-08-19 07:46:00,OUT_OF_WINDOW,AFTER_CUTOFF,1066,N
18672,100076.2,2026-08-19,,2026-08-19 08:03:59,OUT_OF_WINDOW,AFTER_CUTOFF,964,N
18674,100047.2,2026-08-19,,2026-08-19 08:17:01,OUT_OF_WINDOW,AFTER_CUTOFF,977,N
18677,100078.3,2026-08-19,,2026-08-19 09:05:24,OUT_OF_WINDOW,AFTER_CUTOFF,1145.4,N
18678,100047.2,2026-08-19,,2026-08-19 09:25:33,OUT_OF_WINDOW,AFTER_CUTOFF,1045.6,N
18681,100126.3,2026-08-19,,2026-08-19 09:46:10,OUT_OF_WINDOW,AFTER_CUTOFF,1186.2,N
18684,100047.2,2026-08-19,,2026-08-19 10:26:52,OUT_OF_WINDOW,AFTER_CUTOFF,1106.9,N
18691,100047.2,2026-08-19,,2026-08-19 11:45:01,OUT_OF_WINDOW,AFTER_CUTOFF,1185,N
18693,100126.3,2026-08-19,,2026-08-19 11:55:07,OUT_OF_WINDOW,AFTER_CUTOFF,1315.1,N
18700,100047.2,2026-08-19,,2026-08-19 12:46:41,OUT_OF_WINDOW,AFTER_CUTOFF,1246.7,N
18701,100078.3,2026-08-19,,2026-08-19 11:07:01,OUT_OF_WINDOW,AFTER_CUTOFF,1267,N
18703,100078.3,2026-08-19,,2026-08-19 13:07:14,OUT_OF_WINDOW,AFTER_CUTOFF,1387.2,N
18718,100072.3,2026-08-19,,2026-08-19 14:44:03,OUT_OF_WINDOW,AFTER_CUTOFF,44.1,N
18719,100047.2,2026-08-19,,2026-08-19 13:47:18,OUT_OF_WINDOW,AFTER_CUTOFF,1307.3,N
18721,100047.2,2026-08-19,,2026-08-19 14:51:15,OUT_OF_WINDOW,AFTER_CUTOFF,1371.3,N
18722,100071.3,2026-08-19,,2026-08-19 03:34:58,OUT_OF_WINDOW,AFTER_CUTOFF,815,N
18723,100071.3,2026-08-19,,2026-08-19 03:34:58,OUT_OF_WINDOW,AFTER_CUTOFF,815,N
18725,100071.3,2026-08-19,,2026-08-19 14:52:39,OUT_OF_WINDOW,AFTER_CUTOFF,1492.7,N
18726,100078.3,2026-08-19,,2026-08-19 15:07:45,OUT_OF_WINDOW,AFTER_CUTOFF,1507.8,N
18730,100047.2,2026-08-19,,2026-08-19 15:52:22,OUT_OF_WINDOW,AFTER_CUTOFF,1432.4,N
18732,100084.3,2026-08-19,,2026-08-19 03:07:43,OUT_OF_WINDOW,NO_CHECKIN,,N
18734,100084.3,2026-08-19,,2026-08-19 05:25:01,OUT_OF_WINDOW,NO_CHECKIN,,N
18737,100084.3,2026-08-19,,2026-08-19 07:36:54,OUT_OF_WINDOW,NO_CHECKIN,,N
18741,100084.3,2026-08-19,,2026-08-19 09:37:09,OUT_OF_WINDOW,NO_CHECKIN,,N
18746,100084.3,2026-08-19,,2026-08-19 12:04:42,OUT_OF_WINDOW,NO_CHECKIN,,N
18752,100084.3,2026-08-19,,2026-08-19 14:07:40,OUT_OF_WINDOW,NO_CHECKIN,,N
18759,100084.3,2026-08-19,,2026-08-19 16:07:57,OUT_OF_WINDOW,NO_CHECKIN,,N
18760,100023.2,2026-08-19,,2026-08-19 16:12:35,OUT_OF_WINDOW,AFTER_CHECKOUT,7.6,N
18796,100024.2,2026-08-19,,2026-08-19 16:26:11,OUT_OF_WINDOW,AFTER_CUTOFF,26.2,N
18799,100047.2,2026-08-19,,2026-08-19 16:56:00,OUT_OF_WINDOW,AFTER_CUTOFF,1496,N
18800,100068.2,2026-08-19,,2026-08-19 17:01:32,OUT_OF_WINDOW,AFTER_CUTOFF,61.5,N
18801,100078.3,2026-08-19,,2026-08-19 17:07:51,OUT_OF_WINDOW,AFTER_CUTOFF,1627.9,N
18802,100070.2,2026-08-19,,2026-08-19 17:10:31,OUT_OF_WINDOW,AFTER_CHECKOUT,5.5,N
18803,100069.2,2026-08-19,,2026-08-19 17:11:18,OUT_OF_WINDOW,AFTER_CUTOFF,71.3,N
18804,100058.2,2026-08-19,,2026-08-19 17:16:52,OUT_OF_WINDOW,AFTER_CUTOFF,76.9,N
18805,100047.2,2026-08-19,,2026-08-19 17:56:22,OUT_OF_WINDOW,AFTER_CUTOFF,1556.4,N
18806,100024.2,2026-08-19,,2026-08-19 18:10:25,OUT_OF_WINDOW,AFTER_CUTOFF,130.4,N
18808,100024.2,2026-08-19,,2026-08-19 18:11:10,OUT_OF_WINDOW,AFTER_CUTOFF,131.2,N
18811,100024.2,2026-08-19,,2026-08-19 18:11:58,OUT_OF_WINDOW,AFTER_CUTOFF,132,N
18812,100070.2,2026-08-19,,2026-08-19 18:13:09,OUT_OF_WINDOW,AFTER_CHECKOUT,68.2,N
18813,100084.3,2026-08-19,,2026-08-19 18:22:36,OUT_OF_WINDOW,NO_CHECKIN,,N
18814,100078.3,2026-08-20,,2026-08-19 19:11:01,OUT_OF_WINDOW,NO_CHECKIN,,N
18815,100046.3,2026-08-20,,2026-08-19 19:12:08,OUT_OF_WINDOW,AFTER_CUTOFF,72.1,N
18816,100070.2,2026-08-20,,2026-08-19 19:15:42,OUT_OF_WINDOW,AFTER_CHECKOUT,130.7,N
18817,100047.2,2026-08-20,,2026-08-19 19:16:58,OUT_OF_WINDOW,NO_CHECKIN,,N
18818,100070.2,2026-08-20,,2026-08-19 20:16:52,OUT_OF_WINDOW,AFTER_CHECKOUT,191.9,N
18819,100070.2,2026-08-20,,2026-08-19 21:21:45,OUT_OF_WINDOW,AFTER_CHECKOUT,256.8,N
18820,100046.3,2026-08-20,,2026-08-19 22:14:26,OUT_OF_WINDOW,AFTER_CUTOFF,254.4,N
18821,100047.2,2026-08-20,,2026-08-19 20:17:03,OUT_OF_WINDOW,NO_CHECKIN,,N
18823,100047.2,2026-08-20,,2026-08-19 22:17:34,OUT_OF_WINDOW,NO_CHECKIN,,N
18824,100070.2,2026-08-20,,2026-08-19 22:21:57,OUT_OF_WINDOW,AFTER_CHECKOUT,317,N
18825,100070.2,2026-08-20,,2026-08-19 23:23:06,OUT_OF_WINDOW,AFTER_CHECKOUT,378.1,N
18826,100047.2,2026-08-20,,2026-08-20 00:23:39,OUT_OF_WINDOW,NO_CHECKIN,,N
18827,100078.3,2026-08-20,,2026-08-20 00:39:56,OUT_OF_WINDOW,NO_CHECKIN,,N
18830,100046.3,2026-08-20,,2026-08-20 01:16:10,OUT_OF_WINDOW,BEFORE_CHECKIN,183.8,N
18832,100076.2,2026-08-20,,2026-08-20 02:02:04,OUT_OF_WINDOW,NO_CHECKIN,,N
18834,100084.3,2026-08-20,,2026-08-20 01:30:35,OUT_OF_WINDOW,NO_CHECKIN,,N
18838,100078.3,2026-08-20,,2026-08-20 02:58:31,OUT_OF_WINDOW,NO_CHECKIN,,N
18839,100046.3,2026-08-20,,2026-08-20 03:22:37,OUT_OF_WINDOW,BEFORE_CHECKIN,57.4,N
18853,100070.2,2026-08-20,,2026-08-20 00:30:03,OUT_OF_WINDOW,BEFORE_CHECKIN,382,N
18855,100070.2,2026-08-20,,2026-08-20 01:41:56,OUT_OF_WINDOW,BEFORE_CHECKIN,310.1,N
18858,100070.2,2026-08-20,,2026-08-20 02:53:59,OUT_OF_WINDOW,BEFORE_CHECKIN,238,N
18862,100070.2,2026-08-20,,2026-08-20 03:54:28,OUT_OF_WINDOW,BEFORE_CHECKIN,177.5,N
18863,100047.2,2026-08-20,,2026-08-20 01:43:19,OUT_OF_WINDOW,NO_CHECKIN,,N
18865,100047.2,2026-08-20,,2026-08-20 03:57:49,OUT_OF_WINDOW,NO_CHECKIN,,N
18868,100023.2,2026-08-20,,2026-08-20 04:03:13,OUT_OF_WINDOW,BEFORE_CHECKIN,3.8,N
18879,100013.3,2026-08-20,,2026-08-19 21:23:56,OUT_OF_WINDOW,AFTER_CUTOFF,443.9,N
18881,100013.3,2026-08-20,,2026-08-20 04:13:24,OUT_OF_WINDOW,AFTER_CUTOFF,853.4,N
18884,100024.2,2026-08-20,,2026-08-19 19:16:02,OUT_OF_WINDOW,AFTER_CUTOFF,196,N
18886,100024.2,2026-08-20,,2026-08-19 20:33:24,OUT_OF_WINDOW,AFTER_CUTOFF,273.4,N
18889,100024.2,2026-08-20,,2026-08-20 04:05:01,OUT_OF_WINDOW,AFTER_CUTOFF,725,N
18893,100024.2,2026-08-20,,2026-08-20 04:27:25,OUT_OF_WINDOW,AFTER_CUTOFF,747.4,N
18895,100050.2,2026-08-20,,2026-08-20 04:37:43,OUT_OF_WINDOW,NO_CHECKIN,,N
18903,100078.3,2026-08-20,,2026-08-20 04:58:35,OUT_OF_WINDOW,NO_CHECKIN,,N
18905,100047.2,2026-08-20,,2026-08-20 04:59:43,OUT_OF_WINDOW,NO_CHECKIN,,N
18906,100070.2,2026-08-20,,2026-08-20 05:00:17,OUT_OF_WINDOW,BEFORE_CHECKIN,111.7,N
18910,100040.2,2026-08-20,,2026-08-20 05:04:14,OUT_OF_WINDOW,BEFORE_CHECKIN,5.8,N
18933,100070.2,2026-08-20,,2026-08-20 06:11:47,OUT_OF_WINDOW,BEFORE_CHECKIN,40.2,N
18942,100078.3,2026-08-20,,2026-08-20 07:01:32,OUT_OF_WINDOW,NO_CHECKIN,,N
18949,100047.2,2026-08-20,,2026-08-20 06:10:18,OUT_OF_WINDOW,NO_CHECKIN,,N
18951,100047.2,2026-08-20,,2026-08-20 07:21:21,OUT_OF_WINDOW,NO_CHECKIN,,N
18953,100047.2,2026-08-20,,2026-08-20 08:23:00,OUT_OF_WINDOW,NO_CHECKIN,,N
18955,100078.3,2026-08-20,,2026-08-20 09:02:10,OUT_OF_WINDOW,NO_CHECKIN,,N
18959,100047.2,2026-08-20,,2026-08-20 09:23:25,OUT_OF_WINDOW,NO_CHECKIN,,N
18965,100050.2,2026-08-20,,2026-08-20 09:55:58,OUT_OF_WINDOW,NO_CHECKIN,,N
18967,100047.2,2026-08-20,,2026-08-20 10:24:19,OUT_OF_WINDOW,NO_CHECKIN,,N
18974,100047.2,2026-08-20,,2026-08-20 11:24:40,OUT_OF_WINDOW,NO_CHECKIN,,N
18980,100047.2,2026-08-20,,2026-08-20 12:25:17,OUT_OF_WINDOW,NO_CHECKIN,,N
18981,100024.2,2026-08-20,,2026-08-20 05:30:04,OUT_OF_WINDOW,AFTER_CUTOFF,810.1,N
18983,100024.2,2026-08-20,,2026-08-20 06:49:56,OUT_OF_WINDOW,AFTER_CUTOFF,889.9,N
18986,100024.2,2026-08-20,,2026-08-20 11:11:56,OUT_OF_WINDOW,AFTER_CUTOFF,1151.9,N
18990,100024.2,2026-08-20,,2026-08-20 12:40:08,OUT_OF_WINDOW,AFTER_CUTOFF,1240.1,N
18997,100050.2,2026-08-20,,2026-08-20 13:11:47,OUT_OF_WINDOW,NO_CHECKIN,,N
18999,100047.2,2026-08-20,,2026-08-20 13:31:19,OUT_OF_WINDOW,NO_CHECKIN,,N
19017,100050.2,2026-08-20,,2026-08-20 14:27:14,OUT_OF_WINDOW,NO_CHECKIN,,N
19018,100024.2,2026-08-20,,2026-08-20 14:31:26,OUT_OF_WINDOW,AFTER_CUTOFF,1351.4,N
19019,100047.2,2026-08-20,,2026-08-20 14:33:39,OUT_OF_WINDOW,NO_CHECKIN,,N
19020,100024.2,2026-08-20,,2026-08-20 14:31:26,OUT_OF_WINDOW,AFTER_CUTOFF,1351.4,N
19022,100024.2,2026-08-20,,2026-08-20 14:33:41,OUT_OF_WINDOW,AFTER_CUTOFF,1353.7,N
19023,100024.2,2026-08-20,,2026-08-20 14:31:26,OUT_OF_WINDOW,AFTER_CUTOFF,1351.4,N
19025,100024.2,2026-08-20,,2026-08-20 14:33:41,OUT_OF_WINDOW,AFTER_CUTOFF,1353.7,N
19028,100024.2,2026-08-20,,2026-08-20 14:34:13,OUT_OF_WINDOW,AFTER_CUTOFF,1354.2,N
19032,100078.3,2026-08-20,,2026-08-20 11:09:26,OUT_OF_WINDOW,NO_CHECKIN,,N
19034,100078.3,2026-08-20,,2026-08-20 13:14:30,OUT_OF_WINDOW,NO_CHECKIN,,N
19037,100078.3,2026-08-20,,2026-08-20 15:19:22,OUT_OF_WINDOW,NO_CHECKIN,,N
19040,100024.2,2026-08-20,,2026-08-20 15:36:09,OUT_OF_WINDOW,AFTER_CUTOFF,1416.2,N
19043,100126.3,2026-08-20,,2026-08-20 15:50:17,OUT_OF_WINDOW,AFTER_CUTOFF,110.3,N
19046,100084.3,2026-08-20,,2026-08-20 03:57:41,OUT_OF_WINDOW,NO_CHECKIN,,N
19048,100084.3,2026-08-20,,2026-08-20 04:04:57,OUT_OF_WINDOW,NO_CHECKIN,,N
19051,100084.3,2026-08-20,,2026-08-20 06:11:48,OUT_OF_WINDOW,NO_CHECKIN,,N
19055,100084.3,2026-08-20,,2026-08-20 10:22:13,OUT_OF_WINDOW,NO_CHECKIN,,N
19060,100084.3,2026-08-20,,2026-08-20 12:27:41,OUT_OF_WINDOW,NO_CHECKIN,,N
19066,100084.3,2026-08-20,,2026-08-20 14:39:59,OUT_OF_WINDOW,NO_CHECKIN,,N
19067,100015.3,2026-08-20,,2026-08-20 16:39:34,OUT_OF_WINDOW,AFTER_CUTOFF,159.6,N
19068,100047.2,2026-08-20,,2026-08-20 15:33:44,OUT_OF_WINDOW,NO_CHECKIN,,N
19070,100047.2,2026-08-20,,2026-08-20 16:41:19,OUT_OF_WINDOW,NO_CHECKIN,,N
19071,100084.3,2026-08-20,,2026-08-20 16:44:12,OUT_OF_WINDOW,NO_CHECKIN,,N
19072,100024.2,2026-08-20,,2026-08-20 16:44:34,OUT_OF_WINDOW,AFTER_CUTOFF,1484.6,N
19073,100064.3,2026-08-20,,2026-08-20 14:56:15,OUT_OF_WINDOW,AFTER_CHECKOUT,133.3,N
19075,100064.3,2026-08-20,,2026-08-20 16:56:16,OUT_OF_WINDOW,AFTER_CHECKOUT,253.3,N
19078,100078.3,2026-08-20,,2026-08-20 17:31:23,OUT_OF_WINDOW,NO_CHECKIN,,N
19080,100047.2,2026-08-20,,2026-08-20 17:41:23,OUT_OF_WINDOW,NO_CHECKIN,,N
19081,100004.2,2026-08-20,,2026-08-20 18:19:13,OUT_OF_WINDOW,AFTER_CHECKOUT,128.2,N
19082,100006.2,2026-08-20,,2026-08-20 18:41:51,OUT_OF_WINDOW,AFTER_CUTOFF,161.9,N
19085,100011.2,2026-08-20,,2026-08-20 18:44:22,OUT_OF_WINDOW,AFTER_CUTOFF,164.4,N
19086,100047.2,2026-08-20,,2026-08-20 18:44:40,OUT_OF_WINDOW,NO_CHECKIN,,N
19087,100046.3,2026-08-21,,2026-08-20 19:09:54,OUT_OF_WINDOW,AFTER_CUTOFF,69.9,N
19089,100046.3,2026-08-21,,2026-08-20 21:41:27,OUT_OF_WINDOW,AFTER_CUTOFF,221.5,N
19090,100013.2,2026-08-21,,2026-08-20 21:47:06,OUT_OF_WINDOW,AFTER_CUTOFF,347.1,N
19091,100047.2,2026-08-21,,2026-08-20 20:45:35,OUT_OF_WINDOW,NO_CHECKIN,,N
19093,100047.2,2026-08-21,,2026-08-20 21:48:06,OUT_OF_WINDOW,NO_CHECKIN,,N
19096,100047.2,2026-08-21,,2026-08-20 22:52:00,OUT_OF_WINDOW,NO_CHECKIN,,N
19097,100064.3,2026-08-21,,2026-08-20 21:07:31,OUT_OF_WINDOW,BEFORE_CHECKIN,224.5,N
19099,100064.3,2026-08-21,,2026-08-20 23:22:38,OUT_OF_WINDOW,BEFORE_CHECKIN,89.4,N
19100,100046.3,2026-08-21,,2026-08-20 23:47:28,OUT_OF_WINDOW,BEFORE_CHECKIN,266.5,N
19101,100047.2,2026-08-21,,2026-08-21 00:01:04,OUT_OF_WINDOW,NO_CHECKIN,,N
19104,100047.2,2026-08-21,,2026-08-21 01:01:45,OUT_OF_WINDOW,NO_CHECKIN,,N
19105,100046.3,2026-08-21,,2026-08-21 01:54:19,OUT_OF_WINDOW,BEFORE_CHECKIN,139.7,N
19106,100073.3,2026-08-20,,2026-08-20 13:15:53,OUT_OF_WINDOW,AFTER_CHECKOUT,9.9,N
19117,100084.3,2026-08-20,,2026-08-20 18:52:19,OUT_OF_WINDOW,NO_CHECKIN,,N
19123,100046.3,2026-08-21,,2026-08-21 03:54:23,OUT_OF_WINDOW,BEFORE_CHECKIN,19.6,N
19130,100050.2,2026-08-21,,2026-08-21 04:32:28,OUT_OF_WINDOW,NO_CHECKIN,,N
19131,100041.3,2026-08-21,,2026-08-21 04:32:31,OUT_OF_WINDOW,NO_CHECKIN,,N
19149,100076.3,2026-08-20,,2026-08-20 15:40:48,OUT_OF_WINDOW,AFTER_CUTOFF,100.8,N
19151,100076.3,2026-08-20,,2026-08-20 17:47:10,OUT_OF_WINDOW,AFTER_CUTOFF,227.2,N
19154,100076.3,2026-08-21,,2026-08-20 19:55:47,OUT_OF_WINDOW,AFTER_CUTOFF,355.8,N
19158,100076.3,2026-08-21,,2026-08-21 01:03:21,OUT_OF_WINDOW,AFTER_CUTOFF,663.4,N
19163,100076.3,2026-08-21,,2026-08-21 03:05:39,OUT_OF_WINDOW,AFTER_CUTOFF,785.7,N
19169,100076.3,2026-08-21,,2026-08-21 05:14:19,OUT_OF_WINDOW,AFTER_CUTOFF,914.3,N
19173,100047.2,2026-08-21,,2026-08-21 02:01:50,OUT_OF_WINDOW,NO_CHECKIN,,N
19175,100047.2,2026-08-21,,2026-08-21 03:01:50,OUT_OF_WINDOW,NO_CHECKIN,,N
19178,100047.2,2026-08-21,,2026-08-21 04:05:16,OUT_OF_WINDOW,NO_CHECKIN,,N
19182,100047.2,2026-08-21,,2026-08-21 05:56:32,OUT_OF_WINDOW,NO_CHECKIN,,N
19189,100078.3,2026-08-21,,2026-08-21 07:12:21,OUT_OF_WINDOW,NO_CHECKIN,,N
19190,100076.3,2026-08-21,,2026-08-21 07:18:01,OUT_OF_WINDOW,AFTER_CUTOFF,1038,N
19196,100011.2,2026-08-21,,2026-08-21 07:44:25,OUT_OF_WINDOW,AFTER_CUTOFF,944.4,N
19197,100047.2,2026-08-21,,2026-08-21 06:57:40,OUT_OF_WINDOW,NO_CHECKIN,,N
19199,100047.2,2026-08-21,,2026-08-21 07:57:46,OUT_OF_WINDOW,NO_CHECKIN,,N
19203,100069.2,2026-08-21,,2026-08-21 08:38:18,OUT_OF_WINDOW,AFTER_CUTOFF,998.3,N
19207,100047.2,2026-08-21,,2026-08-21 08:58:10,OUT_OF_WINDOW,NO_CHECKIN,,N
19213,100076.2,2026-08-21,,2026-08-21 09:22:03,OUT_OF_WINDOW,NO_CHECKIN,,N
19214,100078.3,2026-08-21,,2026-08-21 09:27:15,OUT_OF_WINDOW,NO_CHECKIN,,N
19218,100069.2,2026-08-21,,2026-08-21 09:53:30,OUT_OF_WINDOW,AFTER_CUTOFF,1073.5,N
19219,100069.2,2026-08-21,,2026-08-21 09:53:30,OUT_OF_WINDOW,AFTER_CUTOFF,1073.5,N
19220,100047.2,2026-08-21,,2026-08-21 09:58:47,OUT_OF_WINDOW,NO_CHECKIN,,N
19225,100047.2,2026-08-21,,2026-08-21 11:00:21,OUT_OF_WINDOW,NO_CHECKIN,,N
19230,100047.2,2026-08-21,,2026-08-21 12:00:42,OUT_OF_WINDOW,NO_CHECKIN,,N
19233,100047.2,2026-08-21,,2026-08-21 13:00:50,OUT_OF_WINDOW,NO_CHECKIN,,N
19235,100047.2,2026-08-21,,2026-08-21 13:00:53,OUT_OF_WINDOW,NO_CHECKIN,,N
19236,100076.3,2026-08-21,,2026-08-21 11:19:22,OUT_OF_WINDOW,AFTER_CUTOFF,1279.4,N
19238,100076.3,2026-08-21,,2026-08-21 11:19:32,OUT_OF_WINDOW,AFTER_CUTOFF,1279.5,N
19241,100076.3,2026-08-21,,2026-08-21 13:21:00,OUT_OF_WINDOW,AFTER_CUTOFF,1401,N
19244,100047.2,2026-08-21,,2026-08-21 14:01:39,OUT_OF_WINDOW,NO_CHECKIN,,N
19247,100024.2,2026-08-21,,2026-08-20 20:31:32,OUT_OF_WINDOW,NO_CHECKIN,,N
19249,100024.2,2026-08-21,,2026-08-21 03:22:41,OUT_OF_WINDOW,NO_CHECKIN,,N
19252,100024.2,2026-08-21,,2026-08-21 05:34:34,OUT_OF_WINDOW,NO_CHECKIN,,N
19256,100024.2,2026-08-21,,2026-08-21 08:18:15,OUT_OF_WINDOW,NO_CHECKIN,,N
19261,100024.2,2026-08-21,,2026-08-21 09:25:34,OUT_OF_WINDOW,NO_CHECKIN,,N
19267,100024.2,2026-08-21,,2026-08-21 11:27:02,OUT_OF_WINDOW,NO_CHECKIN,,N
19274,100024.2,2026-08-21,,2026-08-21 11:34:15,OUT_OF_WINDOW,NO_CHECKIN,,N
19282,100024.2,2026-08-21,,2026-08-21 13:19:55,OUT_OF_WINDOW,NO_CHECKIN,,N
19291,100024.2,2026-08-21,,2026-08-21 14:22:10,OUT_OF_WINDOW,NO_CHECKIN,,N
19300,100064.3,2026-08-21,,2026-08-21 14:45:30,OUT_OF_WINDOW,AFTER_CHECKOUT,130.5,N
19301,100063.3,2026-08-21,,2026-08-21 15:02:31,OUT_OF_WINDOW,AFTER_CHECKOUT,32.5,N
19302,100047.2,2026-08-21,,2026-08-21 15:04:27,OUT_OF_WINDOW,NO_CHECKIN,,N
19303,100076.3,2026-08-21,,2026-08-21 15:21:50,OUT_OF_WINDOW,AFTER_CUTOFF,1521.8,N
19309,100047.2,2026-08-21,,2026-08-21 16:04:36,OUT_OF_WINDOW,NO_CHECKIN,,N
19312,100084.3,2026-08-21,,2026-08-21 03:44:18,OUT_OF_WINDOW,NO_CHECKIN,,N
19314,100084.3,2026-08-21,,2026-08-21 06:27:13,OUT_OF_WINDOW,NO_CHECKIN,,N
19317,100084.3,2026-08-21,,2026-08-21 10:32:16,OUT_OF_WINDOW,NO_CHECKIN,,N
19321,100084.3,2026-08-21,,2026-08-21 12:38:07,OUT_OF_WINDOW,NO_CHECKIN,,N
19326,100084.3,2026-08-21,,2026-08-21 14:50:08,OUT_OF_WINDOW,NO_CHECKIN,,N
19332,100084.3,2026-08-21,,2026-08-21 16:50:13,OUT_OF_WINDOW,NO_CHECKIN,,N
19333,100055.2,2026-08-21,,2026-08-21 17:00:57,OUT_OF_WINDOW,AFTER_CUTOFF,61,N
19334,100064.3,2026-08-21,,2026-08-21 17:03:16,OUT_OF_WINDOW,AFTER_CHECKOUT,268.3,N
19335,100055.2,2026-08-21,,2026-08-21 18:03:24,OUT_OF_WINDOW,AFTER_CUTOFF,123.4,N
19336,100047.2,2026-08-21,,2026-08-21 17:05:11,OUT_OF_WINDOW,NO_CHECKIN,,N
19338,100047.2,2026-08-21,,2026-08-21 18:05:32,OUT_OF_WINDOW,NO_CHECKIN,,N
19341,100126.3,2026-08-21,,2026-08-21 16:35:53,OUT_OF_WINDOW,AFTER_CUTOFF,155.9,N
19344,100126.3,2026-08-21,,2026-08-21 18:37:14,OUT_OF_WINDOW,AFTER_CUTOFF,277.2,N
19345,100024.2,2026-08-21,,2026-08-21 15:34:38,OUT_OF_WINDOW,NO_CHECKIN,,N
19347,100024.2,2026-08-21,,2026-08-21 17:41:17,OUT_OF_WINDOW,NO_CHECKIN,,N
19350,100024.2,2026-08-22,,2026-08-21 19:01:49,OUT_OF_WINDOW,NO_CHECKIN,,N
19351,100047.2,2026-08-22,,2026-08-21 19:07:21,OUT_OF_WINDOW,NO_CHECKIN,,N
19352,100055.2,2026-08-22,,2026-08-21 19:11:34,OUT_OF_WINDOW,AFTER_CUTOFF,191.6,N
19353,100055.2,2026-08-22,,2026-08-21 20:20:46,OUT_OF_WINDOW,AFTER_CUTOFF,260.8,N
19354,100011.2,2026-08-22,,2026-08-21 20:44:38,OUT_OF_WINDOW,NO_CHECKIN,,N
19355,100046.3,2026-08-21,,2026-08-21 18:42:34,OUT_OF_WINDOW,AFTER_CUTOFF,42.6,N
19357,100046.3,2026-08-22,,2026-08-21 20:52:52,OUT_OF_WINDOW,AFTER_CUTOFF,172.9,N
19358,100064.3,2026-08-22,,2026-08-21 21:10:02,OUT_OF_WINDOW,BEFORE_CHECKIN,226,N
19359,100047.2,2026-08-22,,2026-08-21 20:07:50,OUT_OF_WINDOW,NO_CHECKIN,,N
19361,100047.2,2026-08-22,,2026-08-21 21:19:38,OUT_OF_WINDOW,NO_CHECKIN,,N
19362,100024.2,2026-08-22,,2026-08-21 21:19:58,OUT_OF_WINDOW,NO_CHECKIN,,N
19363,100055.2,2026-08-22,,2026-08-21 21:22:14,OUT_OF_WINDOW,AFTER_CUTOFF,322.2,N
19364,100013.2,2026-08-22,,2026-08-21 21:24:52,OUT_OF_WINDOW,NO_CHECKIN,,N
19365,100047.2,2026-08-22,,2026-08-21 22:20:00,OUT_OF_WINDOW,NO_CHECKIN,,N
19366,100055.2,2026-08-22,,2026-08-21 22:24:14,OUT_OF_WINDOW,AFTER_CUTOFF,384.2,N
19367,100064.3,2026-08-22,,2026-08-21 23:10:03,OUT_OF_WINDOW,BEFORE_CHECKIN,106,N
19368,100024.2,2026-08-22,,2026-08-21 23:10:12,OUT_OF_WINDOW,NO_CHECKIN,,N
19369,100047.2,2026-08-22,,2026-08-21 23:23:51,OUT_OF_WINDOW,NO_CHECKIN,,N
19370,100055.2,2026-08-22,,2026-08-21 23:31:14,OUT_OF_WINDOW,AFTER_CUTOFF,451.2,N
19371,100046.3,2026-08-22,,2026-08-22 00:31:14,OUT_OF_WINDOW,BEFORE_CHECKIN,231.8,N
19372,100047.2,2026-08-22,,2026-08-22 00:32:34,OUT_OF_WINDOW,NO_CHECKIN,,N
19373,100055.2,2026-08-22,,2026-08-22 00:34:02,OUT_OF_WINDOW,AFTER_CUTOFF,514,N
19375,100024.2,2026-08-22,,2026-08-22 01:00:12,OUT_OF_WINDOW,NO_CHECKIN,,N
19377,100055.2,2026-08-22,,2026-08-22 01:37:11,OUT_OF_WINDOW,AFTER_CUTOFF,577.2,N
19378,100024.2,2026-08-22,,2026-08-22 02:04:31,OUT_OF_WINDOW,NO_CHECKIN,,N
19380,100047.2,2026-08-22,,2026-08-22 02:13:45,OUT_OF_WINDOW,NO_CHECKIN,,N
19381,100046.3,2026-08-22,,2026-08-22 02:34:47,OUT_OF_WINDOW,BEFORE_CHECKIN,108.2,N
19382,100055.2,2026-08-22,,2026-08-22 02:37:16,OUT_OF_WINDOW,AFTER_CUTOFF,637.3,N
19384,100126.3,2026-08-22,,2026-08-22 02:43:10,OUT_OF_WINDOW,BEFORE_CHECKIN,54.8,N
19391,100024.2,2026-08-22,,2026-08-22 03:30:55,OUT_OF_WINDOW,NO_CHECKIN,,N
19393,100055.2,2026-08-22,,2026-08-22 03:38:58,OUT_OF_WINDOW,AFTER_CUTOFF,699,N
19395,100084.3,2026-08-22,,2026-08-22 03:41:17,OUT_OF_WINDOW,NO_CHECKIN,,N
19409,100048.3,2026-08-22,,2026-08-22 04:12:21,OUT_OF_WINDOW,AFTER_CUTOFF,612.4,N
19413,100047.2,2026-08-22,,2026-08-22 04:16:53,OUT_OF_WINDOW,NO_CHECKIN,,N
19428,100055.2,2026-08-22,,2026-08-22 05:13:17,OUT_OF_WINDOW,AFTER_CUTOFF,793.3,N
19435,100078.3,2026-08-21,,2026-08-21 11:36:38,OUT_OF_WINDOW,NO_CHECKIN,,N
19437,100078.3,2026-08-21,,2026-08-21 13:42:57,OUT_OF_WINDOW,NO_CHECKIN,,N
19440,100078.3,2026-08-21,,2026-08-21 15:46:11,OUT_OF_WINDOW,NO_CHECKIN,,N
19444,100078.3,2026-08-21,,2026-08-21 17:48:18,OUT_OF_WINDOW,NO_CHECKIN,,N
19449,100078.3,2026-08-22,,2026-08-22 06:09:57,OUT_OF_WINDOW,NO_CHECKIN,,N
19451,100055.2,2026-08-22,,2026-08-22 06:14:53,OUT_OF_WINDOW,AFTER_CUTOFF,854.9,N
19454,100047.2,2026-08-22,,2026-08-22 06:39:34,OUT_OF_WINDOW,NO_CHECKIN,,N
19458,100055.2,2026-08-22,,2026-08-22 07:20:41,OUT_OF_WINDOW,AFTER_CUTOFF,920.7,N
19461,100047.2,2026-08-22,,2026-08-22 08:02:16,OUT_OF_WINDOW,NO_CHECKIN,,N
19462,100078.3,2026-08-22,,2026-08-22 08:09:59,OUT_OF_WINDOW,NO_CHECKIN,,N
19464,100055.2,2026-08-22,,2026-08-22 08:28:01,OUT_OF_WINDOW,AFTER_CUTOFF,988,N
19466,100047.2,2026-08-22,,2026-08-22 09:02:35,OUT_OF_WINDOW,NO_CHECKIN,,N
19469,100055.2,2026-08-22,,2026-08-22 09:28:23,OUT_OF_WINDOW,AFTER_CUTOFF,1048.4,N
19470,100011.2,2026-08-22,,2026-08-22 09:44:57,OUT_OF_WINDOW,NO_CHECKIN,,N
19471,100047.2,2026-08-22,,2026-08-22 10:02:44,OUT_OF_WINDOW,NO_CHECKIN,,N
19472,100055.2,2026-08-22,,2026-08-22 10:31:56,OUT_OF_WINDOW,AFTER_CUTOFF,1111.9,N
19475,100047.2,2026-08-22,,2026-08-22 11:05:01,OUT_OF_WINDOW,NO_CHECKIN,,N
19479,100047.2,2026-08-22,,2026-08-22 12:10:34,OUT_OF_WINDOW,NO_CHECKIN,,N
19481,100013.2,2026-08-22,,2026-08-22 12:34:45,OUT_OF_WINDOW,NO_CHECKIN,,N
19483,100013.2,2026-08-22,,2026-08-22 12:35:07,OUT_OF_WINDOW,NO_CHECKIN,,N
19487,100047.2,2026-08-22,,2026-08-22 13:10:41,OUT_OF_WINDOW,NO_CHECKIN,,N
19489,100055.2,2026-08-22,,2026-08-22 13:45:32,OUT_OF_WINDOW,AFTER_CUTOFF,1305.5,N
19492,100063.3,2026-08-22,,2026-08-22 14:26:26,OUT_OF_WINDOW,AFTER_CUTOFF,26.4,N
19493,100047.2,2026-08-22,,2026-08-22 14:31:05,OUT_OF_WINDOW,NO_CHECKIN,,N
19497,100055.2,2026-08-22,,2026-08-22 14:47:05,OUT_OF_WINDOW,AFTER_CUTOFF,1367.1,N
19498,100064.3,2026-08-22,,2026-08-22 12:38:00,OUT_OF_WINDOW,AFTER_CHECKOUT,7,N
19500,100064.3,2026-08-22,,2026-08-22 14:49:59,OUT_OF_WINDOW,AFTER_CHECKOUT,139,N
19501,100063.3,2026-08-22,,2026-08-22 14:52:48,OUT_OF_WINDOW,AFTER_CUTOFF,52.8,N
19502,100012.3,2026-08-22,,2026-08-22 15:07:05,OUT_OF_WINDOW,AFTER_CUTOFF,67.1,N
19511,100047.2,2026-08-22,,2026-08-22 15:37:58,OUT_OF_WINDOW,NO_CHECKIN,,N
19512,100024.2,2026-08-22,,2026-08-22 05:05:44,OUT_OF_WINDOW,NO_CHECKIN,,N
19514,100024.2,2026-08-22,,2026-08-22 06:31:14,OUT_OF_WINDOW,NO_CHECKIN,,N
19517,100024.2,2026-08-22,,2026-08-22 07:52:23,OUT_OF_WINDOW,NO_CHECKIN,,N
19521,100024.2,2026-08-22,,2026-08-22 11:14:50,OUT_OF_WINDOW,NO_CHECKIN,,N
19526,100024.2,2026-08-22,,2026-08-22 13:06:26,OUT_OF_WINDOW,NO_CHECKIN,,N
19532,100024.2,2026-08-22,,2026-08-22 15:46:00,OUT_OF_WINDOW,NO_CHECKIN,,N
19533,100055.2,2026-08-22,,2026-08-22 15:48:44,OUT_OF_WINDOW,AFTER_CUTOFF,1428.7,N
19536,100126.3,2026-08-22,,2026-08-22 15:54:14,OUT_OF_WINDOW,AFTER_CUTOFF,114.2,N
19539,100084.3,2026-08-22,,2026-08-22 05:55:08,OUT_OF_WINDOW,NO_CHECKIN,,N
19541,100084.3,2026-08-22,,2026-08-22 09:56:00,OUT_OF_WINDOW,NO_CHECKIN,,N
19544,100084.3,2026-08-22,,2026-08-22 11:58:41,OUT_OF_WINDOW,NO_CHECKIN,,N
19548,100084.3,2026-08-22,,2026-08-22 16:25:01,OUT_OF_WINDOW,NO_CHECKIN,,N
19549,100047.2,2026-08-22,,2026-08-22 16:42:41,OUT_OF_WINDOW,NO_CHECKIN,,N
19550,100055.2,2026-08-22,,2026-08-22 16:48:54,OUT_OF_WINDOW,AFTER_CUTOFF,1488.9,N
19551,100064.3,2026-08-22,,2026-08-22 16:50:19,OUT_OF_WINDOW,AFTER_CHECKOUT,259.3,N
19552,100047.2,2026-08-22,,2026-08-22 17:45:26,OUT_OF_WINDOW,NO_CHECKIN,,N
19553,100055.2,2026-08-22,,2026-08-22 17:49:42,OUT_OF_WINDOW,AFTER_CUTOFF,1549.7,N
19554,100023.2,2026-08-22,,2026-08-22 17:55:05,OUT_OF_WINDOW,AFTER_CHECKOUT,110.1,N
19555,100078.3,2026-08-22,,2026-08-22 16:41:45,OUT_OF_WINDOW,NO_CHECKIN,,N
19557,100078.3,2026-08-22,,2026-08-22 18:49:32,OUT_OF_WINDOW,NO_CHECKIN,,N
19560,100046.3,2026-08-22,,2026-08-22 18:49:50,OUT_OF_WINDOW,AFTER_CUTOFF,49.8,N
19561,100047.2,2026-08-22,,2026-08-22 18:54:56,OUT_OF_WINDOW,NO_CHECKIN,,N
19562,100024.2,2026-08-22,,2026-08-22 17:13:39,OUT_OF_WINDOW,NO_CHECKIN,,N
19564,100024.2,2026-08-22,,2026-08-22 17:40:08,OUT_OF_WINDOW,NO_CHECKIN,,N
19567,100024.2,2026-08-22,,2026-08-22 18:48:47,OUT_OF_WINDOW,NO_CHECKIN,,N
19571,100024.2,2026-08-22,,2026-08-22 18:57:53,OUT_OF_WINDOW,NO_CHECKIN,,N
19572,100064.3,2026-08-22,,2026-08-22 18:58:14,OUT_OF_WINDOW,AFTER_CHECKOUT,387.2,N
19573,100055.2,2026-08-23,,2026-08-22 19:02:13,OUT_OF_WINDOW,NO_CHECKIN,,N
19575,100047.2,2026-08-23,,2026-08-22 19:57:14,OUT_OF_WINDOW,NO_CHECKIN,,N
19576,100024.2,2026-08-23,,2026-08-22 19:59:32,OUT_OF_WINDOW,NO_CHECKIN,,N
19577,100055.2,2026-08-23,,2026-08-22 20:02:28,OUT_OF_WINDOW,NO_CHECKIN,,N
19578,100047.2,2026-08-23,,2026-08-22 20:57:45,OUT_OF_WINDOW,NO_CHECKIN,,N
19579,100064.3,2026-08-23,,2026-08-22 20:58:46,OUT_OF_WINDOW,AFTER_CHECKOUT,507.8,N
19580,100055.2,2026-08-23,,2026-08-22 21:26:26,OUT_OF_WINDOW,NO_CHECKIN,,N
19581,100046.3,2026-08-23,,2026-08-22 21:42:36,OUT_OF_WINDOW,AFTER_CUTOFF,222.6,N
19582,100047.2,2026-08-23,,2026-08-22 21:58:01,OUT_OF_WINDOW,NO_CHECKIN,,N
19583,100055.2,2026-08-23,,2026-08-22 22:36:58,OUT_OF_WINDOW,NO_CHECKIN,,N
19584,100024.2,2026-08-23,,2026-08-22 21:02:54,OUT_OF_WINDOW,NO_CHECKIN,,N
19586,100024.2,2026-08-23,,2026-08-22 22:38:03,OUT_OF_WINDOW,NO_CHECKIN,,N
19587,100078.3,2026-08-23,,2026-08-22 20:50:53,OUT_OF_WINDOW,NO_CHECKIN,,N
19589,100078.3,2026-08-23,,2026-08-22 22:51:35,OUT_OF_WINDOW,NO_CHECKIN,,N
19590,100011.2,2026-08-23,,2026-08-22 22:51:45,OUT_OF_WINDOW,NO_CHECKIN,,N
19591,100064.3,2026-08-23,,2026-08-22 22:59:01,OUT_OF_WINDOW,AFTER_CHECKOUT,628,N
19592,100047.2,2026-08-23,,2026-08-22 23:00:01,OUT_OF_WINDOW,NO_CHECKIN,,N
19593,100055.2,2026-08-23,,2026-08-22 23:42:38,OUT_OF_WINDOW,NO_CHECKIN,,N
19594,100046.3,2026-08-23,,2026-08-22 23:42:39,OUT_OF_WINDOW,AFTER_CUTOFF,342.7,N
19595,100047.2,2026-08-23,,2026-08-23 00:06:57,OUT_OF_WINDOW,NO_CHECKIN,,N
19596,100055.2,2026-08-23,,2026-08-23 00:42:40,OUT_OF_WINDOW,NO_CHECKIN,,N
19597,100078.3,2026-08-23,,2026-08-23 00:55:32,OUT_OF_WINDOW,NO_CHECKIN,,N
19598,100064.3,2026-08-23,,2026-08-23 00:59:02,OUT_OF_WINDOW,AFTER_CHECKOUT,748,N
19599,100047.2,2026-08-23,,2026-08-23 01:07:21,OUT_OF_WINDOW,NO_CHECKIN,,N
19600,100046.3,2026-08-23,,2026-08-23 01:42:46,OUT_OF_WINDOW,AFTER_CUTOFF,462.8,N
19601,100055.2,2026-08-23,,2026-08-23 01:52:48,OUT_OF_WINDOW,NO_CHECKIN,,N
19602,100047.2,2026-08-23,,2026-08-23 02:08:56,OUT_OF_WINDOW,NO_CHECKIN,,N
19604,100055.2,2026-08-23,,2026-08-23 02:53:28,OUT_OF_WINDOW,NO_CHECKIN,,N
19605,100064.3,2026-08-23,,2026-08-23 02:59:32,OUT_OF_WINDOW,AFTER_CHECKOUT,868.5,N
19606,100084.3,2026-08-22,,2026-08-22 18:25:26,OUT_OF_WINDOW,NO_CHECKIN,,N
19608,100084.3,2026-08-23,,2026-08-23 01:14:30,OUT_OF_WINDOW,NO_CHECKIN,,N
19610,100084.3,2026-08-23,,2026-08-23 03:14:34,OUT_OF_WINDOW,NO_CHECKIN,,N
19611,100047.2,2026-08-23,,2026-08-23 03:15:55,OUT_OF_WINDOW,NO_CHECKIN,,N
19612,100067.2,2026-08-23,,2026-08-23 03:47:09,OUT_OF_WINDOW,BEFORE_CHECKIN,28.9,N
19616,100046.3,2026-08-23,,2026-08-23 03:51:54,OUT_OF_WINDOW,AFTER_CUTOFF,591.9,N
19623,100126.3,2026-08-22,,2026-08-22 17:55:12,OUT_OF_WINDOW,AFTER_CUTOFF,235.2,N
19625,100126.3,2026-08-23,,2026-08-23 04:14:48,OUT_OF_WINDOW,AFTER_CUTOFF,854.8,N
19628,100047.2,2026-08-23,,2026-08-23 04:21:25,OUT_OF_WINDOW,NO_CHECKIN,,N
19630,100055.2,2026-08-23,,2026-08-23 04:54:00,OUT_OF_WINDOW,NO_CHECKIN,,N
19632,100010.3,2026-08-23,,2026-08-23 05:59:22,OUT_OF_WINDOW,NO_CHECKIN,,N
19633,100047.2,2026-08-23,,2026-08-23 06:22:19,OUT_OF_WINDOW,NO_CHECKIN,,N
19634,100126.3,2026-08-23,,2026-08-23 06:33:48,OUT_OF_WINDOW,AFTER_CUTOFF,993.8,N
19635,100078.3,2026-08-23,,2026-08-23 02:57:03,OUT_OF_WINDOW,NO_CHECKIN,,N
19637,100078.3,2026-08-23,,2026-08-23 04:57:31,OUT_OF_WINDOW,NO_CHECKIN,,N
19640,100078.3,2026-08-23,,2026-08-23 06:57:35,OUT_OF_WINDOW,NO_CHECKIN,,N
19641,100064.3,2026-08-23,,2026-08-23 07:23:23,OUT_OF_WINDOW,AFTER_CHECKOUT,1132.4,N
19642,100046.3,2026-08-23,,2026-08-23 05:53:19,OUT_OF_WINDOW,AFTER_CUTOFF,713.3,N
19644,100046.3,2026-08-23,,2026-08-23 07:56:47,OUT_OF_WINDOW,AFTER_CUTOFF,836.8,N
19645,100055.2,2026-08-23,,2026-08-23 06:20:54,OUT_OF_WINDOW,NO_CHECKIN,,N
19647,100055.2,2026-08-23,,2026-08-23 07:21:25,OUT_OF_WINDOW,NO_CHECKIN,,N
19650,100055.2,2026-08-23,,2026-08-23 08:21:40,OUT_OF_WINDOW,NO_CHECKIN,,N
19651,100126.3,2026-08-23,,2026-08-23 08:33:59,OUT_OF_WINDOW,AFTER_CUTOFF,1114,N
19652,100006.2,2026-08-23,,2026-08-23 08:59:23,OUT_OF_WINDOW,NO_CHECKIN,,N
19653,100064.3,2026-08-23,,2026-08-23 09:29:28,OUT_OF_WINDOW,AFTER_CHECKOUT,1258.5,N
19654,100055.2,2026-08-23,,2026-08-23 09:32:37,OUT_OF_WINDOW,NO_CHECKIN,,N
19655,100046.3,2026-08-23,,2026-08-23 10:03:13,OUT_OF_WINDOW,AFTER_CUTOFF,963.2,N
19656,100047.2,2026-08-23,,2026-08-23 10:05:37,OUT_OF_WINDOW,NO_CHECKIN,,N
19657,100055.2,2026-08-23,,2026-08-23 10:35:00,OUT_OF_WINDOW,NO_CHECKIN,,N
19658,100078.3,2026-08-23,,2026-08-23 08:57:49,OUT_OF_WINDOW,NO_CHECKIN,,N
19660,100078.3,2026-08-23,,2026-08-23 10:57:55,OUT_OF_WINDOW,NO_CHECKIN,,N
19661,100047.2,2026-08-23,,2026-08-23 11:07:58,OUT_OF_WINDOW,NO_CHECKIN,,N
19662,100084.3,2026-08-23,,2026-08-23 05:15:07,OUT_OF_WINDOW,NO_CHECKIN,,N
19664,100084.3,2026-08-23,,2026-08-23 07:16:24,OUT_OF_WINDOW,NO_CHECKIN,,N
19667,100084.3,2026-08-23,,2026-08-23 09:16:47,OUT_OF_WINDOW,NO_CHECKIN,,N
19671,100084.3,2026-08-23,,2026-08-23 11:16:56,OUT_OF_WINDOW,NO_CHECKIN,,N
19672,100064.3,2026-08-23,,2026-08-23 11:34:37,OUT_OF_WINDOW,AFTER_CHECKOUT,1383.6,N
19673,100055.2,2026-08-23,,2026-08-23 11:49:57,OUT_OF_WINDOW,NO_CHECKIN,,N
19674,100011.2,2026-08-23,,2026-08-23 11:55:42,OUT_OF_WINDOW,NO_CHECKIN,,N
19675,100046.3,2026-08-23,,2026-08-23 12:03:18,OUT_OF_WINDOW,AFTER_CUTOFF,1083.3,N
19676,100047.2,2026-08-23,,2026-08-23 12:09:48,OUT_OF_WINDOW,NO_CHECKIN,,N
19677,100126.3,2026-08-23,,2026-08-23 10:34:16,OUT_OF_WINDOW,AFTER_CUTOFF,1234.3,N
19679,100126.3,2026-08-23,,2026-08-23 12:41:16,OUT_OF_WINDOW,AFTER_CUTOFF,1361.3,N
19680,100084.3,2026-08-23,,2026-08-23 13:17:31,OUT_OF_WINDOW,NO_CHECKIN,,N
19681,100047.2,2026-08-23,,2026-08-23 13:27:40,OUT_OF_WINDOW,NO_CHECKIN,,N
19682,100064.3,2026-08-23,,2026-08-23 13:35:11,OUT_OF_WINDOW,AFTER_CHECKOUT,1504.2,N
19684,100055.2,2026-08-23,,2026-08-23 12:50:05,OUT_OF_WINDOW,NO_CHECKIN,,N
19686,100055.2,2026-08-23,,2026-08-23 13:51:03,OUT_OF_WINDOW,NO_CHECKIN,,N
19688,100055.2,2026-08-23,,2026-08-23 15:04:08,OUT_OF_WINDOW,NO_CHECKIN,,N
19690,100078.3,2026-08-23,,2026-08-23 13:14:18,OUT_OF_WINDOW,NO_CHECKIN,,N
19692,100078.3,2026-08-23,,2026-08-23 15:14:25,OUT_OF_WINDOW,NO_CHECKIN,,N
19693,100084.3,2026-08-23,,2026-08-23 15:18:06,OUT_OF_WINDOW,NO_CHECKIN,,N
19694,100047.2,2026-08-23,,2026-08-23 14:28:21,OUT_OF_WINDOW,NO_CHECKIN,,N
19696,100047.2,2026-08-23,,2026-08-23 15:34:12,OUT_OF_WINDOW,NO_CHECKIN,,N
19697,100064.3,2026-08-23,,2026-08-23 15:46:08,OUT_OF_WINDOW,AFTER_CHECKOUT,1635.1,N
19698,100046.3,2026-08-23,,2026-08-23 14:03:48,OUT_OF_WINDOW,AFTER_CUTOFF,1203.8,N
19700,100046.3,2026-08-23,,2026-08-23 16:04:55,OUT_OF_WINDOW,AFTER_CUTOFF,1324.9,N
19701,100055.2,2026-08-23,,2026-08-23 16:12:47,OUT_OF_WINDOW,NO_CHECKIN,,N
19702,100047.2,2026-08-23,,2026-08-23 16:35:02,OUT_OF_WINDOW,NO_CHECKIN,,N
19703,100078.3,2026-08-23,,2026-08-23 17:14:53,OUT_OF_WINDOW,NO_CHECKIN,,N
19704,100013.3,2026-08-23,,2026-08-23 17:18:00,OUT_OF_WINDOW,AFTER_CUTOFF,1638,N
19705,100084.3,2026-08-23,,2026-08-23 17:18:27,OUT_OF_WINDOW,NO_CHECKIN,,N
19706,100055.2,2026-08-23,,2026-08-23 17:29:06,OUT_OF_WINDOW,NO_CHECKIN,,N
19707,100023.2,2026-08-23,,2026-08-23 18:02:05,OUT_OF_WINDOW,AFTER_CHECKOUT,174.1,N
19708,100046.3,2026-08-23,,2026-08-23 18:10:02,OUT_OF_WINDOW,AFTER_CUTOFF,1450,N
19709,100055.2,2026-08-23,,2026-08-23 18:37:28,OUT_OF_WINDOW,NO_CHECKIN,,N
19710,100047.2,2026-08-23,,2026-08-23 18:58:08,OUT_OF_WINDOW,NO_CHECKIN,,N
19711,100126.3,2026-08-23,,2026-08-23 14:45:42,OUT_OF_WINDOW,AFTER_CUTOFF,1485.7,N
19713,100126.3,2026-08-23,,2026-08-23 17:03:18,OUT_OF_WINDOW,AFTER_CUTOFF,1623.3,N
19716,100126.3,2026-08-24,,2026-08-23 19:03:58,OUT_OF_WINDOW,BEFORE_CHECKIN,742,N
19717,100055.2,2026-08-24,,2026-08-23 19:37:31,OUT_OF_WINDOW,NO_CHECKIN,,N
19718,100064.3,2026-08-24,,2026-08-23 19:44:11,OUT_OF_WINDOW,NO_CHECKIN,,N
19719,100047.2,2026-08-24,,2026-08-23 20:08:40,OUT_OF_WINDOW,NO_CHECKIN,,N
19720,100046.3,2026-08-24,,2026-08-23 20:27:42,OUT_OF_WINDOW,BEFORE_CHECKIN,457.3,N
19721,100055.2,2026-08-24,,2026-08-23 20:37:34,OUT_OF_WINDOW,NO_CHECKIN,,N
19722,100055.2,2026-08-24,,2026-08-23 21:38:58,OUT_OF_WINDOW,NO_CHECKIN,,N
19723,100047.2,2026-08-24,,2026-08-23 21:42:10,OUT_OF_WINDOW,NO_CHECKIN,,N
19724,100064.3,2026-08-24,,2026-08-23 21:44:12,OUT_OF_WINDOW,NO_CHECKIN,,N
19725,100055.2,2026-08-24,,2026-08-23 22:41:38,OUT_OF_WINDOW,NO_CHECKIN,,N
19726,100047.2,2026-08-24,,2026-08-23 22:43:53,OUT_OF_WINDOW,NO_CHECKIN,,N
19727,100078.3,2026-08-24,,2026-08-23 23:08:54,OUT_OF_WINDOW,BEFORE_CHECKIN,249.1,N
19728,100055.2,2026-08-24,,2026-08-23 23:41:40,OUT_OF_WINDOW,NO_CHECKIN,,N
19729,100064.3,2026-08-24,,2026-08-23 23:44:15,OUT_OF_WINDOW,NO_CHECKIN,,N
19730,100046.3,2026-08-24,,2026-08-24 00:09:35,OUT_OF_WINDOW,BEFORE_CHECKIN,235.4,N
19731,100055.2,2026-08-24,,2026-08-24 00:44:47,OUT_OF_WINDOW,NO_CHECKIN,,N
19732,100011.2,2026-08-24,,2026-08-24 00:59:18,OUT_OF_WINDOW,NO_CHECKIN,,N
19735,100055.2,2026-08-24,,2026-08-24 01:46:20,OUT_OF_WINDOW,NO_CHECKIN,,N
19736,100072.3,2026-08-24,,2026-08-24 01:47:35,OUT_OF_WINDOW,BEFORE_CHECKIN,59.4,N
19738,100046.3,2026-08-24,,2026-08-24 02:13:46,OUT_OF_WINDOW,BEFORE_CHECKIN,111.2,N
19740,100047.2,2026-08-24,,2026-08-24 00:37:41,OUT_OF_WINDOW,NO_CHECKIN,,N
19742,100047.2,2026-08-24,,2026-08-24 02:39:44,OUT_OF_WINDOW,NO_CHECKIN,,N
19743,100126.3,2026-08-24,,2026-08-24 02:41:56,OUT_OF_WINDOW,BEFORE_CHECKIN,284.1,N
19746,100055.2,2026-08-24,,2026-08-24 02:54:41,OUT_OF_WINDOW,NO_CHECKIN,,N
19757,100067.2,2026-08-24,,2026-08-24 03:54:05,OUT_OF_WINDOW,BEFORE_CHECKIN,4.9,N
19765,100013.3,2026-08-24,,2026-08-24 04:10:13,OUT_OF_WINDOW,BEFORE_CHECKIN,60.8,N
19769,100055.2,2026-08-24,,2026-08-24 04:17:49,OUT_OF_WINDOW,NO_CHECKIN,,N
19775,100005.3,2026-08-24,,2026-08-24 04:48:15,OUT_OF_WINDOW,NO_CHECKIN,,N
19796,100055.2,2026-08-24,,2026-08-24 06:02:00,OUT_OF_WINDOW,NO_CHECKIN,,N
19802,100064.3,2026-08-24,,2026-08-24 07:16:07,OUT_OF_WINDOW,NO_CHECKIN,,N
19809,100047.2,2026-08-24,,2026-08-24 04:45:17,OUT_OF_WINDOW,NO_CHECKIN,,N
19811,100047.2,2026-08-24,,2026-08-24 05:46:16,OUT_OF_WINDOW,NO_CHECKIN,,N
19814,100047.2,2026-08-24,,2026-08-24 06:47:43,OUT_OF_WINDOW,NO_CHECKIN,,N
19818,100047.2,2026-08-24,,2026-08-24 08:18:45,OUT_OF_WINDOW,NO_CHECKIN,,N
19825,100084.3,2026-08-24,,2026-08-24 01:30:38,OUT_OF_WINDOW,NO_CHECKIN,,N
19827,100084.3,2026-08-24,,2026-08-24 03:51:04,OUT_OF_WINDOW,NO_CHECKIN,,N
19830,100084.3,2026-08-24,,2026-08-24 10:15:27,OUT_OF_WINDOW,NO_CHECKIN,,N
19832,100047.2,2026-08-24,,2026-08-24 09:26:38,OUT_OF_WINDOW,NO_CHECKIN,,N
19834,100047.2,2026-08-24,,2026-08-24 10:33:54,OUT_OF_WINDOW,NO_CHECKIN,,N
19836,100047.2,2026-08-24,,2026-08-24 11:34:37,OUT_OF_WINDOW,NO_CHECKIN,,N
19837,100064.3,2026-08-24,,2026-08-24 12:04:02,OUT_OF_WINDOW,NO_CHECKIN,,N
19839,100195.1,2026-08-24,,2026-08-24 12:18:41,OUT_OF_WINDOW,NO_CHECKIN,,N
19840,100055.2,2026-08-24,,2026-08-24 12:21:37,OUT_OF_WINDOW,NO_CHECKIN,,N
19841,100047.2,2026-08-24,,2026-08-24 12:44:10,OUT_OF_WINDOW,NO_CHECKIN,,N
19848,100047.2,2026-08-24,,2026-08-24 13:46:59,OUT_OF_WINDOW,NO_CHECKIN,,N
19859,100011.2,2026-08-24,,2026-08-24 13:59:42,OUT_OF_WINDOW,NO_CHECKIN,,N
19861,100055.2,2026-08-24,,2026-08-24 14:06:19,OUT_OF_WINDOW,NO_CHECKIN,,N
19866,100064.3,2026-08-24,,2026-08-24 14:13:16,OUT_OF_WINDOW,NO_CHECKIN,,N
19873,100078.3,2026-08-24,,2026-08-24 14:14:53,OUT_OF_WINDOW,AFTER_CUTOFF,14.9,N
19877,100063.3,2026-08-24,,2026-08-24 14:36:53,OUT_OF_WINDOW,AFTER_CHECKOUT,6.9,N
19878,100047.2,2026-08-24,,2026-08-24 14:52:39,OUT_OF_WINDOW,NO_CHECKIN,,N
19879,100076.3,2026-08-24,,2026-08-24 15:06:41,OUT_OF_WINDOW,AFTER_CUTOFF,66.7,N
19880,100055.2,2026-08-24,,2026-08-24 15:08:16,OUT_OF_WINDOW,NO_CHECKIN,,N
19881,100047.2,2026-08-24,,2026-08-24 15:53:21,OUT_OF_WINDOW,NO_CHECKIN,,N
19882,100076.2,2026-08-24,,2026-08-24 16:04:59,OUT_OF_WINDOW,NO_CHECKIN,,N
19883,100064.3,2026-08-24,,2026-08-24 16:13:36,OUT_OF_WINDOW,NO_CHECKIN,,N
19884,100078.3,2026-08-24,,2026-08-24 16:15:15,OUT_OF_WINDOW,AFTER_CUTOFF,135.3,N
19886,100055.2,2026-08-24,,2026-08-24 16:21:36,OUT_OF_WINDOW,NO_CHECKIN,,N
19888,100084.3,2026-08-24,,2026-08-24 12:25:58,OUT_OF_WINDOW,NO_CHECKIN,,N
19890,100084.3,2026-08-24,,2026-08-24 14:32:16,OUT_OF_WINDOW,NO_CHECKIN,,N
19893,100084.3,2026-08-24,,2026-08-24 16:32:41,OUT_OF_WINDOW,NO_CHECKIN,,N
19894,100047.2,2026-08-24,,2026-08-24 16:54:11,OUT_OF_WINDOW,NO_CHECKIN,,N
19895,100076.3,2026-08-24,,2026-08-24 17:11:13,OUT_OF_WINDOW,AFTER_CUTOFF,191.2,N
19896,100055.2,2026-08-24,,2026-08-24 17:24:38,OUT_OF_WINDOW,NO_CHECKIN,,N
19897,100047.2,2026-08-24,,2026-08-24 17:57:18,OUT_OF_WINDOW,NO_CHECKIN,,N
19898,100046.3,2026-08-24,,2026-08-24 18:18:14,OUT_OF_WINDOW,AFTER_CUTOFF,18.2,N
19899,100055.2,2026-08-24,,2026-08-24 18:24:52,OUT_OF_WINDOW,NO_CHECKIN,,N
19900,100064.3,2026-08-24,,2026-08-24 18:25:48,OUT_OF_WINDOW,NO_CHECKIN,,N
19901,100047.2,2026-08-24,,2026-08-24 18:57:39,OUT_OF_WINDOW,NO_CHECKIN,,N
19902,100006.2,2026-08-24,,2026-08-24 18:57:49,OUT_OF_WINDOW,AFTER_CUTOFF,177.8,N
19904,100055.2,2026-08-25,,2026-08-24 19:31:44,OUT_OF_WINDOW,NO_CHECKIN,,N
19905,100064.3,2026-08-25,,2026-08-24 20:26:20,OUT_OF_WINDOW,NO_CHECKIN,,N
19906,100046.3,2026-08-25,,2026-08-24 20:27:16,OUT_OF_WINDOW,AFTER_CUTOFF,147.3,N
19907,100055.2,2026-08-25,,2026-08-24 20:41:31,OUT_OF_WINDOW,NO_CHECKIN,,N
19908,100006.2,2026-08-25,,2026-08-24 20:49:12,OUT_OF_WINDOW,AFTER_CUTOFF,289.2,N
19909,100047.2,2026-08-25,,2026-08-24 19:58:29,OUT_OF_WINDOW,NO_CHECKIN,,N
19911,100047.2,2026-08-25,,2026-08-24 20:58:58,OUT_OF_WINDOW,NO_CHECKIN,,N
19912,100004.2,2026-08-25,,2026-08-24 21:28:25,OUT_OF_WINDOW,AFTER_CHECKOUT,149.4,N
19918,100013.3,2026-08-25,,2026-08-24 21:46:03,OUT_OF_WINDOW,BEFORE_CHECKIN,439,N
19919,100055.2,2026-08-25,,2026-08-24 21:46:42,OUT_OF_WINDOW,NO_CHECKIN,,N
19920,100047.2,2026-08-25,,2026-08-24 22:12:46,OUT_OF_WINDOW,NO_CHECKIN,,N
19921,100064.3,2026-08-25,,2026-08-24 22:26:52,OUT_OF_WINDOW,NO_CHECKIN,,N
19922,100055.2,2026-08-25,,2026-08-24 22:47:46,OUT_OF_WINDOW,NO_CHECKIN,,N
19923,100047.2,2026-08-25,,2026-08-24 23:39:14,OUT_OF_WINDOW,NO_CHECKIN,,N
19924,100055.2,2026-08-25,,2026-08-24 23:49:00,OUT_OF_WINDOW,NO_CHECKIN,,N
19925,100055.2,2026-08-25,,2026-08-25 00:50:19,OUT_OF_WINDOW,NO_CHECKIN,,N
19927,100055.2,2026-08-25,,2026-08-25 01:50:52,OUT_OF_WINDOW,NO_CHECKIN,,N
19934,100055.2,2026-08-25,,2026-08-25 02:56:33,OUT_OF_WINDOW,NO_CHECKIN,,N
19945,100076.3,2026-08-25,,2026-08-24 19:19:45,OUT_OF_WINDOW,AFTER_CUTOFF,319.8,N
19947,100076.3,2026-08-25,,2026-08-24 22:27:37,OUT_OF_WINDOW,BEFORE_CHECKIN,338.4,N
19950,100076.3,2026-08-25,,2026-08-25 00:27:38,OUT_OF_WINDOW,BEFORE_CHECKIN,218.4,N
19962,100013.3,2026-08-25,,2026-08-25 04:18:34,OUT_OF_WINDOW,BEFORE_CHECKIN,46.4,N
19964,100013.3,2026-08-25,,2026-08-25 04:20:37,OUT_OF_WINDOW,BEFORE_CHECKIN,44.4,N
19965,100046.3,2026-08-25,,2026-08-24 23:40:41,OUT_OF_WINDOW,BEFORE_CHECKIN,291.3,N
19967,100046.3,2026-08-25,,2026-08-25 01:42:08,OUT_OF_WINDOW,BEFORE_CHECKIN,169.9,N
19970,100046.3,2026-08-25,,2026-08-25 03:44:59,OUT_OF_WINDOW,BEFORE_CHECKIN,47,N
19972,100124.3,2026-08-25,,2026-08-25 04:29:32,OUT_OF_WINDOW,BEFORE_CHECKIN,35.5,N
19976,100084.3,2026-08-24,,2026-08-24 18:33:41,OUT_OF_WINDOW,NO_CHECKIN,,N
19978,100084.3,2026-08-25,,2026-08-25 01:30:38,OUT_OF_WINDOW,NO_CHECKIN,,N
19981,100084.3,2026-08-25,,2026-08-25 03:38:31,OUT_OF_WINDOW,NO_CHECKIN,,N
19994,100001.2,2026-08-25,,2026-08-25 05:10:53,OUT_OF_WINDOW,AFTER_CUTOFF,790.9,N
20000,100047.2,2026-08-25,,2026-08-25 01:33:34,OUT_OF_WINDOW,NO_CHECKIN,,N
20002,100047.2,2026-08-25,,2026-08-25 05:41:53,OUT_OF_WINDOW,NO_CHECKIN,,N
20010,100055.2,2026-08-25,,2026-08-25 04:31:07,OUT_OF_WINDOW,NO_CHECKIN,,N
20012,100055.2,2026-08-25,,2026-08-25 05:57:59,OUT_OF_WINDOW,NO_CHECKIN,,N
20013,100078.3,2026-08-24,,2026-08-24 18:16:06,OUT_OF_WINDOW,AFTER_CUTOFF,256.1,N
20015,100078.3,2026-08-25,,2026-08-25 06:01:08,OUT_OF_WINDOW,AFTER_CUTOFF,961.1,N
20016,100001.2,2026-08-25,,2026-08-25 06:12:26,OUT_OF_WINDOW,AFTER_CUTOFF,852.4,N
20022,100047.2,2026-08-25,,2026-08-25 06:48:47,OUT_OF_WINDOW,NO_CHECKIN,,N
20024,100055.2,2026-08-25,,2026-08-25 07:03:44,OUT_OF_WINDOW,NO_CHECKIN,,N
20026,100001.2,2026-08-25,,2026-08-25 07:28:23,OUT_OF_WINDOW,AFTER_CUTOFF,928.4,N
20028,100047.2,2026-08-25,,2026-08-25 07:51:01,OUT_OF_WINDOW,NO_CHECKIN,,N
20029,100055.2,2026-08-25,,2026-08-25 08:06:04,OUT_OF_WINDOW,NO_CHECKIN,,N
20030,100078.3,2026-08-25,,2026-08-25 08:06:27,OUT_OF_WINDOW,AFTER_CUTOFF,1086.5,N
20032,100001.2,2026-08-25,,2026-08-25 08:29:18,OUT_OF_WINDOW,AFTER_CUTOFF,989.3,N
20039,100055.2,2026-08-25,,2026-08-25 09:06:30,OUT_OF_WINDOW,NO_CHECKIN,,N
20043,100047.2,2026-08-25,,2026-08-25 08:53:47,OUT_OF_WINDOW,NO_CHECKIN,,N
20045,100047.2,2026-08-25,,2026-08-25 09:54:01,OUT_OF_WINDOW,NO_CHECKIN,,N
20046,100055.2,2026-08-25,,2026-08-25 10:09:20,OUT_OF_WINDOW,NO_CHECKIN,,N
20048,100001.2,2026-08-25,,2026-08-25 10:35:19,OUT_OF_WINDOW,AFTER_CUTOFF,1115.3,N
20049,100001.2,2026-08-25,,2026-08-25 10:39:44,OUT_OF_WINDOW,AFTER_CUTOFF,1119.7,N
20051,100055.2,2026-08-25,,2026-08-25 11:26:07,OUT_OF_WINDOW,NO_CHECKIN,,N
20054,100001.2,2026-08-25,,2026-08-25 11:55:29,OUT_OF_WINDOW,AFTER_CUTOFF,1195.5,N
20057,100047.2,2026-08-25,,2026-08-25 10:54:33,OUT_OF_WINDOW,NO_CHECKIN,,N
20059,100047.2,2026-08-25,,2026-08-25 12:04:13,OUT_OF_WINDOW,NO_CHECKIN,,N
20060,100055.2,2026-08-25,,2026-08-25 12:29:55,OUT_OF_WINDOW,NO_CHECKIN,,N
20063,100001.2,2026-08-25,,2026-08-25 12:56:10,OUT_OF_WINDOW,AFTER_CUTOFF,1256.2,N
20064,100047.2,2026-08-25,,2026-08-25 13:13:18,OUT_OF_WINDOW,NO_CHECKIN,,N
20065,100064.3,2026-08-25,,2026-08-25 00:45:55,OUT_OF_WINDOW,NO_CHECKIN,,N
20067,100064.3,2026-08-25,,2026-08-25 02:59:46,OUT_OF_WINDOW,NO_CHECKIN,,N
20070,100064.3,2026-08-25,,2026-08-25 05:16:53,OUT_OF_WINDOW,NO_CHECKIN,,N
20074,100064.3,2026-08-25,,2026-08-25 07:22:37,OUT_OF_WINDOW,NO_CHECKIN,,N
20079,100064.3,2026-08-25,,2026-08-25 09:35:44,OUT_OF_WINDOW,NO_CHECKIN,,N
20085,100064.3,2026-08-25,,2026-08-25 11:49:58,OUT_OF_WINDOW,NO_CHECKIN,,N
20087,100055.2,2026-08-25,,2026-08-25 13:33:02,OUT_OF_WINDOW,NO_CHECKIN,,N
20088,100012.3,2026-08-25,,2026-08-25 14:07:30,OUT_OF_WINDOW,AFTER_CHECKOUT,24.5,N
20090,100047.2,2026-08-25,,2026-08-25 14:18:39,OUT_OF_WINDOW,NO_CHECKIN,,N
20091,100078.3,2026-08-25,,2026-08-25 14:37:44,OUT_OF_WINDOW,AFTER_CUTOFF,1477.7,N
20093,100076.3,2026-08-25,,2026-08-25 14:43:22,OUT_OF_WINDOW,AFTER_CUTOFF,43.4,N
20094,100055.2,2026-08-25,,2026-08-25 14:47:20,OUT_OF_WINDOW,NO_CHECKIN,,N
20096,100047.2,2026-08-25,,2026-08-25 15:19:13,OUT_OF_WINDOW,NO_CHECKIN,,N
20098,100055.2,2026-08-25,,2026-08-25 15:57:29,OUT_OF_WINDOW,NO_CHECKIN,,N
20099,100015.3,2026-08-25,,2026-08-25 16:01:47,OUT_OF_WINDOW,AFTER_CUTOFF,121.8,N
20100,100011.2,2026-08-25,,2026-08-25 03:00:04,OUT_OF_WINDOW,NO_CHECKIN,,N
20102,100011.2,2026-08-25,,2026-08-25 16:01:52,OUT_OF_WINDOW,NO_CHECKIN,,N
20103,100021.2,2026-08-25,,2026-08-25 16:10:12,OUT_OF_WINDOW,AFTER_CUTOFF,10.2,N
20104,100084.3,2026-08-25,,2026-08-25 05:54:19,OUT_OF_WINDOW,NO_CHECKIN,,N
20106,100084.3,2026-08-25,,2026-08-25 10:01:02,OUT_OF_WINDOW,NO_CHECKIN,,N
20109,100084.3,2026-08-25,,2026-08-25 12:02:34,OUT_OF_WINDOW,NO_CHECKIN,,N
20113,100084.3,2026-08-25,,2026-08-25 14:13:47,OUT_OF_WINDOW,NO_CHECKIN,,N
20118,100084.3,2026-08-25,,2026-08-25 16:13:55,OUT_OF_WINDOW,NO_CHECKIN,,N
20119,100047.2,2026-08-25,,2026-08-25 16:27:47,OUT_OF_WINDOW,NO_CHECKIN,,N
20120,100012.3,2026-08-25,,2026-08-25 16:31:03,OUT_OF_WINDOW,AFTER_CHECKOUT,168.1,N
20121,100078.3,2026-08-25,,2026-08-25 16:42:23,OUT_OF_WINDOW,AFTER_CUTOFF,1602.4,N
20122,100076.3,2026-08-25,,2026-08-25 16:44:31,OUT_OF_WINDOW,AFTER_CUTOFF,164.5,N
20123,100055.2,2026-08-25,,2026-08-25 17:06:02,OUT_OF_WINDOW,NO_CHECKIN,,N
20124,100047.2,2026-08-25,,2026-08-25 17:30:41,OUT_OF_WINDOW,NO_CHECKIN,,N
20125,100064.3,2026-08-25,,2026-08-25 13:50:42,OUT_OF_WINDOW,NO_CHECKIN,,N
20127,100064.3,2026-08-25,,2026-08-25 15:51:02,OUT_OF_WINDOW,NO_CHECKIN,,N
20130,100064.3,2026-08-25,,2026-08-25 17:51:09,OUT_OF_WINDOW,NO_CHECKIN,,N
20131,100055.2,2026-08-25,,2026-08-25 18:07:02,OUT_OF_WINDOW,NO_CHECKIN,,N
20132,100001.5,2026-08-25,,2026-08-25 18:22:56,OUT_OF_WINDOW,NO_CHECKIN,,N
20133,100047.2,2026-08-25,,2026-08-25 18:30:53,OUT_OF_WINDOW,NO_CHECKIN,,N
20134,100001.5,2026-08-25,,2026-08-25 18:35:43,OUT_OF_WINDOW,NO_CHECKIN,,N
20135,100002.5,2026-08-25,,2026-08-25 18:36:57,OUT_OF_WINDOW,BEFORE_CHECKIN,16.1,N
20136,100076.3,2026-08-25,,2026-08-25 18:44:51,OUT_OF_WINDOW,AFTER_CUTOFF,284.9,N
20137,100002.5,2026-08-25,,2026-08-25 18:53:14,OUT_OF_WINDOW,AFTER_CUTOFF,233.2,N
20139,100078.3,2026-08-25,,2026-08-25 18:55:28,OUT_OF_WINDOW,AFTER_CUTOFF,1735.5,N
20140,100002.5,2026-08-25,,2026-08-25 18:58:18,OUT_OF_WINDOW,AFTER_CUTOFF,238.3,N
20141,100055.2,2026-08-26,,2026-08-25 19:07:45,OUT_OF_WINDOW,NO_CHECKIN,,N
20144,100046.3,2026-08-26,,2026-08-25 19:23:40,OUT_OF_WINDOW,AFTER_CUTOFF,83.7,N
20145,100047.2,2026-08-26,,2026-08-25 19:37:20,OUT_OF_WINDOW,NO_CHECKIN,,N
20146,100064.3,2026-08-26,,2026-08-25 19:54:53,OUT_OF_WINDOW,NO_CHECKIN,,N
20147,100047.2,2026-08-26,,2026-08-25 20:39:37,OUT_OF_WINDOW,NO_CHECKIN,,N
20148,100055.2,2026-08-26,,2026-08-25 20:50:12,OUT_OF_WINDOW,NO_CHECKIN,,N
20149,100002.5,2026-08-26,,2026-08-25 20:58:57,OUT_OF_WINDOW,AFTER_CUTOFF,359,N
20150,100078.3,2026-08-26,,2026-08-25 21:02:57,OUT_OF_WINDOW,NO_CHECKIN,,N
20151,100013.2,2026-08-26,,2026-08-25 21:06:20,OUT_OF_WINDOW,NO_CHECKIN,,N
20152,100046.3,2026-08-26,,2026-08-25 21:31:41,OUT_OF_WINDOW,AFTER_CUTOFF,211.7,N
20153,100047.2,2026-08-26,,2026-08-25 21:53:20,OUT_OF_WINDOW,NO_CHECKIN,,N
20154,100064.3,2026-08-26,,2026-08-25 21:54:57,OUT_OF_WINDOW,NO_CHECKIN,,N
20155,100055.2,2026-08-26,,2026-08-25 22:13:31,OUT_OF_WINDOW,NO_CHECKIN,,N
20156,100047.2,2026-08-26,,2026-08-25 22:54:39,OUT_OF_WINDOW,NO_CHECKIN,,N
20157,100078.3,2026-08-26,,2026-08-25 23:03:39,OUT_OF_WINDOW,NO_CHECKIN,,N
20158,100002.5,2026-08-26,,2026-08-25 23:06:05,OUT_OF_WINDOW,AFTER_CUTOFF,486.1,N
20159,100055.2,2026-08-26,,2026-08-25 23:14:10,OUT_OF_WINDOW,NO_CHECKIN,,N
20160,100064.3,2026-08-26,,2026-08-25 23:56:02,OUT_OF_WINDOW,NO_CHECKIN,,N
20161,100055.2,2026-08-26,,2026-08-26 00:15:09,OUT_OF_WINDOW,NO_CHECKIN,,N
20162,100047.2,2026-08-26,,2026-08-26 00:25:54,OUT_OF_WINDOW,NO_CHECKIN,,N
20163,100046.3,2026-08-26,,2026-08-26 00:33:49,OUT_OF_WINDOW,AFTER_CUTOFF,393.8,N
20164,100078.3,2026-08-26,,2026-08-26 01:05:34,OUT_OF_WINDOW,NO_CHECKIN,,N
20165,100002.5,2026-08-26,,2026-08-26 01:06:21,OUT_OF_WINDOW,AFTER_CUTOFF,606.4,N
20166,100076.3,2026-08-26,,2026-08-25 21:15:03,OUT_OF_WINDOW,AFTER_CUTOFF,435.1,N
20168,100076.3,2026-08-26,,2026-08-25 23:19:03,OUT_OF_WINDOW,AFTER_CUTOFF,559.1,N
20171,100076.3,2026-08-26,,2026-08-26 01:19:14,OUT_OF_WINDOW,AFTER_CUTOFF,679.2,N
20173,100055.2,2026-08-26,,2026-08-26 01:22:06,OUT_OF_WINDOW,NO_CHECKIN,,N
20174,100064.3,2026-08-26,,2026-08-26 02:07:15,OUT_OF_WINDOW,NO_CHECKIN,,N
20175,100015.3,2026-08-26,,2026-08-26 00:11:06,OUT_OF_WINDOW,AFTER_CUTOFF,611.1,N
20177,100015.3,2026-08-26,,2026-08-26 02:12:32,OUT_OF_WINDOW,AFTER_CUTOFF,732.5,N
20178,100055.2,2026-08-26,,2026-08-26 02:26:56,OUT_OF_WINDOW,NO_CHECKIN,,N
20179,100047.2,2026-08-26,,2026-08-26 02:27:38,OUT_OF_WINDOW,NO_CHECKIN,,N
20180,100046.3,2026-08-26,,2026-08-26 02:39:50,OUT_OF_WINDOW,AFTER_CUTOFF,519.8,N
20181,100084.3,2026-08-25,,2026-08-25 18:29:03,OUT_OF_WINDOW,NO_CHECKIN,,N
20183,100078.3,2026-08-26,,2026-08-26 03:05:41,OUT_OF_WINDOW,NO_CHECKIN,,N
20184,100076.3,2026-08-26,,2026-08-26 03:20:08,OUT_OF_WINDOW,AFTER_CUTOFF,800.1,N
20185,100002.5,2026-08-26,,2026-08-26 03:21:20,OUT_OF_WINDOW,AFTER_CUTOFF,741.3,N
20186,100055.2,2026-08-26,,2026-08-26 03:27:08,OUT_OF_WINDOW,NO_CHECKIN,,N
20190,100064.3,2026-08-26,,2026-08-26 04:07:24,OUT_OF_WINDOW,NO_CHECKIN,,N
20192,100015.3,2026-08-26,,2026-08-26 04:13:06,OUT_OF_WINDOW,AFTER_CUTOFF,853.1,N
20198,100055.2,2026-08-26,,2026-08-26 04:27:30,OUT_OF_WINDOW,NO_CHECKIN,,N
20199,100046.3,2026-08-26,,2026-08-26 04:47:10,OUT_OF_WINDOW,AFTER_CUTOFF,647.2,N
20200,100011.2,2026-08-26,,2026-08-26 05:02:30,OUT_OF_WINDOW,NO_CHECKIN,,N
20201,100078.3,2026-08-26,,2026-08-26 05:07:21,OUT_OF_WINDOW,NO_CHECKIN,,N
20202,100002.5,2026-08-26,,2026-08-26 05:22:24,OUT_OF_WINDOW,AFTER_CUTOFF,862.4,N
20204,100055.2,2026-08-26,,2026-08-26 05:27:45,OUT_OF_WINDOW,NO_CHECKIN,,N
20206,100064.3,2026-08-26,,2026-08-26 06:07:35,OUT_OF_WINDOW,NO_CHECKIN,,N
20207,100055.2,2026-08-26,,2026-08-26 06:28:48,OUT_OF_WINDOW,NO_CHECKIN,,N
20208,100047.2,2026-08-26,,2026-08-26 06:30:03,OUT_OF_WINDOW,NO_CHECKIN,,N
20209,100078.3,2026-08-26,,2026-08-26 07:11:53,OUT_OF_WINDOW,NO_CHECKIN,,N
20210,100002.5,2026-08-26,,2026-08-26 07:22:37,OUT_OF_WINDOW,AFTER_CUTOFF,982.6,N
20211,100055.2,2026-08-26,,2026-08-26 07:29:17,OUT_OF_WINDOW,NO_CHECKIN,,N
20212,100047.2,2026-08-26,,2026-08-26 07:33:20,OUT_OF_WINDOW,NO_CHECKIN,,N
20214,100024.2,2026-08-26,,2026-08-26 06:52:57,OUT_OF_WINDOW,NO_CHECKIN,,N
20216,100024.2,2026-08-26,,2026-08-26 08:01:17,OUT_OF_WINDOW,NO_CHECKIN,,N
20217,100064.3,2026-08-26,,2026-08-26 08:07:39,OUT_OF_WINDOW,NO_CHECKIN,,N
20218,100055.2,2026-08-26,,2026-08-26 08:34:43,OUT_OF_WINDOW,NO_CHECKIN,,N
20219,100047.2,2026-08-26,,2026-08-26 08:39:34,OUT_OF_WINDOW,NO_CHECKIN,,N
20220,100024.2,2026-08-26,,2026-08-26 09:02:01,OUT_OF_WINDOW,NO_CHECKIN,,N
20221,100078.3,2026-08-26,,2026-08-26 09:16:47,OUT_OF_WINDOW,NO_CHECKIN,,N
20222,100002.5,2026-08-26,,2026-08-26 09:22:43,OUT_OF_WINDOW,AFTER_CUTOFF,1102.7,N
20223,100055.2,2026-08-26,,2026-08-26 09:34:52,OUT_OF_WINDOW,NO_CHECKIN,,N
20224,100047.2,2026-08-26,,2026-08-26 09:40:55,OUT_OF_WINDOW,NO_CHECKIN,,N
20226,100064.3,2026-08-26,,2026-08-26 10:08:11,OUT_OF_WINDOW,NO_CHECKIN,,N
20228,100047.2,2026-08-26,,2026-08-26 10:43:34,OUT_OF_WINDOW,NO_CHECKIN,,N
20229,100002.5,2026-08-26,,2026-08-26 11:28:54,OUT_OF_WINDOW,AFTER_CUTOFF,1228.9,N
20230,100006.2,2026-08-26,,2026-08-26 11:33:41,OUT_OF_WINDOW,AFTER_CHECKOUT,1186.7,N
20231,100047.2,2026-08-26,,2026-08-26 11:46:39,OUT_OF_WINDOW,NO_CHECKIN,,N
20233,100055.2,2026-08-26,,2026-08-26 10:49:21,OUT_OF_WINDOW,NO_CHECKIN,,N
20235,100055.2,2026-08-26,,2026-08-26 11:58:06,OUT_OF_WINDOW,NO_CHECKIN,,N
20236,100084.3,2026-08-26,,2026-08-26 03:42:15,OUT_OF_WINDOW,NO_CHECKIN,,N
20238,100084.3,2026-08-26,,2026-08-26 09:59:39,OUT_OF_WINDOW,NO_CHECKIN,,N
20241,100084.3,2026-08-26,,2026-08-26 11:59:57,OUT_OF_WINDOW,NO_CHECKIN,,N
20242,100064.3,2026-08-26,,2026-08-26 12:08:43,OUT_OF_WINDOW,NO_CHECKIN,,N
20245,100055.2,2026-08-26,,2026-08-26 13:15:42,OUT_OF_WINDOW,NO_CHECKIN,,N
20246,100002.5,2026-08-26,,2026-08-26 13:33:31,OUT_OF_WINDOW,AFTER_CUTOFF,1353.5,N
20247,100078.3,2026-08-26,,2026-08-26 11:23:20,OUT_OF_WINDOW,NO_CHECKIN,,N
20249,100078.3,2026-08-26,,2026-08-26 13:47:26,OUT_OF_WINDOW,NO_CHECKIN,,N
20251,100023.2,2026-08-26,,2026-08-26 13:55:10,OUT_OF_WINDOW,AFTER_CHECKOUT,48.2,N
20252,100084.3,2026-08-26,,2026-08-26 14:00:05,OUT_OF_WINDOW,NO_CHECKIN,,N
20253,100047.2,2026-08-26,,2026-08-26 14:00:31,OUT_OF_WINDOW,NO_CHECKIN,,N
20254,100064.3,2026-08-26,,2026-08-26 14:08:46,OUT_OF_WINDOW,NO_CHECKIN,,N
20255,100047.2,2026-08-26,,2026-08-26 15:04:40,OUT_OF_WINDOW,NO_CHECKIN,,N
20256,100055.2,2026-08-26,,2026-08-26 14:15:59,OUT_OF_WINDOW,NO_CHECKIN,,N
20258,100055.2,2026-08-26,,2026-08-26 15:20:11,OUT_OF_WINDOW,NO_CHECKIN,,N
20259,100002.5,2026-08-26,,2026-08-26 15:35:35,OUT_OF_WINDOW,AFTER_CUTOFF,1475.6,N
20260,100078.3,2026-08-26,,2026-08-26 15:48:04,OUT_OF_WINDOW,NO_CHECKIN,,N
20261,100064.3,2026-08-26,,2026-08-26 16:09:28,OUT_OF_WINDOW,NO_CHECKIN,,N
20262,100055.2,2026-08-26,,2026-08-26 16:20:34,OUT_OF_WINDOW,NO_CHECKIN,,N
20263,100047.2,2026-08-26,,2026-08-26 16:53:26,OUT_OF_WINDOW,NO_CHECKIN,,N
20264,100046.3,2026-08-26,,2026-08-26 06:47:12,OUT_OF_WINDOW,AFTER_CUTOFF,767.2,N
20266,100046.3,2026-08-26,,2026-08-26 08:47:18,OUT_OF_WINDOW,AFTER_CUTOFF,887.3,N
20269,100046.3,2026-08-26,,2026-08-26 10:54:00,OUT_OF_WINDOW,AFTER_CUTOFF,1014,N
20273,100046.3,2026-08-26,,2026-08-26 13:00:50,OUT_OF_WINDOW,AFTER_CUTOFF,1140.8,N
20278,100046.3,2026-08-26,,2026-08-26 15:03:00,OUT_OF_WINDOW,AFTER_CUTOFF,1263,N
20284,100046.3,2026-08-26,,2026-08-26 17:23:41,OUT_OF_WINDOW,AFTER_CUTOFF,1403.7,N
20285,100055.2,2026-08-26,,2026-08-26 17:28:55,OUT_OF_WINDOW,NO_CHECKIN,,N
20286,100002.5,2026-08-26,,2026-08-26 17:38:47,OUT_OF_WINDOW,AFTER_CUTOFF,1598.8,N
20287,100078.3,2026-08-26,,2026-08-26 17:49:55,OUT_OF_WINDOW,NO_CHECKIN,,N
20288,100064.3,2026-08-26,,2026-08-26 18:09:31,OUT_OF_WINDOW,NO_CHECKIN,,N
20289,100055.2,2026-08-26,,2026-08-26 18:31:10,OUT_OF_WINDOW,NO_CHECKIN,,N
20290,100047.2,2026-08-26,,2026-08-26 17:53:58,OUT_OF_WINDOW,NO_CHECKIN,,N
20292,100047.2,2026-08-27,,2026-08-26 19:02:49,OUT_OF_WINDOW,NO_CHECKIN,,N
20293,100055.2,2026-08-27,,2026-08-26 19:31:51,OUT_OF_WINDOW,NO_CHECKIN,,N
20294,100002.5,2026-08-27,,2026-08-26 19:50:47,OUT_OF_WINDOW,NO_CHECKIN,,N
20295,100046.3,2026-08-27,,2026-08-26 19:54:00,OUT_OF_WINDOW,NO_CHECKIN,,N
20296,100064.3,2026-08-27,,2026-08-26 20:15:13,OUT_OF_WINDOW,BEFORE_CHECKIN,980.8,N
20297,100055.2,2026-08-27,,2026-08-26 20:33:09,OUT_OF_WINDOW,NO_CHECKIN,,N
20298,100047.2,2026-08-27,,2026-08-26 20:03:28,OUT_OF_WINDOW,NO_CHECKIN,,N
20300,100047.2,2026-08-27,,2026-08-26 21:13:34,OUT_OF_WINDOW,NO_CHECKIN,,N
20301,100055.2,2026-08-27,,2026-08-26 21:33:10,OUT_OF_WINDOW,NO_CHECKIN,,N
20302,100064.3,2026-08-27,,2026-08-26 22:30:59,OUT_OF_WINDOW,BEFORE_CHECKIN,845,N
20303,100055.2,2026-08-27,,2026-08-26 22:34:16,OUT_OF_WINDOW,NO_CHECKIN,,N
20304,100002.5,2026-08-27,,2026-08-26 22:43:31,OUT_OF_WINDOW,NO_CHECKIN,,N
20305,100047.2,2026-08-27,,2026-08-26 23:19:33,OUT_OF_WINDOW,NO_CHECKIN,,N
20306,100055.2,2026-08-27,,2026-08-26 23:35:01,OUT_OF_WINDOW,NO_CHECKIN,,N
20307,100078.3,2026-08-27,,2026-08-27 00:00:56,OUT_OF_WINDOW,BEFORE_CHECKIN,199.1,N
20308,100055.2,2026-08-27,,2026-08-27 00:35:23,OUT_OF_WINDOW,NO_CHECKIN,,N
20309,100002.5,2026-08-27,,2026-08-27 00:48:05,OUT_OF_WINDOW,NO_CHECKIN,,N
20310,100046.3,2026-08-27,,2026-08-26 23:29:32,OUT_OF_WINDOW,NO_CHECKIN,,N
20312,100046.3,2026-08-27,,2026-08-27 01:29:36,OUT_OF_WINDOW,NO_CHECKIN,,N
20314,100055.2,2026-08-27,,2026-08-27 01:39:53,OUT_OF_WINDOW,NO_CHECKIN,,N
20315,100084.3,2026-08-26,,2026-08-26 16:22:01,OUT_OF_WINDOW,NO_CHECKIN,,N
20317,100084.3,2026-08-26,,2026-08-26 18:22:16,OUT_OF_WINDOW,NO_CHECKIN,,N
20320,100084.3,2026-08-27,,2026-08-27 01:30:36,OUT_OF_WINDOW,NO_CHECKIN,,N
20323,100002.5,2026-08-27,,2026-08-27 02:50:30,OUT_OF_WINDOW,NO_CHECKIN,,N
20324,100055.2,2026-08-27,,2026-08-27 02:50:46,OUT_OF_WINDOW,NO_CHECKIN,,N
20333,100024.2,2026-08-27,,2026-08-27 03:12:34,OUT_OF_WINDOW,NO_CHECKIN,,N
20335,100024.2,2026-08-27,,2026-08-27 03:13:32,OUT_OF_WINDOW,NO_CHECKIN,,N
20339,100067.2,2026-08-27,,2026-08-27 03:29:36,OUT_OF_WINDOW,BEFORE_CHECKIN,20.4,N
20340,100047.2,2026-08-27,,2026-08-27 03:29:46,OUT_OF_WINDOW,NO_CHECKIN,,N
20343,100046.3,2026-08-27,,2026-08-27 03:31:53,OUT_OF_WINDOW,NO_CHECKIN,,N
20349,100015.3,2026-08-27,,2026-08-27 04:11:28,OUT_OF_WINDOW,NO_CHECKIN,,N
20353,100024.2,2026-08-27,,2026-08-27 04:14:18,OUT_OF_WINDOW,NO_CHECKIN,,N
20355,100055.2,2026-08-27,,2026-08-27 04:33:18,OUT_OF_WINDOW,NO_CHECKIN,,N
20367,100002.5,2026-08-27,,2026-08-27 05:21:57,OUT_OF_WINDOW,NO_CHECKIN,,N
20370,100047.2,2026-08-27,,2026-08-27 05:34:16,OUT_OF_WINDOW,NO_CHECKIN,,N
20371,100046.3,2026-08-27,,2026-08-27 05:36:52,OUT_OF_WINDOW,NO_CHECKIN,,N
20372,100055.2,2026-08-27,,2026-08-27 05:37:54,OUT_OF_WINDOW,NO_CHECKIN,,N
20373,100047.2,2026-08-27,,2026-08-27 06:34:42,OUT_OF_WINDOW,NO_CHECKIN,,N
20374,100001.2,2026-08-27,,2026-08-27 06:42:03,OUT_OF_WINDOW,NO_CHECKIN,,N
20375,100055.2,2026-08-27,,2026-08-27 06:46:56,OUT_OF_WINDOW,NO_CHECKIN,,N
20376,100011.2,2026-08-26,,2026-08-26 18:04:38,OUT_OF_WINDOW,NO_CHECKIN,,N
20378,100011.2,2026-08-27,,2026-08-27 07:04:43,OUT_OF_WINDOW,NO_CHECKIN,,N
20380,100047.2,2026-08-27,,2026-08-27 07:35:13,OUT_OF_WINDOW,NO_CHECKIN,,N
20381,100046.3,2026-08-27,,2026-08-27 07:37:42,OUT_OF_WINDOW,NO_CHECKIN,,N
20382,100055.2,2026-08-27,,2026-08-27 07:55:42,OUT_OF_WINDOW,NO_CHECKIN,,N
20386,100001.2,2026-08-27,,2026-08-27 08:33:47,OUT_OF_WINDOW,NO_CHECKIN,,N
20388,100001.2,2026-08-27,,2026-08-27 08:34:54,OUT_OF_WINDOW,NO_CHECKIN,,N
20389,100047.2,2026-08-27,,2026-08-27 08:35:25,OUT_OF_WINDOW,NO_CHECKIN,,N
20390,100055.2,2026-08-27,,2026-08-27 09:00:33,OUT_OF_WINDOW,NO_CHECKIN,,N
20393,100002.5,2026-08-27,,2026-08-27 07:22:26,OUT_OF_WINDOW,NO_CHECKIN,,N
20395,100002.5,2026-08-27,,2026-08-27 09:30:58,OUT_OF_WINDOW,NO_CHECKIN,,N
20398,100047.2,2026-08-27,,2026-08-27 09:40:07,OUT_OF_WINDOW,NO_CHECKIN,,N
20399,100046.3,2026-08-27,,2026-08-27 09:40:09,OUT_OF_WINDOW,NO_CHECKIN,,N
20400,100001.2,2026-08-27,,2026-08-27 09:42:17,OUT_OF_WINDOW,NO_CHECKIN,,N
20407,100055.2,2026-08-27,,2026-08-27 10:01:19,OUT_OF_WINDOW,NO_CHECKIN,,N
20412,100047.2,2026-08-27,,2026-08-27 10:40:37,OUT_OF_WINDOW,NO_CHECKIN,,N
20413,100001.2,2026-08-27,,2026-08-27 10:42:56,OUT_OF_WINDOW,NO_CHECKIN,,N
20414,100055.2,2026-08-27,,2026-08-27 11:09:34,OUT_OF_WINDOW,NO_CHECKIN,,N
20415,100002.5,2026-08-27,,2026-08-27 11:31:01,OUT_OF_WINDOW,NO_CHECKIN,,N
20416,100047.2,2026-08-27,,2026-08-27 11:40:40,OUT_OF_WINDOW,NO_CHECKIN,,N
20417,100069.2,2026-08-27,,2026-08-27 11:43:37,OUT_OF_WINDOW,NO_CHECKIN,,N
20418,100001.2,2026-08-27,,2026-08-27 11:45:03,OUT_OF_WINDOW,NO_CHECKIN,,N
20419,100046.3,2026-08-27,,2026-08-27 11:47:50,OUT_OF_WINDOW,NO_CHECKIN,,N
20420,100055.2,2026-08-27,,2026-08-27 12:09:45,OUT_OF_WINDOW,NO_CHECKIN,,N
20426,100047.2,2026-08-27,,2026-08-27 12:40:47,OUT_OF_WINDOW,NO_CHECKIN,,N
20427,100001.2,2026-08-27,,2026-08-27 12:46:55,OUT_OF_WINDOW,NO_CHECKIN,,N
20428,100064.3,2026-08-27,,2026-08-27 00:49:23,OUT_OF_WINDOW,BEFORE_CHECKIN,706.6,N
20430,100064.3,2026-08-27,,2026-08-27 02:52:07,OUT_OF_WINDOW,BEFORE_CHECKIN,583.9,N
20433,100064.3,2026-08-27,,2026-08-27 05:05:59,OUT_OF_WINDOW,BEFORE_CHECKIN,450,N
20437,100064.3,2026-08-27,,2026-08-27 07:12:32,OUT_OF_WINDOW,BEFORE_CHECKIN,323.5,N
20442,100064.3,2026-08-27,,2026-08-27 09:12:58,OUT_OF_WINDOW,BEFORE_CHECKIN,203,N
20448,100064.3,2026-08-27,,2026-08-27 11:13:10,OUT_OF_WINDOW,BEFORE_CHECKIN,82.8,N
20450,100002.5,2026-08-27,,2026-08-27 13:31:38,OUT_OF_WINDOW,NO_CHECKIN,,N
20452,100047.2,2026-08-27,,2026-08-27 13:42:48,OUT_OF_WINDOW,NO_CHECKIN,,N
20453,100046.3,2026-08-27,,2026-08-27 13:48:00,OUT_OF_WINDOW,NO_CHECKIN,,N
20456,100078.3,2026-08-27,,2026-08-27 14:11:07,OUT_OF_WINDOW,AFTER_CUTOFF,11.1,N
20458,100055.2,2026-08-27,,2026-08-27 14:18:58,OUT_OF_WINDOW,NO_CHECKIN,,N
20460,100072.3,2026-08-27,,2026-08-27 14:38:47,OUT_OF_WINDOW,AFTER_CHECKOUT,8.8,N
20461,100047.2,2026-08-27,,2026-08-27 14:43:01,OUT_OF_WINDOW,NO_CHECKIN,,N
20462,100063.3,2026-08-27,,2026-08-27 14:44:09,OUT_OF_WINDOW,AFTER_CHECKOUT,5.2,N
20464,100064.3,2026-08-27,,2026-08-27 15:14:57,OUT_OF_WINDOW,AFTER_CUTOFF,75,N
20465,100024.2,2026-08-27,,2026-08-27 06:13:07,OUT_OF_WINDOW,NO_CHECKIN,,N
20467,100024.2,2026-08-27,,2026-08-27 11:13:03,OUT_OF_WINDOW,NO_CHECKIN,,N
20470,100024.2,2026-08-27,,2026-08-27 15:27:56,OUT_OF_WINDOW,NO_CHECKIN,,N
20471,100055.2,2026-08-27,,2026-08-27 15:29:09,OUT_OF_WINDOW,NO_CHECKIN,,N
20472,100002.5,2026-08-27,,2026-08-27 15:32:04,OUT_OF_WINDOW,NO_CHECKIN,,N
20473,100047.2,2026-08-27,,2026-08-27 15:47:00,OUT_OF_WINDOW,NO_CHECKIN,,N
20474,100046.3,2026-08-27,,2026-08-27 15:48:09,OUT_OF_WINDOW,NO_CHECKIN,,N
20475,100078.3,2026-08-27,,2026-08-27 16:11:40,OUT_OF_WINDOW,AFTER_CUTOFF,131.7,N
20478,100001.5,2026-08-27,,2026-08-27 08:41:57,OUT_OF_WINDOW,AFTER_CUTOFF,1062,N
20480,100024.2,2026-08-27,,2026-08-27 16:28:06,OUT_OF_WINDOW,NO_CHECKIN,,N
20481,100055.2,2026-08-27,,2026-08-27 16:38:38,OUT_OF_WINDOW,NO_CHECKIN,,N
20482,100047.2,2026-08-27,,2026-08-27 16:47:07,OUT_OF_WINDOW,NO_CHECKIN,,N
20483,100084.3,2026-08-27,,2026-08-27 03:43:37,OUT_OF_WINDOW,NO_CHECKIN,,N
20485,100084.3,2026-08-27,,2026-08-27 05:53:30,OUT_OF_WINDOW,NO_CHECKIN,,N
20488,100084.3,2026-08-27,,2026-08-27 08:03:01,OUT_OF_WINDOW,NO_CHECKIN,,N
20492,100084.3,2026-08-27,,2026-08-27 12:29:40,OUT_OF_WINDOW,NO_CHECKIN,,N
20497,100084.3,2026-08-27,,2026-08-27 14:47:11,OUT_OF_WINDOW,NO_CHECKIN,,N
20503,100084.3,2026-08-27,,2026-08-27 16:47:43,OUT_OF_WINDOW,NO_CHECKIN,,N
20505,100064.3,2026-08-27,,2026-08-27 17:18:38,OUT_OF_WINDOW,AFTER_CUTOFF,198.6,N
20506,100002.5,2026-08-27,,2026-08-27 17:32:31,OUT_OF_WINDOW,NO_CHECKIN,,N
20507,100047.2,2026-08-27,,2026-08-27 17:50:44,OUT_OF_WINDOW,NO_CHECKIN,,N
20508,100055.2,2026-08-27,,2026-08-27 17:51:44,OUT_OF_WINDOW,NO_CHECKIN,,N
20509,100046.3,2026-08-27,,2026-08-27 17:51:48,OUT_OF_WINDOW,NO_CHECKIN,,N
20510,100023.2,2026-08-27,,2026-08-27 18:20:05,OUT_OF_WINDOW,AFTER_CHECKOUT,79.1,N
20511,100047.2,2026-08-27,,2026-08-27 18:50:48,OUT_OF_WINDOW,NO_CHECKIN,,N
20512,100055.2,2026-08-27,,2026-08-27 18:52:13,OUT_OF_WINDOW,NO_CHECKIN,,N
20513,100024.2,2026-08-27,,2026-08-27 18:57:53,OUT_OF_WINDOW,NO_CHECKIN,,N
20514,100064.3,2026-08-28,,2026-08-27 19:19:09,OUT_OF_WINDOW,AFTER_CUTOFF,319.2,N
20515,100002.5,2026-08-28,,2026-08-27 19:34:38,OUT_OF_WINDOW,NO_CHECKIN,,N
20516,100047.2,2026-08-28,,2026-08-27 19:52:17,OUT_OF_WINDOW,NO_CHECKIN,,N
20517,100011.2,2026-08-28,,2026-08-27 20:05:17,OUT_OF_WINDOW,NO_CHECKIN,,N
20518,100055.2,2026-08-28,,2026-08-27 20:07:46,OUT_OF_WINDOW,NO_CHECKIN,,N
20519,100047.2,2026-08-28,,2026-08-27 20:54:13,OUT_OF_WINDOW,NO_CHECKIN,,N
20520,100046.3,2026-08-28,,2026-08-27 20:55:42,OUT_OF_WINDOW,BEFORE_CHECKIN,451.3,N
20521,100055.2,2026-08-28,,2026-08-27 21:07:54,OUT_OF_WINDOW,NO_CHECKIN,,N
20522,100013.2,2026-08-27,,2026-08-26 22:06:35,OUT_OF_WINDOW,NO_CHECKIN,,N
20524,100013.2,2026-08-28,,2026-08-27 21:12:06,OUT_OF_WINDOW,NO_CHECKIN,,N
20525,100024.2,2026-08-28,,2026-08-27 20:10:00,OUT_OF_WINDOW,NO_CHECKIN,,N
20527,100024.2,2026-08-28,,2026-08-27 21:14:08,OUT_OF_WINDOW,NO_CHECKIN,,N
20528,100064.3,2026-08-28,,2026-08-27 21:19:12,OUT_OF_WINDOW,AFTER_CUTOFF,439.2,N
20529,100055.2,2026-08-28,,2026-08-27 22:12:59,OUT_OF_WINDOW,NO_CHECKIN,,N
20530,100002.5,2026-08-28,,2026-08-27 22:31:00,OUT_OF_WINDOW,NO_CHECKIN,,N
20531,100047.2,2026-08-28,,2026-08-27 22:31:54,OUT_OF_WINDOW,NO_CHECKIN,,N
20532,100024.2,2026-08-28,,2026-08-27 22:34:36,OUT_OF_WINDOW,NO_CHECKIN,,N
20533,100046.3,2026-08-28,,2026-08-27 22:56:13,OUT_OF_WINDOW,BEFORE_CHECKIN,330.8,N
20534,100055.2,2026-08-28,,2026-08-27 23:15:45,OUT_OF_WINDOW,NO_CHECKIN,,N
20535,100064.3,2026-08-28,,2026-08-27 23:19:13,OUT_OF_WINDOW,AFTER_CUTOFF,559.2,N
20536,100024.2,2026-08-28,,2026-08-27 23:50:03,OUT_OF_WINDOW,NO_CHECKIN,,N
20537,100055.2,2026-08-28,,2026-08-28 00:19:21,OUT_OF_WINDOW,NO_CHECKIN,,N
20538,100002.5,2026-08-28,,2026-08-28 00:33:49,OUT_OF_WINDOW,NO_CHECKIN,,N
20539,100047.2,2026-08-28,,2026-08-28 00:38:01,OUT_OF_WINDOW,NO_CHECKIN,,N
20540,100064.3,2026-08-28,,2026-08-28 01:26:03,OUT_OF_WINDOW,AFTER_CUTOFF,686.1,N
20541,100055.2,2026-08-28,,2026-08-28 01:37:41,OUT_OF_WINDOW,NO_CHECKIN,,N
20542,100084.3,2026-08-28,,2026-08-27 19:09:23,OUT_OF_WINDOW,NO_CHECKIN,,N
20544,100073.3,2026-08-27,,2026-08-27 13:26:06,OUT_OF_WINDOW,AFTER_CHECKOUT,8.1,N
20548,100002.5,2026-08-28,,2026-08-28 02:34:03,OUT_OF_WINDOW,NO_CHECKIN,,N
20549,100046.3,2026-08-28,,2026-08-28 02:38:13,OUT_OF_WINDOW,BEFORE_CHECKIN,108.8,N
20550,100013.3,2026-08-28,,2026-08-28 02:40:12,OUT_OF_WINDOW,BEFORE_CHECKIN,93.8,N
20551,100013.3,2026-08-28,,2026-08-28 02:46:17,OUT_OF_WINDOW,BEFORE_CHECKIN,87.7,N
20555,100055.2,2026-08-28,,2026-08-28 03:20:16,OUT_OF_WINDOW,NO_CHECKIN,,N
20559,100064.3,2026-08-28,,2026-08-28 03:33:45,OUT_OF_WINDOW,AFTER_CUTOFF,813.8,N
20577,100002.5,2026-08-28,,2026-08-28 04:34:12,OUT_OF_WINDOW,NO_CHECKIN,,N
20586,100047.2,2026-08-28,,2026-08-28 03:10:15,OUT_OF_WINDOW,NO_CHECKIN,,N
20588,100047.2,2026-08-28,,2026-08-28 04:48:14,OUT_OF_WINDOW,NO_CHECKIN,,N
20589,100001.2,2026-08-28,,2026-08-28 04:53:48,OUT_OF_WINDOW,NO_CHECKIN,,N
20596,100055.2,2026-08-28,,2026-08-28 05:20:47,OUT_OF_WINDOW,NO_CHECKIN,,N
20600,100010.3,2026-08-28,,2026-08-28 05:33:59,OUT_OF_WINDOW,BEFORE_CHECKIN,3,N
20605,100064.3,2026-08-28,,2026-08-28 05:46:50,OUT_OF_WINDOW,AFTER_CUTOFF,946.8,N
20606,100047.2,2026-08-28,,2026-08-28 05:50:26,OUT_OF_WINDOW,NO_CHECKIN,,N
20607,100055.2,2026-08-28,,2026-08-28 06:25:02,OUT_OF_WINDOW,NO_CHECKIN,,N
20609,100002.5,2026-08-28,,2026-08-28 06:34:27,OUT_OF_WINDOW,NO_CHECKIN,,N
20610,100024.2,2026-08-28,,2026-08-28 06:35:21,OUT_OF_WINDOW,NO_CHECKIN,,N
20611,100017.3,2026-08-28,,2026-08-28 06:39:40,OUT_OF_WINDOW,AFTER_CHECKOUT,1341.7,N
20613,100078.3,2026-08-27,,2026-08-27 18:11:49,OUT_OF_WINDOW,AFTER_CUTOFF,251.8,N
20615,100078.3,2026-08-28,,2026-08-28 06:49:33,OUT_OF_WINDOW,AFTER_CUTOFF,1009.6,N
20616,100047.2,2026-08-28,,2026-08-28 06:51:05,OUT_OF_WINDOW,NO_CHECKIN,,N
20617,100055.2,2026-08-28,,2026-08-28 07:25:05,OUT_OF_WINDOW,NO_CHECKIN,,N
20621,100024.2,2026-08-28,,2026-08-28 07:38:51,OUT_OF_WINDOW,NO_CHECKIN,,N
20622,100064.3,2026-08-28,,2026-08-28 07:47:12,OUT_OF_WINDOW,AFTER_CUTOFF,1067.2,N
20623,100047.2,2026-08-28,,2026-08-28 07:53:39,OUT_OF_WINDOW,NO_CHECKIN,,N
20624,100055.2,2026-08-28,,2026-08-28 08:27:28,OUT_OF_WINDOW,NO_CHECKIN,,N
20626,100024.2,2026-08-28,,2026-08-28 08:48:31,OUT_OF_WINDOW,NO_CHECKIN,,N
20627,100047.2,2026-08-28,,2026-08-28 08:56:29,OUT_OF_WINDOW,NO_CHECKIN,,N
20628,100078.3,2026-08-28,,2026-08-28 08:59:24,OUT_OF_WINDOW,AFTER_CUTOFF,1139.4,N
20629,100011.2,2026-08-28,,2026-08-28 09:05:33,OUT_OF_WINDOW,NO_CHECKIN,,N
20632,100055.2,2026-08-28,,2026-08-28 09:31:58,OUT_OF_WINDOW,NO_CHECKIN,,N
20634,100064.3,2026-08-28,,2026-08-28 09:52:06,OUT_OF_WINDOW,AFTER_CUTOFF,1192.1,N
20635,100047.2,2026-08-28,,2026-08-28 10:08:45,OUT_OF_WINDOW,NO_CHECKIN,,N
20636,100055.2,2026-08-28,,2026-08-28 10:33:19,OUT_OF_WINDOW,NO_CHECKIN,,N
20637,100002.5,2026-08-28,,2026-08-28 10:42:13,OUT_OF_WINDOW,NO_CHECKIN,,N
20638,100047.2,2026-08-28,,2026-08-28 11:09:27,OUT_OF_WINDOW,NO_CHECKIN,,N
20640,100055.2,2026-08-28,,2026-08-28 11:33:22,OUT_OF_WINDOW,NO_CHECKIN,,N
20641,100064.3,2026-08-28,,2026-08-28 12:04:37,OUT_OF_WINDOW,AFTER_CUTOFF,1324.6,N
20642,100047.2,2026-08-28,,2026-08-28 12:16:30,OUT_OF_WINDOW,NO_CHECKIN,,N
20643,100055.2,2026-08-28,,2026-08-28 12:33:25,OUT_OF_WINDOW,NO_CHECKIN,,N
20646,100047.2,2026-08-28,,2026-08-28 13:16:39,OUT_OF_WINDOW,NO_CHECKIN,,N
20647,100078.3,2026-08-28,,2026-08-28 11:17:04,OUT_OF_WINDOW,AFTER_CUTOFF,1277.1,N
20649,100078.3,2026-08-28,,2026-08-28 13:22:22,OUT_OF_WINDOW,AFTER_CUTOFF,1402.4,N
20651,100064.3,2026-08-28,,2026-08-28 14:16:25,OUT_OF_WINDOW,AFTER_CUTOFF,1456.4,N
20652,100047.2,2026-08-28,,2026-08-28 14:20:54,OUT_OF_WINDOW,NO_CHECKIN,,N
20655,100072.3,2026-08-28,,2026-08-28 14:40:40,OUT_OF_WINDOW,AFTER_CUTOFF,40.7,N
20662,100055.2,2026-08-28,,2026-08-28 14:56:00,OUT_OF_WINDOW,NO_CHECKIN,,N
20667,100047.2,2026-08-28,,2026-08-28 15:21:05,OUT_OF_WINDOW,NO_CHECKIN,,N
20668,100078.3,2026-08-28,,2026-08-28 15:24:44,OUT_OF_WINDOW,AFTER_CUTOFF,1524.7,N
20669,100076.3,2026-08-28,,2026-08-28 15:44:48,OUT_OF_WINDOW,AFTER_CUTOFF,104.8,N
20670,100055.2,2026-08-28,,2026-08-28 16:01:40,OUT_OF_WINDOW,NO_CHECKIN,,N
20671,100064.3,2026-08-28,,2026-08-28 16:25:46,OUT_OF_WINDOW,AFTER_CUTOFF,1585.8,N
20672,100047.2,2026-08-28,,2026-08-28 16:27:53,OUT_OF_WINDOW,NO_CHECKIN,,N
20673,100084.3,2026-08-28,,2026-08-28 03:39:16,OUT_OF_WINDOW,NO_CHECKIN,,N
20675,100084.3,2026-08-28,,2026-08-28 06:00:07,OUT_OF_WINDOW,NO_CHECKIN,,N
20678,100084.3,2026-08-28,,2026-08-28 10:08:26,OUT_OF_WINDOW,NO_CHECKIN,,N
20682,100084.3,2026-08-28,,2026-08-28 12:29:17,OUT_OF_WINDOW,NO_CHECKIN,,N
20687,100084.3,2026-08-28,,2026-08-28 14:29:59,OUT_OF_WINDOW,NO_CHECKIN,,N
20693,100084.3,2026-08-28,,2026-08-28 16:33:56,OUT_OF_WINDOW,NO_CHECKIN,,N
20694,100002.5,2026-08-28,,2026-08-28 12:42:44,OUT_OF_WINDOW,NO_CHECKIN,,N
20696,100002.5,2026-08-28,,2026-08-28 16:43:42,OUT_OF_WINDOW,NO_CHECKIN,,N
20698,100055.2,2026-08-28,,2026-08-28 17:08:42,OUT_OF_WINDOW,NO_CHECKIN,,N
20699,100078.3,2026-08-28,,2026-08-28 17:24:53,OUT_OF_WINDOW,AFTER_CUTOFF,1644.9,N
20700,100047.2,2026-08-28,,2026-08-28 17:38:11,OUT_OF_WINDOW,NO_CHECKIN,,N
20701,100076.3,2026-08-28,,2026-08-28 17:46:12,OUT_OF_WINDOW,AFTER_CUTOFF,226.2,N
20702,100024.2,2026-08-28,,2026-08-28 09:48:57,OUT_OF_WINDOW,NO_CHECKIN,,N
20704,100024.2,2026-08-28,,2026-08-28 15:39:22,OUT_OF_WINDOW,NO_CHECKIN,,N
20707,100024.2,2026-08-28,,2026-08-28 17:49:28,OUT_OF_WINDOW,NO_CHECKIN,,N
20708,100064.3,2026-08-28,,2026-08-28 18:26:41,OUT_OF_WINDOW,AFTER_CUTOFF,1706.7,N
20709,100055.2,2026-08-28,,2026-08-28 18:32:40,OUT_OF_WINDOW,NO_CHECKIN,,N
20710,100047.2,2026-08-28,,2026-08-28 18:38:43,OUT_OF_WINDOW,NO_CHECKIN,,N
20711,100046.3,2026-08-28,,2026-08-28 18:45:50,OUT_OF_WINDOW,AFTER_CUTOFF,45.8,N
20712,100002.5,2026-08-28,,2026-08-28 18:50:29,OUT_OF_WINDOW,NO_CHECKIN,,N
20713,100055.2,2026-08-29,,2026-08-28 19:32:48,OUT_OF_WINDOW,NO_CHECKIN,,N
20714,100047.2,2026-08-29,,2026-08-28 19:53:43,OUT_OF_WINDOW,NO_CHECKIN,,N
20715,100064.3,2026-08-29,,2026-08-28 20:27:14,OUT_OF_WINDOW,BEFORE_CHECKIN,623.8,N
20716,100055.2,2026-08-29,,2026-08-28 20:42:42,OUT_OF_WINDOW,NO_CHECKIN,,N
20717,100047.2,2026-08-29,,2026-08-28 21:07:54,OUT_OF_WINDOW,NO_CHECKIN,,N
20718,100002.5,2026-08-29,,2026-08-28 21:29:59,OUT_OF_WINDOW,NO_CHECKIN,,N
20719,100055.2,2026-08-29,,2026-08-28 21:43:33,OUT_OF_WINDOW,NO_CHECKIN,,N
20720,100046.3,2026-08-29,,2026-08-28 21:44:43,OUT_OF_WINDOW,AFTER_CUTOFF,224.7,N
20721,100011.2,2026-08-29,,2026-08-28 22:13:43,OUT_OF_WINDOW,NO_CHECKIN,,N
20722,100047.2,2026-08-29,,2026-08-28 22:24:11,OUT_OF_WINDOW,NO_CHECKIN,,N
20723,100064.3,2026-08-29,,2026-08-28 22:27:59,OUT_OF_WINDOW,BEFORE_CHECKIN,503,N
20724,100055.2,2026-08-29,,2026-08-28 22:45:17,OUT_OF_WINDOW,NO_CHECKIN,,N
20725,100002.5,2026-08-29,,2026-08-28 23:31:24,OUT_OF_WINDOW,NO_CHECKIN,,N
20726,100055.2,2026-08-29,,2026-08-28 23:46:42,OUT_OF_WINDOW,NO_CHECKIN,,N
20727,100046.3,2026-08-29,,2026-08-28 23:50:54,OUT_OF_WINDOW,BEFORE_CHECKIN,284.1,N
20728,100047.2,2026-08-29,,2026-08-29 00:00:15,OUT_OF_WINDOW,NO_CHECKIN,,N
20729,100055.2,2026-08-29,,2026-08-29 00:48:00,OUT_OF_WINDOW,NO_CHECKIN,,N
20730,100076.3,2026-08-29,,2026-08-28 19:48:46,OUT_OF_WINDOW,AFTER_CUTOFF,348.8,N
20732,100076.3,2026-08-29,,2026-08-28 23:24:41,OUT_OF_WINDOW,AFTER_CUTOFF,564.7,N
20735,100076.3,2026-08-29,,2026-08-29 01:29:30,OUT_OF_WINDOW,AFTER_CUTOFF,689.5,N
20736,100055.2,2026-08-29,,2026-08-29 01:49:27,OUT_OF_WINDOW,NO_CHECKIN,,N
20737,100046.3,2026-08-29,,2026-08-29 01:51:24,OUT_OF_WINDOW,BEFORE_CHECKIN,163.6,N
20738,100047.2,2026-08-29,,2026-08-29 02:01:15,OUT_OF_WINDOW,NO_CHECKIN,,N
20740,100002.5,2026-08-29,,2026-08-29 02:08:52,OUT_OF_WINDOW,NO_CHECKIN,,N
20742,100084.3,2026-08-28,,2026-08-28 18:53:20,OUT_OF_WINDOW,NO_CHECKIN,,N
20744,100084.3,2026-08-29,,2026-08-29 01:30:39,OUT_OF_WINDOW,NO_CHECKIN,,N
20746,100055.2,2026-08-29,,2026-08-29 02:52:49,OUT_OF_WINDOW,NO_CHECKIN,,N
20755,100046.3,2026-08-29,,2026-08-29 03:51:39,OUT_OF_WINDOW,BEFORE_CHECKIN,43.4,N
20760,100015.3,2026-08-29,,2026-08-29 04:11:27,OUT_OF_WINDOW,AFTER_CUTOFF,851.5,N
20769,100002.5,2026-08-29,,2026-08-29 04:30:45,OUT_OF_WINDOW,NO_CHECKIN,,N
20770,100055.2,2026-08-29,,2026-08-29 04:35:13,OUT_OF_WINDOW,NO_CHECKIN,,N
20779,100055.2,2026-08-29,,2026-08-29 05:35:17,OUT_OF_WINDOW,NO_CHECKIN,,N
20781,100001.2,2026-08-29,,2026-08-29 06:05:04,OUT_OF_WINDOW,NO_CHECKIN,,N
20782,100047.2,2026-08-29,,2026-08-29 05:09:19,OUT_OF_WINDOW,NO_CHECKIN,,N
20784,100047.2,2026-08-29,,2026-08-29 06:11:44,OUT_OF_WINDOW,NO_CHECKIN,,N
20785,100078.3,2026-08-29,,2026-08-28 19:39:52,OUT_OF_WINDOW,NO_CHECKIN,,N
20787,100078.3,2026-08-29,,2026-08-29 06:13:01,OUT_OF_WINDOW,NO_CHECKIN,,N
20790,100055.2,2026-08-29,,2026-08-29 06:35:52,OUT_OF_WINDOW,NO_CHECKIN,,N
20793,100001.2,2026-08-29,,2026-08-29 07:10:01,OUT_OF_WINDOW,NO_CHECKIN,,N
20794,100047.2,2026-08-29,,2026-08-29 07:20:56,OUT_OF_WINDOW,NO_CHECKIN,,N
20795,100055.2,2026-08-29,,2026-08-29 07:35:54,OUT_OF_WINDOW,NO_CHECKIN,,N
20798,100076.3,2026-08-29,,2026-08-29 03:52:34,OUT_OF_WINDOW,AFTER_CUTOFF,832.6,N
20800,100076.3,2026-08-29,,2026-08-29 05:52:49,OUT_OF_WINDOW,AFTER_CUTOFF,952.8,N
20803,100076.3,2026-08-29,,2026-08-29 07:52:58,OUT_OF_WINDOW,AFTER_CUTOFF,1073,N
20805,100084.3,2026-08-29,,2026-08-29 04:06:09,OUT_OF_WINDOW,NO_CHECKIN,,N
20807,100084.3,2026-08-29,,2026-08-29 08:15:54,OUT_OF_WINDOW,NO_CHECKIN,,N
20808,100047.2,2026-08-29,,2026-08-29 08:21:22,OUT_OF_WINDOW,NO_CHECKIN,,N
20809,100078.3,2026-08-29,,2026-08-29 08:26:22,OUT_OF_WINDOW,NO_CHECKIN,,N
20810,100055.2,2026-08-29,,2026-08-29 08:36:09,OUT_OF_WINDOW,NO_CHECKIN,,N
20813,100047.2,2026-08-29,,2026-08-29 09:21:30,OUT_OF_WINDOW,NO_CHECKIN,,N
20815,100055.2,2026-08-29,,2026-08-29 09:38:00,OUT_OF_WINDOW,NO_CHECKIN,,N
20817,100047.2,2026-08-29,,2026-08-29 10:22:22,OUT_OF_WINDOW,NO_CHECKIN,,N
20818,100002.5,2026-08-29,,2026-08-29 06:30:51,OUT_OF_WINDOW,NO_CHECKIN,,N
20820,100002.5,2026-08-29,,2026-08-29 08:40:20,OUT_OF_WINDOW,NO_CHECKIN,,N
20823,100002.5,2026-08-29,,2026-08-29 10:40:28,OUT_OF_WINDOW,NO_CHECKIN,,N
20824,100055.2,2026-08-29,,2026-08-29 10:40:55,OUT_OF_WINDOW,NO_CHECKIN,,N
20825,100064.3,2026-08-29,,2026-08-29 02:49:08,OUT_OF_WINDOW,BEFORE_CHECKIN,241.9,N
20827,100064.3,2026-08-29,,2026-08-29 04:49:14,OUT_OF_WINDOW,BEFORE_CHECKIN,121.8,N
20836,100011.2,2026-08-29,,2026-08-29 11:16:16,OUT_OF_WINDOW,NO_CHECKIN,,N
20837,100055.2,2026-08-29,,2026-08-29 11:41:49,OUT_OF_WINDOW,NO_CHECKIN,,N
20838,100076.3,2026-08-29,,2026-08-29 09:53:14,OUT_OF_WINDOW,AFTER_CUTOFF,1193.2,N
20840,100076.3,2026-08-29,,2026-08-29 11:59:43,OUT_OF_WINDOW,AFTER_CUTOFF,1319.7,N
20841,100013.2,2026-08-29,,2026-08-29 12:09:53,OUT_OF_WINDOW,NO_CHECKIN,,N
20843,100013.2,2026-08-29,,2026-08-29 12:10:13,OUT_OF_WINDOW,NO_CHECKIN,,N
20845,100047.2,2026-08-29,,2026-08-29 11:42:50,OUT_OF_WINDOW,NO_CHECKIN,,N
20847,100047.2,2026-08-29,,2026-08-29 12:44:33,OUT_OF_WINDOW,NO_CHECKIN,,N
20848,100055.2,2026-08-29,,2026-08-29 12:48:01,OUT_OF_WINDOW,NO_CHECKIN,,N
20856,100047.2,2026-08-29,,2026-08-29 13:44:41,OUT_OF_WINDOW,NO_CHECKIN,,N
20857,100055.2,2026-08-29,,2026-08-29 13:48:47,OUT_OF_WINDOW,NO_CHECKIN,,N
20862,100076.3,2026-08-29,,2026-08-29 14:04:26,OUT_OF_WINDOW,AFTER_CUTOFF,1444.4,N
20866,100071.3,2026-08-29,,2026-08-29 14:31:45,OUT_OF_WINDOW,AFTER_CUTOFF,1471.8,N
20867,100072.3,2026-08-29,,2026-08-29 14:32:17,OUT_OF_WINDOW,AFTER_CUTOFF,32.3,N
20868,100078.3,2026-08-29,,2026-08-29 10:27:01,OUT_OF_WINDOW,NO_CHECKIN,,N
20870,100078.3,2026-08-29,,2026-08-29 14:35:37,OUT_OF_WINDOW,NO_CHECKIN,,N
20871,100072.3,2026-08-29,,2026-08-29 14:40:13,OUT_OF_WINDOW,AFTER_CUTOFF,40.2,N
20872,100047.2,2026-08-29,,2026-08-29 14:45:27,OUT_OF_WINDOW,NO_CHECKIN,,N
20873,100055.2,2026-08-29,,2026-08-29 14:49:49,OUT_OF_WINDOW,NO_CHECKIN,,N
20875,100002.5,2026-08-29,,2026-08-29 12:47:10,OUT_OF_WINDOW,NO_CHECKIN,,N
20877,100002.5,2026-08-29,,2026-08-29 14:55:42,OUT_OF_WINDOW,NO_CHECKIN,,N
20880,100047.2,2026-08-29,,2026-08-29 15:45:56,OUT_OF_WINDOW,NO_CHECKIN,,N
20881,100055.2,2026-08-29,,2026-08-29 15:57:57,OUT_OF_WINDOW,NO_CHECKIN,,N
20882,100084.3,2026-08-29,,2026-08-29 10:16:56,OUT_OF_WINDOW,NO_CHECKIN,,N
20884,100084.3,2026-08-29,,2026-08-29 12:17:10,OUT_OF_WINDOW,NO_CHECKIN,,N
20887,100084.3,2026-08-29,,2026-08-29 14:18:56,OUT_OF_WINDOW,NO_CHECKIN,,N
20891,100084.3,2026-08-29,,2026-08-29 16:19:23,OUT_OF_WINDOW,NO_CHECKIN,,N
20897,100013.3,2026-08-29,,2026-08-29 16:24:25,OUT_OF_WINDOW,AFTER_CUTOFF,144.4,N
20901,100013.3,2026-08-29,,2026-08-29 16:25:04,OUT_OF_WINDOW,AFTER_CUTOFF,145.1,N
20902,100078.3,2026-08-29,,2026-08-29 16:36:26,OUT_OF_WINDOW,NO_CHECKIN,,N
20903,100046.2,2026-08-29,,2026-08-29 16:38:24,OUT_OF_WINDOW,AFTER_CUTOFF,1478.4,N
20904,100002.5,2026-08-29,,2026-08-29 16:56:11,OUT_OF_WINDOW,NO_CHECKIN,,N
20906,100047.2,2026-08-29,,2026-08-29 17:11:23,OUT_OF_WINDOW,NO_CHECKIN,,N
20907,100055.2,2026-08-29,,2026-08-29 17:13:06,OUT_OF_WINDOW,NO_CHECKIN,,N
20908,100003.3,2026-08-29,,2026-08-29 17:13:26,OUT_OF_WINDOW,AFTER_CUTOFF,193.4,N
20911,100064.3,2026-08-29,,2026-08-29 13:21:05,OUT_OF_WINDOW,AFTER_CHECKOUT,46.1,N
20913,100064.3,2026-08-29,,2026-08-29 15:26:14,OUT_OF_WINDOW,AFTER_CHECKOUT,171.2,N
20916,100064.3,2026-08-29,,2026-08-29 17:41:45,OUT_OF_WINDOW,AFTER_CHECKOUT,306.8,N
20917,100055.2,2026-08-29,,2026-08-29 18:20:52,OUT_OF_WINDOW,NO_CHECKIN,,N
20918,100078.3,2026-08-29,,2026-08-29 18:36:31,OUT_OF_WINDOW,NO_CHECKIN,,N
20919,100002.5,2026-08-29,,2026-08-29 18:56:40,OUT_OF_WINDOW,NO_CHECKIN,,N
20920,100046.3,2026-08-30,,2026-08-29 19:15:01,OUT_OF_WINDOW,AFTER_CUTOFF,75,N
20921,100047.2,2026-08-29,,2026-08-29 18:15:45,OUT_OF_WINDOW,NO_CHECKIN,,N
20923,100047.2,2026-08-30,,2026-08-29 19:19:54,OUT_OF_WINDOW,NO_CHECKIN,,N
20924,100064.3,2026-08-30,,2026-08-29 19:42:15,OUT_OF_WINDOW,AFTER_CHECKOUT,427.3,N
20925,100055.2,2026-08-30,,2026-08-29 19:43:24,OUT_OF_WINDOW,NO_CHECKIN,,N
20926,100078.3,2026-08-30,,2026-08-29 20:36:58,OUT_OF_WINDOW,NO_CHECKIN,,N
20927,100055.2,2026-08-30,,2026-08-29 20:43:35,OUT_OF_WINDOW,NO_CHECKIN,,N
20928,100002.5,2026-08-30,,2026-08-29 20:57:43,OUT_OF_WINDOW,NO_CHECKIN,,N
20929,100046.3,2026-08-30,,2026-08-29 21:19:46,OUT_OF_WINDOW,AFTER_CUTOFF,199.8,N
20930,100013.3,2026-08-30,,2026-08-29 21:24:56,OUT_OF_WINDOW,AFTER_CUTOFF,444.9,N
20931,100047.2,2026-08-30,,2026-08-29 20:19:59,OUT_OF_WINDOW,NO_CHECKIN,,N
20933,100047.2,2026-08-30,,2026-08-29 21:25:28,OUT_OF_WINDOW,NO_CHECKIN,,N
20934,100064.3,2026-08-30,,2026-08-29 21:45:25,OUT_OF_WINDOW,AFTER_CHECKOUT,550.4,N
20935,100055.2,2026-08-30,,2026-08-29 21:48:28,OUT_OF_WINDOW,NO_CHECKIN,,N
20936,100047.2,2026-08-30,,2026-08-29 22:25:59,OUT_OF_WINDOW,NO_CHECKIN,,N
20937,100078.3,2026-08-30,,2026-08-29 22:39:03,OUT_OF_WINDOW,NO_CHECKIN,,N
20938,100055.2,2026-08-30,,2026-08-29 22:53:58,OUT_OF_WINDOW,NO_CHECKIN,,N
20939,100002.5,2026-08-30,,2026-08-29 22:58:13,OUT_OF_WINDOW,NO_CHECKIN,,N
20940,100013.3,2026-08-30,,2026-08-29 23:26:44,OUT_OF_WINDOW,AFTER_CUTOFF,566.7,N
20941,100047.2,2026-08-30,,2026-08-29 23:26:51,OUT_OF_WINDOW,NO_CHECKIN,,N
20942,100064.3,2026-08-30,,2026-08-29 23:46:54,OUT_OF_WINDOW,AFTER_CHECKOUT,671.9,N
20943,100046.3,2026-08-30,,2026-08-29 23:53:45,OUT_OF_WINDOW,AFTER_CUTOFF,353.8,N
20944,100011.2,2026-08-30,,2026-08-30 00:16:54,OUT_OF_WINDOW,NO_CHECKIN,,N
20945,100055.2,2026-08-30,,2026-08-30 00:22:26,OUT_OF_WINDOW,NO_CHECKIN,,N
20946,100078.3,2026-08-30,,2026-08-30 00:40:16,OUT_OF_WINDOW,NO_CHECKIN,,N
20947,100002.5,2026-08-30,,2026-08-30 00:59:21,OUT_OF_WINDOW,NO_CHECKIN,,N
20948,100047.2,2026-08-30,,2026-08-30 00:26:52,OUT_OF_WINDOW,NO_CHECKIN,,N
20950,100047.2,2026-08-30,,2026-08-30 01:31:16,OUT_OF_WINDOW,NO_CHECKIN,,N
20951,100064.3,2026-08-30,,2026-08-30 01:52:53,OUT_OF_WINDOW,AFTER_CHECKOUT,797.9,N
20952,100046.3,2026-08-30,,2026-08-30 01:56:01,OUT_OF_WINDOW,AFTER_CUTOFF,476,N
20954,100055.2,2026-08-30,,2026-08-30 02:22:59,OUT_OF_WINDOW,NO_CHECKIN,,N
20955,100047.2,2026-08-30,,2026-08-30 02:31:31,OUT_OF_WINDOW,NO_CHECKIN,,N
20956,100084.3,2026-08-29,,2026-08-29 18:28:17,OUT_OF_WINDOW,NO_CHECKIN,,N
20958,100084.3,2026-08-30,,2026-08-30 01:30:37,OUT_OF_WINDOW,NO_CHECKIN,,N
20960,100047.2,2026-08-30,,2026-08-30 03:40:57,OUT_OF_WINDOW,NO_CHECKIN,,N
20968,100002.5,2026-08-30,,2026-08-30 03:59:03,OUT_OF_WINDOW,NO_CHECKIN,,N
20969,100064.3,2026-08-30,,2026-08-30 04:05:35,OUT_OF_WINDOW,AFTER_CHECKOUT,930.6,N
20970,100046.3,2026-08-30,,2026-08-30 04:14:08,OUT_OF_WINDOW,AFTER_CUTOFF,614.1,N
20973,100047.2,2026-08-30,,2026-08-30 04:58:23,OUT_OF_WINDOW,NO_CHECKIN,,N
20976,100047.2,2026-08-30,,2026-08-30 05:58:28,OUT_OF_WINDOW,NO_CHECKIN,,N
20977,100064.3,2026-08-30,,2026-08-30 06:07:23,OUT_OF_WINDOW,AFTER_CHECKOUT,1052.4,N
20978,100046.3,2026-08-30,,2026-08-30 06:19:37,OUT_OF_WINDOW,AFTER_CUTOFF,739.6,N
20979,100055.2,2026-08-30,,2026-08-30 06:23:32,OUT_OF_WINDOW,NO_CHECKIN,,N
20980,100078.3,2026-08-30,,2026-08-30 02:40:32,OUT_OF_WINDOW,NO_CHECKIN,,N
20982,100078.3,2026-08-30,,2026-08-30 04:57:31,OUT_OF_WINDOW,NO_CHECKIN,,N
20985,100078.3,2026-08-30,,2026-08-30 06:58:23,OUT_OF_WINDOW,NO_CHECKIN,,N
20986,100047.2,2026-08-30,,2026-08-30 07:07:53,OUT_OF_WINDOW,NO_CHECKIN,,N
20987,100055.2,2026-08-30,,2026-08-30 07:25:41,OUT_OF_WINDOW,NO_CHECKIN,,N
20988,100002.5,2026-08-30,,2026-08-30 05:59:42,OUT_OF_WINDOW,NO_CHECKIN,,N
20990,100002.5,2026-08-30,,2026-08-30 08:03:42,OUT_OF_WINDOW,NO_CHECKIN,,N
20991,100047.2,2026-08-30,,2026-08-30 08:08:54,OUT_OF_WINDOW,NO_CHECKIN,,N
20992,100064.3,2026-08-30,,2026-08-30 08:11:35,OUT_OF_WINDOW,AFTER_CHECKOUT,1176.6,N
20993,100046.3,2026-08-30,,2026-08-30 08:26:16,OUT_OF_WINDOW,AFTER_CUTOFF,866.3,N
20994,100055.2,2026-08-30,,2026-08-30 08:28:34,OUT_OF_WINDOW,NO_CHECKIN,,N
20995,100047.2,2026-08-30,,2026-08-30 09:17:21,OUT_OF_WINDOW,NO_CHECKIN,,N
20996,100055.2,2026-08-30,,2026-08-30 09:43:22,OUT_OF_WINDOW,NO_CHECKIN,,N
20997,100064.3,2026-08-30,,2026-08-30 10:12:12,OUT_OF_WINDOW,AFTER_CHECKOUT,1297.2,N
20998,100047.2,2026-08-30,,2026-08-30 10:18:14,OUT_OF_WINDOW,NO_CHECKIN,,N
20999,100046.3,2026-08-30,,2026-08-30 10:26:20,OUT_OF_WINDOW,AFTER_CUTOFF,986.3,N
21000,100055.2,2026-08-30,,2026-08-30 11:06:51,OUT_OF_WINDOW,NO_CHECKIN,,N
21001,100078.3,2026-08-30,,2026-08-30 09:09:08,OUT_OF_WINDOW,NO_CHECKIN,,N
21003,100078.3,2026-08-30,,2026-08-30 11:09:40,OUT_OF_WINDOW,NO_CHECKIN,,N
21004,100047.2,2026-08-30,,2026-08-30 11:29:42,OUT_OF_WINDOW,NO_CHECKIN,,N
21005,100002.5,2026-08-30,,2026-08-30 10:04:07,OUT_OF_WINDOW,NO_CHECKIN,,N
21007,100002.5,2026-08-30,,2026-08-30 12:10:29,OUT_OF_WINDOW,NO_CHECKIN,,N
21008,100046.3,2026-08-30,,2026-08-30 12:26:39,OUT_OF_WINDOW,AFTER_CUTOFF,1106.7,N
21009,100064.3,2026-08-30,,2026-08-30 12:28:08,OUT_OF_WINDOW,AFTER_CHECKOUT,1433.1,N
21010,100055.2,2026-08-30,,2026-08-30 13:07:21,OUT_OF_WINDOW,NO_CHECKIN,,N
21011,100011.2,2026-08-30,,2026-08-30 13:18:18,OUT_OF_WINDOW,NO_CHECKIN,,N
21012,100047.2,2026-08-30,,2026-08-30 12:43:25,OUT_OF_WINDOW,NO_CHECKIN,,N
21014,100047.2,2026-08-30,,2026-08-30 13:48:21,OUT_OF_WINDOW,NO_CHECKIN,,N
21015,100055.2,2026-08-30,,2026-08-30 14:11:49,OUT_OF_WINDOW,NO_CHECKIN,,N
21016,100046.3,2026-08-30,,2026-08-30 14:26:41,OUT_OF_WINDOW,AFTER_CUTOFF,1226.7,N
21017,100064.3,2026-08-30,,2026-08-30 14:28:18,OUT_OF_WINDOW,AFTER_CHECKOUT,1553.3,N
21020,100084.3,2026-08-30,,2026-08-30 03:31:30,OUT_OF_WINDOW,NO_CHECKIN,,N
21022,100084.3,2026-08-30,,2026-08-30 07:53:14,OUT_OF_WINDOW,NO_CHECKIN,,N
21025,100084.3,2026-08-30,,2026-08-30 10:41:21,OUT_OF_WINDOW,NO_CHECKIN,,N
21029,100084.3,2026-08-30,,2026-08-30 13:02:13,OUT_OF_WINDOW,NO_CHECKIN,,N
21034,100084.3,2026-08-30,,2026-08-30 15:02:26,OUT_OF_WINDOW,NO_CHECKIN,,N
21035,100078.3,2026-08-30,,2026-08-30 13:18:24,OUT_OF_WINDOW,NO_CHECKIN,,N
21037,100078.3,2026-08-30,,2026-08-30 15:18:58,OUT_OF_WINDOW,NO_CHECKIN,,N
21038,100047.2,2026-08-30,,2026-08-30 14:49:16,OUT_OF_WINDOW,NO_CHECKIN,,N
21040,100047.2,2026-08-30,,2026-08-30 15:49:53,OUT_OF_WINDOW,NO_CHECKIN,,N
21041,100023.2,2026-08-30,,2026-08-30 15:54:06,OUT_OF_WINDOW,AFTER_CHECKOUT,44.1,N
21042,100002.5,2026-08-30,,2026-08-30 14:10:43,OUT_OF_WINDOW,NO_CHECKIN,,N
21044,100002.5,2026-08-30,,2026-08-30 16:14:37,OUT_OF_WINDOW,NO_CHECKIN,,N
21045,100055.2,2026-08-30,,2026-08-30 15:12:03,OUT_OF_WINDOW,NO_CHECKIN,,N
21047,100055.2,2026-08-30,,2026-08-30 16:19:16,OUT_OF_WINDOW,NO_CHECKIN,,N
21049,100046.3,2026-08-30,,2026-08-30 16:32:04,OUT_OF_WINDOW,AFTER_CUTOFF,1352.1,N
21050,100064.3,2026-08-30,,2026-08-30 16:36:33,OUT_OF_WINDOW,AFTER_CHECKOUT,1681.6,N
21051,100047.2,2026-08-30,,2026-08-30 16:49:58,OUT_OF_WINDOW,NO_CHECKIN,,N
21052,100084.3,2026-08-30,,2026-08-30 17:02:41,OUT_OF_WINDOW,NO_CHECKIN,,N
21053,100078.3,2026-08-30,,2026-08-30 17:25:28,OUT_OF_WINDOW,NO_CHECKIN,,N
21054,100055.2,2026-08-30,,2026-08-30 17:33:41,OUT_OF_WINDOW,NO_CHECKIN,,N
21055,100047.2,2026-08-30,,2026-08-30 18:04:49,OUT_OF_WINDOW,NO_CHECKIN,,N
21056,100046.3,2026-08-30,,2026-08-30 18:40:52,OUT_OF_WINDOW,AFTER_CUTOFF,1480.9,N
21057,100064.3,2026-08-30,,2026-08-30 18:46:25,OUT_OF_WINDOW,AFTER_CHECKOUT,1811.4,N
21058,100047.2,2026-08-31,,2026-08-30 19:38:46,OUT_OF_WINDOW,NO_CHECKIN,,N
21059,100055.2,2026-08-31,,2026-08-30 19:52:39,OUT_OF_WINDOW,NO_CHECKIN,,N
21060,100047.2,2026-08-31,,2026-08-30 20:45:31,OUT_OF_WINDOW,NO_CHECKIN,,N
21061,100064.3,2026-08-31,,2026-08-30 20:47:33,OUT_OF_WINDOW,BEFORE_CHECKIN,260.5,N
21062,100055.2,2026-08-31,,2026-08-30 20:53:34,OUT_OF_WINDOW,NO_CHECKIN,,N
21063,100047.2,2026-08-31,,2026-08-30 21:46:10,OUT_OF_WINDOW,NO_CHECKIN,,N
21064,100055.2,2026-08-31,,2026-08-30 21:54:23,OUT_OF_WINDOW,NO_CHECKIN,,N
21065,100002.5,2026-08-30,,2026-08-30 18:14:59,OUT_OF_WINDOW,NO_CHECKIN,,N
21067,100002.5,2026-08-31,,2026-08-30 20:15:27,OUT_OF_WINDOW,NO_CHECKIN,,N
21070,100002.5,2026-08-31,,2026-08-30 22:42:28,OUT_OF_WINDOW,NO_CHECKIN,,N
21071,100064.3,2026-08-31,,2026-08-30 22:47:56,OUT_OF_WINDOW,BEFORE_CHECKIN,140.1,N
21072,100055.2,2026-08-31,,2026-08-30 22:54:24,OUT_OF_WINDOW,NO_CHECKIN,,N
21073,100078.3,2026-08-31,,2026-08-30 23:08:41,OUT_OF_WINDOW,BEFORE_CHECKIN,267.3,N
21074,100055.2,2026-08-31,,2026-08-30 23:55:00,OUT_OF_WINDOW,NO_CHECKIN,,N
21075,100046.3,2026-08-31,,2026-08-30 20:48:07,OUT_OF_WINDOW,NO_CHECKIN,,N
21077,100046.3,2026-08-31,,2026-08-30 23:55:31,OUT_OF_WINDOW,NO_CHECKIN,,N
21078,100002.5,2026-08-31,,2026-08-31 00:44:02,OUT_OF_WINDOW,NO_CHECKIN,,N
21079,100047.2,2026-08-31,,2026-08-30 22:46:58,OUT_OF_WINDOW,NO_CHECKIN,,N
21081,100047.2,2026-08-31,,2026-08-31 00:48:00,OUT_OF_WINDOW,NO_CHECKIN,,N
21082,100064.3,2026-08-31,,2026-08-31 00:48:47,OUT_OF_WINDOW,BEFORE_CHECKIN,19.2,N
21083,100055.2,2026-08-31,,2026-08-31 00:59:50,OUT_OF_WINDOW,NO_CHECKIN,,N
21088,100047.2,2026-08-31,,2026-08-31 01:49:20,OUT_OF_WINDOW,NO_CHECKIN,,N
21089,100055.2,2026-08-31,,2026-08-31 02:00:00,OUT_OF_WINDOW,NO_CHECKIN,,N
21092,100084.3,2026-08-31,,2026-08-31 01:30:36,OUT_OF_WINDOW,NO_CHECKIN,,N
21094,100046.3,2026-08-31,,2026-08-31 02:21:23,OUT_OF_WINDOW,NO_CHECKIN,,N
21095,100002.5,2026-08-31,,2026-08-31 02:50:50,OUT_OF_WINDOW,NO_CHECKIN,,N
21096,100011.2,2026-08-31,,2026-08-31 02:54:50,OUT_OF_WINDOW,NO_CHECKIN,,N
21099,100047.2,2026-08-31,,2026-08-31 03:09:10,OUT_OF_WINDOW,NO_CHECKIN,,N
21101,100078.3,2026-08-31,,2026-08-31 01:13:58,OUT_OF_WINDOW,BEFORE_CHECKIN,142,N
21102,100078.3,2026-08-31,,2026-08-31 03:18:56,OUT_OF_WINDOW,BEFORE_CHECKIN,17.1,N
21103,100055.2,2026-08-31,,2026-08-31 03:20:33,OUT_OF_WINDOW,NO_CHECKIN,,N
21112,100067.2,2026-08-31,,2026-08-31 03:59:48,OUT_OF_WINDOW,BEFORE_CHECKIN,722.2,N
21115,100013.3,2026-08-30,,2026-08-30 01:27:34,OUT_OF_WINDOW,AFTER_CUTOFF,687.6,N
21118,100055.2,2026-08-31,,2026-08-31 04:25:17,OUT_OF_WINDOW,NO_CHECKIN,,N
21119,100046.3,2026-08-31,,2026-08-31 04:26:11,OUT_OF_WINDOW,NO_CHECKIN,,N
21123,100047.2,2026-08-31,,2026-08-31 04:51:20,OUT_OF_WINDOW,NO_CHECKIN,,N
21137,100055.2,2026-08-31,,2026-08-31 05:27:57,OUT_OF_WINDOW,NO_CHECKIN,,N
21141,100006.2,2026-08-31,,2026-08-31 06:13:45,OUT_OF_WINDOW,NO_CHECKIN,,N
21142,100047.2,2026-08-31,,2026-08-31 06:22:42,OUT_OF_WINDOW,NO_CHECKIN,,N
21143,100055.2,2026-08-31,,2026-08-31 06:33:14,OUT_OF_WINDOW,NO_CHECKIN,,N
21144,100046.3,2026-08-31,,2026-08-31 06:37:28,OUT_OF_WINDOW,NO_CHECKIN,,N
21145,100002.5,2026-08-31,,2026-08-31 04:51:06,OUT_OF_WINDOW,NO_CHECKIN,,N
21147,100002.5,2026-08-31,,2026-08-31 06:51:16,OUT_OF_WINDOW,NO_CHECKIN,,N
21148,100047.2,2026-08-31,,2026-08-31 07:22:49,OUT_OF_WINDOW,NO_CHECKIN,,N
21149,100055.2,2026-08-31,,2026-08-31 07:33:37,OUT_OF_WINDOW,NO_CHECKIN,,N
21150,100001.2,2026-08-29,,2026-08-29 08:10:46,OUT_OF_WINDOW,NO_CHECKIN,,N
21152,100001.2,2026-08-29,,2026-08-29 08:10:48,OUT_OF_WINDOW,NO_CHECKIN,,N
21155,100001.2,2026-08-31,,2026-08-31 08:04:56,OUT_OF_WINDOW,NO_CHECKIN,,N
21160,100055.2,2026-08-31,,2026-08-31 08:34:18,OUT_OF_WINDOW,NO_CHECKIN,,N
21161,100047.2,2026-08-31,,2026-08-31 08:38:54,OUT_OF_WINDOW,NO_CHECKIN,,N
21162,100002.5,2026-08-31,,2026-08-31 08:51:25,OUT_OF_WINDOW,NO_CHECKIN,,N
21164,100047.2,2026-08-31,,2026-08-31 09:41:24,OUT_OF_WINDOW,NO_CHECKIN,,N
21165,100055.2,2026-08-31,,2026-08-31 09:42:33,OUT_OF_WINDOW,NO_CHECKIN,,N
21166,100046.3,2026-08-31,,2026-08-31 08:48:17,OUT_OF_WINDOW,NO_CHECKIN,,N
21167,100013.2,2026-08-31,,2026-08-31 10:37:37,OUT_OF_WINDOW,NO_CHECKIN,,N
21168,100001.2,2026-08-31,,2026-08-31 10:42:22,OUT_OF_WINDOW,NO_CHECKIN,,N
21169,100055.2,2026-08-31,,2026-08-31 10:42:45,OUT_OF_WINDOW,NO_CHECKIN,,N
21170,100047.2,2026-08-31,,2026-08-31 10:43:26,OUT_OF_WINDOW,NO_CHECKIN,,N
21172,100046.3,2026-08-31,,2026-08-31 10:52:07,OUT_OF_WINDOW,NO_CHECKIN,,N
21173,100126.3,2026-08-31,,2026-08-31 08:53:41,OUT_OF_WINDOW,NO_CHECKIN,,N
21175,100126.3,2026-08-31,,2026-08-31 10:54:54,OUT_OF_WINDOW,NO_CHECKIN,,N
21176,100002.5,2026-08-31,,2026-08-31 10:58:42,OUT_OF_WINDOW,NO_CHECKIN,,N
21178,100055.2,2026-08-31,,2026-08-31 11:44:11,OUT_OF_WINDOW,NO_CHECKIN,,N
21179,100047.2,2026-08-31,,2026-08-31 11:45:32,OUT_OF_WINDOW,NO_CHECKIN,,N
21184,100055.2,2026-08-31,,2026-08-31 12:44:16,OUT_OF_WINDOW,NO_CHECKIN,,N
21185,100047.2,2026-08-31,,2026-08-31 12:52:01,OUT_OF_WINDOW,NO_CHECKIN,,N
21186,100046.3,2026-08-31,,2026-08-31 12:52:17,OUT_OF_WINDOW,NO_CHECKIN,,N
21189,100002.5,2026-08-31,,2026-08-31 13:00:01,OUT_OF_WINDOW,NO_CHECKIN,,N
21204,100055.2,2026-08-31,,2026-08-31 13:46:54,OUT_OF_WINDOW,NO_CHECKIN,,N
21205,100047.2,2026-08-31,,2026-08-31 13:53:35,OUT_OF_WINDOW,NO_CHECKIN,,N
21206,100061.3,2026-08-31,,2026-08-31 14:16:30,OUT_OF_WINDOW,AFTER_CUTOFF,16.5,N
21208,100055.2,2026-08-31,,2026-08-31 14:49:49,OUT_OF_WINDOW,NO_CHECKIN,,N
21209,100046.3,2026-08-31,,2026-08-31 14:52:52,OUT_OF_WINDOW,NO_CHECKIN,,N
21210,100047.2,2026-08-31,,2026-08-31 14:54:18,OUT_OF_WINDOW,NO_CHECKIN,,N
21213,100002.5,2026-08-31,,2026-08-31 15:00:17,OUT_OF_WINDOW,NO_CHECKIN,,N
21216,100055.2,2026-08-31,,2026-08-31 15:52:58,OUT_OF_WINDOW,NO_CHECKIN,,N
21217,100047.2,2026-08-31,,2026-08-31 15:55:07,OUT_OF_WINDOW,NO_CHECKIN,,N
21218,100011.2,2026-08-31,,2026-08-31 15:55:23,OUT_OF_WINDOW,NO_CHECKIN,,N
21219,100067.2,2026-08-31,,2026-08-31 16:02:56,OUT_OF_WINDOW,AFTER_CUTOFF,2.9,N
21225,100015.3,2026-08-31,,2026-08-31 16:11:24,OUT_OF_WINDOW,AFTER_CUTOFF,131.4,N
21226,100064.3,2026-08-31,,2026-08-31 14:11:28,OUT_OF_WINDOW,AFTER_CUTOFF,11.5,N
21228,100064.3,2026-08-31,,2026-08-31 16:11:42,OUT_OF_WINDOW,AFTER_CUTOFF,131.7,N
21229,100067.2,2026-08-31,,2026-08-31 16:26:23,OUT_OF_WINDOW,AFTER_CUTOFF,26.4,N
21230,100084.3,2026-08-31,,2026-08-31 03:41:16,OUT_OF_WINDOW,NO_CHECKIN,,N
21232,100084.3,2026-08-31,,2026-08-31 06:01:39,OUT_OF_WINDOW,NO_CHECKIN,,N
21235,100084.3,2026-08-31,,2026-08-31 08:14:09,OUT_OF_WINDOW,NO_CHECKIN,,N
21239,100084.3,2026-08-31,,2026-08-31 12:26:28,OUT_OF_WINDOW,NO_CHECKIN,,N
21244,100084.3,2026-08-31,,2026-08-31 14:28:03,OUT_OF_WINDOW,NO_CHECKIN,,N
21250,100084.3,2026-08-31,,2026-08-31 16:28:43,OUT_OF_WINDOW,NO_CHECKIN,,N
21254,100002.5,2026-08-31,,2026-08-31 17:02:27,OUT_OF_WINDOW,NO_CHECKIN,,N
21255,100055.2,2026-08-31,,2026-08-31 17:06:35,OUT_OF_WINDOW,NO_CHECKIN,,N
21256,100047.2,2026-08-31,,2026-08-31 16:55:56,OUT_OF_WINDOW,NO_CHECKIN,,N
21258,100047.2,2026-08-31,,2026-08-31 17:56:23,OUT_OF_WINDOW,NO_CHECKIN,,N
21259,100064.3,2026-08-31,,2026-08-31 18:26:11,OUT_OF_WINDOW,AFTER_CUTOFF,266.2,N
21260,100047.2,2026-08-31,,2026-08-31 18:56:58,OUT_OF_WINDOW,NO_CHECKIN,,N
21261,100126.3,2026-08-31,,2026-08-31 17:06:30,OUT_OF_WINDOW,NO_CHECKIN,,N
21263,100126.3,2026-09-01,,2026-08-31 19:07:06,OUT_OF_WINDOW,BEFORE_CHECKIN,490.9,N
21264,100055.2,2026-09-01,,2026-08-31 19:10:28,OUT_OF_WINDOW,NO_CHECKIN,,N
21265,100046.3,2026-08-31,,2026-08-31 16:58:52,OUT_OF_WINDOW,NO_CHECKIN,,N
21267,100046.3,2026-09-01,,2026-08-31 19:11:51,OUT_OF_WINDOW,NO_CHECKIN,,N
21268,100002.5,2026-09-01,,2026-08-31 19:19:23,OUT_OF_WINDOW,NO_CHECKIN,,N
21269,100064.3,2026-09-01,,2026-08-31 20:26:44,OUT_OF_WINDOW,BEFORE_CHECKIN,270.3,N
21270,100047.2,2026-09-01,,2026-08-31 20:36:12,OUT_OF_WINDOW,NO_CHECKIN,,N
21271,100055.2,2026-09-01,,2026-08-31 21:10:59,OUT_OF_WINDOW,NO_CHECKIN,,N
21272,100047.2,2026-09-01,,2026-08-31 21:59:33,OUT_OF_WINDOW,NO_CHECKIN,,N
21273,100055.2,2026-09-01,,2026-08-31 22:11:25,OUT_OF_WINDOW,NO_CHECKIN,,N
21274,100046.3,2026-09-01,,2026-08-31 22:23:16,OUT_OF_WINDOW,NO_CHECKIN,,N
21275,100064.3,2026-09-01,,2026-08-31 22:26:46,OUT_OF_WINDOW,BEFORE_CHECKIN,150.2,N
21276,100002.5,2026-09-01,,2026-08-31 22:54:42,OUT_OF_WINDOW,NO_CHECKIN,,N
21277,100047.2,2026-09-01,,2026-08-31 23:01:07,OUT_OF_WINDOW,NO_CHECKIN,,N
21278,100055.2,2026-09-01,,2026-08-31 23:13:04,OUT_OF_WINDOW,NO_CHECKIN,,N
21279,100055.2,2026-09-01,,2026-09-01 00:21:55,OUT_OF_WINDOW,NO_CHECKIN,,N
21281,100047.2,2026-09-01,,2026-09-01 01:01:35,OUT_OF_WINDOW,NO_CHECKIN,,N
21282,100002.5,2026-09-01,,2026-09-01 01:06:23,OUT_OF_WINDOW,NO_CHECKIN,,N
21283,100064.3,2026-09-01,,2026-09-01 00:50:06,OUT_OF_WINDOW,BEFORE_CHECKIN,6.9,N
21287,100055.2,2026-09-01,,2026-09-01 01:22:33,OUT_OF_WINDOW,NO_CHECKIN,,N
21289,100055.2,2026-09-01,,2026-09-01 02:40:59,OUT_OF_WINDOW,NO_CHECKIN,,N
21290,100126.3,2026-09-01,,2026-09-01 00:38:29,OUT_OF_WINDOW,BEFORE_CHECKIN,159.5,N
21292,100126.3,2026-09-01,,2026-09-01 02:49:34,OUT_OF_WINDOW,BEFORE_CHECKIN,28.4,N
21294,100046.3,2026-09-01,,2026-09-01 00:56:56,OUT_OF_WINDOW,NO_CHECKIN,,N
21296,100046.3,2026-09-01,,2026-09-01 02:57:16,OUT_OF_WINDOW,NO_CHECKIN,,N
21299,100055.2,2026-09-01,,2026-09-01 03:41:15,OUT_OF_WINDOW,NO_CHECKIN,,N
21312,100071.3,2026-09-01,,2026-09-01 04:14:06,OUT_OF_WINDOW,NO_CHECKIN,,N
21314,100015.3,2026-09-01,,2026-09-01 04:29:20,OUT_OF_WINDOW,BEFORE_CHECKIN,30.7,N
21316,100084.3,2026-08-31,,2026-08-31 18:54:25,OUT_OF_WINDOW,NO_CHECKIN,,N
21318,100084.3,2026-09-01,,2026-09-01 01:28:48,OUT_OF_WINDOW,NO_CHECKIN,,N
21321,100084.3,2026-09-01,,2026-09-01 03:34:27,OUT_OF_WINDOW,NO_CHECKIN,,N
21326,100047.2,2026-09-01,,2026-09-01 04:57:24,OUT_OF_WINDOW,NO_CHECKIN,,N
21328,100011.2,2026-09-01,,2026-09-01 04:58:41,OUT_OF_WINDOW,NO_CHECKIN,,N
21334,100055.2,2026-09-01,,2026-09-01 05:15:11,OUT_OF_WINDOW,NO_CHECKIN,,N
21340,100055.2,2026-09-01,,2026-09-01 06:18:50,OUT_OF_WINDOW,NO_CHECKIN,,N
21341,100078.3,2026-08-31,,2026-08-31 17:51:26,OUT_OF_WINDOW,AFTER_CHECKOUT,17.4,N
21343,100078.3,2026-09-01,,2026-09-01 06:23:47,OUT_OF_WINDOW,AFTER_CHECKOUT,769.8,N
21344,100047.2,2026-09-01,,2026-09-01 06:38:31,OUT_OF_WINDOW,NO_CHECKIN,,N
21345,100055.2,2026-09-01,,2026-09-01 07:25:40,OUT_OF_WINDOW,NO_CHECKIN,,N
21347,100047.2,2026-09-01,,2026-09-01 07:38:37,OUT_OF_WINDOW,NO_CHECKIN,,N
21348,100002.5,2026-09-01,,2026-09-01 03:07:27,OUT_OF_WINDOW,NO_CHECKIN,,N
21350,100002.5,2026-09-01,,2026-09-01 05:51:06,OUT_OF_WINDOW,NO_CHECKIN,,N
21353,100002.5,2026-09-01,,2026-09-01 07:51:09,OUT_OF_WINDOW,NO_CHECKIN,,N
21357,100055.2,2026-09-01,,2026-09-01 08:25:43,OUT_OF_WINDOW,NO_CHECKIN,,N
21358,100078.3,2026-09-01,,2026-09-01 08:36:10,OUT_OF_WINDOW,AFTER_CHECKOUT,902.2,N
21359,100047.2,2026-09-01,,2026-09-01 08:43:53,OUT_OF_WINDOW,NO_CHECKIN,,N
21360,100055.2,2026-09-01,,2026-09-01 09:26:33,OUT_OF_WINDOW,NO_CHECKIN,,N
21361,100195.1,2026-09-01,,2026-09-01 09:31:49,OUT_OF_WINDOW,NO_CHECKIN,,N
21367,100002.5,2026-09-01,,2026-09-01 09:52:52,OUT_OF_WINDOW,NO_CHECKIN,,N
21368,100047.2,2026-09-01,,2026-09-01 09:59:56,OUT_OF_WINDOW,NO_CHECKIN,,N
21371,100055.2,2026-09-01,,2026-09-01 10:26:47,OUT_OF_WINDOW,NO_CHECKIN,,N
21372,100047.2,2026-09-01,,2026-09-01 11:00:06,OUT_OF_WINDOW,NO_CHECKIN,,N
21374,100046.3,2026-09-01,,2026-09-01 04:59:50,OUT_OF_WINDOW,NO_CHECKIN,,N
21376,100046.3,2026-09-01,,2026-09-01 07:02:59,OUT_OF_WINDOW,NO_CHECKIN,,N
21379,100046.3,2026-09-01,,2026-09-01 09:04:52,OUT_OF_WINDOW,NO_CHECKIN,,N
21383,100046.3,2026-09-01,,2026-09-01 11:05:19,OUT_OF_WINDOW,NO_CHECKIN,,N
21385,100055.2,2026-09-01,,2026-09-01 11:26:56,OUT_OF_WINDOW,NO_CHECKIN,,N
21387,100002.5,2026-09-01,,2026-09-01 11:59:48,OUT_OF_WINDOW,NO_CHECKIN,,N
21388,100055.2,2026-09-01,,2026-09-01 12:27:20,OUT_OF_WINDOW,NO_CHECKIN,,N
21389,100046.2,2026-09-01,,2026-09-01 12:30:15,OUT_OF_WINDOW,NO_CHECKIN,,N
21405,100078.3,2026-09-01,,2026-09-01 10:39:54,OUT_OF_WINDOW,AFTER_CHECKOUT,1025.9,N
21407,100078.3,2026-09-01,,2026-09-01 12:40:56,OUT_OF_WINDOW,AFTER_CHECKOUT,1146.9,N
21410,100046.3,2026-09-01,,2026-09-01 13:05:53,OUT_OF_WINDOW,NO_CHECKIN,,N
21412,100055.2,2026-09-01,,2026-09-01 13:28:07,OUT_OF_WINDOW,NO_CHECKIN,,N
21413,100046.2,2026-09-01,,2026-09-01 13:34:01,OUT_OF_WINDOW,NO_CHECKIN,,N
21415,100047.2,2026-09-01,,2026-09-01 12:00:30,OUT_OF_WINDOW,NO_CHECKIN,,N
21417,100047.2,2026-09-01,,2026-09-01 13:00:36,OUT_OF_WINDOW,NO_CHECKIN,,N
21420,100047.2,2026-09-01,,2026-09-01 14:00:54,OUT_OF_WINDOW,NO_CHECKIN,,N
21422,100002.5,2026-09-01,,2026-09-01 14:25:30,OUT_OF_WINDOW,NO_CHECKIN,,N
21423,100055.2,2026-09-01,,2026-09-01 14:37:23,OUT_OF_WINDOW,NO_CHECKIN,,N
21429,100047.2,2026-09-01,,2026-09-01 15:00:57,OUT_OF_WINDOW,NO_CHECKIN,,N
21432,100046.3,2026-09-01,,2026-09-01 15:10:18,OUT_OF_WINDOW,NO_CHECKIN,,N
21433,100055.2,2026-09-01,,2026-09-01 15:47:24,OUT_OF_WINDOW,NO_CHECKIN,,N
21434,100064.3,2026-09-01,,2026-09-01 15:56:36,OUT_OF_WINDOW,AFTER_CUTOFF,116.6,N
21435,100047.2,2026-09-01,,2026-09-01 16:01:20,OUT_OF_WINDOW,NO_CHECKIN,,N
21437,100056.2,2026-09-01,,2026-09-01 16:22:17,OUT_OF_WINDOW,NO_CHECKIN,,N
21438,100084.3,2026-09-01,,2026-09-01 05:46:12,OUT_OF_WINDOW,NO_CHECKIN,,N
21440,100084.3,2026-09-01,,2026-09-01 10:00:39,OUT_OF_WINDOW,NO_CHECKIN,,N
21443,100084.3,2026-09-01,,2026-09-01 12:12:27,OUT_OF_WINDOW,NO_CHECKIN,,N
21447,100084.3,2026-09-01,,2026-09-01 14:25:59,OUT_OF_WINDOW,NO_CHECKIN,,N
21452,100084.3,2026-09-01,,2026-09-01 16:26:51,OUT_OF_WINDOW,NO_CHECKIN,,N
21453,100002.5,2026-09-01,,2026-09-01 16:56:56,OUT_OF_WINDOW,NO_CHECKIN,,N
21454,100055.2,2026-09-01,,2026-09-01 17:04:10,OUT_OF_WINDOW,NO_CHECKIN,,N
21455,100047.2,2026-09-01,,2026-09-01 17:04:49,OUT_OF_WINDOW,NO_CHECKIN,,N
21456,100078.3,2026-09-01,,2026-09-01 15:03:15,OUT_OF_WINDOW,AFTER_CHECKOUT,1289.3,N
21458,100078.3,2026-09-01,,2026-09-01 17:08:24,OUT_OF_WINDOW,AFTER_CHECKOUT,1414.4,N
21459,100046.3,2026-09-01,,2026-09-01 17:54:42,OUT_OF_WINDOW,NO_CHECKIN,,N
21465,100126.3,2026-09-01,,2026-09-01 15:56:24,OUT_OF_WINDOW,AFTER_CUTOFF,116.4,N
21469,100126.3,2026-09-01,,2026-09-01 17:58:25,OUT_OF_WINDOW,AFTER_CUTOFF,238.4,N
21470,100011.2,2026-09-01,,2026-09-01 17:58:57,OUT_OF_WINDOW,NO_CHECKIN,,N
21471,100055.2,2026-09-01,,2026-09-01 18:04:53,OUT_OF_WINDOW,NO_CHECKIN,,N
21472,100064.3,2026-09-01,,2026-09-01 18:06:59,OUT_OF_WINDOW,AFTER_CUTOFF,247,N
21475,100002.5,2026-09-01,,2026-09-01 18:57:41,OUT_OF_WINDOW,NO_CHECKIN,,N
21476,100055.2,2026-09-02,,2026-09-01 19:20:10,OUT_OF_WINDOW,NO_CHECKIN,,N
21477,100047.2,2026-09-01,,2026-09-01 18:14:37,OUT_OF_WINDOW,NO_CHECKIN,,N
21479,100047.2,2026-09-02,,2026-09-01 19:21:49,OUT_OF_WINDOW,NO_CHECKIN,,N
21480,100017.3,2026-09-02,,2026-09-01 19:23:24,OUT_OF_WINDOW,BEFORE_CHECKIN,17.6,N
21481,100017.3,2026-09-02,,2026-09-01 19:29:34,OUT_OF_WINDOW,BEFORE_CHECKIN,11.4,N
21483,100064.3,2026-09-02,,2026-09-01 20:07:37,OUT_OF_WINDOW,BEFORE_CHECKIN,290.4,N
21484,100047.2,2026-09-02,,2026-09-01 20:30:42,OUT_OF_WINDOW,NO_CHECKIN,,N
21485,100046.3,2026-09-02,,2026-09-01 21:11:44,OUT_OF_WINDOW,BEFORE_CHECKIN,414.3,N
21488,100015.3,2026-09-02,,2026-09-01 21:14:11,OUT_OF_WINDOW,AFTER_CUTOFF,434.2,N
21489,100002.5,2026-09-02,,2026-09-01 21:17:23,OUT_OF_WINDOW,NO_CHECKIN,,N
21490,100064.3,2026-09-02,,2026-09-01 22:07:59,OUT_OF_WINDOW,BEFORE_CHECKIN,170,N
21491,100055.2,2026-09-02,,2026-09-01 22:50:22,OUT_OF_WINDOW,NO_CHECKIN,,N
21492,100015.3,2026-09-02,,2026-09-01 23:15:01,OUT_OF_WINDOW,BEFORE_CHECKIN,376,N
21493,100047.2,2026-09-02,,2026-09-01 23:22:25,OUT_OF_WINDOW,NO_CHECKIN,,N
21494,100002.5,2026-09-02,,2026-09-01 23:32:24,OUT_OF_WINDOW,NO_CHECKIN,,N
21495,100055.2,2026-09-02,,2026-09-01 23:50:24,OUT_OF_WINDOW,NO_CHECKIN,,N
21496,100064.3,2026-09-02,,2026-09-02 00:09:39,OUT_OF_WINDOW,BEFORE_CHECKIN,48.4,N
21497,100047.2,2026-09-02,,2026-09-02 00:23:02,OUT_OF_WINDOW,NO_CHECKIN,,N
21498,100055.2,2026-09-02,,2026-09-02 00:50:27,OUT_OF_WINDOW,NO_CHECKIN,,N
21501,100046.3,2026-09-02,,2026-09-02 01:02:21,OUT_OF_WINDOW,BEFORE_CHECKIN,183.7,N
21505,100015.3,2026-09-02,,2026-09-02 01:16:26,OUT_OF_WINDOW,BEFORE_CHECKIN,254.6,N
21507,100047.2,2026-09-02,,2026-09-02 01:23:51,OUT_OF_WINDOW,NO_CHECKIN,,N
21508,100002.5,2026-09-02,,2026-09-02 01:34:06,OUT_OF_WINDOW,NO_CHECKIN,,N
21510,100055.2,2026-09-02,,2026-09-02 01:52:05,OUT_OF_WINDOW,NO_CHECKIN,,N
21512,100047.2,2026-09-02,,2026-09-02 02:24:01,OUT_OF_WINDOW,NO_CHECKIN,,N
21513,100055.2,2026-09-02,,2026-09-02 02:52:22,OUT_OF_WINDOW,NO_CHECKIN,,N
21517,100046.3,2026-09-02,,2026-09-02 03:02:26,OUT_OF_WINDOW,BEFORE_CHECKIN,63.6,N
21518,100047.2,2026-09-02,,2026-09-02 03:24:33,OUT_OF_WINDOW,NO_CHECKIN,,N
21522,100002.5,2026-09-02,,2026-09-02 03:44:55,OUT_OF_WINDOW,NO_CHECKIN,,N
21524,100055.2,2026-09-02,,2026-09-02 03:54:43,OUT_OF_WINDOW,NO_CHECKIN,,N
21526,100126.3,2026-09-02,,2026-09-02 03:57:26,OUT_OF_WINDOW,BEFORE_CHECKIN,156.6,N
21542,100047.2,2026-09-02,,2026-09-02 04:25:24,OUT_OF_WINDOW,NO_CHECKIN,,N
21546,100055.2,2026-09-02,,2026-09-02 04:55:25,OUT_OF_WINDOW,NO_CHECKIN,,N
21551,100047.2,2026-09-02,,2026-09-02 05:30:30,OUT_OF_WINDOW,NO_CHECKIN,,N
21554,100195.1,2026-09-02,,2026-09-02 05:36:13,OUT_OF_WINDOW,NO_CHECKIN,,N
21561,100078.3,2026-09-02,,2026-09-01 19:09:09,OUT_OF_WINDOW,BEFORE_CHECKIN,1357.9,N
21563,100078.3,2026-09-02,,2026-09-02 06:05:35,OUT_OF_WINDOW,BEFORE_CHECKIN,701.4,N
21564,100055.2,2026-09-02,,2026-09-02 06:07:20,OUT_OF_WINDOW,NO_CHECKIN,,N
21565,100126.3,2026-09-02,,2026-09-02 06:11:43,OUT_OF_WINDOW,BEFORE_CHECKIN,22.3,N
21567,100047.2,2026-09-02,,2026-09-02 06:49:07,OUT_OF_WINDOW,NO_CHECKIN,,N
21569,100055.2,2026-09-02,,2026-09-02 07:09:21,OUT_OF_WINDOW,NO_CHECKIN,,N
21578,100047.2,2026-09-02,,2026-09-02 07:53:48,OUT_OF_WINDOW,NO_CHECKIN,,N
21579,100002.5,2026-09-02,,2026-09-02 05:55:49,OUT_OF_WINDOW,NO_CHECKIN,,N
21581,100002.5,2026-09-02,,2026-09-02 08:03:14,OUT_OF_WINDOW,NO_CHECKIN,,N
21582,100078.3,2026-09-02,,2026-09-02 08:08:16,OUT_OF_WINDOW,BEFORE_CHECKIN,578.7,N
21583,100055.2,2026-09-02,,2026-09-02 08:10:00,OUT_OF_WINDOW,NO_CHECKIN,,N
21585,100047.2,2026-09-02,,2026-09-02 09:02:35,OUT_OF_WINDOW,NO_CHECKIN,,N
21586,100055.2,2026-09-02,,2026-09-02 09:14:50,OUT_OF_WINDOW,NO_CHECKIN,,N
21598,100047.2,2026-09-02,,2026-09-02 10:04:14,OUT_OF_WINDOW,NO_CHECKIN,,N
21599,100002.5,2026-09-02,,2026-09-02 10:15:06,OUT_OF_WINDOW,NO_CHECKIN,,N
21602,100055.2,2026-09-02,,2026-09-02 10:53:03,OUT_OF_WINDOW,NO_CHECKIN,,N
21603,100047.2,2026-09-02,,2026-09-02 11:22:27,OUT_OF_WINDOW,NO_CHECKIN,,N
21606,100002.5,2026-09-02,,2026-09-02 12:20:57,OUT_OF_WINDOW,NO_CHECKIN,,N
21607,100047.2,2026-09-02,,2026-09-02 12:23:14,OUT_OF_WINDOW,NO_CHECKIN,,N
21610,100078.3,2026-09-02,,2026-09-02 10:38:18,OUT_OF_WINDOW,BEFORE_CHECKIN,428.7,N
21612,100078.3,2026-09-02,,2026-09-02 12:41:21,OUT_OF_WINDOW,BEFORE_CHECKIN,305.7,N
21616,100055.2,2026-09-02,,2026-09-02 11:56:20,OUT_OF_WINDOW,NO_CHECKIN,,N
21618,100055.2,2026-09-02,,2026-09-02 13:05:57,OUT_OF_WINDOW,NO_CHECKIN,,N
21625,100047.2,2026-09-02,,2026-09-02 13:24:24,OUT_OF_WINDOW,NO_CHECKIN,,N
21628,100002.5,2026-09-02,,2026-09-02 14:21:58,OUT_OF_WINDOW,NO_CHECKIN,,N
21629,100047.2,2026-09-02,,2026-09-02 14:24:29,OUT_OF_WINDOW,NO_CHECKIN,,N
21632,100078.3,2026-09-02,,2026-09-02 14:56:47,OUT_OF_WINDOW,BEFORE_CHECKIN,170.2,N
21634,100055.2,2026-09-02,,2026-09-02 14:11:01,OUT_OF_WINDOW,NO_CHECKIN,,N
21636,100055.2,2026-09-02,,2026-09-02 15:17:14,OUT_OF_WINDOW,NO_CHECKIN,,N
21637,100047.2,2026-09-02,,2026-09-02 15:31:55,OUT_OF_WINDOW,NO_CHECKIN,,N
21638,100064.3,2026-09-02,,2026-09-02 15:34:41,OUT_OF_WINDOW,AFTER_CUTOFF,94.7,N
21641,100055.2,2026-09-02,,2026-09-02 16:18:03,OUT_OF_WINDOW,NO_CHECKIN,,N
21643,100015.3,2026-09-02,,2026-09-02 16:23:47,OUT_OF_WINDOW,AFTER_CUTOFF,143.8,N
21644,100047.2,2026-09-02,,2026-09-02 16:34:45,OUT_OF_WINDOW,NO_CHECKIN,,N
21646,100078.3,2026-09-02,,2026-09-02 17:01:01,OUT_OF_WINDOW,BEFORE_CHECKIN,46,N
21647,100055.2,2026-09-02,,2026-09-02 17:19:28,OUT_OF_WINDOW,NO_CHECKIN,,N
21648,100047.2,2026-09-02,,2026-09-02 17:37:16,OUT_OF_WINDOW,NO_CHECKIN,,N
21649,100064.3,2026-09-02,,2026-09-02 17:42:49,OUT_OF_WINDOW,AFTER_CUTOFF,222.8,N
21650,100078.3,2026-09-02,,2026-09-02 17:47:48,OUT_OF_WINDOW,AFTER_CUTOFF,227.8,N
21651,100055.2,2026-09-02,,2026-09-02 18:21:14,OUT_OF_WINDOW,NO_CHECKIN,,N
21652,100002.5,2026-09-02,,2026-09-02 16:22:28,OUT_OF_WINDOW,NO_CHECKIN,,N
21654,100002.5,2026-09-02,,2026-09-02 18:22:37,OUT_OF_WINDOW,NO_CHECKIN,,N
21655,100047.2,2026-09-02,,2026-09-02 18:38:20,OUT_OF_WINDOW,NO_CHECKIN,,N
21657,100126.3,2026-09-02,,2026-09-02 15:13:52,OUT_OF_WINDOW,AFTER_CUTOFF,73.9,N
21659,100126.3,2026-09-02,,2026-09-02 17:15:32,OUT_OF_WINDOW,AFTER_CUTOFF,195.5,N
21662,100126.3,2026-09-03,,2026-09-02 19:20:29,OUT_OF_WINDOW,AFTER_CUTOFF,320.5,N
21663,100047.2,2026-09-03,,2026-09-02 19:38:28,OUT_OF_WINDOW,NO_CHECKIN,,N
21664,100064.3,2026-09-03,,2026-09-02 19:45:11,OUT_OF_WINDOW,BEFORE_CHECKIN,314.8,N
21665,100055.2,2026-09-03,,2026-09-02 19:45:20,OUT_OF_WINDOW,NO_CHECKIN,,N
21666,100048.3,2026-09-03,,2026-09-02 19:46:26,OUT_OF_WINDOW,AFTER_CUTOFF,106.4,N
21667,100011.2,2026-09-02,,2026-09-02 06:59:19,OUT_OF_WINDOW,NO_CHECKIN,,N
21669,100011.2,2026-09-03,,2026-09-02 20:06:28,OUT_OF_WINDOW,NO_CHECKIN,,N
21670,100002.5,2026-09-03,,2026-09-02 20:23:07,OUT_OF_WINDOW,NO_CHECKIN,,N
21671,100047.2,2026-09-03,,2026-09-02 20:39:21,OUT_OF_WINDOW,NO_CHECKIN,,N
21672,100055.2,2026-09-03,,2026-09-02 20:46:05,OUT_OF_WINDOW,NO_CHECKIN,,N
21673,100015.3,2026-09-03,,2026-09-02 21:17:48,OUT_OF_WINDOW,AFTER_CUTOFF,437.8,N
21674,100064.3,2026-09-03,,2026-09-02 21:45:47,OUT_OF_WINDOW,BEFORE_CHECKIN,194.2,N
21675,100055.2,2026-09-03,,2026-09-02 21:46:07,OUT_OF_WINDOW,NO_CHECKIN,,N
21676,100047.2,2026-09-03,,2026-09-02 22:05:31,OUT_OF_WINDOW,NO_CHECKIN,,N
21677,100048.3,2026-09-03,,2026-09-02 22:26:07,OUT_OF_WINDOW,AFTER_CUTOFF,266.1,N
21678,100055.2,2026-09-03,,2026-09-02 22:50:05,OUT_OF_WINDOW,NO_CHECKIN,,N
21679,100002.5,2026-09-03,,2026-09-02 22:55:45,OUT_OF_WINDOW,NO_CHECKIN,,N
21680,100064.3,2026-09-03,,2026-09-02 23:45:49,OUT_OF_WINDOW,BEFORE_CHECKIN,74.2,N
21681,100055.2,2026-09-03,,2026-09-02 23:53:59,OUT_OF_WINDOW,NO_CHECKIN,,N
21682,100047.2,2026-09-03,,2026-09-03 00:11:40,OUT_OF_WINDOW,NO_CHECKIN,,N
21683,100048.3,2026-09-03,,2026-09-03 00:26:56,OUT_OF_WINDOW,AFTER_CUTOFF,386.9,N
21684,100055.2,2026-09-03,,2026-09-03 00:56:59,OUT_OF_WINDOW,NO_CHECKIN,,N
21687,100002.5,2026-09-03,,2026-09-03 01:06:21,OUT_OF_WINDOW,NO_CHECKIN,,N
21690,100046.2,2026-09-02,,2026-09-01 23:00:46,OUT_OF_WINDOW,NO_CHECKIN,,N
21692,100046.2,2026-09-03,,2026-09-02 22:50:46,OUT_OF_WINDOW,NO_CHECKIN,,N
21695,100046.2,2026-09-03,,2026-09-03 02:00:20,OUT_OF_WINDOW,NO_CHECKIN,,N
21696,100055.2,2026-09-03,,2026-09-03 02:00:01,OUT_OF_WINDOW,NO_CHECKIN,,N
21699,100048.3,2026-09-03,,2026-09-03 02:28:52,OUT_OF_WINDOW,AFTER_CUTOFF,508.9,N
21700,100046.2,2026-09-03,,2026-09-03 03:00:23,OUT_OF_WINDOW,NO_CHECKIN,,N
21703,100055.2,2026-09-03,,2026-09-03 03:04:55,OUT_OF_WINDOW,NO_CHECKIN,,N
21705,100002.5,2026-09-03,,2026-09-03 03:16:28,OUT_OF_WINDOW,NO_CHECKIN,,N
21706,100126.3,2026-09-03,,2026-09-02 21:21:34,OUT_OF_WINDOW,BEFORE_CHECKIN,358.4,N
21708,100126.3,2026-09-03,,2026-09-02 23:22:36,OUT_OF_WINDOW,BEFORE_CHECKIN,237.4,N
21711,100126.3,2026-09-03,,2026-09-03 01:51:23,OUT_OF_WINDOW,BEFORE_CHECKIN,88.6,N
21728,100078.3,2026-09-02,,2026-09-02 17:53:08,OUT_OF_WINDOW,AFTER_CUTOFF,233.1,N
21737,100015.3,2026-09-03,,2026-09-03 04:11:38,OUT_OF_WINDOW,BEFORE_CHECKIN,45.4,N
21746,100047.2,2026-09-03,,2026-09-03 04:22:21,OUT_OF_WINDOW,NO_CHECKIN,,N
21753,100055.2,2026-09-03,,2026-09-03 04:59:21,OUT_OF_WINDOW,NO_CHECKIN,,N
21759,100002.5,2026-09-03,,2026-09-03 05:18:32,OUT_OF_WINDOW,NO_CHECKIN,,N
21767,100047.2,2026-09-03,,2026-09-03 05:45:30,OUT_OF_WINDOW,NO_CHECKIN,,N
21772,100055.2,2026-09-03,,2026-09-03 06:14:59,OUT_OF_WINDOW,NO_CHECKIN,,N
21774,100047.2,2026-09-03,,2026-09-03 07:03:59,OUT_OF_WINDOW,NO_CHECKIN,,N
21775,100055.2,2026-09-03,,2026-09-03 07:15:28,OUT_OF_WINDOW,NO_CHECKIN,,N
21777,100002.5,2026-09-03,,2026-09-03 07:19:16,OUT_OF_WINDOW,NO_CHECKIN,,N
21783,100047.2,2026-09-03,,2026-09-03 08:04:51,OUT_OF_WINDOW,NO_CHECKIN,,N
21784,100055.2,2026-09-03,,2026-09-03 08:16:51,OUT_OF_WINDOW,NO_CHECKIN,,N
21786,100011.2,2026-09-03,,2026-09-03 09:06:59,OUT_OF_WINDOW,NO_CHECKIN,,N
21787,100047.2,2026-09-03,,2026-09-03 09:07:18,OUT_OF_WINDOW,NO_CHECKIN,,N
21789,100055.2,2026-09-03,,2026-09-03 09:20:24,OUT_OF_WINDOW,NO_CHECKIN,,N
21798,100055.2,2026-09-03,,2026-09-03 10:20:32,OUT_OF_WINDOW,NO_CHECKIN,,N
21800,100047.2,2026-09-03,,2026-09-03 10:26:22,OUT_OF_WINDOW,NO_CHECKIN,,N
21820,100002.5,2026-09-03,,2026-09-03 09:19:40,OUT_OF_WINDOW,NO_CHECKIN,,N
21822,100002.5,2026-09-03,,2026-09-03 11:20:19,OUT_OF_WINDOW,NO_CHECKIN,,N
21823,100047.2,2026-09-03,,2026-09-03 11:28:34,OUT_OF_WINDOW,NO_CHECKIN,,N
21834,100055.2,2026-09-03,,2026-09-03 11:21:38,OUT_OF_WINDOW,NO_CHECKIN,,N
21836,100055.2,2026-09-03,,2026-09-03 12:22:24,OUT_OF_WINDOW,NO_CHECKIN,,N
21838,100047.2,2026-09-03,,2026-09-03 12:36:28,OUT_OF_WINDOW,NO_CHECKIN,,N
21841,100055.2,2026-09-03,,2026-09-03 13:28:01,OUT_OF_WINDOW,NO_CHECKIN,,N
21842,100002.5,2026-09-03,,2026-09-03 13:28:41,OUT_OF_WINDOW,NO_CHECKIN,,N
21844,100047.2,2026-09-03,,2026-09-03 13:47:33,OUT_OF_WINDOW,NO_CHECKIN,,N
21846,100084.3,2026-09-01,,2026-09-01 18:40:30,OUT_OF_WINDOW,NO_CHECKIN,,N
21848,100084.3,2026-09-02,,2026-09-02 01:30:42,OUT_OF_WINDOW,NO_CHECKIN,,N
21851,100084.3,2026-09-02,,2026-09-02 03:42:29,OUT_OF_WINDOW,NO_CHECKIN,,N
21855,100084.3,2026-09-02,,2026-09-02 05:43:27,OUT_OF_WINDOW,NO_CHECKIN,,N
21860,100084.3,2026-09-02,,2026-09-02 11:54:44,OUT_OF_WINDOW,NO_CHECKIN,,N
21866,100084.3,2026-09-02,,2026-09-02 13:55:37,OUT_OF_WINDOW,NO_CHECKIN,,N
21873,100084.3,2026-09-02,,2026-09-02 16:01:02,OUT_OF_WINDOW,NO_CHECKIN,,N
21881,100084.3,2026-09-02,,2026-09-02 18:05:38,OUT_OF_WINDOW,NO_CHECKIN,,N
21890,100084.3,2026-09-03,,2026-09-03 01:30:37,OUT_OF_WINDOW,NO_CHECKIN,,N
21900,100084.3,2026-09-03,,2026-09-03 03:44:33,OUT_OF_WINDOW,NO_CHECKIN,,N
21911,100084.3,2026-09-03,,2026-09-03 06:11:07,OUT_OF_WINDOW,NO_CHECKIN,,N
21923,100084.3,2026-09-03,,2026-09-03 08:12:35,OUT_OF_WINDOW,NO_CHECKIN,,N
21936,100084.3,2026-09-03,,2026-09-03 10:20:20,OUT_OF_WINDOW,NO_CHECKIN,,N
21950,100084.3,2026-09-03,,2026-09-03 12:28:50,OUT_OF_WINDOW,NO_CHECKIN,,N
21965,100084.3,2026-09-03,,2026-09-03 14:28:58,OUT_OF_WINDOW,NO_CHECKIN,,N
21966,100055.2,2026-09-03,,2026-09-03 14:30:43,OUT_OF_WINDOW,NO_CHECKIN,,N
21967,100069.3,2026-09-03,,2026-09-03 14:31:21,OUT_OF_WINDOW,AFTER_CUTOFF,31.4,N
21968,100072.3,2026-09-03,,2026-09-03 14:31:38,OUT_OF_WINDOW,AFTER_CUTOFF,31.6,N
21969,100063.3,2026-09-03,,2026-09-03 14:40:32,OUT_OF_WINDOW,AFTER_CHECKOUT,8.5,N
21970,100071.3,2026-09-03,,2026-09-03 03:26:03,OUT_OF_WINDOW,BEFORE_CHECKIN,424,N
21972,100047.2,2026-09-03,,2026-09-03 14:53:29,OUT_OF_WINDOW,NO_CHECKIN,,N
21974,100064.3,2026-09-03,,2026-09-03 13:02:37,OUT_OF_WINDOW,AFTER_CHECKOUT,20.6,N
21976,100064.3,2026-09-03,,2026-09-03 15:03:09,OUT_OF_WINDOW,AFTER_CHECKOUT,141.2,N
21978,100055.2,2026-09-03,,2026-09-03 15:35:05,OUT_OF_WINDOW,NO_CHECKIN,,N
21979,100655.1,2026-09-03,,2026-09-03 15:58:56,OUT_OF_WINDOW,AFTER_CUTOFF,58.9,N
21980,100047.2,2026-09-03,,2026-09-03 16:05:38,OUT_OF_WINDOW,NO_CHECKIN,,N
21982,100055.2,2026-09-03,,2026-09-03 16:38:58,OUT_OF_WINDOW,NO_CHECKIN,,N
21983,100080.3,2026-09-03,,2026-09-03 16:48:17,OUT_OF_WINDOW,AFTER_CUTOFF,168.3,N
21984,100064.3,2026-09-03,,2026-09-03 17:03:42,OUT_OF_WINDOW,AFTER_CHECKOUT,261.7,N
21985,100004.2,2026-09-03,,2026-09-03 17:38:17,OUT_OF_WINDOW,AFTER_CHECKOUT,160.3,N
21986,100055.2,2026-09-03,,2026-09-03 17:45:20,OUT_OF_WINDOW,NO_CHECKIN,,N
21988,100014.3,2026-09-03,,2026-09-03 17:58:01,OUT_OF_WINDOW,AFTER_CUTOFF,238,N
21989,100047.2,2026-09-03,,2026-09-03 17:06:06,OUT_OF_WINDOW,NO_CHECKIN,,N
21991,100047.2,2026-09-03,,2026-09-03 18:06:18,OUT_OF_WINDOW,NO_CHECKIN,,N
21997,100046.3,2026-09-03,,2026-09-03 18:38:31,OUT_OF_WINDOW,AFTER_CUTOFF,38.5,N
21998,100055.2,2026-09-03,,2026-09-03 18:50:36,OUT_OF_WINDOW,NO_CHECKIN,,N
21999,100064.3,2026-09-04,,2026-09-03 19:03:44,OUT_OF_WINDOW,BEFORE_CHECKIN,350.3,N
22000,100047.2,2026-09-04,,2026-09-03 19:19:56,OUT_OF_WINDOW,NO_CHECKIN,,N
22001,100055.2,2026-09-04,,2026-09-03 20:02:45,OUT_OF_WINDOW,NO_CHECKIN,,N
22002,100047.2,2026-09-04,,2026-09-03 20:26:45,OUT_OF_WINDOW,NO_CHECKIN,,N
22003,100055.2,2026-09-04,,2026-09-03 21:03:12,OUT_OF_WINDOW,NO_CHECKIN,,N
22004,100064.3,2026-09-04,,2026-09-03 21:04:16,OUT_OF_WINDOW,BEFORE_CHECKIN,229.7,N
22005,100047.2,2026-09-04,,2026-09-03 21:26:50,OUT_OF_WINDOW,NO_CHECKIN,,N
22006,100055.2,2026-09-04,,2026-09-03 22:04:29,OUT_OF_WINDOW,NO_CHECKIN,,N
22007,100011.2,2026-09-04,,2026-09-03 22:07:06,OUT_OF_WINDOW,NO_CHECKIN,,N
22008,100047.2,2026-09-04,,2026-09-03 22:29:00,OUT_OF_WINDOW,NO_CHECKIN,,N
22009,100046.3,2026-09-04,,2026-09-03 22:41:15,OUT_OF_WINDOW,AFTER_CUTOFF,281.3,N
22010,100064.3,2026-09-04,,2026-09-03 23:04:19,OUT_OF_WINDOW,BEFORE_CHECKIN,109.7,N
22011,100055.2,2026-09-04,,2026-09-03 23:05:28,OUT_OF_WINDOW,NO_CHECKIN,,N
22012,100047.2,2026-09-04,,2026-09-04 00:00:11,OUT_OF_WINDOW,NO_CHECKIN,,N
22013,100055.2,2026-09-04,,2026-09-04 00:06:27,OUT_OF_WINDOW,NO_CHECKIN,,N
22014,100024.2,2026-08-29,,2026-08-29 04:19:48,OUT_OF_WINDOW,NO_CHECKIN,,N
22016,100024.2,2026-08-29,,2026-08-29 05:21:20,OUT_OF_WINDOW,NO_CHECKIN,,N
22019,100024.2,2026-08-29,,2026-08-29 06:29:57,OUT_OF_WINDOW,NO_CHECKIN,,N
22023,100024.2,2026-08-29,,2026-08-29 07:32:38,OUT_OF_WINDOW,NO_CHECKIN,,N
22028,100024.2,2026-09-04,,2026-09-03 23:57:22,OUT_OF_WINDOW,NO_CHECKIN,,N
22034,100024.2,2026-09-04,,2026-09-04 00:06:31,OUT_OF_WINDOW,NO_CHECKIN,,N
22035,100002.5,2026-09-03,,2026-09-03 15:29:24,OUT_OF_WINDOW,NO_CHECKIN,,N
22037,100002.5,2026-09-03,,2026-09-03 17:43:32,OUT_OF_WINDOW,NO_CHECKIN,,N
22040,100002.5,2026-09-04,,2026-09-03 19:56:35,OUT_OF_WINDOW,NO_CHECKIN,,N
22044,100002.5,2026-09-04,,2026-09-03 21:58:17,OUT_OF_WINDOW,NO_CHECKIN,,N
22049,100002.5,2026-09-04,,2026-09-04 00:13:24,OUT_OF_WINDOW,NO_CHECKIN,,N
22051,100055.2,2026-09-04,,2026-09-04 01:07:26,OUT_OF_WINDOW,NO_CHECKIN,,N
22052,100046.3,2026-09-04,,2026-09-04 01:25:38,OUT_OF_WINDOW,BEFORE_CHECKIN,154.4,N
22055,100047.2,2026-09-04,,2026-09-04 02:00:42,OUT_OF_WINDOW,NO_CHECKIN,,N
22056,100055.2,2026-09-04,,2026-09-04 02:08:55,OUT_OF_WINDOW,NO_CHECKIN,,N
22057,100073.3,2026-09-03,,2026-09-03 13:25:42,OUT_OF_WINDOW,AFTER_CHECKOUT,13.7,N
22059,100084.3,2026-09-03,,2026-09-03 16:41:44,OUT_OF_WINDOW,NO_CHECKIN,,N
22061,100084.3,2026-09-04,,2026-09-04 01:30:40,OUT_OF_WINDOW,NO_CHECKIN,,N
22063,100002.5,2026-09-04,,2026-09-04 02:13:57,OUT_OF_WINDOW,NO_CHECKIN,,N
22072,100024.2,2026-09-04,,2026-09-04 03:02:04,OUT_OF_WINDOW,NO_CHECKIN,,N
22073,100047.2,2026-09-04,,2026-09-04 03:03:14,OUT_OF_WINDOW,NO_CHECKIN,,N
22078,100055.2,2026-09-04,,2026-09-04 03:12:03,OUT_OF_WINDOW,NO_CHECKIN,,N
22079,100046.3,2026-09-04,,2026-09-04 03:27:08,OUT_OF_WINDOW,BEFORE_CHECKIN,32.9,N
22084,100047.2,2026-09-04,,2026-09-04 04:03:53,OUT_OF_WINDOW,NO_CHECKIN,,N
22086,100011.3,2026-09-04,,2026-09-03 22:24:16,OUT_OF_WINDOW,AFTER_CUTOFF,504.3,N
22094,100041.3,2026-09-04,,2026-09-04 04:14:43,OUT_OF_WINDOW,AFTER_CUTOFF,854.7,N
22097,100055.2,2026-09-04,,2026-09-04 04:18:09,OUT_OF_WINDOW,NO_CHECKIN,,N
22104,100067.2,2026-09-04,,2026-09-04 04:34:04,OUT_OF_WINDOW,AFTER_CHECKOUT,655.1,N
22105,100660.1,2026-09-04,,2026-09-04 04:54:59,OUT_OF_WINDOW,BEFORE_CHECKIN,375,N
22109,100124.3,2026-09-04,,2026-09-04 05:03:30,OUT_OF_WINDOW,AFTER_CUTOFF,903.5,N
22114,100047.2,2026-09-04,,2026-09-04 05:20:39,OUT_OF_WINDOW,NO_CHECKIN,,N
22115,100195.1,2026-09-04,,2026-09-04 05:43:40,OUT_OF_WINDOW,BEFORE_CHECKIN,23.3,N
22119,100055.2,2026-09-04,,2026-09-04 06:00:45,OUT_OF_WINDOW,NO_CHECKIN,,N
22125,100002.5,2026-09-04,,2026-09-04 04:20:06,OUT_OF_WINDOW,NO_CHECKIN,,N
22127,100002.5,2026-09-04,,2026-09-04 06:20:11,OUT_OF_WINDOW,NO_CHECKIN,,N
22128,100047.2,2026-09-04,,2026-09-04 06:39:03,OUT_OF_WINDOW,NO_CHECKIN,,N
22134,100047.2,2026-09-04,,2026-09-04 07:47:30,OUT_OF_WINDOW,NO_CHECKIN,,N
22157,100002.5,2026-09-04,,2026-09-04 08:24:37,OUT_OF_WINDOW,NO_CHECKIN,,N
22159,100055.2,2026-09-04,,2026-09-04 07:15:42,OUT_OF_WINDOW,NO_CHECKIN,,N
22160,100055.2,2026-09-04,,2026-09-04 08:45:48,OUT_OF_WINDOW,NO_CHECKIN,,N
22161,100047.2,2026-09-04,,2026-09-04 08:51:35,OUT_OF_WINDOW,NO_CHECKIN,,N
22165,100047.2,2026-09-04,,2026-09-04 09:52:11,OUT_OF_WINDOW,NO_CHECKIN,,N
22178,100002.5,2026-09-04,,2026-09-04 10:29:46,OUT_OF_WINDOW,NO_CHECKIN,,N
22184,100055.2,2026-09-04,,2026-09-04 09:46:27,OUT_OF_WINDOW,NO_CHECKIN,,N
22185,100055.2,2026-09-04,,2026-09-04 10:49:07,OUT_OF_WINDOW,NO_CHECKIN,,N
22186,100047.2,2026-09-04,,2026-09-04 10:52:32,OUT_OF_WINDOW,NO_CHECKIN,,N
22187,100660.1,2026-09-04,,2026-09-04 11:04:53,OUT_OF_WINDOW,BEFORE_CHECKIN,5.1,N
22188,100011.2,2026-09-04,,2026-09-04 11:07:50,OUT_OF_WINDOW,NO_CHECKIN,,N
22190,100047.2,2026-09-04,,2026-09-04 11:52:55,OUT_OF_WINDOW,NO_CHECKIN,,N
22191,100055.2,2026-09-04,,2026-09-04 11:55:40,OUT_OF_WINDOW,NO_CHECKIN,,N
22200,100002.5,2026-09-04,,2026-09-04 12:30:25,OUT_OF_WINDOW,NO_CHECKIN,,N
22205,100047.2,2026-09-04,,2026-09-04 13:00:19,OUT_OF_WINDOW,NO_CHECKIN,,N
22206,100067.2,2026-09-04,,2026-09-04 13:05:44,OUT_OF_WINDOW,AFTER_CHECKOUT,1166.7,N
22207,100046.2,2026-09-04,,2026-09-04 13:16:22,OUT_OF_WINDOW,NO_CHECKIN,,N
22209,100047.2,2026-09-04,,2026-09-04 14:04:13,OUT_OF_WINDOW,NO_CHECKIN,,N
22210,100055.2,2026-09-04,,2026-09-04 12:57:08,OUT_OF_WINDOW,NO_CHECKIN,,N
22211,100055.2,2026-09-04,,2026-09-04 14:10:11,OUT_OF_WINDOW,NO_CHECKIN,,N
22212,100002.5,2026-09-04,,2026-09-04 14:30:45,OUT_OF_WINDOW,NO_CHECKIN,,N
22213,100069.3,2026-09-04,,2026-09-04 14:31:16,OUT_OF_WINDOW,AFTER_CUTOFF,31.3,N
22214,100072.3,2026-09-04,,2026-09-04 14:33:55,OUT_OF_WINDOW,AFTER_CUTOFF,33.9,N
22217,100126.3,2026-09-04,,2026-09-04 14:49:34,OUT_OF_WINDOW,AFTER_CUTOFF,49.6,N
22218,100047.2,2026-09-04,,2026-09-04 15:08:22,OUT_OF_WINDOW,NO_CHECKIN,,N
22219,100055.2,2026-09-04,,2026-09-04 15:16:51,OUT_OF_WINDOW,NO_CHECKIN,,N
22220,100063.3,2026-09-04,,2026-09-04 15:27:43,OUT_OF_WINDOW,AFTER_CUTOFF,87.7,N
22221,100047.2,2026-09-04,,2026-09-04 16:13:08,OUT_OF_WINDOW,NO_CHECKIN,,N
22222,100055.2,2026-09-04,,2026-09-04 16:19:10,OUT_OF_WINDOW,NO_CHECKIN,,N
22223,100079.3,2026-09-04,,2026-09-04 17:11:28,OUT_OF_WINDOW,AFTER_CUTOFF,191.5,N
22224,100055.3,2026-09-04,,2026-09-04 17:24:01,OUT_OF_WINDOW,AFTER_CHECKOUT,2,N
22225,100047.2,2026-09-04,,2026-09-04 17:25:15,OUT_OF_WINDOW,NO_CHECKIN,,N
22226,100063.3,2026-09-04,,2026-09-04 17:38:03,OUT_OF_WINDOW,AFTER_CUTOFF,218.1,N
22227,100100.3,2026-09-04,,2026-09-04 17:38:37,OUT_OF_WINDOW,AFTER_CUTOFF,1628.6,N
22228,100055.2,2026-09-04,,2026-09-04 17:58:49,OUT_OF_WINDOW,NO_CHECKIN,,N
22229,100084.3,2026-09-04,,2026-09-04 03:43:49,OUT_OF_WINDOW,NO_CHECKIN,,N
22230,100084.3,2026-09-04,,2026-09-04 06:10:26,OUT_OF_WINDOW,NO_CHECKIN,,N
22231,100084.3,2026-09-04,,2026-09-04 08:30:49,OUT_OF_WINDOW,NO_CHECKIN,,N
22232,100084.3,2026-09-04,,2026-09-04 15:10:22,OUT_OF_WINDOW,NO_CHECKIN,,N
22233,100084.3,2026-09-04,,2026-09-04 17:17:32,OUT_OF_WINDOW,NO_CHECKIN,,N
22234,100047.2,2026-09-04,,2026-09-04 18:33:15,OUT_OF_WINDOW,NO_CHECKIN,,N
22235,100002.5,2026-09-04,,2026-09-04 16:34:19,OUT_OF_WINDOW,NO_CHECKIN,,N
22236,100002.5,2026-09-04,,2026-09-04 18:35:00,OUT_OF_WINDOW,NO_CHECKIN,,N
22237,100055.2,2026-09-05,,2026-09-04 19:01:39,OUT_OF_WINDOW,NO_CHECKIN,,N
22238,100055.3,2026-09-05,,2026-09-04 19:26:40,OUT_OF_WINDOW,AFTER_CHECKOUT,124.7,N
22239,100069.3,2026-09-05,,2026-09-04 19:31:52,OUT_OF_WINDOW,AFTER_CUTOFF,331.9,N
22240,100063.3,2026-09-05,,2026-09-04 19:38:33,OUT_OF_WINDOW,AFTER_CUTOFF,338.6,N
22241,100047.2,2026-09-05,,2026-09-04 19:39:51,OUT_OF_WINDOW,NO_CHECKIN,,N
22242,100055.2,2026-09-05,,2026-09-04 20:02:51,OUT_OF_WINDOW,NO_CHECKIN,,N
22243,100002.5,2026-09-05,,2026-09-04 20:35:28,OUT_OF_WINDOW,NO_CHECKIN,,N
22244,100047.2,2026-09-05,,2026-09-04 20:40:04,OUT_OF_WINDOW,NO_CHECKIN,,N
22245,100055.2,2026-09-05,,2026-09-04 21:07:40,OUT_OF_WINDOW,NO_CHECKIN,,N
22246,100063.3,2026-09-05,,2026-09-04 21:38:34,OUT_OF_WINDOW,BEFORE_CHECKIN,310.4,N
22247,100047.2,2026-09-05,,2026-09-04 21:45:51,OUT_OF_WINDOW,NO_CHECKIN,,N
22248,100055.2,2026-09-05,,2026-09-04 22:08:26,OUT_OF_WINDOW,NO_CHECKIN,,N
22249,100055.2,2026-09-05,,2026-09-04 23:09:27,OUT_OF_WINDOW,NO_CHECKIN,,N
22250,100047.2,2026-09-05,,2026-09-04 23:30:18,OUT_OF_WINDOW,NO_CHECKIN,,N
22251,100063.3,2026-09-05,,2026-09-04 23:38:36,OUT_OF_WINDOW,BEFORE_CHECKIN,190.4,N
22252,100011.2,2026-09-05,,2026-09-05 00:08:23,OUT_OF_WINDOW,NO_CHECKIN,,N
22253,100055.2,2026-09-05,,2026-09-05 00:11:52,OUT_OF_WINDOW,NO_CHECKIN,,N
22254,100055.2,2026-09-05,,2026-09-05 01:22:49,OUT_OF_WINDOW,NO_CHECKIN,,N
22255,100063.3,2026-09-05,,2026-09-05 01:39:00,OUT_OF_WINDOW,BEFORE_CHECKIN,70,N
22258,100144.3,2026-09-05,,2026-09-05 02:21:51,OUT_OF_WINDOW,BEFORE_CHECKIN,127.2,N
22261,100055.2,2026-09-05,,2026-09-05 02:49:21,OUT_OF_WINDOW,NO_CHECKIN,,N
22277,100013.3,2026-09-05,,2026-09-04 21:31:20,OUT_OF_WINDOW,BEFORE_CHECKIN,401.7,N
22303,100055.2,2026-09-05,,2026-09-05 04:49:52,OUT_OF_WINDOW,NO_CHECKIN,,N
22317,100047.2,2026-09-05,,2026-09-05 01:20:06,OUT_OF_WINDOW,NO_CHECKIN,,N
22318,100047.2,2026-09-05,,2026-09-05 05:41:14,OUT_OF_WINDOW,NO_CHECKIN,,N
22319,100055.2,2026-09-05,,2026-09-05 06:28:31,OUT_OF_WINDOW,NO_CHECKIN,,N
22320,100002.5,2026-09-05,,2026-09-04 22:52:34,OUT_OF_WINDOW,NO_CHECKIN,,N
22321,100002.5,2026-09-05,,2026-09-05 01:02:57,OUT_OF_WINDOW,NO_CHECKIN,,N
22322,100002.5,2026-09-05,,2026-09-05 04:34:30,OUT_OF_WINDOW,NO_CHECKIN,,N
22323,100002.5,2026-09-05,,2026-09-05 06:34:33,OUT_OF_WINDOW,NO_CHECKIN,,N
22324,100047.2,2026-09-05,,2026-09-05 06:41:23,OUT_OF_WINDOW,NO_CHECKIN,,N
22328,100055.2,2026-09-05,,2026-09-05 07:29:18,OUT_OF_WINDOW,NO_CHECKIN,,N
22329,100047.2,2026-09-05,,2026-09-05 07:50:56,OUT_OF_WINDOW,NO_CHECKIN,,N
22330,100055.2,2026-09-05,,2026-09-05 08:30:47,OUT_OF_WINDOW,NO_CHECKIN,,N
22332,100072.2,2026-09-05,,2026-09-05 08:55:16,OUT_OF_WINDOW,NO_CHECKIN,,N
22333,100047.2,2026-09-05,,2026-09-05 09:02:39,OUT_OF_WINDOW,NO_CHECKIN,,N
22334,100055.2,2026-09-05,,2026-09-05 09:34:35,OUT_OF_WINDOW,NO_CHECKIN,,N
22335,100047.2,2026-09-05,,2026-09-05 10:09:13,OUT_OF_WINDOW,NO_CHECKIN,,N
22336,100055.2,2026-09-05,,2026-09-05 10:35:16,OUT_OF_WINDOW,NO_CHECKIN,,N
22337,100002.5,2026-09-05,,2026-09-05 08:41:21,OUT_OF_WINDOW,NO_CHECKIN,,N
22338,100002.5,2026-09-05,,2026-09-05 10:41:44,OUT_OF_WINDOW,NO_CHECKIN,,N
22341,100047.2,2026-09-05,,2026-09-05 11:12:54,OUT_OF_WINDOW,NO_CHECKIN,,N
22342,100046.2,2026-09-05,,2026-09-05 11:25:14,OUT_OF_WINDOW,NO_CHECKIN,,N
22343,100055.2,2026-09-05,,2026-09-05 11:52:43,OUT_OF_WINDOW,NO_CHECKIN,,N
22344,100047.2,2026-09-05,,2026-09-05 12:13:16,OUT_OF_WINDOW,NO_CHECKIN,,N
22345,100055.2,2026-09-05,,2026-09-05 12:53:47,OUT_OF_WINDOW,NO_CHECKIN,,N
22346,100011.2,2026-09-05,,2026-09-05 13:09:02,OUT_OF_WINDOW,NO_CHECKIN,,N
22347,100047.2,2026-09-05,,2026-09-05 13:13:36,OUT_OF_WINDOW,NO_CHECKIN,,N
22352,100023.2,2026-09-05,,2026-09-05 13:45:12,OUT_OF_WINDOW,NO_CHECKIN,,N
22353,100055.2,2026-09-05,,2026-09-05 14:04:19,OUT_OF_WINDOW,NO_CHECKIN,,N
22354,100071.3,2026-09-05,,2026-09-05 14:41:15,OUT_OF_WINDOW,AFTER_CUTOFF,41.3,N
22355,100002.5,2026-09-05,,2026-09-05 12:50:08,OUT_OF_WINDOW,NO_CHECKIN,,N
22356,100002.5,2026-09-05,,2026-09-05 14:51:04,OUT_OF_WINDOW,NO_CHECKIN,,N
22357,100055.2,2026-09-05,,2026-09-05 15:04:48,OUT_OF_WINDOW,NO_CHECKIN,,N
22358,100006.2,2026-09-05,,2026-09-05 15:27:19,OUT_OF_WINDOW,NO_CHECKIN,,N
22359,100063.3,2026-09-05,,2026-09-05 15:43:51,OUT_OF_WINDOW,AFTER_CHECKOUT,81.9,N
22360,100055.2,2026-09-05,,2026-09-05 16:04:53,OUT_OF_WINDOW,NO_CHECKIN,,N
22361,100047.2,2026-09-05,,2026-09-05 14:14:32,OUT_OF_WINDOW,NO_CHECKIN,,N
22362,100047.2,2026-09-05,,2026-09-05 15:15:55,OUT_OF_WINDOW,NO_CHECKIN,,N
22363,100047.2,2026-09-05,,2026-09-05 16:20:12,OUT_OF_WINDOW,NO_CHECKIN,,N
22364,100055.2,2026-09-05,,2026-09-05 17:19:27,OUT_OF_WINDOW,NO_CHECKIN,,N
22365,100047.2,2026-09-05,,2026-09-05 17:29:06,OUT_OF_WINDOW,NO_CHECKIN,,N
22366,100063.3,2026-09-05,,2026-09-05 17:57:40,OUT_OF_WINDOW,AFTER_CHECKOUT,215.7,N
22367,100067.2,2026-09-05,,2026-09-05 18:03:50,OUT_OF_WINDOW,AFTER_CUTOFF,123.8,N
22368,100055.2,2026-09-05,,2026-09-05 18:29:48,OUT_OF_WINDOW,NO_CHECKIN,,N
22369,100047.2,2026-09-05,,2026-09-05 18:36:52,OUT_OF_WINDOW,NO_CHECKIN,,N
22370,100055.2,2026-09-06,,2026-09-05 19:35:21,OUT_OF_WINDOW,NO_CHECKIN,,N
22371,100047.2,2026-09-06,,2026-09-05 19:48:18,OUT_OF_WINDOW,NO_CHECKIN,,N
22372,100063.3,2026-09-06,,2026-09-05 19:58:22,OUT_OF_WINDOW,AFTER_CHECKOUT,336.4,N
22373,100055.2,2026-09-06,,2026-09-05 20:49:58,OUT_OF_WINDOW,NO_CHECKIN,,N
22374,100002.5,2026-09-05,,2026-09-05 16:51:19,OUT_OF_WINDOW,NO_CHECKIN,,N
22375,100002.5,2026-09-05,,2026-09-05 18:51:29,OUT_OF_WINDOW,NO_CHECKIN,,N
22376,100002.5,2026-09-06,,2026-09-05 20:51:38,OUT_OF_WINDOW,NO_CHECKIN,,N
22377,100047.2,2026-09-06,,2026-09-05 21:45:39,OUT_OF_WINDOW,NO_CHECKIN,,N
22378,100055.2,2026-09-06,,2026-09-05 21:52:04,OUT_OF_WINDOW,NO_CHECKIN,,N
22379,100063.3,2026-09-06,,2026-09-05 21:58:24,OUT_OF_WINDOW,AFTER_CHECKOUT,456.4,N
22380,100047.2,2026-09-06,,2026-09-05 22:46:02,OUT_OF_WINDOW,NO_CHECKIN,,N
22381,100002.5,2026-09-06,,2026-09-05 22:57:43,OUT_OF_WINDOW,NO_CHECKIN,,N
22382,100055.2,2026-09-06,,2026-09-05 22:58:25,OUT_OF_WINDOW,NO_CHECKIN,,N
22383,100047.2,2026-09-06,,2026-09-05 23:47:34,OUT_OF_WINDOW,NO_CHECKIN,,N
22384,100063.3,2026-09-06,,2026-09-05 23:58:56,OUT_OF_WINDOW,AFTER_CHECKOUT,576.9,N
22385,100055.2,2026-09-06,,2026-09-05 23:59:06,OUT_OF_WINDOW,NO_CHECKIN,,N
22386,100047.2,2026-09-06,,2026-09-06 00:49:40,OUT_OF_WINDOW,NO_CHECKIN,,N
22387,100055.2,2026-09-06,,2026-09-06 01:02:05,OUT_OF_WINDOW,NO_CHECKIN,,N
22389,100047.2,2026-09-06,,2026-09-06 01:49:51,OUT_OF_WINDOW,NO_CHECKIN,,N
22390,100055.2,2026-09-06,,2026-09-06 02:02:08,OUT_OF_WINDOW,NO_CHECKIN,,N
22391,100063.3,2026-09-06,,2026-09-06 02:10:30,OUT_OF_WINDOW,AFTER_CHECKOUT,708.5,N
22392,100011.2,2026-09-06,,2026-09-06 02:21:17,OUT_OF_WINDOW,NO_CHECKIN,,N
22393,100047.2,2026-09-06,,2026-09-06 03:00:57,OUT_OF_WINDOW,NO_CHECKIN,,N
22394,100055.2,2026-09-06,,2026-09-06 03:02:38,OUT_OF_WINDOW,NO_CHECKIN,,N
22398,100047.2,2026-09-06,,2026-09-06 04:02:07,OUT_OF_WINDOW,NO_CHECKIN,,N
22399,100055.2,2026-09-06,,2026-09-06 04:06:15,OUT_OF_WINDOW,NO_CHECKIN,,N
22401,100063.3,2026-09-06,,2026-09-06 04:22:34,OUT_OF_WINDOW,AFTER_CHECKOUT,840.6,N
22404,100047.2,2026-09-06,,2026-09-06 05:02:32,OUT_OF_WINDOW,NO_CHECKIN,,N
22405,100055.2,2026-09-06,,2026-09-06 05:13:25,OUT_OF_WINDOW,NO_CHECKIN,,N
22407,100047.2,2026-09-06,,2026-09-06 06:10:39,OUT_OF_WINDOW,NO_CHECKIN,,N
22409,100063.3,2026-09-06,,2026-09-06 06:24:06,OUT_OF_WINDOW,AFTER_CHECKOUT,962.1,N
22410,100055.2,2026-09-06,,2026-09-06 07:08:04,OUT_OF_WINDOW,NO_CHECKIN,,N
22411,100047.2,2026-09-06,,2026-09-06 07:18:48,OUT_OF_WINDOW,NO_CHECKIN,,N
22412,100063.3,2026-09-06,,2026-09-06 08:25:24,OUT_OF_WINDOW,AFTER_CHECKOUT,1083.4,N
22413,100047.2,2026-09-06,,2026-09-06 08:26:36,OUT_OF_WINDOW,NO_CHECKIN,,N
22414,100055.2,2026-09-06,,2026-09-06 09:08:37,OUT_OF_WINDOW,NO_CHECKIN,,N
22415,100047.2,2026-09-06,,2026-09-06 09:31:03,OUT_OF_WINDOW,NO_CHECKIN,,N
22416,100055.2,2026-09-06,,2026-09-06 10:21:59,OUT_OF_WINDOW,NO_CHECKIN,,N
22417,100063.3,2026-09-06,,2026-09-06 10:25:26,OUT_OF_WINDOW,AFTER_CHECKOUT,1203.4,N
22418,100047.2,2026-09-06,,2026-09-06 10:35:21,OUT_OF_WINDOW,NO_CHECKIN,,N
22419,100124.3,2026-09-06,,2026-09-06 10:58:10,OUT_OF_WINDOW,NO_CHECKIN,,N
22420,100047.2,2026-09-06,,2026-09-06 11:35:39,OUT_OF_WINDOW,NO_CHECKIN,,N
22421,100063.3,2026-09-06,,2026-09-06 12:28:08,OUT_OF_WINDOW,AFTER_CHECKOUT,1326.1,N
22422,100055.2,2026-09-06,,2026-09-06 11:23:44,OUT_OF_WINDOW,NO_CHECKIN,,N
22423,100055.2,2026-09-06,,2026-09-06 12:58:57,OUT_OF_WINDOW,NO_CHECKIN,,N
22424,100047.2,2026-09-06,,2026-09-06 12:36:13,OUT_OF_WINDOW,NO_CHECKIN,,N
22425,100047.2,2026-09-06,,2026-09-06 13:37:28,OUT_OF_WINDOW,NO_CHECKIN,,N
22426,100055.2,2026-09-06,,2026-09-06 14:00:26,OUT_OF_WINDOW,NO_CHECKIN,,N
22427,100063.3,2026-09-06,,2026-09-06 14:28:33,OUT_OF_WINDOW,AFTER_CHECKOUT,1446.6,N
22428,100047.2,2026-09-06,,2026-09-06 14:37:54,OUT_OF_WINDOW,NO_CHECKIN,,N
22429,100126.3,2026-09-06,,2026-09-06 14:48:15,OUT_OF_WINDOW,NO_CHECKIN,,N
22430,100055.2,2026-09-06,,2026-09-06 15:01:03,OUT_OF_WINDOW,NO_CHECKIN,,N
22431,100011.2,2026-09-06,,2026-09-06 15:21:45,OUT_OF_WINDOW,NO_CHECKIN,,N
22433,100047.2,2026-09-06,,2026-09-06 15:45:53,OUT_OF_WINDOW,NO_CHECKIN,,N
22434,100006.2,2026-09-06,,2026-09-06 15:59:30,OUT_OF_WINDOW,NO_CHECKIN,,N
22435,100055.2,2026-09-06,,2026-09-06 16:02:26,OUT_OF_WINDOW,NO_CHECKIN,,N
22436,100063.3,2026-09-06,,2026-09-06 16:29:41,OUT_OF_WINDOW,AFTER_CHECKOUT,1567.7,N
22437,100047.2,2026-09-06,,2026-09-06 16:48:07,OUT_OF_WINDOW,NO_CHECKIN,,N
22438,100126.3,2026-09-06,,2026-09-06 16:48:46,OUT_OF_WINDOW,NO_CHECKIN,,N
22439,100055.2,2026-09-06,,2026-09-06 17:05:26,OUT_OF_WINDOW,NO_CHECKIN,,N
22440,100047.2,2026-09-06,,2026-09-06 17:59:14,OUT_OF_WINDOW,NO_CHECKIN,,N
22441,100055.2,2026-09-06,,2026-09-06 18:08:35,OUT_OF_WINDOW,NO_CHECKIN,,N
22442,100063.3,2026-09-06,,2026-09-06 18:29:51,OUT_OF_WINDOW,AFTER_CHECKOUT,1687.9,N
22443,100126.3,2026-09-07,,2026-09-06 19:05:37,OUT_OF_WINDOW,NO_CHECKIN,,N
22444,100047.2,2026-09-07,,2026-09-06 19:16:57,OUT_OF_WINDOW,NO_CHECKIN,,N
22445,100055.2,2026-09-07,,2026-09-06 20:02:33,OUT_OF_WINDOW,NO_CHECKIN,,N
22446,100047.2,2026-09-07,,2026-09-06 20:26:20,OUT_OF_WINDOW,NO_CHECKIN,,N
22447,100063.3,2026-09-07,,2026-09-06 20:30:24,OUT_OF_WINDOW,BEFORE_CHECKIN,550.6,N
22448,100055.2,2026-09-07,,2026-09-06 21:04:47,OUT_OF_WINDOW,NO_CHECKIN,,N
22449,100047.2,2026-09-07,,2026-09-06 21:57:36,OUT_OF_WINDOW,NO_CHECKIN,,N
22450,100055.2,2026-09-07,,2026-09-06 22:05:45,OUT_OF_WINDOW,NO_CHECKIN,,N
22451,100063.3,2026-09-07,,2026-09-06 22:30:25,OUT_OF_WINDOW,BEFORE_CHECKIN,430.6,N
22452,100055.2,2026-09-07,,2026-09-06 23:09:37,OUT_OF_WINDOW,NO_CHECKIN,,N
22453,100047.2,2026-09-07,,2026-09-07 00:01:20,OUT_OF_WINDOW,NO_CHECKIN,,N
22454,100055.2,2026-09-07,,2026-09-07 00:11:43,OUT_OF_WINDOW,NO_CHECKIN,,N
22455,100055.2,2026-09-07,,2026-09-07 01:12:57,OUT_OF_WINDOW,NO_CHECKIN,,N
22456,100047.2,2026-09-07,,2026-09-07 02:01:53,OUT_OF_WINDOW,NO_CHECKIN,,N
22458,100055.2,2026-09-07,,2026-09-07 02:13:10,OUT_OF_WINDOW,NO_CHECKIN,,N
22463,100055.2,2026-09-07,,2026-09-07 03:23:49,OUT_OF_WINDOW,NO_CHECKIN,,N
22470,100126.3,2026-09-07,,2026-09-07 03:47:19,OUT_OF_WINDOW,NO_CHECKIN,,N
22479,100011.2,2026-09-07,,2026-09-07 04:26:37,OUT_OF_WINDOW,NO_CHECKIN,,N
22489,100055.2,2026-09-07,,2026-09-07 05:06:14,OUT_OF_WINDOW,NO_CHECKIN,,N
22494,100047.2,2026-09-07,,2026-09-07 05:20:42,OUT_OF_WINDOW,NO_CHECKIN,,N
22507,100126.3,2026-09-07,,2026-09-07 05:47:20,OUT_OF_WINDOW,NO_CHECKIN,,N
22519,100047.2,2026-09-07,,2026-09-07 06:21:05,OUT_OF_WINDOW,NO_CHECKIN,,N
22520,100055.2,2026-09-07,,2026-09-07 06:23:08,OUT_OF_WINDOW,NO_CHECKIN,,N
22521,100047.2,2026-09-07,,2026-09-07 07:22:34,OUT_OF_WINDOW,NO_CHECKIN,,N
22524,100055.2,2026-09-07,,2026-09-07 07:36:54,OUT_OF_WINDOW,NO_CHECKIN,,N
22526,100126.3,2026-09-07,,2026-09-07 07:48:46,OUT_OF_WINDOW,NO_CHECKIN,,N
22527,100047.2,2026-09-07,,2026-09-07 08:25:52,OUT_OF_WINDOW,NO_CHECKIN,,N
22528,100047.2,2026-09-07,,2026-09-07 09:28:29,OUT_OF_WINDOW,NO_CHECKIN,,N
22529,100055.2,2026-09-07,,2026-09-07 08:42:24,OUT_OF_WINDOW,NO_CHECKIN,,N
22530,100055.2,2026-09-07,,2026-09-07 09:47:26,OUT_OF_WINDOW,NO_CHECKIN,,N
22531,100126.3,2026-09-07,,2026-09-07 09:51:47,OUT_OF_WINDOW,NO_CHECKIN,,N
22533,100047.2,2026-09-07,,2026-09-07 10:34:50,OUT_OF_WINDOW,NO_CHECKIN,,N
22534,100047.2,2026-09-07,,2026-09-07 11:35:18,OUT_OF_WINDOW,NO_CHECKIN,,N
22535,100046.2,2026-09-07,,2026-09-07 12:29:03,OUT_OF_WINDOW,NO_CHECKIN,,N
22536,100047.2,2026-09-07,,2026-09-07 12:35:59,OUT_OF_WINDOW,NO_CHECKIN,,N
22537,100063.3,2026-09-07,,2026-09-07 00:39:22,OUT_OF_WINDOW,BEFORE_CHECKIN,301.6,N
22538,100063.3,2026-09-07,,2026-09-07 02:39:25,OUT_OF_WINDOW,BEFORE_CHECKIN,181.6,N
22539,100063.3,2026-09-07,,2026-09-07 04:48:01,OUT_OF_WINDOW,BEFORE_CHECKIN,53,N
22544,100047.2,2026-09-07,,2026-09-07 13:38:17,OUT_OF_WINDOW,NO_CHECKIN,,N
22545,100055.2,2026-09-07,,2026-09-07 10:49:37,OUT_OF_WINDOW,NO_CHECKIN,,N
22546,100055.2,2026-09-07,,2026-09-07 14:16:50,OUT_OF_WINDOW,NO_CHECKIN,,N
22547,100055.2,2026-09-07,,2026-09-07 15:20:46,OUT_OF_WINDOW,NO_CHECKIN,,N
22548,100047.2,2026-09-07,,2026-09-07 14:39:01,OUT_OF_WINDOW,NO_CHECKIN,,N
22549,100047.2,2026-09-07,,2026-09-07 15:41:39,OUT_OF_WINDOW,NO_CHECKIN,,N
22550,100063.3,2026-09-07,,2026-09-07 15:46:04,OUT_OF_WINDOW,AFTER_CUTOFF,106.1,N
22551,100126.3,2026-09-07,,2026-09-07 11:52:05,OUT_OF_WINDOW,NO_CHECKIN,,N
22552,100126.3,2026-09-07,,2026-09-07 13:52:36,OUT_OF_WINDOW,NO_CHECKIN,,N
22553,100126.3,2026-09-07,,2026-09-07 15:54:32,OUT_OF_WINDOW,NO_CHECKIN,,N
22554,100084.3,2026-09-07,,2026-09-07 16:14:36,OUT_OF_WINDOW,AFTER_CUTOFF,134.6,N
22555,100055.2,2026-09-07,,2026-09-07 16:21:18,OUT_OF_WINDOW,NO_CHECKIN,,N
22556,100047.2,2026-09-07,,2026-09-07 16:42:47,OUT_OF_WINDOW,NO_CHECKIN,,N
22557,100011.2,2026-09-07,,2026-09-07 17:26:53,OUT_OF_WINDOW,NO_CHECKIN,,N
22558,100055.2,2026-09-07,,2026-09-07 17:27:28,OUT_OF_WINDOW,NO_CHECKIN,,N
22559,100047.2,2026-09-07,,2026-09-07 17:44:54,OUT_OF_WINDOW,NO_CHECKIN,,N
22560,100063.3,2026-09-07,,2026-09-07 17:46:30,OUT_OF_WINDOW,AFTER_CUTOFF,226.5,N
22561,100055.2,2026-09-07,,2026-09-07 18:42:08,OUT_OF_WINDOW,NO_CHECKIN,,N
22562,100047.2,2026-09-07,,2026-09-07 18:45:31,OUT_OF_WINDOW,NO_CHECKIN,,N
22563,100047.2,2026-09-08,,2026-09-07 19:45:53,OUT_OF_WINDOW,NO_CHECKIN,,N
22564,100063.3,2026-09-08,,2026-09-07 19:46:32,OUT_OF_WINDOW,AFTER_CUTOFF,346.5,N
22565,100055.2,2026-09-08,,2026-09-07 20:01:00,OUT_OF_WINDOW,NO_CHECKIN,,N
22566,100047.2,2026-09-08,,2026-09-07 20:51:28,OUT_OF_WINDOW,NO_CHECKIN,,N
22567,100055.2,2026-09-08,,2026-09-07 21:01:11,OUT_OF_WINDOW,NO_CHECKIN,,N
22568,100063.3,2026-09-08,,2026-09-07 21:46:36,OUT_OF_WINDOW,AFTER_CUTOFF,466.6,N
22569,100047.2,2026-09-08,,2026-09-07 21:51:53,OUT_OF_WINDOW,NO_CHECKIN,,N
22570,100055.2,2026-09-08,,2026-09-07 22:01:15,OUT_OF_WINDOW,NO_CHECKIN,,N
22571,100024.2,2026-09-04,,2026-09-04 04:25:12,OUT_OF_WINDOW,NO_CHECKIN,,N
22572,100024.2,2026-09-08,,2026-09-07 22:45:59,OUT_OF_WINDOW,NO_CHECKIN,,N
22573,100047.2,2026-09-08,,2026-09-07 23:04:44,OUT_OF_WINDOW,NO_CHECKIN,,N
22574,100055.2,2026-09-08,,2026-09-07 23:06:23,OUT_OF_WINDOW,NO_CHECKIN,,N
22575,100063.3,2026-09-08,,2026-09-07 23:47:49,OUT_OF_WINDOW,AFTER_CUTOFF,587.8,N
22576,100024.2,2026-09-08,,2026-09-07 23:58:40,OUT_OF_WINDOW,NO_CHECKIN,,N
22577,100055.2,2026-09-08,,2026-09-08 00:09:17,OUT_OF_WINDOW,NO_CHECKIN,,N
22578,100047.2,2026-09-08,,2026-09-08 00:35:09,OUT_OF_WINDOW,NO_CHECKIN,,N
22579,100024.2,2026-09-08,,2026-09-08 01:02:06,OUT_OF_WINDOW,NO_CHECKIN,,N
22580,100055.2,2026-09-08,,2026-09-08 01:09:57,OUT_OF_WINDOW,NO_CHECKIN,,N
22585,100055.2,2026-09-08,,2026-09-08 02:10:24,OUT_OF_WINDOW,NO_CHECKIN,,N
22589,100047.2,2026-09-08,,2026-09-08 02:35:52,OUT_OF_WINDOW,NO_CHECKIN,,N
22597,100024.2,2026-09-08,,2026-09-08 03:11:52,OUT_OF_WINDOW,NO_CHECKIN,,N
22598,100024.2,2026-09-08,,2026-09-08 03:17:00,OUT_OF_WINDOW,NO_CHECKIN,,N
22600,100055.2,2026-09-08,,2026-09-08 03:24:54,OUT_OF_WINDOW,NO_CHECKIN,,N
22602,100047.2,2026-09-08,,2026-09-08 03:39:26,OUT_OF_WINDOW,NO_CHECKIN,,N
22603,100126.3,2026-09-08,,2026-09-07 20:00:49,OUT_OF_WINDOW,NO_CHECKIN,,N
22604,100126.3,2026-09-08,,2026-09-07 22:05:28,OUT_OF_WINDOW,NO_CHECKIN,,N
22605,100126.3,2026-09-08,,2026-09-08 03:40:29,OUT_OF_WINDOW,NO_CHECKIN,,N
22622,100055.2,2026-09-08,,2026-09-08 04:33:14,OUT_OF_WINDOW,NO_CHECKIN,,N
22627,100047.2,2026-09-08,,2026-09-08 04:41:42,OUT_OF_WINDOW,NO_CHECKIN,,N
22646,100126.3,2026-09-08,,2026-09-08 05:42:35,OUT_OF_WINDOW,NO_CHECKIN,,N
22647,100055.2,2026-09-08,,2026-09-08 05:48:32,OUT_OF_WINDOW,NO_CHECKIN,,N
22648,100047.2,2026-09-08,,2026-09-08 05:57:43,OUT_OF_WINDOW,NO_CHECKIN,,N
22653,100011.2,2026-09-08,,2026-09-08 06:26:59,OUT_OF_WINDOW,NO_CHECKIN,,N
22654,100047.2,2026-09-08,,2026-09-08 06:58:08,OUT_OF_WINDOW,NO_CHECKIN,,N
22655,100055.2,2026-09-08,,2026-09-08 06:59:24,OUT_OF_WINDOW,NO_CHECKIN,,N
22660,100047.2,2026-09-08,,2026-09-08 07:58:19,OUT_OF_WINDOW,NO_CHECKIN,,N
22661,100055.2,2026-09-08,,2026-09-08 07:59:38,OUT_OF_WINDOW,NO_CHECKIN,,N
22662,100055.2,2026-09-08,,2026-09-08 08:59:49,OUT_OF_WINDOW,NO_CHECKIN,,N
22663,100047.2,2026-09-08,,2026-09-08 09:01:58,OUT_OF_WINDOW,NO_CHECKIN,,N
22665,100126.3,2026-09-08,,2026-09-08 07:43:41,OUT_OF_WINDOW,NO_CHECKIN,,N
22666,100126.3,2026-09-08,,2026-09-08 09:43:42,OUT_OF_WINDOW,NO_CHECKIN,,N
22667,100055.2,2026-09-08,,2026-09-08 10:04:07,OUT_OF_WINDOW,NO_CHECKIN,,N
22668,100055.2,2026-09-08,,2026-09-08 11:05:29,OUT_OF_WINDOW,NO_CHECKIN,,N
22669,100047.2,2026-09-08,,2026-09-08 10:06:40,OUT_OF_WINDOW,NO_CHECKIN,,N
22670,100047.2,2026-09-08,,2026-09-08 11:06:49,OUT_OF_WINDOW,NO_CHECKIN,,N
22672,999999.9,2026-09-08,,2026-09-08 11:19:53,OUT_OF_WINDOW,NO_CHECKIN,,N
22673,100047.2,2026-09-08,,2026-09-08 12:08:28,OUT_OF_WINDOW,NO_CHECKIN,,N
22674,100063.3,2026-09-08,,2026-09-08 01:48:15,OUT_OF_WINDOW,AFTER_CUTOFF,708.3,N
22675,100063.3,2026-09-08,,2026-09-08 03:48:23,OUT_OF_WINDOW,AFTER_CUTOFF,828.4,N
22676,100063.3,2026-09-08,,2026-09-08 05:48:28,OUT_OF_WINDOW,AFTER_CUTOFF,948.5,N
22677,100063.3,2026-09-08,,2026-09-08 07:55:39,OUT_OF_WINDOW,AFTER_CUTOFF,1075.7,N
22678,100063.3,2026-09-08,,2026-09-08 10:04:35,OUT_OF_WINDOW,AFTER_CUTOFF,1204.6,N
22679,100063.3,2026-09-08,,2026-09-08 12:04:59,OUT_OF_WINDOW,AFTER_CUTOFF,1325,N
22680,100063.3,2026-09-08,,2026-09-08 14:05:18,OUT_OF_WINDOW,AFTER_CUTOFF,1445.3,N
22681,100047.2,2026-09-08,,2026-09-08 13:12:35,OUT_OF_WINDOW,NO_CHECKIN,,N
22682,100047.2,2026-09-08,,2026-09-08 14:13:18,OUT_OF_WINDOW,NO_CHECKIN,,N
22683,100055.2,2026-09-08,,2026-09-08 14:38:54,OUT_OF_WINDOW,NO_CHECKIN,,N
22684,100650.1,2026-09-08,,2026-09-08 15:10:57,OUT_OF_WINDOW,AFTER_CUTOFF,11,N
22685,100047.2,2026-09-08,,2026-09-08 15:13:35,OUT_OF_WINDOW,NO_CHECKIN,,N
22686,100055.2,2026-09-08,,2026-09-08 15:53:23,OUT_OF_WINDOW,NO_CHECKIN,,N
22687,100063.3,2026-09-08,,2026-09-08 16:05:29,OUT_OF_WINDOW,AFTER_CUTOFF,1565.5,N
22688,100047.2,2026-09-08,,2026-09-08 16:25:33,OUT_OF_WINDOW,NO_CHECKIN,,N
22689,100055.2,2026-09-08,,2026-09-08 16:55:31,OUT_OF_WINDOW,NO_CHECKIN,,N
22690,100055.2,2026-09-08,,2026-09-08 18:09:33,OUT_OF_WINDOW,NO_CHECKIN,,N
22691,100047.2,2026-09-08,,2026-09-08 18:09:33,OUT_OF_WINDOW,NO_CHECKIN,,N
22692,100063.3,2026-09-08,,2026-09-08 18:19:03,OUT_OF_WINDOW,AFTER_CUTOFF,1699.1,N
22693,100055.2,2026-09-09,,2026-09-08 19:41:15,OUT_OF_WINDOW,NO_CHECKIN,,N
22694,100047.2,2026-09-09,,2026-09-08 20:10:39,OUT_OF_WINDOW,NO_CHECKIN,,N
22695,100063.3,2026-09-09,,2026-09-08 20:19:08,OUT_OF_WINDOW,BEFORE_CHECKIN,399.9,N
22696,100126.3,2026-09-08,,2026-09-08 13:45:22,OUT_OF_WINDOW,NO_CHECKIN,,N
22697,100126.3,2026-09-08,,2026-09-08 15:46:13,OUT_OF_WINDOW,NO_CHECKIN,,N
22698,100126.3,2026-09-08,,2026-09-08 17:46:24,OUT_OF_WINDOW,NO_CHECKIN,,N
22699,100126.3,2026-09-09,,2026-09-08 19:55:45,OUT_OF_WINDOW,NO_CHECKIN,,N
22700,100055.2,2026-09-09,,2026-09-08 20:45:07,OUT_OF_WINDOW,NO_CHECKIN,,N
22701,100047.2,2026-09-09,,2026-09-08 21:13:44,OUT_OF_WINDOW,NO_CHECKIN,,N
22702,100055.2,2026-09-09,,2026-09-08 21:45:08,OUT_OF_WINDOW,NO_CHECKIN,,N
22703,100047.2,2026-09-09,,2026-09-08 22:16:07,OUT_OF_WINDOW,NO_CHECKIN,,N
22704,100063.3,2026-09-09,,2026-09-08 22:19:49,OUT_OF_WINDOW,BEFORE_CHECKIN,279.2,N
22705,100055.2,2026-09-09,,2026-09-08 22:45:11,OUT_OF_WINDOW,NO_CHECKIN,,N
22706,100047.2,2026-09-09,,2026-09-08 23:21:51,OUT_OF_WINDOW,NO_CHECKIN,,N
22707,100055.2,2026-09-09,,2026-09-08 23:45:12,OUT_OF_WINDOW,NO_CHECKIN,,N
22708,100055.2,2026-09-09,,2026-09-09 00:51:58,OUT_OF_WINDOW,NO_CHECKIN,,N
22710,100047.2,2026-09-09,,2026-09-09 00:49:10,OUT_OF_WINDOW,NO_CHECKIN,,N
22711,100047.2,2026-09-09,,2026-09-09 01:56:15,OUT_OF_WINDOW,NO_CHECKIN,,N
22716,100055.2,2026-09-09,,2026-09-09 02:18:31,OUT_OF_WINDOW,NO_CHECKIN,,N
22721,100047.2,2026-09-09,,2026-09-09 03:09:18,OUT_OF_WINDOW,NO_CHECKIN,,N
22727,100126.3,2026-09-09,,2026-09-09 03:40:37,OUT_OF_WINDOW,NO_CHECKIN,,N
22738,100047.2,2026-09-09,,2026-09-09 04:09:32,OUT_OF_WINDOW,NO_CHECKIN,,N
22743,100055.2,2026-09-09,,2026-09-09 04:19:02,OUT_OF_WINDOW,NO_CHECKIN,,N
22775,100047.2,2026-09-09,,2026-09-09 05:36:37,OUT_OF_WINDOW,NO_CHECKIN,,N
22779,100126.3,2026-09-09,,2026-09-09 05:40:52,OUT_OF_WINDOW,NO_CHECKIN,,N
22787,100055.2,2026-09-09,,2026-09-09 06:49:13,OUT_OF_WINDOW,NO_CHECKIN,,N
22792,100047.2,2026-09-09,,2026-09-09 07:15:08,OUT_OF_WINDOW,NO_CHECKIN,,N
22794,100126.3,2026-09-09,,2026-09-09 07:40:55,OUT_OF_WINDOW,NO_CHECKIN,,N
22795,100047.2,2026-09-09,,2026-09-09 08:20:17,OUT_OF_WINDOW,NO_CHECKIN,,N
22796,100024.2,2026-09-08,,2026-09-08 04:22:54,OUT_OF_WINDOW,NO_CHECKIN,,N
22797,100024.2,2026-09-08,,2026-09-08 07:59:26,OUT_OF_WINDOW,NO_CHECKIN,,N
22798,100024.2,2026-09-08,,2026-09-08 09:15:21,OUT_OF_WINDOW,NO_CHECKIN,,N
22799,100024.2,2026-09-08,,2026-09-08 10:30:36,OUT_OF_WINDOW,NO_CHECKIN,,N
22800,100024.2,2026-09-08,,2026-09-08 11:33:21,OUT_OF_WINDOW,NO_CHECKIN,,N
22801,100024.2,2026-09-08,,2026-09-08 17:40:55,OUT_OF_WINDOW,NO_CHECKIN,,N
22802,100024.2,2026-09-09,,2026-09-08 23:37:19,OUT_OF_WINDOW,NO_CHECKIN,,N
22803,100024.2,2026-09-09,,2026-09-09 07:19:26,OUT_OF_WINDOW,NO_CHECKIN,,N
22804,100024.2,2026-09-09,,2026-09-09 08:23:48,OUT_OF_WINDOW,NO_CHECKIN,,N
22805,100024.2,2026-09-09,,2026-09-09 08:25:46,OUT_OF_WINDOW,NO_CHECKIN,,N
22806,100024.2,2026-09-09,,2026-09-09 08:26:37,OUT_OF_WINDOW,NO_CHECKIN,,N
22807,100011.2,2026-09-09,,2026-09-08 19:28:09,OUT_OF_WINDOW,NO_CHECKIN,,N
22808,100011.2,2026-09-09,,2026-09-09 08:28:15,OUT_OF_WINDOW,NO_CHECKIN,,N
22809,100055.2,2026-09-09,,2026-09-09 08:03:25,OUT_OF_WINDOW,NO_CHECKIN,,N
22810,100055.2,2026-09-09,,2026-09-09 09:08:01,OUT_OF_WINDOW,NO_CHECKIN,,N
22812,100126.3,2026-09-09,,2026-09-09 09:41:16,OUT_OF_WINDOW,NO_CHECKIN,,N
22813,100055.2,2026-09-09,,2026-09-09 10:09:21,OUT_OF_WINDOW,NO_CHECKIN,,N
22814,100047.2,2026-09-09,,2026-09-09 09:20:41,OUT_OF_WINDOW,NO_CHECKIN,,N
22815,100047.2,2026-09-09,,2026-09-09 10:20:45,OUT_OF_WINDOW,NO_CHECKIN,,N
22816,100055.2,2026-09-09,,2026-09-09 11:12:57,OUT_OF_WINDOW,NO_CHECKIN,,N
22817,100047.2,2026-09-09,,2026-09-09 11:27:18,OUT_OF_WINDOW,NO_CHECKIN,,N
22818,100063.3,2026-09-09,,2026-09-09 00:37:31,OUT_OF_WINDOW,BEFORE_CHECKIN,141.5,N
22819,100063.3,2026-09-09,,2026-09-09 02:38:41,OUT_OF_WINDOW,BEFORE_CHECKIN,20.3,N
22824,100047.2,2026-09-09,,2026-09-09 12:27:30,OUT_OF_WINDOW,NO_CHECKIN,,N
22825,100055.2,2026-09-09,,2026-09-09 12:19:01,OUT_OF_WINDOW,NO_CHECKIN,,N
22826,100055.2,2026-09-09,,2026-09-09 13:19:54,OUT_OF_WINDOW,NO_CHECKIN,,N
22827,100047.2,2026-09-09,,2026-09-09 13:27:39,OUT_OF_WINDOW,NO_CHECKIN,,N
22829,100055.2,2026-09-09,,2026-09-09 14:25:41,OUT_OF_WINDOW,NO_CHECKIN,,N
22830,100024.2,2026-09-09,,2026-09-09 09:28:57,OUT_OF_WINDOW,NO_CHECKIN,,N
22831,100024.2,2026-09-09,,2026-09-09 15:20:09,OUT_OF_WINDOW,NO_CHECKIN,,N
22832,100047.2,2026-09-09,,2026-09-09 14:28:13,OUT_OF_WINDOW,NO_CHECKIN,,N
22833,100047.2,2026-09-09,,2026-09-09 15:33:10,OUT_OF_WINDOW,NO_CHECKIN,,N
22834,100055.2,2026-09-09,,2026-09-09 15:35:01,OUT_OF_WINDOW,NO_CHECKIN,,N
22835,100084.3,2026-09-09,,2026-09-09 16:06:57,OUT_OF_WINDOW,AFTER_CUTOFF,127,N
22836,100063.3,2026-09-09,,2026-09-09 16:10:31,OUT_OF_WINDOW,AFTER_CHECKOUT,96.5,N
22837,100024.2,2026-09-09,,2026-09-09 16:23:45,OUT_OF_WINDOW,NO_CHECKIN,,N
22838,100024.2,2026-09-09,,2026-09-09 16:25:02,OUT_OF_WINDOW,NO_CHECKIN,,N
22839,100024.2,2026-09-09,,2026-09-09 16:25:34,OUT_OF_WINDOW,NO_CHECKIN,,N
22840,100047.2,2026-09-09,,2026-09-09 16:44:53,OUT_OF_WINDOW,NO_CHECKIN,,N
22841,100055.2,2026-09-09,,2026-09-09 16:51:59,OUT_OF_WINDOW,NO_CHECKIN,,N
22842,100024.2,2026-09-09,,2026-09-09 17:31:11,OUT_OF_WINDOW,NO_CHECKIN,,N
22843,100078.3,2026-09-09,,2026-09-09 17:42:13,OUT_OF_WINDOW,AFTER_CUTOFF,222.2,N
22844,100047.2,2026-09-09,,2026-09-09 17:51:00,OUT_OF_WINDOW,NO_CHECKIN,,N
22845,100055.2,2026-09-09,,2026-09-09 17:55:37,OUT_OF_WINDOW,NO_CHECKIN,,N
22846,100063.3,2026-09-09,,2026-09-09 18:11:55,OUT_OF_WINDOW,AFTER_CHECKOUT,217.9,N
22847,100047.2,2026-09-10,,2026-09-09 19:09:26,OUT_OF_WINDOW,NO_CHECKIN,,N
22848,100024.2,2026-09-09,,2026-09-09 18:52:53,OUT_OF_WINDOW,NO_CHECKIN,,N
22849,100024.2,2026-09-10,,2026-09-09 19:15:42,OUT_OF_WINDOW,NO_CHECKIN,,N
22850,100055.2,2026-09-10,,2026-09-09 19:50:18,OUT_OF_WINDOW,NO_CHECKIN,,N
22851,100047.2,2026-09-10,,2026-09-09 20:23:53,OUT_OF_WINDOW,NO_CHECKIN,,N
22852,100055.2,2026-09-10,,2026-09-09 20:57:46,OUT_OF_WINDOW,NO_CHECKIN,,N
22853,100011.2,2026-09-10,,2026-09-09 21:31:20,OUT_OF_WINDOW,NO_CHECKIN,,N
22854,100047.2,2026-09-10,,2026-09-09 21:43:50,OUT_OF_WINDOW,NO_CHECKIN,,N
22855,100055.2,2026-09-10,,2026-09-09 21:59:42,OUT_OF_WINDOW,NO_CHECKIN,,N
22856,100055.2,2026-09-10,,2026-09-09 23:04:24,OUT_OF_WINDOW,NO_CHECKIN,,N
22857,100063.3,2026-09-10,,2026-09-09 20:36:09,OUT_OF_WINDOW,AFTER_CHECKOUT,362.2,N
22858,100063.3,2026-09-10,,2026-09-09 23:32:16,OUT_OF_WINDOW,BEFORE_CHECKIN,510.7,N
22859,100047.2,2026-09-10,,2026-09-09 23:49:34,OUT_OF_WINDOW,NO_CHECKIN,,N
22860,100055.2,2026-09-10,,2026-09-10 00:12:49,OUT_OF_WINDOW,NO_CHECKIN,,N
22861,100055.2,2026-09-10,,2026-09-10 01:17:23,OUT_OF_WINDOW,NO_CHECKIN,,N
22863,100063.3,2026-09-10,,2026-09-10 01:32:43,OUT_OF_WINDOW,BEFORE_CHECKIN,390.3,N
22878,100055.2,2026-09-10,,2026-09-10 03:12:05,OUT_OF_WINDOW,NO_CHECKIN,,N
22887,100047.2,2026-09-10,,2026-09-10 03:50:15,OUT_OF_WINDOW,NO_CHECKIN,,N
22930,100055.2,2026-09-10,,2026-09-10 05:12:36,OUT_OF_WINDOW,NO_CHECKIN,,N
22932,100047.2,2026-09-10,,2026-09-10 05:32:46,OUT_OF_WINDOW,NO_CHECKIN,,N
22933,100055.2,2026-09-10,,2026-09-10 06:18:36,OUT_OF_WINDOW,NO_CHECKIN,,N
22934,100047.2,2026-09-10,,2026-09-10 06:49:13,OUT_OF_WINDOW,NO_CHECKIN,,N
22936,100055.2,2026-09-10,,2026-09-10 07:20:34,OUT_OF_WINDOW,NO_CHECKIN,,N
22938,100047.2,2026-09-10,,2026-09-10 07:49:54,OUT_OF_WINDOW,NO_CHECKIN,,N
22945,100055.2,2026-09-10,,2026-09-10 08:24:43,OUT_OF_WINDOW,NO_CHECKIN,,N
22946,100055.2,2026-09-10,,2026-09-10 09:25:11,OUT_OF_WINDOW,NO_CHECKIN,,N
22951,100055.2,2026-09-10,,2026-09-10 10:25:13,OUT_OF_WINDOW,NO_CHECKIN,,N
22952,100011.2,2026-09-10,,2026-09-10 10:32:06,OUT_OF_WINDOW,NO_CHECKIN,,N
22953,100047.2,2026-09-10,,2026-09-10 08:52:09,OUT_OF_WINDOW,NO_CHECKIN,,N
22954,100047.2,2026-09-10,,2026-09-10 11:07:34,OUT_OF_WINDOW,NO_CHECKIN,,N
22955,100055.2,2026-09-10,,2026-09-10 11:28:28,OUT_OF_WINDOW,NO_CHECKIN,,N
22956,100063.3,2026-09-10,,2026-09-10 03:38:57,OUT_OF_WINDOW,BEFORE_CHECKIN,264.1,N
22957,100063.3,2026-09-10,,2026-09-10 05:42:15,OUT_OF_WINDOW,BEFORE_CHECKIN,140.8,N
22958,100063.3,2026-09-10,,2026-09-10 07:42:33,OUT_OF_WINDOW,BEFORE_CHECKIN,20.5,N
22961,100047.2,2026-09-10,,2026-09-10 12:14:30,OUT_OF_WINDOW,NO_CHECKIN,,N
22962,100047.2,2026-09-10,,2026-09-10 13:16:01,OUT_OF_WINDOW,NO_CHECKIN,,N
22964,100076.3,2026-09-10,,2026-09-10 14:14:42,OUT_OF_WINDOW,AFTER_CUTOFF,14.7,N
22965,100047.2,2026-09-10,,2026-09-10 15:16:37,OUT_OF_WINDOW,NO_CHECKIN,,N
22966,100055.2,2026-09-10,,2026-09-10 15:38:35,OUT_OF_WINDOW,NO_CHECKIN,,N
22967,100063.3,2026-09-10,,2026-09-10 16:02:59,OUT_OF_WINDOW,AFTER_CHECKOUT,103,N
22968,100047.2,2026-09-10,,2026-09-10 16:18:11,OUT_OF_WINDOW,NO_CHECKIN,,N
22969,100055.2,2026-09-10,,2026-09-10 16:39:07,OUT_OF_WINDOW,NO_CHECKIN,,N
22970,100047.2,2026-09-10,,2026-09-10 17:20:11,OUT_OF_WINDOW,NO_CHECKIN,,N
22971,100055.2,2026-09-10,,2026-09-10 17:50:15,OUT_OF_WINDOW,NO_CHECKIN,,N
22972,100063.3,2026-09-10,,2026-09-10 18:06:32,OUT_OF_WINDOW,AFTER_CHECKOUT,226.5,N
22973,100047.2,2026-09-10,,2026-09-10 18:20:21,OUT_OF_WINDOW,NO_CHECKIN,,N
22974,100055.2,2026-09-11,,2026-09-10 19:07:21,OUT_OF_WINDOW,NO_CHECKIN,,N
22975,100063.3,2026-09-11,,2026-09-10 20:06:34,OUT_OF_WINDOW,AFTER_CHECKOUT,346.6,N
22976,100047.2,2026-09-11,,2026-09-10 19:20:51,OUT_OF_WINDOW,NO_CHECKIN,,N
22977,100047.2,2026-09-11,,2026-09-10 20:21:50,OUT_OF_WINDOW,NO_CHECKIN,,N
22978,100047.2,2026-09-11,,2026-09-10 21:59:14,OUT_OF_WINDOW,NO_CHECKIN,,N
22979,100063.3,2026-09-11,,2026-09-10 22:06:36,OUT_OF_WINDOW,BEFORE_CHECKIN,291.4,N
22981,100055.2,2026-09-11,,2026-09-10 22:19:14,OUT_OF_WINDOW,NO_CHECKIN,,N
22982,100055.2,2026-09-11,,2026-09-10 23:26:04,OUT_OF_WINDOW,NO_CHECKIN,,N
22983,100011.2,2026-09-11,,2026-09-10 23:43:34,OUT_OF_WINDOW,NO_CHECKIN,,N
22984,100047.2,2026-09-11,,2026-09-11 00:03:52,OUT_OF_WINDOW,NO_CHECKIN,,N
22985,100063.3,2026-09-11,,2026-09-11 00:10:06,OUT_OF_WINDOW,BEFORE_CHECKIN,167.9,N
22986,100055.2,2026-09-11,,2026-09-11 00:27:02,OUT_OF_WINDOW,NO_CHECKIN,,N
22988,100055.2,2026-09-11,,2026-09-11 01:30:13,OUT_OF_WINDOW,NO_CHECKIN,,N
22991,100047.2,2026-09-11,,2026-09-11 02:09:51,OUT_OF_WINDOW,NO_CHECKIN,,N
22997,100055.2,2026-09-11,,2026-09-11 02:41:03,OUT_OF_WINDOW,NO_CHECKIN,,N
23008,100047.2,2026-09-11,,2026-09-11 03:35:32,OUT_OF_WINDOW,NO_CHECKIN,,N
23018,100055.2,2026-09-11,,2026-09-11 04:02:26,OUT_OF_WINDOW,NO_CHECKIN,,N
23035,100047.2,2026-09-11,,2026-09-11 04:35:55,OUT_OF_WINDOW,NO_CHECKIN,,N
23043,100055.2,2026-09-11,,2026-09-11 05:03:07,OUT_OF_WINDOW,NO_CHECKIN,,N
23051,100047.2,2026-09-11,,2026-09-11 05:41:40,OUT_OF_WINDOW,NO_CHECKIN,,N
23054,100055.2,2026-09-11,,2026-09-11 06:03:52,OUT_OF_WINDOW,NO_CHECKIN,,N
23055,100047.2,2026-09-11,,2026-09-11 06:41:52,OUT_OF_WINDOW,NO_CHECKIN,,N
23057,100047.2,2026-09-11,,2026-09-11 07:46:02,OUT_OF_WINDOW,NO_CHECKIN,,N
23061,100047.2,2026-09-11,,2026-09-11 08:49:31,OUT_OF_WINDOW,NO_CHECKIN,,N
23062,100047.2,2026-09-11,,2026-09-11 09:49:36,OUT_OF_WINDOW,NO_CHECKIN,,N
23063,100047.2,2026-09-11,,2026-09-11 10:50:29,OUT_OF_WINDOW,NO_CHECKIN,,N
23065,100047.2,2026-09-11,,2026-09-11 11:53:17,OUT_OF_WINDOW,NO_CHECKIN,,N
23067,100011.2,2026-09-11,,2026-09-11 12:44:08,OUT_OF_WINDOW,NO_CHECKIN,,N
23068,100047.2,2026-09-11,,2026-09-11 12:56:54,OUT_OF_WINDOW,NO_CHECKIN,,N
23069,100047.2,2026-09-11,,2026-09-11 14:00:45,OUT_OF_WINDOW,NO_CHECKIN,,N
23070,100047.2,2026-09-11,,2026-09-11 15:01:23,OUT_OF_WINDOW,NO_CHECKIN,,N
23071,100047.2,2026-09-11,,2026-09-11 16:05:07,OUT_OF_WINDOW,NO_CHECKIN,,N
23072,100047.2,2026-09-11,,2026-09-11 17:08:13,OUT_OF_WINDOW,NO_CHECKIN,,N
23073,100047.2,2026-09-11,,2026-09-11 18:10:30,OUT_OF_WINDOW,NO_CHECKIN,,N
23074,100047.2,2026-09-12,,2026-09-11 19:10:34,OUT_OF_WINDOW,NO_CHECKIN,,N
23075,100047.2,2026-09-12,,2026-09-11 20:16:23,OUT_OF_WINDOW,NO_CHECKIN,,N
23076,100047.2,2026-09-12,,2026-09-11 21:17:08,OUT_OF_WINDOW,NO_CHECKIN,,N
23077,100047.2,2026-09-12,,2026-09-11 22:17:32,OUT_OF_WINDOW,NO_CHECKIN,,N
23078,100047.2,2026-09-12,,2026-09-11 23:29:16,OUT_OF_WINDOW,NO_CHECKIN,,N
23079,100047.2,2026-09-12,,2026-09-12 00:29:30,OUT_OF_WINDOW,NO_CHECKIN,,N
23082,100011.2,2026-09-12,,2026-09-12 01:46:29,OUT_OF_WINDOW,NO_CHECKIN,,N
23092,100047.2,2026-09-12,,2026-09-12 02:29:59,OUT_OF_WINDOW,NO_CHECKIN,,N
23135,100065.3,2026-09-12,,2026-09-12 04:45:01,OUT_OF_WINDOW,BEFORE_CHECKIN,281,N
23150,100047.2,2026-09-12,,2026-09-12 06:41:07,OUT_OF_WINDOW,NO_CHECKIN,,N
23152,100047.2,2026-09-12,,2026-09-12 07:41:45,OUT_OF_WINDOW,NO_CHECKIN,,N
23153,100047.2,2026-09-12,,2026-09-12 08:46:43,OUT_OF_WINDOW,NO_CHECKIN,,N
23158,100072.2,2026-09-12,,2026-09-12 09:52:57,OUT_OF_WINDOW,NO_CHECKIN,,N
23159,100047.2,2026-09-12,,2026-09-12 09:55:30,OUT_OF_WINDOW,NO_CHECKIN,,N
23161,100047.2,2026-09-12,,2026-09-12 10:55:39,OUT_OF_WINDOW,NO_CHECKIN,,N
23162,100047.2,2026-09-12,,2026-09-12 11:55:58,OUT_OF_WINDOW,NO_CHECKIN,,N
23163,100047.2,2026-09-12,,2026-09-12 12:56:14,OUT_OF_WINDOW,NO_CHECKIN,,N
23165,100047.2,2026-09-12,,2026-09-12 13:56:46,OUT_OF_WINDOW,NO_CHECKIN,,N
23166,100011.2,2026-09-12,,2026-09-12 14:47:24,OUT_OF_WINDOW,NO_CHECKIN,,N
23167,100047.2,2026-09-12,,2026-09-12 15:01:47,OUT_OF_WINDOW,NO_CHECKIN,,N
23168,100126.3,2026-09-12,,2026-09-12 14:02:53,OUT_OF_WINDOW,NO_CHECKIN,,N
23169,100126.3,2026-09-12,,2026-09-12 16:03:13,OUT_OF_WINDOW,NO_CHECKIN,,N
23170,100047.2,2026-09-12,,2026-09-12 16:05:34,OUT_OF_WINDOW,NO_CHECKIN,,N
23171,100047.2,2026-09-12,,2026-09-12 17:07:18,OUT_OF_WINDOW,NO_CHECKIN,,N
23172,100047.2,2026-09-12,,2026-09-12 18:07:22,OUT_OF_WINDOW,NO_CHECKIN,,N
23173,100047.2,2026-09-13,,2026-09-12 19:12:39,OUT_OF_WINDOW,NO_CHECKIN,,N
23174,100126.3,2026-09-12,,2026-09-12 18:03:22,OUT_OF_WINDOW,NO_CHECKIN,,N
23175,100126.3,2026-09-13,,2026-09-12 20:04:15,OUT_OF_WINDOW,NO_CHECKIN,,N
23176,100047.2,2026-09-13,,2026-09-12 20:16:42,OUT_OF_WINDOW,NO_CHECKIN,,N
23177,100047.2,2026-09-13,,2026-09-12 21:22:13,OUT_OF_WINDOW,NO_CHECKIN,,N
23178,100047.2,2026-09-13,,2026-09-12 22:23:11,OUT_OF_WINDOW,NO_CHECKIN,,N
23179,100047.2,2026-09-13,,2026-09-12 23:43:54,OUT_OF_WINDOW,NO_CHECKIN,,N
23180,100047.2,2026-09-13,,2026-09-13 00:43:57,OUT_OF_WINDOW,NO_CHECKIN,,N
23183,100126.3,2026-09-13,,2026-09-12 22:04:45,OUT_OF_WINDOW,NO_CHECKIN,,N
23184,100126.3,2026-09-13,,2026-09-13 00:05:47,OUT_OF_WINDOW,NO_CHECKIN,,N
23185,100126.3,2026-09-13,,2026-09-13 02:26:28,OUT_OF_WINDOW,NO_CHECKIN,,N
23190,100011.2,2026-09-13,,2026-09-13 03:48:53,OUT_OF_WINDOW,NO_CHECKIN,,N
23199,100006.2,2026-09-13,,2026-09-13 05:56:51,OUT_OF_WINDOW,NO_CHECKIN,,N
23201,100126.3,2026-09-13,,2026-09-13 14:52:55,OUT_OF_WINDOW,NO_CHECKIN,,N
23209,100126.3,2026-09-13,,2026-09-13 16:53:24,OUT_OF_WINDOW,NO_CHECKIN,,N
23210,100126.3,2026-09-13,,2026-09-13 18:56:12,OUT_OF_WINDOW,NO_CHECKIN,,N
23272,100126.3,2026-09-14,,2026-09-13 20:57:41,OUT_OF_WINDOW,NO_CHECKIN,,N
23273,100126.3,2026-09-14,,2026-09-13 23:00:01,OUT_OF_WINDOW,NO_CHECKIN,,N
23274,100126.3,2026-09-14,,2026-09-14 01:00:56,OUT_OF_WINDOW,NO_CHECKIN,,N
23275,100126.3,2026-09-14,,2026-09-14 05:33:02,OUT_OF_WINDOW,NO_CHECKIN,,N
23278,100011.2,2026-09-14,,2026-09-14 05:50:03,OUT_OF_WINDOW,NO_CHECKIN,,N
23286,100126.3,2026-09-14,,2026-09-14 07:34:27,OUT_OF_WINDOW,NO_CHECKIN,,N
23287,100126.3,2026-09-14,,2026-09-14 09:42:49,OUT_OF_WINDOW,NO_CHECKIN,,N
23291,100126.3,2026-09-14,,2026-09-14 13:50:17,OUT_OF_WINDOW,NO_CHECKIN,,N
23292,100126.3,2026-09-14,,2026-09-14 15:50:58,OUT_OF_WINDOW,NO_CHECKIN,,N
23293,100075.3,2026-09-14,,2026-09-14 16:03:21,OUT_OF_WINDOW,AFTER_CUTOFF,123.4,N
23294,100154.3,2026-09-14,,2026-09-14 16:39:00,OUT_OF_WINDOW,AFTER_CUTOFF,129,N
23295,100070.3,2026-09-14,,2026-09-14 16:49:54,OUT_OF_WINDOW,AFTER_CUTOFF,169.9,N
23296,100011.2,2026-09-14,,2026-09-14 18:50:59,OUT_OF_WINDOW,NO_CHECKIN,,N
23297,100126.3,2026-09-14,,2026-09-14 17:51:19,OUT_OF_WINDOW,NO_CHECKIN,,N
23298,100126.3,2026-09-15,,2026-09-14 21:03:01,OUT_OF_WINDOW,NO_CHECKIN,,N
23388,100011.2,2026-09-15,,2026-09-15 07:51:21,OUT_OF_WINDOW,NO_CHECKIN,,N
23390,100126.3,2026-09-15,,2026-09-14 23:17:51,OUT_OF_WINDOW,NO_CHECKIN,,N
23391,100126.3,2026-09-15,,2026-09-15 08:06:54,OUT_OF_WINDOW,NO_CHECKIN,,N
23393,100126.3,2026-09-15,,2026-09-15 10:09:22,OUT_OF_WINDOW,NO_CHECKIN,,N
23395,100075.3,2026-09-15,,2026-09-15 16:14:49,OUT_OF_WINDOW,AFTER_CUTOFF,134.8,N
23396,100108.3,2026-09-15,,2026-09-15 17:41:18,OUT_OF_WINDOW,AFTER_CUTOFF,191.3,N
23466,100011.2,2026-09-16,,2026-09-15 20:56:38,OUT_OF_WINDOW,NO_CHECKIN,,N
23467,100011.2,2026-09-16,,2026-09-16 09:59:10,OUT_OF_WINDOW,NO_CHECKIN,,N
23472,100096.3,2026-09-16,,2026-09-16 17:07:46,OUT_OF_WINDOW,AFTER_CUTOFF,187.8,N
23473,100084.3,2026-09-16,,2026-09-16 17:11:53,OUT_OF_WINDOW,AFTER_CUTOFF,191.9,N
23474,100067.2,2026-09-16,,2026-09-16 18:57:16,OUT_OF_WINDOW,NO_CHECKIN,,N
23476,100024.2,2026-09-10,,2026-09-09 23:27:53,OUT_OF_WINDOW,NO_CHECKIN,,N
23477,100024.2,2026-09-10,,2026-09-10 00:59:41,OUT_OF_WINDOW,NO_CHECKIN,,N
23478,100024.2,2026-09-10,,2026-09-10 02:01:39,OUT_OF_WINDOW,NO_CHECKIN,,N
23479,100024.2,2026-09-10,,2026-09-10 03:02:13,OUT_OF_WINDOW,NO_CHECKIN,,N
23480,100024.2,2026-09-10,,2026-09-10 04:59:01,OUT_OF_WINDOW,NO_CHECKIN,,N
23481,100024.2,2026-09-10,,2026-09-10 05:59:32,OUT_OF_WINDOW,NO_CHECKIN,,N
23482,100024.2,2026-09-17,,2026-09-16 20:39:46,OUT_OF_WINDOW,NO_CHECKIN,,N
23483,100024.2,2026-09-17,,2026-09-16 20:40:20,OUT_OF_WINDOW,NO_CHECKIN,,N
23484,100011.2,2026-09-17,,2026-09-16 22:59:52,OUT_OF_WINDOW,NO_CHECKIN,,N
23561,100660.1,2026-09-04,,2026-09-04 16:14:40,OUT_OF_WINDOW,AFTER_CUTOFF,74.7,N
23562,100660.1,2026-09-04,,2026-09-04 17:10:06,OUT_OF_WINDOW,AFTER_CUTOFF,130.1,N
23563,100660.1,2026-09-04,,2026-09-04 18:07:20,OUT_OF_WINDOW,AFTER_CUTOFF,187.3,N
23564,100660.1,2026-09-05,,2026-09-04 19:17:20,OUT_OF_WINDOW,AFTER_CUTOFF,257.3,N
23565,100660.1,2026-09-05,,2026-09-04 20:17:36,OUT_OF_WINDOW,AFTER_CUTOFF,317.6,N
23566,100660.1,2026-09-05,,2026-09-04 21:26:34,OUT_OF_WINDOW,AFTER_CUTOFF,386.6,N
23567,100660.1,2026-09-05,,2026-09-04 22:27:14,OUT_OF_WINDOW,AFTER_CUTOFF,447.2,N
23568,100660.1,2026-09-05,,2026-09-04 23:36:16,OUT_OF_WINDOW,AFTER_CUTOFF,516.3,N
23569,100660.1,2026-09-05,,2026-09-05 00:50:49,OUT_OF_WINDOW,AFTER_CUTOFF,590.8,N
23570,100660.1,2026-09-05,,2026-09-05 01:57:37,OUT_OF_WINDOW,AFTER_CUTOFF,657.6,N
23571,100660.1,2026-09-05,,2026-09-05 03:27:35,OUT_OF_WINDOW,AFTER_CUTOFF,747.6,N
23572,100660.1,2026-09-05,,2026-09-05 04:44:18,OUT_OF_WINDOW,AFTER_CUTOFF,824.3,N
23573,100660.1,2026-09-05,,2026-09-05 05:50:01,OUT_OF_WINDOW,AFTER_CUTOFF,890,N
23574,100660.1,2026-09-05,,2026-09-05 06:42:06,OUT_OF_WINDOW,AFTER_CUTOFF,942.1,N
23575,100660.1,2026-09-05,,2026-09-05 07:44:56,OUT_OF_WINDOW,AFTER_CUTOFF,1004.9,N
23576,100660.1,2026-09-05,,2026-09-05 08:49:11,OUT_OF_WINDOW,AFTER_CUTOFF,1069.2,N
23577,100660.1,2026-09-05,,2026-09-05 09:51:33,OUT_OF_WINDOW,AFTER_CUTOFF,1131.6,N
23578,100660.1,2026-09-05,,2026-09-05 10:46:50,OUT_OF_WINDOW,AFTER_CUTOFF,1186.8,N
23579,100660.1,2026-09-05,,2026-09-05 11:47:41,OUT_OF_WINDOW,AFTER_CUTOFF,1247.7,N
23580,100660.1,2026-09-05,,2026-09-05 12:48:25,OUT_OF_WINDOW,AFTER_CUTOFF,1308.4,N
23581,100660.1,2026-09-05,,2026-09-05 13:51:53,OUT_OF_WINDOW,AFTER_CUTOFF,1371.9,N
23582,100660.1,2026-09-05,,2026-09-05 14:52:19,OUT_OF_WINDOW,AFTER_CUTOFF,1432.3,N
23583,100660.1,2026-09-05,,2026-09-05 15:54:29,OUT_OF_WINDOW,AFTER_CUTOFF,1494.5,N
23584,100660.1,2026-09-05,,2026-09-05 16:55:51,OUT_OF_WINDOW,AFTER_CUTOFF,1555.9,N
23585,100660.1,2026-09-05,,2026-09-05 17:49:11,OUT_OF_WINDOW,AFTER_CUTOFF,1609.2,N
23586,100660.1,2026-09-06,,2026-09-05 19:00:01,OUT_OF_WINDOW,NO_CHECKIN,,N
23587,100660.1,2026-09-06,,2026-09-05 20:04:59,OUT_OF_WINDOW,NO_CHECKIN,,N
23588,100660.1,2026-09-06,,2026-09-05 20:59:27,OUT_OF_WINDOW,NO_CHECKIN,,N
23589,100660.1,2026-09-06,,2026-09-05 23:00:27,OUT_OF_WINDOW,NO_CHECKIN,,N
23590,100660.1,2026-09-06,,2026-09-06 00:17:45,OUT_OF_WINDOW,NO_CHECKIN,,N
23591,100660.1,2026-09-06,,2026-09-06 01:11:19,OUT_OF_WINDOW,NO_CHECKIN,,N
23592,100660.1,2026-09-06,,2026-09-06 02:13:09,OUT_OF_WINDOW,NO_CHECKIN,,N
23593,100660.1,2026-09-06,,2026-09-06 04:30:49,OUT_OF_WINDOW,NO_CHECKIN,,N
23594,100660.1,2026-09-06,,2026-09-06 10:05:32,OUT_OF_WINDOW,NO_CHECKIN,,N
23595,100660.1,2026-09-06,,2026-09-06 12:02:01,OUT_OF_WINDOW,NO_CHECKIN,,N
23596,100660.1,2026-09-06,,2026-09-06 13:44:27,OUT_OF_WINDOW,NO_CHECKIN,,N
23597,100660.1,2026-09-06,,2026-09-06 14:44:27,OUT_OF_WINDOW,NO_CHECKIN,,N
23598,100660.1,2026-09-06,,2026-09-06 15:36:32,OUT_OF_WINDOW,NO_CHECKIN,,N
23599,100660.1,2026-09-06,,2026-09-06 16:48:55,OUT_OF_WINDOW,NO_CHECKIN,,N
23600,100660.1,2026-09-06,,2026-09-06 17:57:06,OUT_OF_WINDOW,NO_CHECKIN,,N
23601,100660.1,2026-09-06,,2026-09-06 18:49:43,OUT_OF_WINDOW,NO_CHECKIN,,N
23602,100660.1,2026-09-07,,2026-09-06 19:51:35,OUT_OF_WINDOW,BEFORE_CHECKIN,554.4,N
23603,100660.1,2026-09-07,,2026-09-06 20:51:18,OUT_OF_WINDOW,BEFORE_CHECKIN,494.7,N
23604,100660.1,2026-09-07,,2026-09-06 22:07:28,OUT_OF_WINDOW,BEFORE_CHECKIN,418.5,N
23605,100660.1,2026-09-07,,2026-09-06 23:29:14,OUT_OF_WINDOW,BEFORE_CHECKIN,336.8,N
23606,100660.1,2026-09-07,,2026-09-07 00:35:56,OUT_OF_WINDOW,BEFORE_CHECKIN,270.1,N
23607,100660.1,2026-09-07,,2026-09-07 02:04:49,OUT_OF_WINDOW,BEFORE_CHECKIN,181.2,N
23608,100660.1,2026-09-07,,2026-09-07 03:02:25,OUT_OF_WINDOW,BEFORE_CHECKIN,123.6,N
23609,100660.1,2026-09-07,,2026-09-07 04:02:20,OUT_OF_WINDOW,BEFORE_CHECKIN,63.7,N
23620,100660.1,2026-09-07,,2026-09-07 16:27:05,OUT_OF_WINDOW,AFTER_CUTOFF,87.1,N
23621,100660.1,2026-09-07,,2026-09-07 17:26:40,OUT_OF_WINDOW,AFTER_CUTOFF,146.7,N
23622,100660.1,2026-09-07,,2026-09-07 18:29:35,OUT_OF_WINDOW,AFTER_CUTOFF,209.6,N
23623,100660.1,2026-09-08,,2026-09-07 19:37:36,OUT_OF_WINDOW,AFTER_CUTOFF,277.6,N
23624,100660.1,2026-09-08,,2026-09-07 20:31:03,OUT_OF_WINDOW,AFTER_CUTOFF,331.1,N
23625,100660.1,2026-09-08,,2026-09-07 21:49:37,OUT_OF_WINDOW,AFTER_CUTOFF,409.6,N
23626,100660.1,2026-09-08,,2026-09-07 23:00:54,OUT_OF_WINDOW,AFTER_CUTOFF,480.9,N
23627,100660.1,2026-09-08,,2026-09-08 00:00:57,OUT_OF_WINDOW,AFTER_CUTOFF,541,N
23628,100660.1,2026-09-08,,2026-09-08 01:10:03,OUT_OF_WINDOW,BEFORE_CHECKIN,500,N
23629,100660.1,2026-09-08,,2026-09-08 02:14:38,OUT_OF_WINDOW,BEFORE_CHECKIN,435.4,N
23630,100660.1,2026-09-08,,2026-09-08 03:15:22,OUT_OF_WINDOW,BEFORE_CHECKIN,374.6,N
23631,100660.1,2026-09-08,,2026-09-08 04:21:02,OUT_OF_WINDOW,BEFORE_CHECKIN,309,N
23632,100660.1,2026-09-08,,2026-09-08 05:27:36,OUT_OF_WINDOW,BEFORE_CHECKIN,242.4,N
23633,100660.1,2026-09-08,,2026-09-08 06:27:36,OUT_OF_WINDOW,BEFORE_CHECKIN,182.4,N
23634,100660.1,2026-09-08,,2026-09-08 07:34:09,OUT_OF_WINDOW,BEFORE_CHECKIN,115.9,N
23635,100660.1,2026-09-08,,2026-09-08 08:28:04,OUT_OF_WINDOW,BEFORE_CHECKIN,61.9,N
23644,100660.1,2026-09-09,,2026-09-09 15:32:34,OUT_OF_WINDOW,AFTER_CUTOFF,32.6,N
23645,100660.1,2026-09-09,,2026-09-09 16:28:32,OUT_OF_WINDOW,AFTER_CUTOFF,88.5,N
23646,100660.1,2026-09-09,,2026-09-09 17:50:38,OUT_OF_WINDOW,AFTER_CUTOFF,170.6,N
23647,100660.1,2026-09-09,,2026-09-09 18:54:11,OUT_OF_WINDOW,AFTER_CUTOFF,234.2,N
23648,100660.1,2026-09-10,,2026-09-09 19:50:29,OUT_OF_WINDOW,AFTER_CUTOFF,290.5,N
23649,100660.1,2026-09-10,,2026-09-09 20:50:23,OUT_OF_WINDOW,AFTER_CUTOFF,350.4,N
23650,100660.1,2026-09-10,,2026-09-09 22:09:46,OUT_OF_WINDOW,AFTER_CUTOFF,429.8,N
23651,100660.1,2026-09-10,,2026-09-09 23:48:51,OUT_OF_WINDOW,AFTER_CUTOFF,528.9,N
23652,100660.1,2026-09-10,,2026-09-10 01:33:40,OUT_OF_WINDOW,BEFORE_CHECKIN,525.3,N
23653,100660.1,2026-09-10,,2026-09-10 02:46:33,OUT_OF_WINDOW,BEFORE_CHECKIN,452.5,N
23654,100660.1,2026-09-10,,2026-09-10 03:46:51,OUT_OF_WINDOW,BEFORE_CHECKIN,392.2,N
23655,100660.1,2026-09-10,,2026-09-10 04:52:09,OUT_OF_WINDOW,BEFORE_CHECKIN,326.9,N
23656,100660.1,2026-09-10,,2026-09-10 06:48:44,OUT_OF_WINDOW,BEFORE_CHECKIN,210.3,N
23657,100660.1,2026-09-10,,2026-09-10 07:50:46,OUT_OF_WINDOW,BEFORE_CHECKIN,148.2,N
23658,100660.1,2026-09-10,,2026-09-10 09:01:18,OUT_OF_WINDOW,BEFORE_CHECKIN,77.7,N
23659,100660.1,2026-09-10,,2026-09-10 09:53:13,OUT_OF_WINDOW,BEFORE_CHECKIN,25.8,N
23665,100660.1,2026-09-10,,2026-09-10 16:04:19,OUT_OF_WINDOW,AFTER_CUTOFF,64.3,N
23666,100660.1,2026-09-10,,2026-09-10 17:04:28,OUT_OF_WINDOW,AFTER_CUTOFF,124.5,N
23667,100660.1,2026-09-10,,2026-09-10 18:04:53,OUT_OF_WINDOW,AFTER_CUTOFF,184.9,N
23668,100660.1,2026-09-10,,2026-09-10 18:59:22,OUT_OF_WINDOW,AFTER_CUTOFF,239.4,N
23669,100660.1,2026-09-11,,2026-09-10 20:24:44,OUT_OF_WINDOW,AFTER_CUTOFF,324.7,N
23670,100660.1,2026-09-11,,2026-09-10 21:42:37,OUT_OF_WINDOW,AFTER_CUTOFF,402.6,N
23671,100660.1,2026-09-11,,2026-09-10 23:09:10,OUT_OF_WINDOW,AFTER_CUTOFF,489.2,N
23672,100660.1,2026-09-11,,2026-09-11 00:23:54,OUT_OF_WINDOW,AFTER_CUTOFF,563.9,N
23673,100660.1,2026-09-11,,2026-09-11 01:39:48,OUT_OF_WINDOW,AFTER_CUTOFF,639.8,N
23674,100660.1,2026-09-11,,2026-09-11 02:42:38,OUT_OF_WINDOW,AFTER_CUTOFF,702.6,N
23675,100660.1,2026-09-11,,2026-09-11 04:43:37,OUT_OF_WINDOW,AFTER_CUTOFF,823.6,N
23676,100660.1,2026-09-11,,2026-09-11 05:42:34,OUT_OF_WINDOW,AFTER_CUTOFF,882.6,N
23677,100660.1,2026-09-11,,2026-09-11 06:44:52,OUT_OF_WINDOW,AFTER_CUTOFF,944.9,N
23678,100660.1,2026-09-11,,2026-09-11 07:45:20,OUT_OF_WINDOW,AFTER_CUTOFF,1005.3,N
23679,100660.1,2026-09-11,,2026-09-11 08:52:09,OUT_OF_WINDOW,AFTER_CUTOFF,1072.2,N
23680,100660.1,2026-09-11,,2026-09-11 09:52:19,OUT_OF_WINDOW,AFTER_CUTOFF,1132.3,N
23681,100660.1,2026-09-11,,2026-09-11 10:55:31,OUT_OF_WINDOW,AFTER_CUTOFF,1195.5,N
23682,100660.1,2026-09-11,,2026-09-11 11:47:42,OUT_OF_WINDOW,AFTER_CUTOFF,1247.7,N
23683,100660.1,2026-09-11,,2026-09-11 12:55:44,OUT_OF_WINDOW,AFTER_CUTOFF,1315.7,N
23684,100660.1,2026-09-11,,2026-09-11 13:58:36,OUT_OF_WINDOW,AFTER_CUTOFF,1378.6,N
23685,100660.1,2026-09-11,,2026-09-11 15:07:51,OUT_OF_WINDOW,AFTER_CUTOFF,1447.9,N
23686,100660.1,2026-09-11,,2026-09-11 16:07:19,OUT_OF_WINDOW,AFTER_CUTOFF,1507.3,N
23687,100660.1,2026-09-11,,2026-09-11 17:07:20,OUT_OF_WINDOW,AFTER_CUTOFF,1567.3,N
23688,100660.1,2026-09-11,,2026-09-11 18:07:59,OUT_OF_WINDOW,AFTER_CUTOFF,1628,N
23689,100660.1,2026-09-12,,2026-09-11 19:15:25,OUT_OF_WINDOW,NO_CHECKIN,,N
23690,100660.1,2026-09-12,,2026-09-11 20:13:14,OUT_OF_WINDOW,NO_CHECKIN,,N
23691,100660.1,2026-09-12,,2026-09-11 21:19:16,OUT_OF_WINDOW,NO_CHECKIN,,N
23692,100660.1,2026-09-12,,2026-09-11 22:49:06,OUT_OF_WINDOW,NO_CHECKIN,,N
23693,100660.1,2026-09-12,,2026-09-12 00:06:04,OUT_OF_WINDOW,NO_CHECKIN,,N
23694,100660.1,2026-09-12,,2026-09-12 02:12:29,OUT_OF_WINDOW,NO_CHECKIN,,N
23695,100660.1,2026-09-12,,2026-09-12 04:13:00,OUT_OF_WINDOW,NO_CHECKIN,,N
23696,100660.1,2026-09-12,,2026-09-12 07:16:37,OUT_OF_WINDOW,NO_CHECKIN,,N
23697,100660.1,2026-09-12,,2026-09-12 08:23:27,OUT_OF_WINDOW,NO_CHECKIN,,N
23698,100660.1,2026-09-12,,2026-09-12 10:25:41,OUT_OF_WINDOW,NO_CHECKIN,,N
23699,100660.1,2026-09-12,,2026-09-12 11:18:05,OUT_OF_WINDOW,NO_CHECKIN,,N
23700,100660.1,2026-09-12,,2026-09-12 12:27:53,OUT_OF_WINDOW,NO_CHECKIN,,N
23701,100660.1,2026-09-12,,2026-09-12 13:27:53,OUT_OF_WINDOW,NO_CHECKIN,,N
23702,100660.1,2026-09-12,,2026-09-12 14:20:15,OUT_OF_WINDOW,NO_CHECKIN,,N
23703,100660.1,2026-09-12,,2026-09-12 15:19:53,OUT_OF_WINDOW,NO_CHECKIN,,N
23704,100660.1,2026-09-12,,2026-09-12 16:25:31,OUT_OF_WINDOW,NO_CHECKIN,,N
23705,100660.1,2026-09-12,,2026-09-12 17:27:52,OUT_OF_WINDOW,NO_CHECKIN,,N
23706,100660.1,2026-09-12,,2026-09-12 18:29:51,OUT_OF_WINDOW,NO_CHECKIN,,N
23707,100660.1,2026-09-13,,2026-09-12 19:31:42,OUT_OF_WINDOW,NO_CHECKIN,,N
23708,100660.1,2026-09-13,,2026-09-12 20:32:14,OUT_OF_WINDOW,NO_CHECKIN,,N
23709,100660.1,2026-09-13,,2026-09-12 21:28:42,OUT_OF_WINDOW,NO_CHECKIN,,N
23710,100660.1,2026-09-13,,2026-09-12 22:31:58,OUT_OF_WINDOW,NO_CHECKIN,,N
23711,100660.1,2026-09-13,,2026-09-12 23:38:37,OUT_OF_WINDOW,NO_CHECKIN,,N
23712,100660.1,2026-09-13,,2026-09-13 00:57:35,OUT_OF_WINDOW,NO_CHECKIN,,N
23713,100660.1,2026-09-13,,2026-09-13 01:57:36,OUT_OF_WINDOW,NO_CHECKIN,,N
23714,100660.1,2026-09-13,,2026-09-13 03:57:35,OUT_OF_WINDOW,NO_CHECKIN,,N
23715,100660.1,2026-09-13,,2026-09-13 06:22:36,OUT_OF_WINDOW,NO_CHECKIN,,N
23716,100660.1,2026-09-13,,2026-09-13 07:14:03,OUT_OF_WINDOW,NO_CHECKIN,,N
23717,100660.1,2026-09-13,,2026-09-13 08:14:33,OUT_OF_WINDOW,NO_CHECKIN,,N
23718,100660.1,2026-09-13,,2026-09-13 09:21:50,OUT_OF_WINDOW,NO_CHECKIN,,N
23719,100660.1,2026-09-13,,2026-09-13 11:32:31,OUT_OF_WINDOW,NO_CHECKIN,,N
23720,100660.1,2026-09-13,,2026-09-13 12:28:22,OUT_OF_WINDOW,NO_CHECKIN,,N
23721,100660.1,2026-09-13,,2026-09-13 13:28:25,OUT_OF_WINDOW,NO_CHECKIN,,N
23722,100660.1,2026-09-13,,2026-09-13 14:33:14,OUT_OF_WINDOW,NO_CHECKIN,,N
23723,100660.1,2026-09-13,,2026-09-13 16:01:44,OUT_OF_WINDOW,NO_CHECKIN,,N
23724,100660.1,2026-09-13,,2026-09-13 17:01:40,OUT_OF_WINDOW,NO_CHECKIN,,N
23725,100660.1,2026-09-13,,2026-09-13 18:07:41,OUT_OF_WINDOW,NO_CHECKIN,,N
23726,100660.1,2026-09-14,,2026-09-13 19:08:39,OUT_OF_WINDOW,BEFORE_CHECKIN,639.4,N
23727,100660.1,2026-09-14,,2026-09-13 20:10:01,OUT_OF_WINDOW,BEFORE_CHECKIN,578,N
23728,100660.1,2026-09-14,,2026-09-13 21:07:10,OUT_OF_WINDOW,BEFORE_CHECKIN,520.8,N
23729,100660.1,2026-09-14,,2026-09-13 22:24:30,OUT_OF_WINDOW,BEFORE_CHECKIN,443.5,N
23730,100660.1,2026-09-14,,2026-09-13 23:39:33,OUT_OF_WINDOW,BEFORE_CHECKIN,368.5,N
23731,100660.1,2026-09-14,,2026-09-14 00:52:45,OUT_OF_WINDOW,BEFORE_CHECKIN,295.3,N
23732,100660.1,2026-09-14,,2026-09-14 02:06:54,OUT_OF_WINDOW,BEFORE_CHECKIN,221.1,N
23733,100660.1,2026-09-14,,2026-09-14 03:04:01,OUT_OF_WINDOW,BEFORE_CHECKIN,164,N
23734,100660.1,2026-09-14,,2026-09-14 03:58:00,OUT_OF_WINDOW,BEFORE_CHECKIN,110,N
23735,100660.1,2026-09-14,,2026-09-14 05:01:25,OUT_OF_WINDOW,BEFORE_CHECKIN,46.6,N
23747,100195.1,2026-09-04,,2026-09-04 13:03:35,OUT_OF_WINDOW,AFTER_CHECKOUT,57.6,N
23748,100195.1,2026-09-04,,2026-09-04 14:08:28,OUT_OF_WINDOW,AFTER_CHECKOUT,122.5,N
23749,100195.1,2026-09-04,,2026-09-04 14:15:16,OUT_OF_WINDOW,AFTER_CHECKOUT,129.3,N
23750,100195.1,2026-09-04,,2026-09-04 15:18:18,OUT_OF_WINDOW,AFTER_CHECKOUT,192.3,N
23751,100195.1,2026-09-04,,2026-09-04 17:30:00,OUT_OF_WINDOW,AFTER_CHECKOUT,324,N
23752,100195.1,2026-09-04,,2026-09-04 18:46:59,OUT_OF_WINDOW,AFTER_CHECKOUT,401,N
23753,100195.1,2026-09-05,,2026-09-04 20:06:00,OUT_OF_WINDOW,AFTER_CHECKOUT,480,N
23754,100195.1,2026-09-05,,2026-09-04 21:14:36,OUT_OF_WINDOW,AFTER_CHECKOUT,548.6,N
23755,100195.1,2026-09-05,,2026-09-04 22:15:01,OUT_OF_WINDOW,AFTER_CHECKOUT,609,N
23756,100195.1,2026-09-05,,2026-09-04 23:15:03,OUT_OF_WINDOW,AFTER_CHECKOUT,669.1,N
23757,100195.1,2026-09-05,,2026-09-05 00:15:04,OUT_OF_WINDOW,AFTER_CHECKOUT,729.1,N
23758,100195.1,2026-09-05,,2026-09-05 01:15:06,OUT_OF_WINDOW,AFTER_CHECKOUT,789.1,N
23759,100195.1,2026-09-05,,2026-09-05 02:15:07,OUT_OF_WINDOW,AFTER_CHECKOUT,849.1,N
23760,100195.1,2026-09-05,,2026-09-05 03:33:32,OUT_OF_WINDOW,AFTER_CHECKOUT,927.5,N
23761,100195.1,2026-09-05,,2026-09-05 05:08:33,OUT_OF_WINDOW,AFTER_CHECKOUT,1022.6,N
23762,100195.1,2026-09-05,,2026-09-05 06:37:01,OUT_OF_WINDOW,AFTER_CHECKOUT,1111,N
23763,100195.1,2026-09-05,,2026-09-05 07:35:21,OUT_OF_WINDOW,AFTER_CHECKOUT,1169.4,N
23764,100195.1,2026-09-05,,2026-09-05 08:35:09,OUT_OF_WINDOW,AFTER_CHECKOUT,1229.2,N
23765,100195.1,2026-09-05,,2026-09-05 09:57:44,OUT_OF_WINDOW,AFTER_CHECKOUT,1311.7,N
23766,100195.1,2026-09-05,,2026-09-05 10:55:22,OUT_OF_WINDOW,AFTER_CHECKOUT,1369.4,N
23767,100195.1,2026-09-05,,2026-09-05 12:01:31,OUT_OF_WINDOW,AFTER_CHECKOUT,1435.5,N
23768,100195.1,2026-09-05,,2026-09-05 13:05:29,OUT_OF_WINDOW,AFTER_CHECKOUT,1499.5,N
23769,100195.1,2026-09-05,,2026-09-05 14:42:05,OUT_OF_WINDOW,AFTER_CHECKOUT,1596.1,N
23770,100195.1,2026-09-05,,2026-09-05 15:50:09,OUT_OF_WINDOW,AFTER_CHECKOUT,1664.2,N
23771,100195.1,2026-09-05,,2026-09-05 16:59:23,OUT_OF_WINDOW,AFTER_CHECKOUT,1733.4,N
23772,100195.1,2026-09-05,,2026-09-05 17:58:16,OUT_OF_WINDOW,AFTER_CHECKOUT,1792.3,N
23773,100195.1,2026-09-05,,2026-09-05 18:59:30,OUT_OF_WINDOW,AFTER_CHECKOUT,1853.5,N
23774,100195.1,2026-09-06,,2026-09-05 20:23:47,OUT_OF_WINDOW,BEFORE_CHECKIN,1160.2,N
23775,100195.1,2026-09-06,,2026-09-05 21:27:47,OUT_OF_WINDOW,BEFORE_CHECKIN,1096.2,N
23776,100195.1,2026-09-06,,2026-09-05 22:24:44,OUT_OF_WINDOW,BEFORE_CHECKIN,1039.3,N
23777,100195.1,2026-09-06,,2026-09-05 23:24:46,OUT_OF_WINDOW,BEFORE_CHECKIN,979.2,N
23778,100195.1,2026-09-06,,2026-09-06 00:24:48,OUT_OF_WINDOW,BEFORE_CHECKIN,919.2,N
23779,100195.1,2026-09-06,,2026-09-06 01:24:49,OUT_OF_WINDOW,BEFORE_CHECKIN,859.2,N
23780,100195.1,2026-09-06,,2026-09-06 02:24:51,OUT_OF_WINDOW,BEFORE_CHECKIN,799.2,N
23781,100195.1,2026-09-06,,2026-09-06 03:24:52,OUT_OF_WINDOW,BEFORE_CHECKIN,739.1,N
23782,100195.1,2026-09-06,,2026-09-06 04:24:57,OUT_OF_WINDOW,BEFORE_CHECKIN,679.1,N
23783,100195.1,2026-09-06,,2026-09-06 05:24:59,OUT_OF_WINDOW,BEFORE_CHECKIN,619,N
23784,100195.1,2026-09-06,,2026-09-06 06:25:02,OUT_OF_WINDOW,BEFORE_CHECKIN,559,N
23785,100195.1,2026-09-06,,2026-09-06 07:25:04,OUT_OF_WINDOW,BEFORE_CHECKIN,498.9,N
23786,100195.1,2026-09-06,,2026-09-06 08:33:57,OUT_OF_WINDOW,BEFORE_CHECKIN,430.1,N
23787,100195.1,2026-09-06,,2026-09-06 09:39:06,OUT_OF_WINDOW,BEFORE_CHECKIN,364.9,N
23788,100195.1,2026-09-06,,2026-09-06 10:50:22,OUT_OF_WINDOW,BEFORE_CHECKIN,293.6,N
23789,100195.1,2026-09-06,,2026-09-06 11:52:23,OUT_OF_WINDOW,BEFORE_CHECKIN,231.6,N
23790,100195.1,2026-09-06,,2026-09-06 12:53:09,OUT_OF_WINDOW,BEFORE_CHECKIN,170.9,N
23791,100195.1,2026-09-06,,2026-09-06 13:54:00,OUT_OF_WINDOW,BEFORE_CHECKIN,110,N
23792,100195.1,2026-09-06,,2026-09-06 14:58:44,OUT_OF_WINDOW,BEFORE_CHECKIN,45.3,N
23797,100195.1,2026-09-07,2026-09-06,2026-09-06 20:04:46,,,,
23798,100195.1,2026-09-07,2026-09-06,2026-09-06 21:01:26,,,,
23799,100195.1,2026-09-07,2026-09-06,2026-09-06 22:03:44,,,,
23800,100195.1,2026-09-07,2026-09-06,2026-09-06 23:03:45,,,,
23801,100195.1,2026-09-07,2026-09-06,2026-09-07 00:03:47,,,,
23802,100195.1,2026-09-07,2026-09-06,2026-09-07 01:03:48,,,,
23803,100195.1,2026-09-07,2026-09-06,2026-09-07 02:03:50,,,,
23804,100195.1,2026-09-07,2026-09-06,2026-09-07 03:07:00,,,,
23805,100195.1,2026-09-07,2026-09-06,2026-09-07 04:18:02,,,,
23816,100195.1,2026-09-08,,2026-09-08 13:03:01,OUT_OF_WINDOW,AFTER_CHECKOUT,62,N
23817,100195.1,2026-09-08,,2026-09-08 14:05:19,OUT_OF_WINDOW,AFTER_CHECKOUT,124.3,N
23818,100195.1,2026-09-08,,2026-09-08 15:04:28,OUT_OF_WINDOW,AFTER_CHECKOUT,183.5,N
23819,100195.1,2026-09-08,,2026-09-08 16:09:01,OUT_OF_WINDOW,AFTER_CHECKOUT,248,N
23820,100195.1,2026-09-08,,2026-09-08 17:11:42,OUT_OF_WINDOW,AFTER_CHECKOUT,310.7,N
23821,100195.1,2026-09-08,,2026-09-08 18:11:43,OUT_OF_WINDOW,AFTER_CHECKOUT,370.7,N
23822,100195.1,2026-09-09,,2026-09-08 19:17:00,OUT_OF_WINDOW,AFTER_CHECKOUT,436,N
23823,100195.1,2026-09-09,,2026-09-08 21:01:01,OUT_OF_WINDOW,BEFORE_CHECKIN,535,N
23824,100195.1,2026-09-09,,2026-09-08 23:11:59,OUT_OF_WINDOW,BEFORE_CHECKIN,404,N
23825,100195.1,2026-09-09,,2026-09-08 23:24:29,OUT_OF_WINDOW,BEFORE_CHECKIN,391.5,N
23826,100195.1,2026-09-09,,2026-09-09 01:31:50,OUT_OF_WINDOW,BEFORE_CHECKIN,264.2,N
23827,100195.1,2026-09-09,,2026-09-09 02:46:27,OUT_OF_WINDOW,BEFORE_CHECKIN,189.6,N
23828,100195.1,2026-09-09,,2026-09-09 04:07:06,OUT_OF_WINDOW,BEFORE_CHECKIN,108.9,N
23829,100195.1,2026-09-09,,2026-09-09 05:28:42,OUT_OF_WINDOW,BEFORE_CHECKIN,27.3,N
23835,100195.1,2026-09-10,,2026-09-10 14:46:54,OUT_OF_WINDOW,AFTER_CUTOFF,46.9,N
23836,100195.1,2026-09-10,,2026-09-10 16:04:23,OUT_OF_WINDOW,AFTER_CUTOFF,124.4,N
23837,100195.1,2026-09-10,,2026-09-10 16:09:00,OUT_OF_WINDOW,AFTER_CUTOFF,129,N
23838,100195.1,2026-09-10,,2026-09-10 17:16:15,OUT_OF_WINDOW,AFTER_CUTOFF,196.3,N
23839,100195.1,2026-09-10,,2026-09-10 18:32:05,OUT_OF_WINDOW,AFTER_CUTOFF,272.1,N
23840,100195.1,2026-09-11,,2026-09-10 19:51:30,OUT_OF_WINDOW,AFTER_CUTOFF,351.5,N
23841,100195.1,2026-09-11,,2026-09-10 20:52:03,OUT_OF_WINDOW,AFTER_CUTOFF,412.1,N
23842,100195.1,2026-09-11,,2026-09-10 23:00:46,OUT_OF_WINDOW,BEFORE_CHECKIN,364.2,N
23843,100195.1,2026-09-11,,2026-09-11 01:09:01,OUT_OF_WINDOW,BEFORE_CHECKIN,236,N
23844,100195.1,2026-09-11,,2026-09-11 02:10:05,OUT_OF_WINDOW,BEFORE_CHECKIN,174.9,N
23845,100195.1,2026-09-11,,2026-09-11 03:11:29,OUT_OF_WINDOW,BEFORE_CHECKIN,113.5,N
23846,100195.1,2026-09-11,,2026-09-11 04:21:58,OUT_OF_WINDOW,BEFORE_CHECKIN,43,N
23856,100195.1,2026-09-11,,2026-09-11 14:54:14,OUT_OF_WINDOW,AFTER_CUTOFF,54.2,N
23857,100195.1,2026-09-11,,2026-09-11 16:13:23,OUT_OF_WINDOW,AFTER_CUTOFF,133.4,N
23858,100195.1,2026-09-11,,2026-09-11 16:17:23,OUT_OF_WINDOW,AFTER_CUTOFF,137.4,N
23859,100195.1,2026-09-11,,2026-09-11 16:26:12,OUT_OF_WINDOW,AFTER_CUTOFF,146.2,N
23860,100195.1,2026-09-11,,2026-09-11 16:41:25,OUT_OF_WINDOW,AFTER_CUTOFF,161.4,N
23861,100195.1,2026-09-11,,2026-09-11 18:56:27,OUT_OF_WINDOW,AFTER_CUTOFF,296.5,N
23862,100195.1,2026-09-12,,2026-09-11 20:52:20,OUT_OF_WINDOW,AFTER_CUTOFF,412.3,N
23863,100195.1,2026-09-12,,2026-09-11 21:00:21,OUT_OF_WINDOW,AFTER_CUTOFF,420.4,N
23864,100195.1,2026-09-12,,2026-09-11 23:03:27,OUT_OF_WINDOW,AFTER_CUTOFF,543.5,N
23865,100195.1,2026-09-12,,2026-09-12 01:48:43,OUT_OF_WINDOW,AFTER_CUTOFF,708.7,N
23866,100195.1,2026-09-12,,2026-09-12 03:44:46,OUT_OF_WINDOW,AFTER_CUTOFF,824.8,N
23867,100195.1,2026-09-12,,2026-09-12 05:48:07,OUT_OF_WINDOW,AFTER_CUTOFF,948.1,N
23868,100195.1,2026-09-12,,2026-09-12 06:54:54,OUT_OF_WINDOW,AFTER_CUTOFF,1014.9,N
23869,100195.1,2026-09-12,,2026-09-12 08:01:32,OUT_OF_WINDOW,AFTER_CUTOFF,1081.5,N
23870,100195.1,2026-09-12,,2026-09-12 08:55:50,OUT_OF_WINDOW,AFTER_CUTOFF,1135.8,N
23871,100195.1,2026-09-12,,2026-09-12 09:59:05,OUT_OF_WINDOW,AFTER_CUTOFF,1199.1,N
23872,100195.1,2026-09-12,,2026-09-12 12:24:17,OUT_OF_WINDOW,AFTER_CUTOFF,1344.3,N
23873,100195.1,2026-09-12,,2026-09-12 13:24:19,OUT_OF_WINDOW,AFTER_CUTOFF,1404.3,N
23874,100195.1,2026-09-12,,2026-09-12 14:45:03,OUT_OF_WINDOW,AFTER_CUTOFF,1485.1,N
23875,100195.1,2026-09-12,,2026-09-12 15:51:25,OUT_OF_WINDOW,AFTER_CUTOFF,1551.4,N
23876,100195.1,2026-09-12,,2026-09-12 16:56:22,OUT_OF_WINDOW,AFTER_CUTOFF,1616.4,N
23877,100195.1,2026-09-12,,2026-09-12 17:52:30,OUT_OF_WINDOW,AFTER_CUTOFF,1672.5,N
23878,100195.1,2026-09-12,,2026-09-12 18:59:00,OUT_OF_WINDOW,AFTER_CUTOFF,1739,N
23879,100195.1,2026-09-13,,2026-09-12 20:23:03,OUT_OF_WINDOW,NO_CHECKIN,,N
23880,100195.1,2026-09-13,,2026-09-12 21:23:10,OUT_OF_WINDOW,NO_CHECKIN,,N
23881,100195.1,2026-09-13,,2026-09-12 23:32:24,OUT_OF_WINDOW,NO_CHECKIN,,N
23882,100195.1,2026-09-13,,2026-09-13 03:43:30,OUT_OF_WINDOW,NO_CHECKIN,,N
23883,100195.1,2026-09-13,,2026-09-13 06:32:06,OUT_OF_WINDOW,NO_CHECKIN,,N
23884,100195.1,2026-09-13,,2026-09-13 07:32:58,OUT_OF_WINDOW,NO_CHECKIN,,N
23885,100195.1,2026-09-13,,2026-09-13 08:29:33,OUT_OF_WINDOW,NO_CHECKIN,,N
23886,100195.1,2026-09-13,,2026-09-13 09:33:27,OUT_OF_WINDOW,NO_CHECKIN,,N
23887,100195.1,2026-09-13,,2026-09-13 10:29:47,OUT_OF_WINDOW,NO_CHECKIN,,N
23888,100195.1,2026-09-13,,2026-09-13 11:31:22,OUT_OF_WINDOW,NO_CHECKIN,,N
23889,100195.1,2026-09-13,,2026-09-13 12:30:57,OUT_OF_WINDOW,NO_CHECKIN,,N
23890,100195.1,2026-09-13,,2026-09-13 13:41:19,OUT_OF_WINDOW,NO_CHECKIN,,N
23891,100195.1,2026-09-13,,2026-09-13 15:02:53,OUT_OF_WINDOW,NO_CHECKIN,,N
23892,100195.1,2026-09-13,,2026-09-13 16:11:48,OUT_OF_WINDOW,NO_CHECKIN,,N
23893,100195.1,2026-09-13,,2026-09-13 17:33:38,OUT_OF_WINDOW,NO_CHECKIN,,N
23894,100195.1,2026-09-13,,2026-09-13 18:35:18,OUT_OF_WINDOW,NO_CHECKIN,,N
23895,100195.1,2026-09-14,,2026-09-13 19:45:55,OUT_OF_WINDOW,BEFORE_CHECKIN,585.1,N
23896,100195.1,2026-09-14,,2026-09-13 20:46:55,OUT_OF_WINDOW,BEFORE_CHECKIN,524.1,N
23897,100195.1,2026-09-14,,2026-09-13 21:47:54,OUT_OF_WINDOW,BEFORE_CHECKIN,463.1,N
23898,100195.1,2026-09-14,,2026-09-13 22:48:34,OUT_OF_WINDOW,BEFORE_CHECKIN,402.4,N
23899,100195.1,2026-09-14,,2026-09-13 23:50:23,OUT_OF_WINDOW,BEFORE_CHECKIN,340.6,N
23900,100195.1,2026-09-14,,2026-09-14 00:48:24,OUT_OF_WINDOW,BEFORE_CHECKIN,282.6,N
23901,100195.1,2026-09-14,,2026-09-14 01:50:14,OUT_OF_WINDOW,BEFORE_CHECKIN,220.8,N
23902,100195.1,2026-09-14,,2026-09-14 02:53:12,OUT_OF_WINDOW,BEFORE_CHECKIN,157.8,N
23903,100195.1,2026-09-14,,2026-09-14 03:53:13,OUT_OF_WINDOW,BEFORE_CHECKIN,97.8,N
23904,100195.1,2026-09-14,,2026-09-14 04:54:36,OUT_OF_WINDOW,BEFORE_CHECKIN,36.4,N
24107,100126.3,2026-09-17,,2026-09-17 16:49:55,OUT_OF_WINDOW,NO_CHECKIN,,N
24108,100126.3,2026-09-17,,2026-09-17 18:50:24,OUT_OF_WINDOW,NO_CHECKIN,,N
24109,100126.3,2026-09-18,,2026-09-17 20:51:07,OUT_OF_WINDOW,NO_CHECKIN,,N
24110,100126.3,2026-09-18,,2026-09-18 02:25:02,OUT_OF_WINDOW,NO_CHECKIN,,N
24111,100126.3,2026-09-18,,2026-09-18 04:25:47,OUT_OF_WINDOW,NO_CHECKIN,,N
24112,100126.3,2026-09-18,,2026-09-18 06:48:17,OUT_OF_WINDOW,NO_CHECKIN,,N
24114,100011.2,2026-09-17,,2026-09-17 11:59:56,OUT_OF_WINDOW,NO_CHECKIN,,N
24115,100011.2,2026-09-18,,2026-09-18 01:03:32,OUT_OF_WINDOW,NO_CHECKIN,,N
24116,100011.2,2026-09-18,,2026-09-18 14:04:01,OUT_OF_WINDOW,NO_CHECKIN,,N
24118,100660.1,2026-09-18,,2026-09-18 15:13:26,OUT_OF_WINDOW,AFTER_CUTOFF,13.4,N
24119,100660.1,2026-09-18,,2026-09-18 16:13:26,OUT_OF_WINDOW,AFTER_CUTOFF,73.4,N
24120,100660.1,2026-09-18,,2026-09-18 17:13:25,OUT_OF_WINDOW,AFTER_CUTOFF,133.4,N
24121,100660.1,2026-09-18,,2026-09-18 18:13:20,OUT_OF_WINDOW,AFTER_CUTOFF,193.3,N
24122,100660.1,2026-09-19,,2026-09-18 19:13:26,OUT_OF_WINDOW,AFTER_CUTOFF,253.4,N
24125,100660.1,2026-09-19,,2026-09-18 20:13:28,OUT_OF_WINDOW,AFTER_CUTOFF,313.5,N
24126,100660.1,2026-09-19,,2026-09-18 21:13:27,OUT_OF_WINDOW,AFTER_CUTOFF,373.5,N
24127,100660.1,2026-09-19,,2026-09-18 22:13:27,OUT_OF_WINDOW,AFTER_CUTOFF,433.5,N
24128,100660.1,2026-09-19,,2026-09-18 23:13:26,OUT_OF_WINDOW,AFTER_CUTOFF,493.4,N
24129,100660.1,2026-09-19,,2026-09-19 00:13:26,OUT_OF_WINDOW,AFTER_CUTOFF,553.4,N
24130,100660.1,2026-09-19,,2026-09-19 01:13:25,OUT_OF_WINDOW,AFTER_CUTOFF,613.4,N
24140,100660.1,2026-09-19,,2026-09-19 02:13:26,OUT_OF_WINDOW,AFTER_CUTOFF,673.4,N
24154,100011.2,2026-09-19,,2026-09-19 03:05:34,OUT_OF_WINDOW,NO_CHECKIN,,N
24158,100660.1,2026-09-19,,2026-09-19 03:13:26,OUT_OF_WINDOW,AFTER_CUTOFF,733.4,N
24172,100660.1,2026-09-19,,2026-09-19 04:13:26,OUT_OF_WINDOW,AFTER_CUTOFF,793.4,N
24182,100660.1,2026-09-19,,2026-09-19 05:13:26,OUT_OF_WINDOW,AFTER_CUTOFF,853.4,N
24190,100660.1,2026-09-19,,2026-09-19 06:13:27,OUT_OF_WINDOW,AFTER_CUTOFF,913.5,N
24201,100660.1,2026-09-19,,2026-09-19 07:13:26,OUT_OF_WINDOW,AFTER_CUTOFF,973.4,N
24203,100660.1,2026-09-19,,2026-09-19 08:13:26,OUT_OF_WINDOW,AFTER_CUTOFF,1033.4,N
24204,100660.1,2026-09-19,,2026-09-19 09:13:27,OUT_OF_WINDOW,AFTER_CUTOFF,1093.5,N
24205,100660.1,2026-09-19,,2026-09-19 10:13:28,OUT_OF_WINDOW,AFTER_CUTOFF,1153.5,N
24206,100660.1,2026-09-19,,2026-09-19 11:13:27,OUT_OF_WINDOW,AFTER_CUTOFF,1213.5,N
24207,100660.1,2026-09-19,,2026-09-19 12:13:27,OUT_OF_WINDOW,AFTER_CUTOFF,1273.5,N
24208,100660.1,2026-09-19,,2026-09-19 13:13:27,OUT_OF_WINDOW,AFTER_CUTOFF,1333.5,N
24209,100660.1,2026-09-19,,2026-09-19 14:13:29,OUT_OF_WINDOW,AFTER_CUTOFF,1393.5,N
24210,100660.1,2026-09-19,,2026-09-19 15:13:28,OUT_OF_WINDOW,AFTER_CUTOFF,1453.5,N
24211,100084.3,2026-09-19,,2026-09-19 15:27:39,OUT_OF_WINDOW,AFTER_CUTOFF,87.7,N
24212,100011.2,2026-09-19,,2026-09-19 16:07:25,OUT_OF_WINDOW,NO_CHECKIN,,N
24213,100075.3,2026-09-19,,2026-09-19 16:15:02,OUT_OF_WINDOW,AFTER_CUTOFF,135,N
24215,100660.1,2026-09-19,,2026-09-19 16:13:27,OUT_OF_WINDOW,AFTER_CUTOFF,1513.5,N
24216,100660.1,2026-09-19,,2026-09-19 17:13:26,OUT_OF_WINDOW,AFTER_CUTOFF,1573.4,N
24217,100660.1,2026-09-19,,2026-09-19 18:13:27,OUT_OF_WINDOW,AFTER_CUTOFF,1633.5,N
24218,100660.1,2026-09-20,,2026-09-19 19:13:29,OUT_OF_WINDOW,NO_CHECKIN,,N
24220,100660.1,2026-09-20,,2026-09-19 20:13:28,OUT_OF_WINDOW,NO_CHECKIN,,N
24221,100660.1,2026-09-20,,2026-09-19 21:13:28,OUT_OF_WINDOW,NO_CHECKIN,,N
24222,100660.1,2026-09-20,,2026-09-19 22:13:28,OUT_OF_WINDOW,NO_CHECKIN,,N
24240,100011.2,2026-09-20,,2026-09-20 05:07:45,OUT_OF_WINDOW,NO_CHECKIN,,N
24241,100660.1,2026-09-20,,2026-09-19 23:13:27,OUT_OF_WINDOW,NO_CHECKIN,,N
24242,100660.1,2026-09-20,,2026-09-20 00:13:28,OUT_OF_WINDOW,NO_CHECKIN,,N
24243,100660.1,2026-09-20,,2026-09-20 01:13:27,OUT_OF_WINDOW,NO_CHECKIN,,N
24244,100660.1,2026-09-20,,2026-09-20 02:13:27,OUT_OF_WINDOW,NO_CHECKIN,,N
24245,100660.1,2026-09-20,,2026-09-20 03:13:27,OUT_OF_WINDOW,NO_CHECKIN,,N
24246,100660.1,2026-09-20,,2026-09-20 04:13:28,OUT_OF_WINDOW,NO_CHECKIN,,N
24247,100660.1,2026-09-20,,2026-09-20 05:13:28,OUT_OF_WINDOW,NO_CHECKIN,,N
24250,100660.1,2026-09-20,,2026-09-20 06:13:27,OUT_OF_WINDOW,NO_CHECKIN,,N
24251,100660.1,2026-09-20,,2026-09-20 07:13:28,OUT_OF_WINDOW,NO_CHECKIN,,N
24252,100660.1,2026-09-20,,2026-09-20 08:13:28,OUT_OF_WINDOW,NO_CHECKIN,,N
24253,100660.1,2026-09-20,,2026-09-20 09:13:29,OUT_OF_WINDOW,NO_CHECKIN,,N
24254,100660.1,2026-09-20,,2026-09-20 10:13:29,OUT_OF_WINDOW,NO_CHECKIN,,N
24255,100660.1,2026-09-20,,2026-09-20 11:13:28,OUT_OF_WINDOW,NO_CHECKIN,,N
24256,100660.1,2026-09-20,,2026-09-20 12:13:28,OUT_OF_WINDOW,NO_CHECKIN,,N
24257,100660.1,2026-09-20,,2026-09-20 13:13:29,OUT_OF_WINDOW,NO_CHECKIN,,N
24258,100660.1,2026-09-20,,2026-09-20 14:13:28,OUT_OF_WINDOW,NO_CHECKIN,,N
24259,100660.1,2026-09-20,,2026-09-20 15:13:29,OUT_OF_WINDOW,NO_CHECKIN,,N
24262,100011.2,2026-09-20,,2026-09-20 18:08:30,OUT_OF_WINDOW,NO_CHECKIN,,N
24349,100011.2,2026-09-21,,2026-09-21 07:22:24,OUT_OF_WINDOW,NO_CHECKIN,,N
24378,100195.1,2026-09-21,,2026-09-21 14:23:12,OUT_OF_WINDOW,AFTER_CUTOFF,23.2,N
24379,100195.1,2026-09-21,,2026-09-21 14:34:32,OUT_OF_WINDOW,AFTER_CUTOFF,34.5,N
24380,100195.1,2026-09-21,,2026-09-21 14:35:54,OUT_OF_WINDOW,AFTER_CUTOFF,35.9,N
24381,100660.1,2026-09-21,,2026-09-21 15:17:42,OUT_OF_WINDOW,AFTER_CUTOFF,17.7,N
24382,100002.1,2026-09-21,,2026-09-21 15:21:17,OUT_OF_WINDOW,AFTER_CUTOFF,21.3,N
24383,100195.1,2026-09-21,,2026-09-21 15:36:52,OUT_OF_WINDOW,AFTER_CUTOFF,96.9,N
24384,100660.1,2026-09-21,,2026-09-21 16:17:34,OUT_OF_WINDOW,AFTER_CUTOFF,77.6,N
24385,100075.3,2026-09-21,,2026-09-21 16:18:01,OUT_OF_WINDOW,AFTER_CUTOFF,138,N
24386,100002.1,2026-09-21,,2026-09-21 16:21:17,OUT_OF_WINDOW,AFTER_CUTOFF,81.3,N
24387,100195.1,2026-09-21,,2026-09-21 16:36:52,OUT_OF_WINDOW,AFTER_CUTOFF,156.9,N
24388,100039.2,2026-09-21,,2026-09-21 17:16:15,OUT_OF_WINDOW,NO_CHECKIN,,N
24389,100660.1,2026-09-21,,2026-09-21 17:17:39,OUT_OF_WINDOW,AFTER_CUTOFF,137.7,N
24390,100002.1,2026-09-21,,2026-09-21 17:21:17,OUT_OF_WINDOW,AFTER_CUTOFF,141.3,N
24391,100195.1,2026-09-21,,2026-09-21 17:36:52,OUT_OF_WINDOW,AFTER_CUTOFF,216.9,N
24392,100660.1,2026-09-21,,2026-09-21 18:17:32,OUT_OF_WINDOW,AFTER_CUTOFF,197.5,N
24393,100002.1,2026-09-21,,2026-09-21 18:21:17,OUT_OF_WINDOW,AFTER_CUTOFF,201.3,N
24394,100195.1,2026-09-21,,2026-09-21 18:36:52,OUT_OF_WINDOW,AFTER_CUTOFF,276.9,N
24395,100660.1,2026-09-22,,2026-09-21 19:17:31,OUT_OF_WINDOW,AFTER_CUTOFF,257.5,N
24396,100002.1,2026-09-22,,2026-09-21 19:21:18,OUT_OF_WINDOW,AFTER_CUTOFF,261.3,N
24397,100195.1,2026-09-22,,2026-09-21 19:36:52,OUT_OF_WINDOW,AFTER_CUTOFF,336.9,N
24398,100660.1,2026-09-22,,2026-09-21 20:17:35,OUT_OF_WINDOW,AFTER_CUTOFF,317.6,N
24399,100002.1,2026-09-22,,2026-09-21 20:21:18,OUT_OF_WINDOW,AFTER_CUTOFF,321.3,N
24400,100011.2,2026-09-22,,2026-09-21 20:24:43,OUT_OF_WINDOW,NO_CHECKIN,,N
24401,100195.1,2026-09-22,,2026-09-21 20:36:52,OUT_OF_WINDOW,AFTER_CUTOFF,396.9,N
24402,100002.1,2026-09-22,,2026-09-21 21:21:18,OUT_OF_WINDOW,AFTER_CUTOFF,381.3,N
24403,100195.1,2026-09-22,,2026-09-21 21:36:52,OUT_OF_WINDOW,AFTER_CUTOFF,456.9,N
24404,100002.1,2026-09-22,,2026-09-21 22:21:18,OUT_OF_WINDOW,AFTER_CUTOFF,441.3,N
24405,100195.1,2026-09-22,,2026-09-21 22:36:53,OUT_OF_WINDOW,AFTER_CUTOFF,516.9,N
24406,100002.1,2026-09-22,,2026-09-21 23:21:18,OUT_OF_WINDOW,AFTER_CUTOFF,501.3,N
24407,100195.1,2026-09-22,,2026-09-21 23:36:53,OUT_OF_WINDOW,AFTER_CUTOFF,576.9,N
24408,100002.1,2026-09-22,,2026-09-22 00:21:18,OUT_OF_WINDOW,AFTER_CUTOFF,561.3,N
24409,100195.1,2026-09-22,,2026-09-22 00:36:53,OUT_OF_WINDOW,AFTER_CUTOFF,636.9,N
24411,100002.1,2026-09-22,,2026-09-22 01:21:18,OUT_OF_WINDOW,AFTER_CUTOFF,621.3,N
24415,100195.1,2026-09-22,,2026-09-22 01:36:53,OUT_OF_WINDOW,AFTER_CUTOFF,696.9,N
24421,100002.1,2026-09-22,,2026-09-22 02:21:18,OUT_OF_WINDOW,AFTER_CUTOFF,681.3,N
24426,100195.1,2026-09-22,,2026-09-22 02:36:53,OUT_OF_WINDOW,AFTER_CUTOFF,756.9,N
24434,100660.1,2026-09-22,,2026-09-21 21:17:35,OUT_OF_WINDOW,AFTER_CUTOFF,377.6,N
24435,100660.1,2026-09-22,,2026-09-21 22:17:35,OUT_OF_WINDOW,BEFORE_CHECKIN,383.4,N
24436,100660.1,2026-09-22,,2026-09-21 23:17:32,OUT_OF_WINDOW,BEFORE_CHECKIN,323.5,N
24437,100660.1,2026-09-22,,2026-09-22 00:17:35,OUT_OF_WINDOW,BEFORE_CHECKIN,263.4,N
24438,100660.1,2026-09-22,,2026-09-22 01:17:35,OUT_OF_WINDOW,BEFORE_CHECKIN,203.4,N
24439,100660.1,2026-09-22,,2026-09-22 02:17:35,OUT_OF_WINDOW,BEFORE_CHECKIN,143.4,N
24440,100660.1,2026-09-22,,2026-09-22 03:17:36,OUT_OF_WINDOW,BEFORE_CHECKIN,83.4,N
24441,100002.1,2026-09-22,,2026-09-22 03:21:18,OUT_OF_WINDOW,AFTER_CUTOFF,741.3,N
24451,100195.1,2026-09-22,,2026-09-22 03:36:53,OUT_OF_WINDOW,AFTER_CUTOFF,816.9,N
24461,100660.1,2026-09-22,,2026-09-22 04:17:36,OUT_OF_WINDOW,BEFORE_CHECKIN,23.4,N
24505,100002.1,2026-09-22,,2026-09-22 04:21:20,OUT_OF_WINDOW,AFTER_CUTOFF,801.3,N
24506,100002.1,2026-09-22,,2026-09-22 05:21:17,OUT_OF_WINDOW,AFTER_CUTOFF,861.3,N
24508,100195.1,2026-09-22,,2026-09-22 04:36:52,OUT_OF_WINDOW,AFTER_CUTOFF,876.9,N
24509,100195.1,2026-09-22,,2026-09-22 05:36:53,OUT_OF_WINDOW,AFTER_CUTOFF,936.9,N
24513,100002.1,2026-09-22,,2026-09-22 06:21:06,OUT_OF_WINDOW,AFTER_CUTOFF,921.1,N
24514,100195.1,2026-09-22,,2026-09-22 06:36:53,OUT_OF_WINDOW,AFTER_CUTOFF,996.9,N
